location,stem,image_path,label_path,source_kind,width,height,smoke,box_count
Evo,evoDJI_0001_frame0,images/Evo/evoDJI_0001_frame0.jpg,labels/Evo/evoDJI_0001_frame0.txt,location,4096,2160,True,1
Evo,evoDJI_0001_frame1,images/Evo/evoDJI_0001_frame1.jpg,labels/Evo/evoDJI_0001_frame1.txt,location,4096,2160,True,1
Evo,evoDJI_0001_frame10,images/Evo/evoDJI_0001_frame10.jpg,labels/Evo/evoDJI_0001_frame10.txt,location,4096,2160,True,1
Evo,evoDJI_0001_frame100,images/Evo/evoDJI_0001_frame100.jpg,labels/Evo/evoDJI_0001_frame100.txt,location,4096,2160,True,1
Evo,evoDJI_0001_frame101,images/Evo/evoDJI_0001_frame101.jpg,labels/Evo/evoDJI_0001_frame101.txt,location,4096,2160,True,1
Evo,evoDJI_0001_frame102,images/Evo/evoDJI_0001_frame102.jpg,labels/Evo/evoDJI_0001_frame102.txt,location,4096,2160,True,1
Evo,evoDJI_0001_frame103,images/Evo/evoDJI_0001_frame103.jpg,labels/Evo/evoDJI_0001_frame103.txt,location,4096,2160,True,1
Evo,evoDJI_0001_frame104,images/Evo/evoDJI_0001_frame104.jpg,labels/Evo/evoDJI_0001_frame104.txt,location,4096,2160,True,1
Evo,evoDJI_0001_frame105,images/Evo/evoDJI_0001_frame105.jpg,labels/Evo/evoDJI_0001_frame105.txt,location,4096,2160,True,1
Evo,evoDJI_0001_frame106,images/Evo/evoDJI_0001_frame106.jpg,labels/Evo/evoDJI_0001_frame106.txt,location,4096,2160,True,1
Evo,evoDJI_0001_frame107,images/Evo/evoDJI_0001_frame107.jpg,labels/Evo/evoDJI_0001_frame107.txt,location,4096,2160,True,1
Evo,evoDJI_0001_frame108,images/Evo/evoDJI_0001_frame108.jpg,labels/Evo/evoDJI_0001_frame108.txt,location,4096,2160,True,1
Evo,evoDJI_0001_frame109,images/Evo/evoDJI_0001_frame109.jpg,labels/Evo/evoDJI_0001_frame109.txt,location,4096,2160,True,1
Evo,evoDJI_0001_frame11,images/Evo/evoDJI_0001_frame11.jpg,labels/Evo/evoDJI_0001_frame11.txt,location,4096,2160,True,1
Evo,evoDJI_0001_frame110,images/Evo/evoDJI_0001_frame110.jpg,labels/Evo/evoDJI_0001_frame110.txt,location,4096,2160,True,1
Evo,evoDJI_0001_frame111,images/Evo/evoDJI_0001_frame111.jpg,labels/Evo/evoDJI_0001_frame111.txt,location,4096,2160,True,1
Evo,evoDJI_0001_frame112,images/Evo/evoDJI_0001_frame112.jpg,labels/Evo/evoDJI_0001_frame112.txt,location,4096,2160,True,1
Evo,evoDJI_0001_frame113,images/Evo/evoDJI_0001_frame113.jpg,labels/Evo/evoDJI_0001_frame113.txt,location,4096,2160,True,1
Evo,evoDJI_0001_frame114,images/Evo/evoDJI_0001_frame114.jpg,labels/Evo/evoDJI_0001_frame114.txt,location,4096,2160,True,1
Evo,evoDJI_0001_frame115,images/Evo/evoDJI_0001_frame115.jpg,labels/Evo/evoDJI_0001_frame115.txt,location,4096,2160,True,1
Evo,evoDJI_0001_frame116,images/Evo/evoDJI_0001_frame116.jpg,labels/Evo/evoDJI_0001_frame116.txt,location,4096,2160,True,1
Evo,evoDJI_0001_frame117,images/Evo/evoDJI_0001_frame117.jpg,labels/Evo/evoDJI_0001_frame117.txt,location,4096,2160,True,1
Evo,evoDJI_0001_frame118,images/Evo/evoDJI_0001_frame118.jpg,labels/Evo/evoDJI_0001_frame118.txt,location,4096,2160,True,1
Evo,evoDJI_0001_frame119,images/Evo/evoDJI_0001_frame119.jpg,labels/Evo/evoDJI_0001_frame119.txt,location,4096,2160,True,1
Evo,evoDJI_0001_frame12,images/Evo/evoDJI_0001_frame12.jpg,labels/Evo/evoDJI_0001_frame12.txt,location,4096,2160,True,1
Evo,evoDJI_0001_frame120,images/Evo/evoDJI_0001_frame120.jpg,labels/Evo/evoDJI_0001_frame120.txt,location,4096,2160,True,1
Evo,evoDJI_0001_frame121,images/Evo/evoDJI_0001_frame121.jpg,labels/Evo/evoDJI_0001_frame121.txt,location,4096,2160,True,1
Evo,evoDJI_0001_frame122,images/Evo/evoDJI_0001_frame122.jpg,labels/Evo/evoDJI_0001_frame122.txt,location,4096,2160,True,1
Evo,evoDJI_0001_frame123,images/Evo/evoDJI_0001_frame123.jpg,labels/Evo/evoDJI_0001_frame123.txt,location,4096,2160,True,1
Evo,evoDJI_0001_frame124,images/Evo/evoDJI_0001_frame124.jpg,labels/Evo/evoDJI_0001_frame124.txt,location,4096,2160,True,1
Evo,evoDJI_0001_frame125,images/Evo/evoDJI_0001_frame125.jpg,labels/Evo/evoDJI_0001_frame125.txt,location,4096,2160,True,1
Evo,evoDJI_0001_frame126,images/Evo/evoDJI_0001_frame126.jpg,labels/Evo/evoDJI_0001_frame126.txt,location,4096,2160,True,1
Evo,evoDJI_0001_frame127,images/Evo/evoDJI_0001_frame127.jpg,labels/Evo/evoDJI_0001_frame127.txt,location,4096,2160,True,7
Evo,evoDJI_0001_frame128,images/Evo/evoDJI_0001_frame128.jpg,labels/Evo/evoDJI_0001_frame128.txt,location,4096,2160,True,1
Evo,evoDJI_0001_frame129,images/Evo/evoDJI_0001_frame129.jpg,labels/Evo/evoDJI_0001_frame129.txt,location,4096,2160,True,1
Evo,evoDJI_0001_frame13,images/Evo/evoDJI_0001_frame13.jpg,labels/Evo/evoDJI_0001_frame13.txt,location,4096,2160,True,1
Evo,evoDJI_0001_frame130,images/Evo/evoDJI_0001_frame130.jpg,labels/Evo/evoDJI_0001_frame130.txt,location,4096,2160,True,1
Evo,evoDJI_0001_frame131,images/Evo/evoDJI_0001_frame131.jpg,labels/Evo/evoDJI_0001_frame131.txt,location,4096,2160,True,1
Evo,evoDJI_0001_frame132,images/Evo/evoDJI_0001_frame132.jpg,labels/Evo/evoDJI_0001_frame132.txt,location,4096,2160,True,1
Evo,evoDJI_0001_frame133,images/Evo/evoDJI_0001_frame133.jpg,labels/Evo/evoDJI_0001_frame133.txt,location,4096,2160,True,1
Evo,evoDJI_0001_frame134,images/Evo/evoDJI_0001_frame134.jpg,labels/Evo/evoDJI_0001_frame134.txt,location,4096,2160,True,1
Evo,evoDJI_0001_frame135,images/Evo/evoDJI_0001_frame135.jpg,labels/Evo/evoDJI_0001_frame135.txt,location,4096,2160,True,1
Evo,evoDJI_0001_frame136,images/Evo/evoDJI_0001_frame136.jpg,labels/Evo/evoDJI_0001_frame136.txt,location,4096,2160,True,1
Evo,evoDJI_0001_frame137,images/Evo/evoDJI_0001_frame137.jpg,labels/Evo/evoDJI_0001_frame137.txt,location,4096,2160,True,1
Evo,evoDJI_0001_frame138,images/Evo/evoDJI_0001_frame138.jpg,labels/Evo/evoDJI_0001_frame138.txt,location,4096,2160,True,1
Evo,evoDJI_0001_frame139,images/Evo/evoDJI_0001_frame139.jpg,labels/Evo/evoDJI_0001_frame139.txt,location,4096,2160,True,1
Evo,evoDJI_0001_frame14,images/Evo/evoDJI_0001_frame14.jpg,labels/Evo/evoDJI_0001_frame14.txt,location,4096,2160,True,1
Evo,evoDJI_0001_frame140,images/Evo/evoDJI_0001_frame140.jpg,labels/Evo/evoDJI_0001_frame140.txt,location,4096,2160,True,1
Evo,evoDJI_0001_frame141,images/Evo/evoDJI_0001_frame141.jpg,labels/Evo/evoDJI_0001_frame141.txt,location,4096,2160,True,1
Evo,evoDJI_0001_frame142,images/Evo/evoDJI_0001_frame142.jpg,labels/Evo/evoDJI_0001_frame142.txt,location,4096,2160,True,1
Evo,evoDJI_0001_frame143,images/Evo/evoDJI_0001_frame143.jpg,labels/Evo/evoDJI_0001_frame143.txt,location,4096,2160,True,1
Evo,evoDJI_0001_frame144,images/Evo/evoDJI_0001_frame144.jpg,labels/Evo/evoDJI_0001_frame144.txt,location,4096,2160,True,1
Evo,evoDJI_0001_frame145,images/Evo/evoDJI_0001_frame145.jpg,labels/Evo/evoDJI_0001_frame145.txt,location,4096,2160,True,1
Evo,evoDJI_0001_frame146,images/Evo/evoDJI_0001_frame146.jpg,labels/Evo/evoDJI_0001_frame146.txt,location,4096,2160,True,1
Evo,evoDJI_0001_frame147,images/Evo/evoDJI_0001_frame147.jpg,labels/Evo/evoDJI_0001_frame147.txt,location,4096,2160,True,1
Evo,evoDJI_0001_frame148,images/Evo/evoDJI_0001_frame148.jpg,labels/Evo/evoDJI_0001_frame148.txt,location,4096,2160,True,1
Evo,evoDJI_0001_frame149,images/Evo/evoDJI_0001_frame149.jpg,labels/Evo/evoDJI_0001_frame149.txt,location,4096,2160,True,1
Evo,evoDJI_0001_frame15,images/Evo/evoDJI_0001_frame15.jpg,labels/Evo/evoDJI_0001_frame15.txt,location,4096,2160,True,1
Evo,evoDJI_0001_frame150,images/Evo/evoDJI_0001_frame150.jpg,labels/Evo/evoDJI_0001_frame150.txt,location,4096,2160,True,1
Evo,evoDJI_0001_frame151,images/Evo/evoDJI_0001_frame151.jpg,labels/Evo/evoDJI_0001_frame151.txt,location,4096,2160,True,1
Evo,evoDJI_0001_frame152,images/Evo/evoDJI_0001_frame152.jpg,labels/Evo/evoDJI_0001_frame152.txt,location,4096,2160,True,1
Evo,evoDJI_0001_frame153,images/Evo/evoDJI_0001_frame153.jpg,labels/Evo/evoDJI_0001_frame153.txt,location,4096,2160,True,1
Evo,evoDJI_0001_frame154,images/Evo/evoDJI_0001_frame154.jpg,labels/Evo/evoDJI_0001_frame154.txt,location,4096,2160,True,1
Evo,evoDJI_0001_frame155,images/Evo/evoDJI_0001_frame155.jpg,labels/Evo/evoDJI_0001_frame155.txt,location,4096,2160,True,1
Evo,evoDJI_0001_frame156,images/Evo/evoDJI_0001_frame156.jpg,labels/Evo/evoDJI_0001_frame156.txt,location,4096,2160,True,1
Evo,evoDJI_0001_frame157,images/Evo/evoDJI_0001_frame157.jpg,labels/Evo/evoDJI_0001_frame157.txt,location,4096,2160,True,1
Evo,evoDJI_0001_frame158,images/Evo/evoDJI_0001_frame158.jpg,labels/Evo/evoDJI_0001_frame158.txt,location,4096,2160,True,1
Evo,evoDJI_0001_frame159,images/Evo/evoDJI_0001_frame159.jpg,labels/Evo/evoDJI_0001_frame159.txt,location,4096,2160,True,1
Evo,evoDJI_0001_frame16,images/Evo/evoDJI_0001_frame16.jpg,labels/Evo/evoDJI_0001_frame16.txt,location,4096,2160,True,1
Evo,evoDJI_0001_frame160,images/Evo/evoDJI_0001_frame160.jpg,labels/Evo/evoDJI_0001_frame160.txt,location,4096,2160,True,1
Evo,evoDJI_0001_frame161,images/Evo/evoDJI_0001_frame161.jpg,labels/Evo/evoDJI_0001_frame161.txt,location,4096,2160,True,1
Evo,evoDJI_0001_frame162,images/Evo/evoDJI_0001_frame162.jpg,labels/Evo/evoDJI_0001_frame162.txt,location,4096,2160,True,1
Evo,evoDJI_0001_frame163,images/Evo/evoDJI_0001_frame163.jpg,labels/Evo/evoDJI_0001_frame163.txt,location,4096,2160,True,1
Evo,evoDJI_0001_frame164,images/Evo/evoDJI_0001_frame164.jpg,labels/Evo/evoDJI_0001_frame164.txt,location,4096,2160,True,1
Evo,evoDJI_0001_frame165,images/Evo/evoDJI_0001_frame165.jpg,labels/Evo/evoDJI_0001_frame165.txt,location,4096,2160,True,1
Evo,evoDJI_0001_frame166,images/Evo/evoDJI_0001_frame166.jpg,labels/Evo/evoDJI_0001_frame166.txt,location,4096,2160,True,1
Evo,evoDJI_0001_frame167,images/Evo/evoDJI_0001_frame167.jpg,labels/Evo/evoDJI_0001_frame167.txt,location,4096,2160,True,1
Evo,evoDJI_0001_frame168,images/Evo/evoDJI_0001_frame168.jpg,labels/Evo/evoDJI_0001_frame168.txt,location,4096,2160,True,1
Evo,evoDJI_0001_frame169,images/Evo/evoDJI_0001_frame169.jpg,labels/Evo/evoDJI_0001_frame169.txt,location,4096,2160,True,1
Evo,evoDJI_0001_frame17,images/Evo/evoDJI_0001_frame17.jpg,labels/Evo/evoDJI_0001_frame17.txt,location,4096,2160,True,1
Evo,evoDJI_0001_frame170,images/Evo/evoDJI_0001_frame170.jpg,labels/Evo/evoDJI_0001_frame170.txt,location,4096,2160,True,1
Evo,evoDJI_0001_frame171,images/Evo/evoDJI_0001_frame171.jpg,labels/Evo/evoDJI_0001_frame171.txt,location,4096,2160,True,1
Evo,evoDJI_0001_frame172,images/Evo/evoDJI_0001_frame172.jpg,labels/Evo/evoDJI_0001_frame172.txt,location,4096,2160,True,1
Evo,evoDJI_0001_frame173,images/Evo/evoDJI_0001_frame173.jpg,labels/Evo/evoDJI_0001_frame173.txt,location,4096,2160,True,1
Evo,evoDJI_0001_frame174,images/Evo/evoDJI_0001_frame174.jpg,labels/Evo/evoDJI_0001_frame174.txt,location,4096,2160,True,1
Evo,evoDJI_0001_frame175,images/Evo/evoDJI_0001_frame175.jpg,labels/Evo/evoDJI_0001_frame175.txt,location,4096,2160,True,1
Evo,evoDJI_0001_frame176,images/Evo/evoDJI_0001_frame176.jpg,labels/Evo/evoDJI_0001_frame176.txt,location,4096,2160,True,1
Evo,evoDJI_0001_frame177,images/Evo/evoDJI_0001_frame177.jpg,labels/Evo/evoDJI_0001_frame177.txt,location,4096,2160,True,1
Evo,evoDJI_0001_frame178,images/Evo/evoDJI_0001_frame178.jpg,labels/Evo/evoDJI_0001_frame178.txt,location,4096,2160,True,1
Evo,evoDJI_0001_frame179,images/Evo/evoDJI_0001_frame179.jpg,labels/Evo/evoDJI_0001_frame179.txt,location,4096,2160,True,1
Evo,evoDJI_0001_frame18,images/Evo/evoDJI_0001_frame18.jpg,labels/Evo/evoDJI_0001_frame18.txt,location,4096,2160,True,1
Evo,evoDJI_0001_frame180,images/Evo/evoDJI_0001_frame180.jpg,labels/Evo/evoDJI_0001_frame180.txt,location,4096,2160,True,1
Evo,evoDJI_0001_frame181,images/Evo/evoDJI_0001_frame181.jpg,labels/Evo/evoDJI_0001_frame181.txt,location,4096,2160,True,1
Evo,evoDJI_0001_frame182,images/Evo/evoDJI_0001_frame182.jpg,labels/Evo/evoDJI_0001_frame182.txt,location,4096,2160,True,1
Evo,evoDJI_0001_frame183,images/Evo/evoDJI_0001_frame183.jpg,labels/Evo/evoDJI_0001_frame183.txt,location,4096,2160,True,1
Evo,evoDJI_0001_frame184,images/Evo/evoDJI_0001_frame184.jpg,labels/Evo/evoDJI_0001_frame184.txt,location,4096,2160,True,1
Evo,evoDJI_0001_frame185,images/Evo/evoDJI_0001_frame185.jpg,labels/Evo/evoDJI_0001_frame185.txt,location,4096,2160,True,1
Evo,evoDJI_0001_frame186,images/Evo/evoDJI_0001_frame186.jpg,labels/Evo/evoDJI_0001_frame186.txt,location,4096,2160,True,1
Evo,evoDJI_0001_frame187,images/Evo/evoDJI_0001_frame187.jpg,labels/Evo/evoDJI_0001_frame187.txt,location,4096,2160,True,1
Evo,evoDJI_0001_frame188,images/Evo/evoDJI_0001_frame188.jpg,labels/Evo/evoDJI_0001_frame188.txt,location,4096,2160,True,1
Evo,evoDJI_0001_frame189,images/Evo/evoDJI_0001_frame189.jpg,labels/Evo/evoDJI_0001_frame189.txt,location,4096,2160,True,1
Evo,evoDJI_0001_frame19,images/Evo/evoDJI_0001_frame19.jpg,labels/Evo/evoDJI_0001_frame19.txt,location,4096,2160,True,1
Evo,evoDJI_0001_frame190,images/Evo/evoDJI_0001_frame190.jpg,labels/Evo/evoDJI_0001_frame190.txt,location,4096,2160,True,1
Evo,evoDJI_0001_frame191,images/Evo/evoDJI_0001_frame191.jpg,labels/Evo/evoDJI_0001_frame191.txt,location,4096,2160,True,1
Evo,evoDJI_0001_frame192,images/Evo/evoDJI_0001_frame192.jpg,labels/Evo/evoDJI_0001_frame192.txt,location,4096,2160,True,1
Evo,evoDJI_0001_frame193,images/Evo/evoDJI_0001_frame193.jpg,labels/Evo/evoDJI_0001_frame193.txt,location,4096,2160,True,1
Evo,evoDJI_0001_frame194,images/Evo/evoDJI_0001_frame194.jpg,labels/Evo/evoDJI_0001_frame194.txt,location,4096,2160,True,1
Evo,evoDJI_0001_frame195,images/Evo/evoDJI_0001_frame195.jpg,labels/Evo/evoDJI_0001_frame195.txt,location,4096,2160,True,1
Evo,evoDJI_0001_frame196,images/Evo/evoDJI_0001_frame196.jpg,labels/Evo/evoDJI_0001_frame196.txt,location,4096,2160,True,1
Evo,evoDJI_0001_frame197,images/Evo/evoDJI_0001_frame197.jpg,labels/Evo/evoDJI_0001_frame197.txt,location,4096,2160,True,1
Evo,evoDJI_0001_frame198,images/Evo/evoDJI_0001_frame198.jpg,labels/Evo/evoDJI_0001_frame198.txt,location,4096,2160,True,1
Evo,evoDJI_0001_frame199,images/Evo/evoDJI_0001_frame199.jpg,labels/Evo/evoDJI_0001_frame199.txt,location,4096,2160,True,1
Evo,evoDJI_0001_frame2,images/Evo/evoDJI_0001_frame2.jpg,labels/Evo/evoDJI_0001_frame2.txt,location,4096,2160,True,1
Evo,evoDJI_0001_frame20,images/Evo/evoDJI_0001_frame20.jpg,labels/Evo/evoDJI_0001_frame20.txt,location,4096,2160,True,1
Evo,evoDJI_0001_frame200,images/Evo/evoDJI_0001_frame200.jpg,labels/Evo/evoDJI_0001_frame200.txt,location,4096,2160,True,1
Evo,evoDJI_0001_frame201,images/Evo/evoDJI_0001_frame201.jpg,labels/Evo/evoDJI_0001_frame201.txt,location,4096,2160,True,1
Evo,evoDJI_0001_frame202,images/Evo/evoDJI_0001_frame202.jpg,labels/Evo/evoDJI_0001_frame202.txt,location,4096,2160,True,1
Evo,evoDJI_0001_frame203,images/Evo/evoDJI_0001_frame203.jpg,labels/Evo/evoDJI_0001_frame203.txt,location,4096,2160,True,1
Evo,evoDJI_0001_frame204,images/Evo/evoDJI_0001_frame204.jpg,labels/Evo/evoDJI_0001_frame204.txt,location,4096,2160,True,1
Evo,evoDJI_0001_frame205,images/Evo/evoDJI_0001_frame205.jpg,labels/Evo/evoDJI_0001_frame205.txt,location,4096,2160,True,1
Evo,evoDJI_0001_frame206,images/Evo/evoDJI_0001_frame206.jpg,labels/Evo/evoDJI_0001_frame206.txt,location,4096,2160,True,1
Evo,evoDJI_0001_frame207,images/Evo/evoDJI_0001_frame207.jpg,labels/Evo/evoDJI_0001_frame207.txt,location,4096,2160,True,1
Evo,evoDJI_0001_frame208,images/Evo/evoDJI_0001_frame208.jpg,labels/Evo/evoDJI_0001_frame208.txt,location,4096,2160,True,1
Evo,evoDJI_0001_frame209,images/Evo/evoDJI_0001_frame209.jpg,labels/Evo/evoDJI_0001_frame209.txt,location,4096,2160,True,1
Evo,evoDJI_0001_frame21,images/Evo/evoDJI_0001_frame21.jpg,labels/Evo/evoDJI_0001_frame21.txt,location,4096,2160,True,1
Evo,evoDJI_0001_frame22,images/Evo/evoDJI_0001_frame22.jpg,labels/Evo/evoDJI_0001_frame22.txt,location,4096,2160,True,1
Evo,evoDJI_0001_frame221,images/Evo/evoDJI_0001_frame221.jpg,labels/Evo/evoDJI_0001_frame221.txt,location,4096,2160,True,1
Evo,evoDJI_0001_frame222,images/Evo/evoDJI_0001_frame222.jpg,labels/Evo/evoDJI_0001_frame222.txt,location,4096,2160,True,1
Evo,evoDJI_0001_frame223,images/Evo/evoDJI_0001_frame223.jpg,labels/Evo/evoDJI_0001_frame223.txt,location,4096,2160,True,1
Evo,evoDJI_0001_frame224,images/Evo/evoDJI_0001_frame224.jpg,labels/Evo/evoDJI_0001_frame224.txt,location,4096,2160,True,1
Evo,evoDJI_0001_frame225,images/Evo/evoDJI_0001_frame225.jpg,labels/Evo/evoDJI_0001_frame225.txt,location,4096,2160,True,1
Evo,evoDJI_0001_frame226,images/Evo/evoDJI_0001_frame226.jpg,labels/Evo/evoDJI_0001_frame226.txt,location,4096,2160,True,1
Evo,evoDJI_0001_frame227,images/Evo/evoDJI_0001_frame227.jpg,labels/Evo/evoDJI_0001_frame227.txt,location,4096,2160,True,1
Evo,evoDJI_0001_frame228,images/Evo/evoDJI_0001_frame228.jpg,labels/Evo/evoDJI_0001_frame228.txt,location,4096,2160,True,1
Evo,evoDJI_0001_frame229,images/Evo/evoDJI_0001_frame229.jpg,labels/Evo/evoDJI_0001_frame229.txt,location,4096,2160,True,1
Evo,evoDJI_0001_frame23,images/Evo/evoDJI_0001_frame23.jpg,labels/Evo/evoDJI_0001_frame23.txt,location,4096,2160,False,0
Evo,evoDJI_0001_frame230,images/Evo/evoDJI_0001_frame230.jpg,labels/Evo/evoDJI_0001_frame230.txt,location,4096,2160,True,1
Evo,evoDJI_0001_frame231,images/Evo/evoDJI_0001_frame231.jpg,labels/Evo/evoDJI_0001_frame231.txt,location,4096,2160,True,1
Evo,evoDJI_0001_frame232,images/Evo/evoDJI_0001_frame232.jpg,labels/Evo/evoDJI_0001_frame232.txt,location,4096,2160,True,1
Evo,evoDJI_0001_frame233,images/Evo/evoDJI_0001_frame233.jpg,labels/Evo/evoDJI_0001_frame233.txt,location,4096,2160,True,1
Evo,evoDJI_0001_frame234,images/Evo/evoDJI_0001_frame234.jpg,labels/Evo/evoDJI_0001_frame234.txt,location,4096,2160,True,1
Evo,evoDJI_0001_frame235,images/Evo/evoDJI_0001_frame235.jpg,labels/Evo/evoDJI_0001_frame235.txt,location,4096,2160,True,1
Evo,evoDJI_0001_frame236,images/Evo/evoDJI_0001_frame236.jpg,labels/Evo/evoDJI_0001_frame236.txt,location,4096,2160,True,1
Evo,evoDJI_0001_frame237,images/Evo/evoDJI_0001_frame237.jpg,labels/Evo/evoDJI_0001_frame237.txt,location,4096,2160,True,1
Evo,evoDJI_0001_frame238,images/Evo/evoDJI_0001_frame238.jpg,labels/Evo/evoDJI_0001_frame238.txt,location,4096,2160,True,1
Evo,evoDJI_0001_frame239,images/Evo/evoDJI_0001_frame239.jpg,labels/Evo/evoDJI_0001_frame239.txt,location,4096,2160,True,1
Evo,evoDJI_0001_frame24,images/Evo/evoDJI_0001_frame24.jpg,labels/Evo/evoDJI_0001_frame24.txt,location,4096,2160,True,1
Evo,evoDJI_0001_frame240,images/Evo/evoDJI_0001_frame240.jpg,labels/Evo/evoDJI_0001_frame240.txt,location,4096,2160,True,1
Evo,evoDJI_0001_frame241,images/Evo/evoDJI_0001_frame241.jpg,labels/Evo/evoDJI_0001_frame241.txt,location,4096,2160,True,1
Evo,evoDJI_0001_frame242,images/Evo/evoDJI_0001_frame242.jpg,labels/Evo/evoDJI_0001_frame242.txt,location,4096,2160,True,1
Evo,evoDJI_0001_frame243,images/Evo/evoDJI_0001_frame243.jpg,labels/Evo/evoDJI_0001_frame243.txt,location,4096,2160,True,1
Evo,evoDJI_0001_frame244,images/Evo/evoDJI_0001_frame244.jpg,labels/Evo/evoDJI_0001_frame244.txt,location,4096,2160,True,1
Evo,evoDJI_0001_frame245,images/Evo/evoDJI_0001_frame245.jpg,labels/Evo/evoDJI_0001_frame245.txt,location,4096,2160,True,1
Evo,evoDJI_0001_frame246,images/Evo/evoDJI_0001_frame246.jpg,labels/Evo/evoDJI_0001_frame246.txt,location,4096,2160,True,1
Evo,evoDJI_0001_frame247,images/Evo/evoDJI_0001_frame247.jpg,labels/Evo/evoDJI_0001_frame247.txt,location,4096,2160,True,1
Evo,evoDJI_0001_frame248,images/Evo/evoDJI_0001_frame248.jpg,labels/Evo/evoDJI_0001_frame248.txt,location,4096,2160,True,1
Evo,evoDJI_0001_frame249,images/Evo/evoDJI_0001_frame249.jpg,labels/Evo/evoDJI_0001_frame249.txt,location,4096,2160,True,1
Evo,evoDJI_0001_frame25,images/Evo/evoDJI_0001_frame25.jpg,labels/Evo/evoDJI_0001_frame25.txt,location,4096,2160,True,1
Evo,evoDJI_0001_frame250,images/Evo/evoDJI_0001_frame250.jpg,labels/Evo/evoDJI_0001_frame250.txt,location,4096,2160,True,1
Evo,evoDJI_0001_frame251,images/Evo/evoDJI_0001_frame251.jpg,labels/Evo/evoDJI_0001_frame251.txt,location,4096,2160,True,1
Evo,evoDJI_0001_frame252,images/Evo/evoDJI_0001_frame252.jpg,labels/Evo/evoDJI_0001_frame252.txt,location,4096,2160,True,1
Evo,evoDJI_0001_frame253,images/Evo/evoDJI_0001_frame253.jpg,labels/Evo/evoDJI_0001_frame253.txt,location,4096,2160,True,1
Evo,evoDJI_0001_frame254,images/Evo/evoDJI_0001_frame254.jpg,labels/Evo/evoDJI_0001_frame254.txt,location,4096,2160,True,1
Evo,evoDJI_0001_frame255,images/Evo/evoDJI_0001_frame255.jpg,labels/Evo/evoDJI_0001_frame255.txt,location,4096,2160,True,1
Evo,evoDJI_0001_frame256,images/Evo/evoDJI_0001_frame256.jpg,labels/Evo/evoDJI_0001_frame256.txt,location,4096,2160,True,1
Evo,evoDJI_0001_frame257,images/Evo/evoDJI_0001_frame257.jpg,labels/Evo/evoDJI_0001_frame257.txt,location,4096,2160,True,1
Evo,evoDJI_0001_frame258,images/Evo/evoDJI_0001_frame258.jpg,labels/Evo/evoDJI_0001_frame258.txt,location,4096,2160,True,1
Evo,evoDJI_0001_frame259,images/Evo/evoDJI_0001_frame259.jpg,labels/Evo/evoDJI_0001_frame259.txt,location,4096,2160,True,1
Evo,evoDJI_0001_frame26,images/Evo/evoDJI_0001_frame26.jpg,labels/Evo/evoDJI_0001_frame26.txt,location,4096,2160,True,1
Evo,evoDJI_0001_frame260,images/Evo/evoDJI_0001_frame260.jpg,labels/Evo/evoDJI_0001_frame260.txt,location,4096,2160,True,1
Evo,evoDJI_0001_frame261,images/Evo/evoDJI_0001_frame261.jpg,labels/Evo/evoDJI_0001_frame261.txt,location,4096,2160,True,1
Evo,evoDJI_0001_frame262,images/Evo/evoDJI_0001_frame262.jpg,labels/Evo/evoDJI_0001_frame262.txt,location,4096,2160,True,1
Evo,evoDJI_0001_frame263,images/Evo/evoDJI_0001_frame263.jpg,labels/Evo/evoDJI_0001_frame263.txt,location,4096,2160,True,1
Evo,evoDJI_0001_frame264,images/Evo/evoDJI_0001_frame264.jpg,labels/Evo/evoDJI_0001_frame264.txt,location,4096,2160,True,1
Evo,evoDJI_0001_frame265,images/Evo/evoDJI_0001_frame265.jpg,labels/Evo/evoDJI_0001_frame265.txt,location,4096,2160,True,1
Evo,evoDJI_0001_frame266,images/Evo/evoDJI_0001_frame266.jpg,labels/Evo/evoDJI_0001_frame266.txt,location,4096,2160,True,1
Evo,evoDJI_0001_frame267,images/Evo/evoDJI_0001_frame267.jpg,labels/Evo/evoDJI_0001_frame267.txt,location,4096,2160,True,1
Evo,evoDJI_0001_frame268,images/Evo/evoDJI_0001_frame268.jpg,labels/Evo/evoDJI_0001_frame268.txt,location,4096,2160,True,1
Evo,evoDJI_0001_frame269,images/Evo/evoDJI_0001_frame269.jpg,labels/Evo/evoDJI_0001_frame269.txt,location,4096,2160,True,1
Evo,evoDJI_0001_frame27,images/Evo/evoDJI_0001_frame27.jpg,labels/Evo/evoDJI_0001_frame27.txt,location,4096,2160,True,1
Evo,evoDJI_0001_frame270,images/Evo/evoDJI_0001_frame270.jpg,labels/Evo/evoDJI_0001_frame270.txt,location,4096,2160,True,1
Evo,evoDJI_0001_frame271,images/Evo/evoDJI_0001_frame271.jpg,labels/Evo/evoDJI_0001_frame271.txt,location,4096,2160,True,1
Evo,evoDJI_0001_frame272,images/Evo/evoDJI_0001_frame272.jpg,labels/Evo/evoDJI_0001_frame272.txt,location,4096,2160,True,1
Evo,evoDJI_0001_frame273,images/Evo/evoDJI_0001_frame273.jpg,labels/Evo/evoDJI_0001_frame273.txt,location,4096,2160,True,1
Evo,evoDJI_0001_frame274,images/Evo/evoDJI_0001_frame274.jpg,labels/Evo/evoDJI_0001_frame274.txt,location,4096,2160,True,1
Evo,evoDJI_0001_frame275,images/Evo/evoDJI_0001_frame275.jpg,labels/Evo/evoDJI_0001_frame275.txt,location,4096,2160,True,1
Evo,evoDJI_0001_frame276,images/Evo/evoDJI_0001_frame276.jpg,labels/Evo/evoDJI_0001_frame276.txt,location,4096,2160,True,1
Evo,evoDJI_0001_frame277,images/Evo/evoDJI_0001_frame277.jpg,labels/Evo/evoDJI_0001_frame277.txt,location,4096,2160,True,1
Evo,evoDJI_0001_frame278,images/Evo/evoDJI_0001_frame278.jpg,labels/Evo/evoDJI_0001_frame278.txt,location,4096,2160,True,1
Evo,evoDJI_0001_frame279,images/Evo/evoDJI_0001_frame279.jpg,labels/Evo/evoDJI_0001_frame279.txt,location,4096,2160,True,1
Evo,evoDJI_0001_frame28,images/Evo/evoDJI_0001_frame28.jpg,labels/Evo/evoDJI_0001_frame28.txt,location,4096,2160,True,1
Evo,evoDJI_0001_frame280,images/Evo/evoDJI_0001_frame280.jpg,labels/Evo/evoDJI_0001_frame280.txt,location,4096,2160,True,1
Evo,evoDJI_0001_frame281,images/Evo/evoDJI_0001_frame281.jpg,labels/Evo/evoDJI_0001_frame281.txt,location,4096,2160,True,1
Evo,evoDJI_0001_frame282,images/Evo/evoDJI_0001_frame282.jpg,labels/Evo/evoDJI_0001_frame282.txt,location,4096,2160,True,1
Evo,evoDJI_0001_frame283,images/Evo/evoDJI_0001_frame283.jpg,labels/Evo/evoDJI_0001_frame283.txt,location,4096,2160,True,1
Evo,evoDJI_0001_frame284,images/Evo/evoDJI_0001_frame284.jpg,labels/Evo/evoDJI_0001_frame284.txt,location,4096,2160,True,1
Evo,evoDJI_0001_frame285,images/Evo/evoDJI_0001_frame285.jpg,labels/Evo/evoDJI_0001_frame285.txt,location,4096,2160,True,1
Evo,evoDJI_0001_frame286,images/Evo/evoDJI_0001_frame286.jpg,labels/Evo/evoDJI_0001_frame286.txt,location,4096,2160,True,1
Evo,evoDJI_0001_frame287,images/Evo/evoDJI_0001_frame287.jpg,labels/Evo/evoDJI_0001_frame287.txt,location,4096,2160,True,1
Evo,evoDJI_0001_frame288,images/Evo/evoDJI_0001_frame288.jpg,labels/Evo/evoDJI_0001_frame288.txt,location,4096,2160,True,1
Evo,evoDJI_0001_frame289,images/Evo/evoDJI_0001_frame289.jpg,labels/Evo/evoDJI_0001_frame289.txt,location,4096,2160,True,1
Evo,evoDJI_0001_frame29,images/Evo/evoDJI_0001_frame29.jpg,labels/Evo/evoDJI_0001_frame29.txt,location,4096,2160,True,1
Evo,evoDJI_0001_frame290,images/Evo/evoDJI_0001_frame290.jpg,labels/Evo/evoDJI_0001_frame290.txt,location,4096,2160,True,1
Evo,evoDJI_0001_frame291,images/Evo/evoDJI_0001_frame291.jpg,labels/Evo/evoDJI_0001_frame291.txt,location,4096,2160,True,1
Evo,evoDJI_0001_frame292,images/Evo/evoDJI_0001_frame292.jpg,labels/Evo/evoDJI_0001_frame292.txt,location,4096,2160,True,1
Evo,evoDJI_0001_frame293,images/Evo/evoDJI_0001_frame293.jpg,labels/Evo/evoDJI_0001_frame293.txt,location,4096,2160,True,1
Evo,evoDJI_0001_frame294,images/Evo/evoDJI_0001_frame294.jpg,labels/Evo/evoDJI_0001_frame294.txt,location,4096,2160,True,1
Evo,evoDJI_0001_frame295,images/Evo/evoDJI_0001_frame295.jpg,labels/Evo/evoDJI_0001_frame295.txt,location,4096,2160,True,1
Evo,evoDJI_0001_frame296,images/Evo/evoDJI_0001_frame296.jpg,labels/Evo/evoDJI_0001_frame296.txt,location,4096,2160,True,1
Evo,evoDJI_0001_frame297,images/Evo/evoDJI_0001_frame297.jpg,labels/Evo/evoDJI_0001_frame297.txt,location,4096,2160,True,1
Evo,evoDJI_0001_frame298,images/Evo/evoDJI_0001_frame298.jpg,labels/Evo/evoDJI_0001_frame298.txt,location,4096,2160,True,1
Evo,evoDJI_0001_frame299,images/Evo/evoDJI_0001_frame299.jpg,labels/Evo/evoDJI_0001_frame299.txt,location,4096,2160,True,1
Evo,evoDJI_0001_frame3,images/Evo/evoDJI_0001_frame3.jpg,labels/Evo/evoDJI_0001_frame3.txt,location,4096,2160,True,1
Evo,evoDJI_0001_frame30,images/Evo/evoDJI_0001_frame30.jpg,labels/Evo/evoDJI_0001_frame30.txt,location,4096,2160,True,1
Evo,evoDJI_0001_frame300,images/Evo/evoDJI_0001_frame300.jpg,labels/Evo/evoDJI_0001_frame300.txt,location,4096,2160,True,1
Evo,evoDJI_0001_frame301,images/Evo/evoDJI_0001_frame301.jpg,labels/Evo/evoDJI_0001_frame301.txt,location,4096,2160,True,1
Evo,evoDJI_0001_frame302,images/Evo/evoDJI_0001_frame302.jpg,labels/Evo/evoDJI_0001_frame302.txt,location,4096,2160,True,1
Evo,evoDJI_0001_frame303,images/Evo/evoDJI_0001_frame303.jpg,labels/Evo/evoDJI_0001_frame303.txt,location,4096,2160,True,1
Evo,evoDJI_0001_frame304,images/Evo/evoDJI_0001_frame304.jpg,labels/Evo/evoDJI_0001_frame304.txt,location,4096,2160,True,1
Evo,evoDJI_0001_frame305,images/Evo/evoDJI_0001_frame305.jpg,labels/Evo/evoDJI_0001_frame305.txt,location,4096,2160,True,1
Evo,evoDJI_0001_frame306,images/Evo/evoDJI_0001_frame306.jpg,labels/Evo/evoDJI_0001_frame306.txt,location,4096,2160,True,1
Evo,evoDJI_0001_frame307,images/Evo/evoDJI_0001_frame307.jpg,labels/Evo/evoDJI_0001_frame307.txt,location,4096,2160,True,1
Evo,evoDJI_0001_frame308,images/Evo/evoDJI_0001_frame308.jpg,labels/Evo/evoDJI_0001_frame308.txt,location,4096,2160,True,1
Evo,evoDJI_0001_frame309,images/Evo/evoDJI_0001_frame309.jpg,labels/Evo/evoDJI_0001_frame309.txt,location,4096,2160,True,1
Evo,evoDJI_0001_frame31,images/Evo/evoDJI_0001_frame31.jpg,labels/Evo/evoDJI_0001_frame31.txt,location,4096,2160,True,1
Evo,evoDJI_0001_frame310,images/Evo/evoDJI_0001_frame310.jpg,labels/Evo/evoDJI_0001_frame310.txt,location,4096,2160,True,1
Evo,evoDJI_0001_frame311,images/Evo/evoDJI_0001_frame311.jpg,labels/Evo/evoDJI_0001_frame311.txt,location,4096,2160,True,1
Evo,evoDJI_0001_frame312,images/Evo/evoDJI_0001_frame312.jpg,labels/Evo/evoDJI_0001_frame312.txt,location,4096,2160,True,1
Evo,evoDJI_0001_frame313,images/Evo/evoDJI_0001_frame313.jpg,labels/Evo/evoDJI_0001_frame313.txt,location,4096,2160,True,1
Evo,evoDJI_0001_frame314,images/Evo/evoDJI_0001_frame314.jpg,labels/Evo/evoDJI_0001_frame314.txt,location,4096,2160,True,1
Evo,evoDJI_0001_frame315,images/Evo/evoDJI_0001_frame315.jpg,labels/Evo/evoDJI_0001_frame315.txt,location,4096,2160,True,1
Evo,evoDJI_0001_frame316,images/Evo/evoDJI_0001_frame316.jpg,labels/Evo/evoDJI_0001_frame316.txt,location,4096,2160,True,1
Evo,evoDJI_0001_frame317,images/Evo/evoDJI_0001_frame317.jpg,labels/Evo/evoDJI_0001_frame317.txt,location,4096,2160,True,1
Evo,evoDJI_0001_frame318,images/Evo/evoDJI_0001_frame318.jpg,labels/Evo/evoDJI_0001_frame318.txt,location,4096,2160,True,1
Evo,evoDJI_0001_frame319,images/Evo/evoDJI_0001_frame319.jpg,labels/Evo/evoDJI_0001_frame319.txt,location,4096,2160,True,1
Evo,evoDJI_0001_frame32,images/Evo/evoDJI_0001_frame32.jpg,labels/Evo/evoDJI_0001_frame32.txt,location,4096,2160,True,1
Evo,evoDJI_0001_frame320,images/Evo/evoDJI_0001_frame320.jpg,labels/Evo/evoDJI_0001_frame320.txt,location,4096,2160,True,1
Evo,evoDJI_0001_frame321,images/Evo/evoDJI_0001_frame321.jpg,labels/Evo/evoDJI_0001_frame321.txt,location,4096,2160,True,1
Evo,evoDJI_0001_frame322,images/Evo/evoDJI_0001_frame322.jpg,labels/Evo/evoDJI_0001_frame322.txt,location,4096,2160,True,1
Evo,evoDJI_0001_frame323,images/Evo/evoDJI_0001_frame323.jpg,labels/Evo/evoDJI_0001_frame323.txt,location,4096,2160,True,1
Evo,evoDJI_0001_frame324,images/Evo/evoDJI_0001_frame324.jpg,labels/Evo/evoDJI_0001_frame324.txt,location,4096,2160,True,1
Evo,evoDJI_0001_frame325,images/Evo/evoDJI_0001_frame325.jpg,labels/Evo/evoDJI_0001_frame325.txt,location,4096,2160,True,1
Evo,evoDJI_0001_frame326,images/Evo/evoDJI_0001_frame326.jpg,labels/Evo/evoDJI_0001_frame326.txt,location,4096,2160,True,1
Evo,evoDJI_0001_frame327,images/Evo/evoDJI_0001_frame327.jpg,labels/Evo/evoDJI_0001_frame327.txt,location,4096,2160,True,1
Evo,evoDJI_0001_frame33,images/Evo/evoDJI_0001_frame33.jpg,labels/Evo/evoDJI_0001_frame33.txt,location,4096,2160,True,1
Evo,evoDJI_0001_frame34,images/Evo/evoDJI_0001_frame34.jpg,labels/Evo/evoDJI_0001_frame34.txt,location,4096,2160,True,1
Evo,evoDJI_0001_frame35,images/Evo/evoDJI_0001_frame35.jpg,labels/Evo/evoDJI_0001_frame35.txt,location,4096,2160,True,1
Evo,evoDJI_0001_frame36,images/Evo/evoDJI_0001_frame36.jpg,labels/Evo/evoDJI_0001_frame36.txt,location,4096,2160,True,1
Evo,evoDJI_0001_frame37,images/Evo/evoDJI_0001_frame37.jpg,labels/Evo/evoDJI_0001_frame37.txt,location,4096,2160,True,1
Evo,evoDJI_0001_frame38,images/Evo/evoDJI_0001_frame38.jpg,labels/Evo/evoDJI_0001_frame38.txt,location,4096,2160,True,1
Evo,evoDJI_0001_frame39,images/Evo/evoDJI_0001_frame39.jpg,labels/Evo/evoDJI_0001_frame39.txt,location,4096,2160,True,1
Evo,evoDJI_0001_frame4,images/Evo/evoDJI_0001_frame4.jpg,labels/Evo/evoDJI_0001_frame4.txt,location,4096,2160,True,1
Evo,evoDJI_0001_frame40,images/Evo/evoDJI_0001_frame40.jpg,labels/Evo/evoDJI_0001_frame40.txt,location,4096,2160,True,1
Evo,evoDJI_0001_frame41,images/Evo/evoDJI_0001_frame41.jpg,labels/Evo/evoDJI_0001_frame41.txt,location,4096,2160,True,1
Evo,evoDJI_0001_frame42,images/Evo/evoDJI_0001_frame42.jpg,labels/Evo/evoDJI_0001_frame42.txt,location,4096,2160,True,1
Evo,evoDJI_0001_frame43,images/Evo/evoDJI_0001_frame43.jpg,labels/Evo/evoDJI_0001_frame43.txt,location,4096,2160,True,1
Evo,evoDJI_0001_frame44,images/Evo/evoDJI_0001_frame44.jpg,labels/Evo/evoDJI_0001_frame44.txt,location,4096,2160,True,1
Evo,evoDJI_0001_frame48,images/Evo/evoDJI_0001_frame48.jpg,labels/Evo/evoDJI_0001_frame48.txt,location,4096,2160,True,1
Evo,evoDJI_0001_frame49,images/Evo/evoDJI_0001_frame49.jpg,labels/Evo/evoDJI_0001_frame49.txt,location,4096,2160,True,1
Evo,evoDJI_0001_frame5,images/Evo/evoDJI_0001_frame5.jpg,labels/Evo/evoDJI_0001_frame5.txt,location,4096,2160,True,1
Evo,evoDJI_0001_frame50,images/Evo/evoDJI_0001_frame50.jpg,labels/Evo/evoDJI_0001_frame50.txt,location,4096,2160,True,1
Evo,evoDJI_0001_frame51,images/Evo/evoDJI_0001_frame51.jpg,labels/Evo/evoDJI_0001_frame51.txt,location,4096,2160,True,1
Evo,evoDJI_0001_frame52,images/Evo/evoDJI_0001_frame52.jpg,labels/Evo/evoDJI_0001_frame52.txt,location,4096,2160,True,1
Evo,evoDJI_0001_frame53,images/Evo/evoDJI_0001_frame53.jpg,labels/Evo/evoDJI_0001_frame53.txt,location,4096,2160,True,1
Evo,evoDJI_0001_frame54,images/Evo/evoDJI_0001_frame54.jpg,labels/Evo/evoDJI_0001_frame54.txt,location,4096,2160,True,1
Evo,evoDJI_0001_frame55,images/Evo/evoDJI_0001_frame55.jpg,labels/Evo/evoDJI_0001_frame55.txt,location,4096,2160,True,1
Evo,evoDJI_0001_frame56,images/Evo/evoDJI_0001_frame56.jpg,labels/Evo/evoDJI_0001_frame56.txt,location,4096,2160,True,1
Evo,evoDJI_0001_frame57,images/Evo/evoDJI_0001_frame57.jpg,labels/Evo/evoDJI_0001_frame57.txt,location,4096,2160,True,1
Evo,evoDJI_0001_frame58,images/Evo/evoDJI_0001_frame58.jpg,labels/Evo/evoDJI_0001_frame58.txt,location,4096,2160,True,1
Evo,evoDJI_0001_frame59,images/Evo/evoDJI_0001_frame59.jpg,labels/Evo/evoDJI_0001_frame59.txt,location,4096,2160,True,1
Evo,evoDJI_0001_frame6,images/Evo/evoDJI_0001_frame6.jpg,labels/Evo/evoDJI_0001_frame6.txt,location,4096,2160,True,1
Evo,evoDJI_0001_frame60,images/Evo/evoDJI_0001_frame60.jpg,labels/Evo/evoDJI_0001_frame60.txt,location,4096,2160,True,1
Evo,evoDJI_0001_frame61,images/Evo/evoDJI_0001_frame61.jpg,labels/Evo/evoDJI_0001_frame61.txt,location,4096,2160,True,1
Evo,evoDJI_0001_frame62,images/Evo/evoDJI_0001_frame62.jpg,labels/Evo/evoDJI_0001_frame62.txt,location,4096,2160,True,1
Evo,evoDJI_0001_frame63,images/Evo/evoDJI_0001_frame63.jpg,labels/Evo/evoDJI_0001_frame63.txt,location,4096,2160,True,1
Evo,evoDJI_0001_frame64,images/Evo/evoDJI_0001_frame64.jpg,labels/Evo/evoDJI_0001_frame64.txt,location,4096,2160,True,1
Evo,evoDJI_0001_frame65,images/Evo/evoDJI_0001_frame65.jpg,labels/Evo/evoDJI_0001_frame65.txt,location,4096,2160,True,9
Evo,evoDJI_0001_frame66,images/Evo/evoDJI_0001_frame66.jpg,labels/Evo/evoDJI_0001_frame66.txt,location,4096,2160,True,1
Evo,evoDJI_0001_frame67,images/Evo/evoDJI_0001_frame67.jpg,labels/Evo/evoDJI_0001_frame67.txt,location,4096,2160,True,1
Evo,evoDJI_0001_frame68,images/Evo/evoDJI_0001_frame68.jpg,labels/Evo/evoDJI_0001_frame68.txt,location,4096,2160,True,1
Evo,evoDJI_0001_frame69,images/Evo/evoDJI_0001_frame69.jpg,labels/Evo/evoDJI_0001_frame69.txt,location,4096,2160,True,1
Evo,evoDJI_0001_frame7,images/Evo/evoDJI_0001_frame7.jpg,labels/Evo/evoDJI_0001_frame7.txt,location,4096,2160,True,1
Evo,evoDJI_0001_frame70,images/Evo/evoDJI_0001_frame70.jpg,labels/Evo/evoDJI_0001_frame70.txt,location,4096,2160,True,1
Evo,evoDJI_0001_frame71,images/Evo/evoDJI_0001_frame71.jpg,labels/Evo/evoDJI_0001_frame71.txt,location,4096,2160,True,1
Evo,evoDJI_0001_frame72,images/Evo/evoDJI_0001_frame72.jpg,labels/Evo/evoDJI_0001_frame72.txt,location,4096,2160,True,1
Evo,evoDJI_0001_frame73,images/Evo/evoDJI_0001_frame73.jpg,labels/Evo/evoDJI_0001_frame73.txt,location,4096,2160,True,1
Evo,evoDJI_0001_frame74,images/Evo/evoDJI_0001_frame74.jpg,labels/Evo/evoDJI_0001_frame74.txt,location,4096,2160,True,1
Evo,evoDJI_0001_frame75,images/Evo/evoDJI_0001_frame75.jpg,labels/Evo/evoDJI_0001_frame75.txt,location,4096,2160,True,1
Evo,evoDJI_0001_frame76,images/Evo/evoDJI_0001_frame76.jpg,labels/Evo/evoDJI_0001_frame76.txt,location,4096,2160,True,1
Evo,evoDJI_0001_frame77,images/Evo/evoDJI_0001_frame77.jpg,labels/Evo/evoDJI_0001_frame77.txt,location,4096,2160,True,1
Evo,evoDJI_0001_frame78,images/Evo/evoDJI_0001_frame78.jpg,labels/Evo/evoDJI_0001_frame78.txt,location,4096,2160,True,1
Evo,evoDJI_0001_frame79,images/Evo/evoDJI_0001_frame79.jpg,labels/Evo/evoDJI_0001_frame79.txt,location,4096,2160,True,1
Evo,evoDJI_0001_frame8,images/Evo/evoDJI_0001_frame8.jpg,labels/Evo/evoDJI_0001_frame8.txt,location,4096,2160,True,1
Evo,evoDJI_0001_frame80,images/Evo/evoDJI_0001_frame80.jpg,labels/Evo/evoDJI_0001_frame80.txt,location,4096,2160,True,1
Evo,evoDJI_0001_frame81,images/Evo/evoDJI_0001_frame81.jpg,labels/Evo/evoDJI_0001_frame81.txt,location,4096,2160,True,1
Evo,evoDJI_0001_frame82,images/Evo/evoDJI_0001_frame82.jpg,labels/Evo/evoDJI_0001_frame82.txt,location,4096,2160,True,1
Evo,evoDJI_0001_frame83,images/Evo/evoDJI_0001_frame83.jpg,labels/Evo/evoDJI_0001_frame83.txt,location,4096,2160,True,1
Evo,evoDJI_0001_frame84,images/Evo/evoDJI_0001_frame84.jpg,labels/Evo/evoDJI_0001_frame84.txt,location,4096,2160,True,1
Evo,evoDJI_0001_frame85,images/Evo/evoDJI_0001_frame85.jpg,labels/Evo/evoDJI_0001_frame85.txt,location,4096,2160,True,1
Evo,evoDJI_0001_frame86,images/Evo/evoDJI_0001_frame86.jpg,labels/Evo/evoDJI_0001_frame86.txt,location,4096,2160,True,1
Evo,evoDJI_0001_frame87,images/Evo/evoDJI_0001_frame87.jpg,labels/Evo/evoDJI_0001_frame87.txt,location,4096,2160,True,1
Evo,evoDJI_0001_frame88,images/Evo/evoDJI_0001_frame88.jpg,labels/Evo/evoDJI_0001_frame88.txt,location,4096,2160,True,1
Evo,evoDJI_0001_frame89,images/Evo/evoDJI_0001_frame89.jpg,labels/Evo/evoDJI_0001_frame89.txt,location,4096,2160,True,1
Evo,evoDJI_0001_frame9,images/Evo/evoDJI_0001_frame9.jpg,labels/Evo/evoDJI_0001_frame9.txt,location,4096,2160,True,1
Evo,evoDJI_0001_frame90,images/Evo/evoDJI_0001_frame90.jpg,labels/Evo/evoDJI_0001_frame90.txt,location,4096,2160,True,1
Evo,evoDJI_0001_frame91,images/Evo/evoDJI_0001_frame91.jpg,labels/Evo/evoDJI_0001_frame91.txt,location,4096,2160,True,1
Evo,evoDJI_0001_frame92,images/Evo/evoDJI_0001_frame92.jpg,labels/Evo/evoDJI_0001_frame92.txt,location,4096,2160,True,1
Evo,evoDJI_0001_frame93,images/Evo/evoDJI_0001_frame93.jpg,labels/Evo/evoDJI_0001_frame93.txt,location,4096,2160,True,1
Evo,evoDJI_0001_frame94,images/Evo/evoDJI_0001_frame94.jpg,labels/Evo/evoDJI_0001_frame94.txt,location,4096,2160,True,1
Evo,evoDJI_0001_frame95,images/Evo/evoDJI_0001_frame95.jpg,labels/Evo/evoDJI_0001_frame95.txt,location,4096,2160,True,1
Evo,evoDJI_0001_frame96,images/Evo/evoDJI_0001_frame96.jpg,labels/Evo/evoDJI_0001_frame96.txt,location,4096,2160,True,1
Evo,evoDJI_0001_frame97,images/Evo/evoDJI_0001_frame97.jpg,labels/Evo/evoDJI_0001_frame97.txt,location,4096,2160,True,1
Evo,evoDJI_0001_frame98,images/Evo/evoDJI_0001_frame98.jpg,labels/Evo/evoDJI_0001_frame98.txt,location,4096,2160,True,1
Evo,evoDJI_0001_frame99,images/Evo/evoDJI_0001_frame99.jpg,labels/Evo/evoDJI_0001_frame99.txt,location,4096,2160,True,1
Evo,evoDJI_0007_frame0,images/Evo/evoDJI_0007_frame0.jpg,labels/Evo/evoDJI_0007_frame0.txt,location,4096,2160,True,1
Evo,evoDJI_0007_frame1,images/Evo/evoDJI_0007_frame1.jpg,labels/Evo/evoDJI_0007_frame1.txt,location,4096,2160,True,1
Evo,evoDJI_0007_frame10,images/Evo/evoDJI_0007_frame10.jpg,labels/Evo/evoDJI_0007_frame10.txt,location,4096,2160,True,1
Evo,evoDJI_0007_frame100,images/Evo/evoDJI_0007_frame100.jpg,labels/Evo/evoDJI_0007_frame100.txt,location,4096,2160,True,1
Evo,evoDJI_0007_frame101,images/Evo/evoDJI_0007_frame101.jpg,labels/Evo/evoDJI_0007_frame101.txt,location,4096,2160,True,1
Evo,evoDJI_0007_frame102,images/Evo/evoDJI_0007_frame102.jpg,labels/Evo/evoDJI_0007_frame102.txt,location,4096,2160,True,1
Evo,evoDJI_0007_frame103,images/Evo/evoDJI_0007_frame103.jpg,labels/Evo/evoDJI_0007_frame103.txt,location,4096,2160,True,1
Evo,evoDJI_0007_frame104,images/Evo/evoDJI_0007_frame104.jpg,labels/Evo/evoDJI_0007_frame104.txt,location,4096,2160,True,1
Evo,evoDJI_0007_frame105,images/Evo/evoDJI_0007_frame105.jpg,labels/Evo/evoDJI_0007_frame105.txt,location,4096,2160,True,1
Evo,evoDJI_0007_frame106,images/Evo/evoDJI_0007_frame106.jpg,labels/Evo/evoDJI_0007_frame106.txt,location,4096,2160,True,1
Evo,evoDJI_0007_frame107,images/Evo/evoDJI_0007_frame107.jpg,labels/Evo/evoDJI_0007_frame107.txt,location,4096,2160,True,1
Evo,evoDJI_0007_frame108,images/Evo/evoDJI_0007_frame108.jpg,labels/Evo/evoDJI_0007_frame108.txt,location,4096,2160,True,1
Evo,evoDJI_0007_frame109,images/Evo/evoDJI_0007_frame109.jpg,labels/Evo/evoDJI_0007_frame109.txt,location,4096,2160,True,1
Evo,evoDJI_0007_frame11,images/Evo/evoDJI_0007_frame11.jpg,labels/Evo/evoDJI_0007_frame11.txt,location,4096,2160,True,1
Evo,evoDJI_0007_frame110,images/Evo/evoDJI_0007_frame110.jpg,labels/Evo/evoDJI_0007_frame110.txt,location,4096,2160,True,1
Evo,evoDJI_0007_frame111,images/Evo/evoDJI_0007_frame111.jpg,labels/Evo/evoDJI_0007_frame111.txt,location,4096,2160,True,1
Evo,evoDJI_0007_frame112,images/Evo/evoDJI_0007_frame112.jpg,labels/Evo/evoDJI_0007_frame112.txt,location,4096,2160,True,1
Evo,evoDJI_0007_frame113,images/Evo/evoDJI_0007_frame113.jpg,labels/Evo/evoDJI_0007_frame113.txt,location,4096,2160,True,1
Evo,evoDJI_0007_frame114,images/Evo/evoDJI_0007_frame114.jpg,labels/Evo/evoDJI_0007_frame114.txt,location,4096,2160,True,1
Evo,evoDJI_0007_frame115,images/Evo/evoDJI_0007_frame115.jpg,labels/Evo/evoDJI_0007_frame115.txt,location,4096,2160,True,1
Evo,evoDJI_0007_frame116,images/Evo/evoDJI_0007_frame116.jpg,labels/Evo/evoDJI_0007_frame116.txt,location,4096,2160,True,1
Evo,evoDJI_0007_frame117,images/Evo/evoDJI_0007_frame117.jpg,labels/Evo/evoDJI_0007_frame117.txt,location,4096,2160,True,1
Evo,evoDJI_0007_frame118,images/Evo/evoDJI_0007_frame118.jpg,labels/Evo/evoDJI_0007_frame118.txt,location,4096,2160,True,1
Evo,evoDJI_0007_frame119,images/Evo/evoDJI_0007_frame119.jpg,labels/Evo/evoDJI_0007_frame119.txt,location,4096,2160,True,1
Evo,evoDJI_0007_frame12,images/Evo/evoDJI_0007_frame12.jpg,labels/Evo/evoDJI_0007_frame12.txt,location,4096,2160,True,1
Evo,evoDJI_0007_frame120,images/Evo/evoDJI_0007_frame120.jpg,labels/Evo/evoDJI_0007_frame120.txt,location,4096,2160,True,1
Evo,evoDJI_0007_frame121,images/Evo/evoDJI_0007_frame121.jpg,labels/Evo/evoDJI_0007_frame121.txt,location,4096,2160,True,1
Evo,evoDJI_0007_frame122,images/Evo/evoDJI_0007_frame122.jpg,labels/Evo/evoDJI_0007_frame122.txt,location,4096,2160,True,1
Evo,evoDJI_0007_frame123,images/Evo/evoDJI_0007_frame123.jpg,labels/Evo/evoDJI_0007_frame123.txt,location,4096,2160,True,1
Evo,evoDJI_0007_frame124,images/Evo/evoDJI_0007_frame124.jpg,labels/Evo/evoDJI_0007_frame124.txt,location,4096,2160,True,1
Evo,evoDJI_0007_frame125,images/Evo/evoDJI_0007_frame125.jpg,labels/Evo/evoDJI_0007_frame125.txt,location,4096,2160,True,1
Evo,evoDJI_0007_frame126,images/Evo/evoDJI_0007_frame126.jpg,labels/Evo/evoDJI_0007_frame126.txt,location,4096,2160,True,1
Evo,evoDJI_0007_frame127,images/Evo/evoDJI_0007_frame127.jpg,labels/Evo/evoDJI_0007_frame127.txt,location,4096,2160,True,1
Evo,evoDJI_0007_frame128,images/Evo/evoDJI_0007_frame128.jpg,labels/Evo/evoDJI_0007_frame128.txt,location,4096,2160,True,1
Evo,evoDJI_0007_frame129,images/Evo/evoDJI_0007_frame129.jpg,labels/Evo/evoDJI_0007_frame129.txt,location,4096,2160,True,1
Evo,evoDJI_0007_frame13,images/Evo/evoDJI_0007_frame13.jpg,labels/Evo/evoDJI_0007_frame13.txt,location,4096,2160,True,1
Evo,evoDJI_0007_frame130,images/Evo/evoDJI_0007_frame130.jpg,labels/Evo/evoDJI_0007_frame130.txt,location,4096,2160,True,1
Evo,evoDJI_0007_frame131,images/Evo/evoDJI_0007_frame131.jpg,labels/Evo/evoDJI_0007_frame131.txt,location,4096,2160,True,1
Evo,evoDJI_0007_frame132,images/Evo/evoDJI_0007_frame132.jpg,labels/Evo/evoDJI_0007_frame132.txt,location,4096,2160,True,1
Evo,evoDJI_0007_frame133,images/Evo/evoDJI_0007_frame133.jpg,labels/Evo/evoDJI_0007_frame133.txt,location,4096,2160,True,1
Evo,evoDJI_0007_frame134,images/Evo/evoDJI_0007_frame134.jpg,labels/Evo/evoDJI_0007_frame134.txt,location,4096,2160,True,1
Evo,evoDJI_0007_frame135,images/Evo/evoDJI_0007_frame135.jpg,labels/Evo/evoDJI_0007_frame135.txt,location,4096,2160,True,1
Evo,evoDJI_0007_frame136,images/Evo/evoDJI_0007_frame136.jpg,labels/Evo/evoDJI_0007_frame136.txt,location,4096,2160,True,1
Evo,evoDJI_0007_frame137,images/Evo/evoDJI_0007_frame137.jpg,labels/Evo/evoDJI_0007_frame137.txt,location,4096,2160,True,1
Evo,evoDJI_0007_frame138,images/Evo/evoDJI_0007_frame138.jpg,labels/Evo/evoDJI_0007_frame138.txt,location,4096,2160,True,1
Evo,evoDJI_0007_frame139,images/Evo/evoDJI_0007_frame139.jpg,labels/Evo/evoDJI_0007_frame139.txt,location,4096,2160,True,1
Evo,evoDJI_0007_frame14,images/Evo/evoDJI_0007_frame14.jpg,labels/Evo/evoDJI_0007_frame14.txt,location,4096,2160,True,1
Evo,evoDJI_0007_frame140,images/Evo/evoDJI_0007_frame140.jpg,labels/Evo/evoDJI_0007_frame140.txt,location,4096,2160,True,1
Evo,evoDJI_0007_frame141,images/Evo/evoDJI_0007_frame141.jpg,labels/Evo/evoDJI_0007_frame141.txt,location,4096,2160,True,1
Evo,evoDJI_0007_frame142,images/Evo/evoDJI_0007_frame142.jpg,labels/Evo/evoDJI_0007_frame142.txt,location,4096,2160,True,1
Evo,evoDJI_0007_frame143,images/Evo/evoDJI_0007_frame143.jpg,labels/Evo/evoDJI_0007_frame143.txt,location,4096,2160,True,1
Evo,evoDJI_0007_frame144,images/Evo/evoDJI_0007_frame144.jpg,labels/Evo/evoDJI_0007_frame144.txt,location,4096,2160,True,1
Evo,evoDJI_0007_frame145,images/Evo/evoDJI_0007_frame145.jpg,labels/Evo/evoDJI_0007_frame145.txt,location,4096,2160,True,1
Evo,evoDJI_0007_frame146,images/Evo/evoDJI_0007_frame146.jpg,labels/Evo/evoDJI_0007_frame146.txt,location,4096,2160,True,1
Evo,evoDJI_0007_frame147,images/Evo/evoDJI_0007_frame147.jpg,labels/Evo/evoDJI_0007_frame147.txt,location,4096,2160,True,1
Evo,evoDJI_0007_frame148,images/Evo/evoDJI_0007_frame148.jpg,labels/Evo/evoDJI_0007_frame148.txt,location,4096,2160,True,1
Evo,evoDJI_0007_frame149,images/Evo/evoDJI_0007_frame149.jpg,labels/Evo/evoDJI_0007_frame149.txt,location,4096,2160,True,1
Evo,evoDJI_0007_frame15,images/Evo/evoDJI_0007_frame15.jpg,labels/Evo/evoDJI_0007_frame15.txt,location,4096,2160,True,1
Evo,evoDJI_0007_frame150,images/Evo/evoDJI_0007_frame150.jpg,labels/Evo/evoDJI_0007_frame150.txt,location,4096,2160,True,1
Evo,evoDJI_0007_frame151,images/Evo/evoDJI_0007_frame151.jpg,labels/Evo/evoDJI_0007_frame151.txt,location,4096,2160,True,1
Evo,evoDJI_0007_frame152,images/Evo/evoDJI_0007_frame152.jpg,labels/Evo/evoDJI_0007_frame152.txt,location,4096,2160,True,1
Evo,evoDJI_0007_frame153,images/Evo/evoDJI_0007_frame153.jpg,labels/Evo/evoDJI_0007_frame153.txt,location,4096,2160,True,1
Evo,evoDJI_0007_frame154,images/Evo/evoDJI_0007_frame154.jpg,labels/Evo/evoDJI_0007_frame154.txt,location,4096,2160,True,1
Evo,evoDJI_0007_frame155,images/Evo/evoDJI_0007_frame155.jpg,labels/Evo/evoDJI_0007_frame155.txt,location,4096,2160,True,1
Evo,evoDJI_0007_frame156,images/Evo/evoDJI_0007_frame156.jpg,labels/Evo/evoDJI_0007_frame156.txt,location,4096,2160,True,1
Evo,evoDJI_0007_frame157,images/Evo/evoDJI_0007_frame157.jpg,labels/Evo/evoDJI_0007_frame157.txt,location,4096,2160,True,1
Evo,evoDJI_0007_frame158,images/Evo/evoDJI_0007_frame158.jpg,labels/Evo/evoDJI_0007_frame158.txt,location,4096,2160,True,1
Evo,evoDJI_0007_frame159,images/Evo/evoDJI_0007_frame159.jpg,labels/Evo/evoDJI_0007_frame159.txt,location,4096,2160,True,1
Evo,evoDJI_0007_frame16,images/Evo/evoDJI_0007_frame16.jpg,labels/Evo/evoDJI_0007_frame16.txt,location,4096,2160,True,7
Evo,evoDJI_0007_frame160,images/Evo/evoDJI_0007_frame160.jpg,labels/Evo/evoDJI_0007_frame160.txt,location,4096,2160,True,1
Evo,evoDJI_0007_frame161,images/Evo/evoDJI_0007_frame161.jpg,labels/Evo/evoDJI_0007_frame161.txt,location,4096,2160,True,1
Evo,evoDJI_0007_frame162,images/Evo/evoDJI_0007_frame162.jpg,labels/Evo/evoDJI_0007_frame162.txt,location,4096,2160,True,1
Evo,evoDJI_0007_frame163,images/Evo/evoDJI_0007_frame163.jpg,labels/Evo/evoDJI_0007_frame163.txt,location,4096,2160,True,1
Evo,evoDJI_0007_frame164,images/Evo/evoDJI_0007_frame164.jpg,labels/Evo/evoDJI_0007_frame164.txt,location,4096,2160,True,1
Evo,evoDJI_0007_frame165,images/Evo/evoDJI_0007_frame165.jpg,labels/Evo/evoDJI_0007_frame165.txt,location,4096,2160,True,1
Evo,evoDJI_0007_frame166,images/Evo/evoDJI_0007_frame166.jpg,labels/Evo/evoDJI_0007_frame166.txt,location,4096,2160,True,1
Evo,evoDJI_0007_frame167,images/Evo/evoDJI_0007_frame167.jpg,labels/Evo/evoDJI_0007_frame167.txt,location,4096,2160,True,1
Evo,evoDJI_0007_frame168,images/Evo/evoDJI_0007_frame168.jpg,labels/Evo/evoDJI_0007_frame168.txt,location,4096,2160,True,1
Evo,evoDJI_0007_frame169,images/Evo/evoDJI_0007_frame169.jpg,labels/Evo/evoDJI_0007_frame169.txt,location,4096,2160,True,1
Evo,evoDJI_0007_frame17,images/Evo/evoDJI_0007_frame17.jpg,labels/Evo/evoDJI_0007_frame17.txt,location,4096,2160,True,1
Evo,evoDJI_0007_frame170,images/Evo/evoDJI_0007_frame170.jpg,labels/Evo/evoDJI_0007_frame170.txt,location,4096,2160,True,1
Evo,evoDJI_0007_frame171,images/Evo/evoDJI_0007_frame171.jpg,labels/Evo/evoDJI_0007_frame171.txt,location,4096,2160,True,1
Evo,evoDJI_0007_frame172,images/Evo/evoDJI_0007_frame172.jpg,labels/Evo/evoDJI_0007_frame172.txt,location,4096,2160,True,1
Evo,evoDJI_0007_frame173,images/Evo/evoDJI_0007_frame173.jpg,labels/Evo/evoDJI_0007_frame173.txt,location,4096,2160,True,1
Evo,evoDJI_0007_frame174,images/Evo/evoDJI_0007_frame174.jpg,labels/Evo/evoDJI_0007_frame174.txt,location,4096,2160,True,1
Evo,evoDJI_0007_frame175,images/Evo/evoDJI_0007_frame175.jpg,labels/Evo/evoDJI_0007_frame175.txt,location,4096,2160,True,1
Evo,evoDJI_0007_frame176,images/Evo/evoDJI_0007_frame176.jpg,labels/Evo/evoDJI_0007_frame176.txt,location,4096,2160,True,1
Evo,evoDJI_0007_frame177,images/Evo/evoDJI_0007_frame177.jpg,labels/Evo/evoDJI_0007_frame177.txt,location,4096,2160,True,1
Evo,evoDJI_0007_frame178,images/Evo/evoDJI_0007_frame178.jpg,labels/Evo/evoDJI_0007_frame178.txt,location,4096,2160,True,1
Evo,evoDJI_0007_frame179,images/Evo/evoDJI_0007_frame179.jpg,labels/Evo/evoDJI_0007_frame179.txt,location,4096,2160,True,1
Evo,evoDJI_0007_frame18,images/Evo/evoDJI_0007_frame18.jpg,labels/Evo/evoDJI_0007_frame18.txt,location,4096,2160,True,1
Evo,evoDJI_0007_frame180,images/Evo/evoDJI_0007_frame180.jpg,labels/Evo/evoDJI_0007_frame180.txt,location,4096,2160,True,1
Evo,evoDJI_0007_frame181,images/Evo/evoDJI_0007_frame181.jpg,labels/Evo/evoDJI_0007_frame181.txt,location,4096,2160,True,1
Evo,evoDJI_0007_frame182,images/Evo/evoDJI_0007_frame182.jpg,labels/Evo/evoDJI_0007_frame182.txt,location,4096,2160,True,1
Evo,evoDJI_0007_frame183,images/Evo/evoDJI_0007_frame183.jpg,labels/Evo/evoDJI_0007_frame183.txt,location,4096,2160,True,1
Evo,evoDJI_0007_frame184,images/Evo/evoDJI_0007_frame184.jpg,labels/Evo/evoDJI_0007_frame184.txt,location,4096,2160,True,1
Evo,evoDJI_0007_frame185,images/Evo/evoDJI_0007_frame185.jpg,labels/Evo/evoDJI_0007_frame185.txt,location,4096,2160,True,1
Evo,evoDJI_0007_frame186,images/Evo/evoDJI_0007_frame186.jpg,labels/Evo/evoDJI_0007_frame186.txt,location,4096,2160,True,1
Evo,evoDJI_0007_frame187,images/Evo/evoDJI_0007_frame187.jpg,labels/Evo/evoDJI_0007_frame187.txt,location,4096,2160,True,1
Evo,evoDJI_0007_frame188,images/Evo/evoDJI_0007_frame188.jpg,labels/Evo/evoDJI_0007_frame188.txt,location,4096,2160,True,1
Evo,evoDJI_0007_frame189,images/Evo/evoDJI_0007_frame189.jpg,labels/Evo/evoDJI_0007_frame189.txt,location,4096,2160,True,1
Evo,evoDJI_0007_frame19,images/Evo/evoDJI_0007_frame19.jpg,labels/Evo/evoDJI_0007_frame19.txt,location,4096,2160,True,1
Evo,evoDJI_0007_frame190,images/Evo/evoDJI_0007_frame190.jpg,labels/Evo/evoDJI_0007_frame190.txt,location,4096,2160,True,1
Evo,evoDJI_0007_frame191,images/Evo/evoDJI_0007_frame191.jpg,labels/Evo/evoDJI_0007_frame191.txt,location,4096,2160,True,1
Evo,evoDJI_0007_frame192,images/Evo/evoDJI_0007_frame192.jpg,labels/Evo/evoDJI_0007_frame192.txt,location,4096,2160,True,1
Evo,evoDJI_0007_frame193,images/Evo/evoDJI_0007_frame193.jpg,labels/Evo/evoDJI_0007_frame193.txt,location,4096,2160,True,1
Evo,evoDJI_0007_frame194,images/Evo/evoDJI_0007_frame194.jpg,labels/Evo/evoDJI_0007_frame194.txt,location,4096,2160,True,1
Evo,evoDJI_0007_frame195,images/Evo/evoDJI_0007_frame195.jpg,labels/Evo/evoDJI_0007_frame195.txt,location,4096,2160,True,1
Evo,evoDJI_0007_frame196,images/Evo/evoDJI_0007_frame196.jpg,labels/Evo/evoDJI_0007_frame196.txt,location,4096,2160,True,1
Evo,evoDJI_0007_frame197,images/Evo/evoDJI_0007_frame197.jpg,labels/Evo/evoDJI_0007_frame197.txt,location,4096,2160,True,1
Evo,evoDJI_0007_frame198,images/Evo/evoDJI_0007_frame198.jpg,labels/Evo/evoDJI_0007_frame198.txt,location,4096,2160,True,1
Evo,evoDJI_0007_frame199,images/Evo/evoDJI_0007_frame199.jpg,labels/Evo/evoDJI_0007_frame199.txt,location,4096,2160,True,1
Evo,evoDJI_0007_frame2,images/Evo/evoDJI_0007_frame2.jpg,labels/Evo/evoDJI_0007_frame2.txt,location,4096,2160,True,1
Evo,evoDJI_0007_frame20,images/Evo/evoDJI_0007_frame20.jpg,labels/Evo/evoDJI_0007_frame20.txt,location,4096,2160,True,1
Evo,evoDJI_0007_frame200,images/Evo/evoDJI_0007_frame200.jpg,labels/Evo/evoDJI_0007_frame200.txt,location,4096,2160,True,1
Evo,evoDJI_0007_frame201,images/Evo/evoDJI_0007_frame201.jpg,labels/Evo/evoDJI_0007_frame201.txt,location,4096,2160,True,1
Evo,evoDJI_0007_frame202,images/Evo/evoDJI_0007_frame202.jpg,labels/Evo/evoDJI_0007_frame202.txt,location,4096,2160,True,1
Evo,evoDJI_0007_frame203,images/Evo/evoDJI_0007_frame203.jpg,labels/Evo/evoDJI_0007_frame203.txt,location,4096,2160,True,1
Evo,evoDJI_0007_frame204,images/Evo/evoDJI_0007_frame204.jpg,labels/Evo/evoDJI_0007_frame204.txt,location,4096,2160,True,1
Evo,evoDJI_0007_frame205,images/Evo/evoDJI_0007_frame205.jpg,labels/Evo/evoDJI_0007_frame205.txt,location,4096,2160,True,1
Evo,evoDJI_0007_frame206,images/Evo/evoDJI_0007_frame206.jpg,labels/Evo/evoDJI_0007_frame206.txt,location,4096,2160,True,1
Evo,evoDJI_0007_frame207,images/Evo/evoDJI_0007_frame207.jpg,labels/Evo/evoDJI_0007_frame207.txt,location,4096,2160,True,1
Evo,evoDJI_0007_frame208,images/Evo/evoDJI_0007_frame208.jpg,labels/Evo/evoDJI_0007_frame208.txt,location,4096,2160,True,1
Evo,evoDJI_0007_frame209,images/Evo/evoDJI_0007_frame209.jpg,labels/Evo/evoDJI_0007_frame209.txt,location,4096,2160,True,1
Evo,evoDJI_0007_frame21,images/Evo/evoDJI_0007_frame21.jpg,labels/Evo/evoDJI_0007_frame21.txt,location,4096,2160,True,1
Evo,evoDJI_0007_frame210,images/Evo/evoDJI_0007_frame210.jpg,labels/Evo/evoDJI_0007_frame210.txt,location,4096,2160,True,1
Evo,evoDJI_0007_frame211,images/Evo/evoDJI_0007_frame211.jpg,labels/Evo/evoDJI_0007_frame211.txt,location,4096,2160,True,1
Evo,evoDJI_0007_frame212,images/Evo/evoDJI_0007_frame212.jpg,labels/Evo/evoDJI_0007_frame212.txt,location,4096,2160,True,1
Evo,evoDJI_0007_frame213,images/Evo/evoDJI_0007_frame213.jpg,labels/Evo/evoDJI_0007_frame213.txt,location,4096,2160,True,1
Evo,evoDJI_0007_frame214,images/Evo/evoDJI_0007_frame214.jpg,labels/Evo/evoDJI_0007_frame214.txt,location,4096,2160,True,1
Evo,evoDJI_0007_frame215,images/Evo/evoDJI_0007_frame215.jpg,labels/Evo/evoDJI_0007_frame215.txt,location,4096,2160,True,1
Evo,evoDJI_0007_frame216,images/Evo/evoDJI_0007_frame216.jpg,labels/Evo/evoDJI_0007_frame216.txt,location,4096,2160,True,1
Evo,evoDJI_0007_frame217,images/Evo/evoDJI_0007_frame217.jpg,labels/Evo/evoDJI_0007_frame217.txt,location,4096,2160,True,1
Evo,evoDJI_0007_frame218,images/Evo/evoDJI_0007_frame218.jpg,labels/Evo/evoDJI_0007_frame218.txt,location,4096,2160,True,1
Evo,evoDJI_0007_frame219,images/Evo/evoDJI_0007_frame219.jpg,labels/Evo/evoDJI_0007_frame219.txt,location,4096,2160,True,1
Evo,evoDJI_0007_frame22,images/Evo/evoDJI_0007_frame22.jpg,labels/Evo/evoDJI_0007_frame22.txt,location,4096,2160,True,1
Evo,evoDJI_0007_frame220,images/Evo/evoDJI_0007_frame220.jpg,labels/Evo/evoDJI_0007_frame220.txt,location,4096,2160,True,1
Evo,evoDJI_0007_frame221,images/Evo/evoDJI_0007_frame221.jpg,labels/Evo/evoDJI_0007_frame221.txt,location,4096,2160,True,1
Evo,evoDJI_0007_frame222,images/Evo/evoDJI_0007_frame222.jpg,labels/Evo/evoDJI_0007_frame222.txt,location,4096,2160,True,1
Evo,evoDJI_0007_frame223,images/Evo/evoDJI_0007_frame223.jpg,labels/Evo/evoDJI_0007_frame223.txt,location,4096,2160,True,1
Evo,evoDJI_0007_frame224,images/Evo/evoDJI_0007_frame224.jpg,labels/Evo/evoDJI_0007_frame224.txt,location,4096,2160,True,1
Evo,evoDJI_0007_frame225,images/Evo/evoDJI_0007_frame225.jpg,labels/Evo/evoDJI_0007_frame225.txt,location,4096,2160,True,1
Evo,evoDJI_0007_frame226,images/Evo/evoDJI_0007_frame226.jpg,labels/Evo/evoDJI_0007_frame226.txt,location,4096,2160,True,1
Evo,evoDJI_0007_frame227,images/Evo/evoDJI_0007_frame227.jpg,labels/Evo/evoDJI_0007_frame227.txt,location,4096,2160,True,1
Evo,evoDJI_0007_frame228,images/Evo/evoDJI_0007_frame228.jpg,labels/Evo/evoDJI_0007_frame228.txt,location,4096,2160,True,1
Evo,evoDJI_0007_frame229,images/Evo/evoDJI_0007_frame229.jpg,labels/Evo/evoDJI_0007_frame229.txt,location,4096,2160,True,1
Evo,evoDJI_0007_frame23,images/Evo/evoDJI_0007_frame23.jpg,labels/Evo/evoDJI_0007_frame23.txt,location,4096,2160,True,1
Evo,evoDJI_0007_frame230,images/Evo/evoDJI_0007_frame230.jpg,labels/Evo/evoDJI_0007_frame230.txt,location,4096,2160,True,1
Evo,evoDJI_0007_frame231,images/Evo/evoDJI_0007_frame231.jpg,labels/Evo/evoDJI_0007_frame231.txt,location,4096,2160,True,1
Evo,evoDJI_0007_frame232,images/Evo/evoDJI_0007_frame232.jpg,labels/Evo/evoDJI_0007_frame232.txt,location,4096,2160,True,1
Evo,evoDJI_0007_frame233,images/Evo/evoDJI_0007_frame233.jpg,labels/Evo/evoDJI_0007_frame233.txt,location,4096,2160,True,1
Evo,evoDJI_0007_frame234,images/Evo/evoDJI_0007_frame234.jpg,labels/Evo/evoDJI_0007_frame234.txt,location,4096,2160,True,1
Evo,evoDJI_0007_frame235,images/Evo/evoDJI_0007_frame235.jpg,labels/Evo/evoDJI_0007_frame235.txt,location,4096,2160,True,1
Evo,evoDJI_0007_frame236,images/Evo/evoDJI_0007_frame236.jpg,labels/Evo/evoDJI_0007_frame236.txt,location,4096,2160,True,1
Evo,evoDJI_0007_frame237,images/Evo/evoDJI_0007_frame237.jpg,labels/Evo/evoDJI_0007_frame237.txt,location,4096,2160,True,1
Evo,evoDJI_0007_frame238,images/Evo/evoDJI_0007_frame238.jpg,labels/Evo/evoDJI_0007_frame238.txt,location,4096,2160,True,1
Evo,evoDJI_0007_frame239,images/Evo/evoDJI_0007_frame239.jpg,labels/Evo/evoDJI_0007_frame239.txt,location,4096,2160,True,1
Evo,evoDJI_0007_frame24,images/Evo/evoDJI_0007_frame24.jpg,labels/Evo/evoDJI_0007_frame24.txt,location,4096,2160,True,1
Evo,evoDJI_0007_frame240,images/Evo/evoDJI_0007_frame240.jpg,labels/Evo/evoDJI_0007_frame240.txt,location,4096,2160,True,1
Evo,evoDJI_0007_frame241,images/Evo/evoDJI_0007_frame241.jpg,labels/Evo/evoDJI_0007_frame241.txt,location,4096,2160,True,1
Evo,evoDJI_0007_frame242,images/Evo/evoDJI_0007_frame242.jpg,labels/Evo/evoDJI_0007_frame242.txt,location,4096,2160,True,1
Evo,evoDJI_0007_frame243,images/Evo/evoDJI_0007_frame243.jpg,labels/Evo/evoDJI_0007_frame243.txt,location,4096,2160,True,1
Evo,evoDJI_0007_frame244,images/Evo/evoDJI_0007_frame244.jpg,labels/Evo/evoDJI_0007_frame244.txt,location,4096,2160,True,1
Evo,evoDJI_0007_frame245,images/Evo/evoDJI_0007_frame245.jpg,labels/Evo/evoDJI_0007_frame245.txt,location,4096,2160,True,1
Evo,evoDJI_0007_frame246,images/Evo/evoDJI_0007_frame246.jpg,labels/Evo/evoDJI_0007_frame246.txt,location,4096,2160,True,1
Evo,evoDJI_0007_frame247,images/Evo/evoDJI_0007_frame247.jpg,labels/Evo/evoDJI_0007_frame247.txt,location,4096,2160,True,1
Evo,evoDJI_0007_frame248,images/Evo/evoDJI_0007_frame248.jpg,labels/Evo/evoDJI_0007_frame248.txt,location,4096,2160,True,1
Evo,evoDJI_0007_frame249,images/Evo/evoDJI_0007_frame249.jpg,labels/Evo/evoDJI_0007_frame249.txt,location,4096,2160,True,1
Evo,evoDJI_0007_frame25,images/Evo/evoDJI_0007_frame25.jpg,labels/Evo/evoDJI_0007_frame25.txt,location,4096,2160,True,1
Evo,evoDJI_0007_frame250,images/Evo/evoDJI_0007_frame250.jpg,labels/Evo/evoDJI_0007_frame250.txt,location,4096,2160,True,1
Evo,evoDJI_0007_frame251,images/Evo/evoDJI_0007_frame251.jpg,labels/Evo/evoDJI_0007_frame251.txt,location,4096,2160,True,1
Evo,evoDJI_0007_frame252,images/Evo/evoDJI_0007_frame252.jpg,labels/Evo/evoDJI_0007_frame252.txt,location,4096,2160,True,1
Evo,evoDJI_0007_frame253,images/Evo/evoDJI_0007_frame253.jpg,labels/Evo/evoDJI_0007_frame253.txt,location,4096,2160,True,1
Evo,evoDJI_0007_frame254,images/Evo/evoDJI_0007_frame254.jpg,labels/Evo/evoDJI_0007_frame254.txt,location,4096,2160,True,1
Evo,evoDJI_0007_frame255,images/Evo/evoDJI_0007_frame255.jpg,labels/Evo/evoDJI_0007_frame255.txt,location,4096,2160,True,1
Evo,evoDJI_0007_frame256,images/Evo/evoDJI_0007_frame256.jpg,labels/Evo/evoDJI_0007_frame256.txt,location,4096,2160,True,1
Evo,evoDJI_0007_frame257,images/Evo/evoDJI_0007_frame257.jpg,labels/Evo/evoDJI_0007_frame257.txt,location,4096,2160,True,1
Evo,evoDJI_0007_frame258,images/Evo/evoDJI_0007_frame258.jpg,labels/Evo/evoDJI_0007_frame258.txt,location,4096,2160,True,1
Evo,evoDJI_0007_frame259,images/Evo/evoDJI_0007_frame259.jpg,labels/Evo/evoDJI_0007_frame259.txt,location,4096,2160,True,1
Evo,evoDJI_0007_frame26,images/Evo/evoDJI_0007_frame26.jpg,labels/Evo/evoDJI_0007_frame26.txt,location,4096,2160,True,1
Evo,evoDJI_0007_frame260,images/Evo/evoDJI_0007_frame260.jpg,labels/Evo/evoDJI_0007_frame260.txt,location,4096,2160,True,1
Evo,evoDJI_0007_frame261,images/Evo/evoDJI_0007_frame261.jpg,labels/Evo/evoDJI_0007_frame261.txt,location,4096,2160,True,1
Evo,evoDJI_0007_frame262,images/Evo/evoDJI_0007_frame262.jpg,labels/Evo/evoDJI_0007_frame262.txt,location,4096,2160,True,1
Evo,evoDJI_0007_frame263,images/Evo/evoDJI_0007_frame263.jpg,labels/Evo/evoDJI_0007_frame263.txt,location,4096,2160,True,1
Evo,evoDJI_0007_frame264,images/Evo/evoDJI_0007_frame264.jpg,labels/Evo/evoDJI_0007_frame264.txt,location,4096,2160,True,1
Evo,evoDJI_0007_frame265,images/Evo/evoDJI_0007_frame265.jpg,labels/Evo/evoDJI_0007_frame265.txt,location,4096,2160,True,1
Evo,evoDJI_0007_frame266,images/Evo/evoDJI_0007_frame266.jpg,labels/Evo/evoDJI_0007_frame266.txt,location,4096,2160,True,1
Evo,evoDJI_0007_frame267,images/Evo/evoDJI_0007_frame267.jpg,labels/Evo/evoDJI_0007_frame267.txt,location,4096,2160,True,1
Evo,evoDJI_0007_frame268,images/Evo/evoDJI_0007_frame268.jpg,labels/Evo/evoDJI_0007_frame268.txt,location,4096,2160,True,1
Evo,evoDJI_0007_frame269,images/Evo/evoDJI_0007_frame269.jpg,labels/Evo/evoDJI_0007_frame269.txt,location,4096,2160,True,1
Evo,evoDJI_0007_frame27,images/Evo/evoDJI_0007_frame27.jpg,labels/Evo/evoDJI_0007_frame27.txt,location,4096,2160,True,1
Evo,evoDJI_0007_frame270,images/Evo/evoDJI_0007_frame270.jpg,labels/Evo/evoDJI_0007_frame270.txt,location,4096,2160,True,1
Evo,evoDJI_0007_frame271,images/Evo/evoDJI_0007_frame271.jpg,labels/Evo/evoDJI_0007_frame271.txt,location,4096,2160,True,1
Evo,evoDJI_0007_frame272,images/Evo/evoDJI_0007_frame272.jpg,labels/Evo/evoDJI_0007_frame272.txt,location,4096,2160,True,1
Evo,evoDJI_0007_frame273,images/Evo/evoDJI_0007_frame273.jpg,labels/Evo/evoDJI_0007_frame273.txt,location,4096,2160,True,1
Evo,evoDJI_0007_frame274,images/Evo/evoDJI_0007_frame274.jpg,labels/Evo/evoDJI_0007_frame274.txt,location,4096,2160,True,1
Evo,evoDJI_0007_frame275,images/Evo/evoDJI_0007_frame275.jpg,labels/Evo/evoDJI_0007_frame275.txt,location,4096,2160,True,1
Evo,evoDJI_0007_frame276,images/Evo/evoDJI_0007_frame276.jpg,labels/Evo/evoDJI_0007_frame276.txt,location,4096,2160,True,1
Evo,evoDJI_0007_frame277,images/Evo/evoDJI_0007_frame277.jpg,labels/Evo/evoDJI_0007_frame277.txt,location,4096,2160,True,1
Evo,evoDJI_0007_frame278,images/Evo/evoDJI_0007_frame278.jpg,labels/Evo/evoDJI_0007_frame278.txt,location,4096,2160,True,1
Evo,evoDJI_0007_frame279,images/Evo/evoDJI_0007_frame279.jpg,labels/Evo/evoDJI_0007_frame279.txt,location,4096,2160,True,1
Evo,evoDJI_0007_frame28,images/Evo/evoDJI_0007_frame28.jpg,labels/Evo/evoDJI_0007_frame28.txt,location,4096,2160,True,1
Evo,evoDJI_0007_frame280,images/Evo/evoDJI_0007_frame280.jpg,labels/Evo/evoDJI_0007_frame280.txt,location,4096,2160,True,1
Evo,evoDJI_0007_frame281,images/Evo/evoDJI_0007_frame281.jpg,labels/Evo/evoDJI_0007_frame281.txt,location,4096,2160,True,1
Evo,evoDJI_0007_frame282,images/Evo/evoDJI_0007_frame282.jpg,labels/Evo/evoDJI_0007_frame282.txt,location,4096,2160,True,1
Evo,evoDJI_0007_frame283,images/Evo/evoDJI_0007_frame283.jpg,labels/Evo/evoDJI_0007_frame283.txt,location,4096,2160,True,1
Evo,evoDJI_0007_frame284,images/Evo/evoDJI_0007_frame284.jpg,labels/Evo/evoDJI_0007_frame284.txt,location,4096,2160,True,1
Evo,evoDJI_0007_frame285,images/Evo/evoDJI_0007_frame285.jpg,labels/Evo/evoDJI_0007_frame285.txt,location,4096,2160,True,1
Evo,evoDJI_0007_frame286,images/Evo/evoDJI_0007_frame286.jpg,labels/Evo/evoDJI_0007_frame286.txt,location,4096,2160,True,1
Evo,evoDJI_0007_frame287,images/Evo/evoDJI_0007_frame287.jpg,labels/Evo/evoDJI_0007_frame287.txt,location,4096,2160,True,1
Evo,evoDJI_0007_frame288,images/Evo/evoDJI_0007_frame288.jpg,labels/Evo/evoDJI_0007_frame288.txt,location,4096,2160,True,1
Evo,evoDJI_0007_frame289,images/Evo/evoDJI_0007_frame289.jpg,labels/Evo/evoDJI_0007_frame289.txt,location,4096,2160,True,1
Evo,evoDJI_0007_frame29,images/Evo/evoDJI_0007_frame29.jpg,labels/Evo/evoDJI_0007_frame29.txt,location,4096,2160,True,1
Evo,evoDJI_0007_frame290,images/Evo/evoDJI_0007_frame290.jpg,labels/Evo/evoDJI_0007_frame290.txt,location,4096,2160,True,1
Evo,evoDJI_0007_frame291,images/Evo/evoDJI_0007_frame291.jpg,labels/Evo/evoDJI_0007_frame291.txt,location,4096,2160,True,1
Evo,evoDJI_0007_frame292,images/Evo/evoDJI_0007_frame292.jpg,labels/Evo/evoDJI_0007_frame292.txt,location,4096,2160,True,1
Evo,evoDJI_0007_frame293,images/Evo/evoDJI_0007_frame293.jpg,labels/Evo/evoDJI_0007_frame293.txt,location,4096,2160,True,1
Evo,evoDJI_0007_frame294,images/Evo/evoDJI_0007_frame294.jpg,labels/Evo/evoDJI_0007_frame294.txt,location,4096,2160,True,1
Evo,evoDJI_0007_frame295,images/Evo/evoDJI_0007_frame295.jpg,labels/Evo/evoDJI_0007_frame295.txt,location,4096,2160,True,1
Evo,evoDJI_0007_frame296,images/Evo/evoDJI_0007_frame296.jpg,labels/Evo/evoDJI_0007_frame296.txt,location,4096,2160,True,1
Evo,evoDJI_0007_frame297,images/Evo/evoDJI_0007_frame297.jpg,labels/Evo/evoDJI_0007_frame297.txt,location,4096,2160,True,1
Evo,evoDJI_0007_frame298,images/Evo/evoDJI_0007_frame298.jpg,labels/Evo/evoDJI_0007_frame298.txt,location,4096,2160,True,1
Evo,evoDJI_0007_frame299,images/Evo/evoDJI_0007_frame299.jpg,labels/Evo/evoDJI_0007_frame299.txt,location,4096,2160,True,1
Evo,evoDJI_0007_frame3,images/Evo/evoDJI_0007_frame3.jpg,labels/Evo/evoDJI_0007_frame3.txt,location,4096,2160,True,1
Evo,evoDJI_0007_frame30,images/Evo/evoDJI_0007_frame30.jpg,labels/Evo/evoDJI_0007_frame30.txt,location,4096,2160,True,1
Evo,evoDJI_0007_frame300,images/Evo/evoDJI_0007_frame300.jpg,labels/Evo/evoDJI_0007_frame300.txt,location,4096,2160,True,1
Evo,evoDJI_0007_frame301,images/Evo/evoDJI_0007_frame301.jpg,labels/Evo/evoDJI_0007_frame301.txt,location,4096,2160,True,1
Evo,evoDJI_0007_frame302,images/Evo/evoDJI_0007_frame302.jpg,labels/Evo/evoDJI_0007_frame302.txt,location,4096,2160,True,1
Evo,evoDJI_0007_frame303,images/Evo/evoDJI_0007_frame303.jpg,labels/Evo/evoDJI_0007_frame303.txt,location,4096,2160,True,1
Evo,evoDJI_0007_frame304,images/Evo/evoDJI_0007_frame304.jpg,labels/Evo/evoDJI_0007_frame304.txt,location,4096,2160,True,1
Evo,evoDJI_0007_frame305,images/Evo/evoDJI_0007_frame305.jpg,labels/Evo/evoDJI_0007_frame305.txt,location,4096,2160,True,1
Evo,evoDJI_0007_frame306,images/Evo/evoDJI_0007_frame306.jpg,labels/Evo/evoDJI_0007_frame306.txt,location,4096,2160,True,1
Evo,evoDJI_0007_frame307,images/Evo/evoDJI_0007_frame307.jpg,labels/Evo/evoDJI_0007_frame307.txt,location,4096,2160,True,1
Evo,evoDJI_0007_frame308,images/Evo/evoDJI_0007_frame308.jpg,labels/Evo/evoDJI_0007_frame308.txt,location,4096,2160,True,1
Evo,evoDJI_0007_frame309,images/Evo/evoDJI_0007_frame309.jpg,labels/Evo/evoDJI_0007_frame309.txt,location,4096,2160,True,1
Evo,evoDJI_0007_frame31,images/Evo/evoDJI_0007_frame31.jpg,labels/Evo/evoDJI_0007_frame31.txt,location,4096,2160,True,1
Evo,evoDJI_0007_frame310,images/Evo/evoDJI_0007_frame310.jpg,labels/Evo/evoDJI_0007_frame310.txt,location,4096,2160,True,1
Evo,evoDJI_0007_frame311,images/Evo/evoDJI_0007_frame311.jpg,labels/Evo/evoDJI_0007_frame311.txt,location,4096,2160,True,1
Evo,evoDJI_0007_frame312,images/Evo/evoDJI_0007_frame312.jpg,labels/Evo/evoDJI_0007_frame312.txt,location,4096,2160,True,1
Evo,evoDJI_0007_frame313,images/Evo/evoDJI_0007_frame313.jpg,labels/Evo/evoDJI_0007_frame313.txt,location,4096,2160,True,1
Evo,evoDJI_0007_frame314,images/Evo/evoDJI_0007_frame314.jpg,labels/Evo/evoDJI_0007_frame314.txt,location,4096,2160,True,1
Evo,evoDJI_0007_frame315,images/Evo/evoDJI_0007_frame315.jpg,labels/Evo/evoDJI_0007_frame315.txt,location,4096,2160,True,1
Evo,evoDJI_0007_frame316,images/Evo/evoDJI_0007_frame316.jpg,labels/Evo/evoDJI_0007_frame316.txt,location,4096,2160,True,1
Evo,evoDJI_0007_frame317,images/Evo/evoDJI_0007_frame317.jpg,labels/Evo/evoDJI_0007_frame317.txt,location,4096,2160,True,1
Evo,evoDJI_0007_frame318,images/Evo/evoDJI_0007_frame318.jpg,labels/Evo/evoDJI_0007_frame318.txt,location,4096,2160,True,1
Evo,evoDJI_0007_frame319,images/Evo/evoDJI_0007_frame319.jpg,labels/Evo/evoDJI_0007_frame319.txt,location,4096,2160,True,1
Evo,evoDJI_0007_frame32,images/Evo/evoDJI_0007_frame32.jpg,labels/Evo/evoDJI_0007_frame32.txt,location,4096,2160,True,1
Evo,evoDJI_0007_frame320,images/Evo/evoDJI_0007_frame320.jpg,labels/Evo/evoDJI_0007_frame320.txt,location,4096,2160,True,1
Evo,evoDJI_0007_frame321,images/Evo/evoDJI_0007_frame321.jpg,labels/Evo/evoDJI_0007_frame321.txt,location,4096,2160,True,1
Evo,evoDJI_0007_frame322,images/Evo/evoDJI_0007_frame322.jpg,labels/Evo/evoDJI_0007_frame322.txt,location,4096,2160,True,1
Evo,evoDJI_0007_frame323,images/Evo/evoDJI_0007_frame323.jpg,labels/Evo/evoDJI_0007_frame323.txt,location,4096,2160,True,1
Evo,evoDJI_0007_frame324,images/Evo/evoDJI_0007_frame324.jpg,labels/Evo/evoDJI_0007_frame324.txt,location,4096,2160,True,1
Evo,evoDJI_0007_frame325,images/Evo/evoDJI_0007_frame325.jpg,labels/Evo/evoDJI_0007_frame325.txt,location,4096,2160,True,1
Evo,evoDJI_0007_frame326,images/Evo/evoDJI_0007_frame326.jpg,labels/Evo/evoDJI_0007_frame326.txt,location,4096,2160,True,1
Evo,evoDJI_0007_frame327,images/Evo/evoDJI_0007_frame327.jpg,labels/Evo/evoDJI_0007_frame327.txt,location,4096,2160,True,1
Evo,evoDJI_0007_frame33,images/Evo/evoDJI_0007_frame33.jpg,labels/Evo/evoDJI_0007_frame33.txt,location,4096,2160,True,1
Evo,evoDJI_0007_frame34,images/Evo/evoDJI_0007_frame34.jpg,labels/Evo/evoDJI_0007_frame34.txt,location,4096,2160,True,1
Evo,evoDJI_0007_frame35,images/Evo/evoDJI_0007_frame35.jpg,labels/Evo/evoDJI_0007_frame35.txt,location,4096,2160,True,1
Evo,evoDJI_0007_frame36,images/Evo/evoDJI_0007_frame36.jpg,labels/Evo/evoDJI_0007_frame36.txt,location,4096,2160,True,1
Evo,evoDJI_0007_frame37,images/Evo/evoDJI_0007_frame37.jpg,labels/Evo/evoDJI_0007_frame37.txt,location,4096,2160,True,1
Evo,evoDJI_0007_frame38,images/Evo/evoDJI_0007_frame38.jpg,labels/Evo/evoDJI_0007_frame38.txt,location,4096,2160,True,1
Evo,evoDJI_0007_frame39,images/Evo/evoDJI_0007_frame39.jpg,labels/Evo/evoDJI_0007_frame39.txt,location,4096,2160,True,1
Evo,evoDJI_0007_frame4,images/Evo/evoDJI_0007_frame4.jpg,labels/Evo/evoDJI_0007_frame4.txt,location,4096,2160,True,1
Evo,evoDJI_0007_frame40,images/Evo/evoDJI_0007_frame40.jpg,labels/Evo/evoDJI_0007_frame40.txt,location,4096,2160,True,1
Evo,evoDJI_0007_frame41,images/Evo/evoDJI_0007_frame41.jpg,labels/Evo/evoDJI_0007_frame41.txt,location,4096,2160,True,1
Evo,evoDJI_0007_frame42,images/Evo/evoDJI_0007_frame42.jpg,labels/Evo/evoDJI_0007_frame42.txt,location,4096,2160,True,1
Evo,evoDJI_0007_frame43,images/Evo/evoDJI_0007_frame43.jpg,labels/Evo/evoDJI_0007_frame43.txt,location,4096,2160,True,1
Evo,evoDJI_0007_frame44,images/Evo/evoDJI_0007_frame44.jpg,labels/Evo/evoDJI_0007_frame44.txt,location,4096,2160,True,1
Evo,evoDJI_0007_frame45,images/Evo/evoDJI_0007_frame45.jpg,labels/Evo/evoDJI_0007_frame45.txt,location,4096,2160,True,1
Evo,evoDJI_0007_frame46,images/Evo/evoDJI_0007_frame46.jpg,labels/Evo/evoDJI_0007_frame46.txt,location,4096,2160,True,1
Evo,evoDJI_0007_frame47,images/Evo/evoDJI_0007_frame47.jpg,labels/Evo/evoDJI_0007_frame47.txt,location,4096,2160,True,1
Evo,evoDJI_0007_frame48,images/Evo/evoDJI_0007_frame48.jpg,labels/Evo/evoDJI_0007_frame48.txt,location,4096,2160,True,1
Evo,evoDJI_0007_frame49,images/Evo/evoDJI_0007_frame49.jpg,labels/Evo/evoDJI_0007_frame49.txt,location,4096,2160,True,8
Evo,evoDJI_0007_frame5,images/Evo/evoDJI_0007_frame5.jpg,labels/Evo/evoDJI_0007_frame5.txt,location,4096,2160,True,1
Evo,evoDJI_0007_frame50,images/Evo/evoDJI_0007_frame50.jpg,labels/Evo/evoDJI_0007_frame50.txt,location,4096,2160,True,1
Evo,evoDJI_0007_frame51,images/Evo/evoDJI_0007_frame51.jpg,labels/Evo/evoDJI_0007_frame51.txt,location,4096,2160,True,1
Evo,evoDJI_0007_frame52,images/Evo/evoDJI_0007_frame52.jpg,labels/Evo/evoDJI_0007_frame52.txt,location,4096,2160,True,1
Evo,evoDJI_0007_frame53,images/Evo/evoDJI_0007_frame53.jpg,labels/Evo/evoDJI_0007_frame53.txt,location,4096,2160,True,1
Evo,evoDJI_0007_frame54,images/Evo/evoDJI_0007_frame54.jpg,labels/Evo/evoDJI_0007_frame54.txt,location,4096,2160,True,1
Evo,evoDJI_0007_frame55,images/Evo/evoDJI_0007_frame55.jpg,labels/Evo/evoDJI_0007_frame55.txt,location,4096,2160,True,1
Evo,evoDJI_0007_frame56,images/Evo/evoDJI_0007_frame56.jpg,labels/Evo/evoDJI_0007_frame56.txt,location,4096,2160,True,1
Evo,evoDJI_0007_frame57,images/Evo/evoDJI_0007_frame57.jpg,labels/Evo/evoDJI_0007_frame57.txt,location,4096,2160,True,1
Evo,evoDJI_0007_frame58,images/Evo/evoDJI_0007_frame58.jpg,labels/Evo/evoDJI_0007_frame58.txt,location,4096,2160,True,1
Evo,evoDJI_0007_frame59,images/Evo/evoDJI_0007_frame59.jpg,labels/Evo/evoDJI_0007_frame59.txt,location,4096,2160,True,1
Evo,evoDJI_0007_frame6,images/Evo/evoDJI_0007_frame6.jpg,labels/Evo/evoDJI_0007_frame6.txt,location,4096,2160,True,1
Evo,evoDJI_0007_frame60,images/Evo/evoDJI_0007_frame60.jpg,labels/Evo/evoDJI_0007_frame60.txt,location,4096,2160,True,1
Evo,evoDJI_0007_frame61,images/Evo/evoDJI_0007_frame61.jpg,labels/Evo/evoDJI_0007_frame61.txt,location,4096,2160,True,1
Evo,evoDJI_0007_frame62,images/Evo/evoDJI_0007_frame62.jpg,labels/Evo/evoDJI_0007_frame62.txt,location,4096,2160,True,1
Evo,evoDJI_0007_frame63,images/Evo/evoDJI_0007_frame63.jpg,labels/Evo/evoDJI_0007_frame63.txt,location,4096,2160,True,1
Evo,evoDJI_0007_frame64,images/Evo/evoDJI_0007_frame64.jpg,labels/Evo/evoDJI_0007_frame64.txt,location,4096,2160,True,1
Evo,evoDJI_0007_frame65,images/Evo/evoDJI_0007_frame65.jpg,labels/Evo/evoDJI_0007_frame65.txt,location,4096,2160,True,1
Evo,evoDJI_0007_frame66,images/Evo/evoDJI_0007_frame66.jpg,labels/Evo/evoDJI_0007_frame66.txt,location,4096,2160,True,1
Evo,evoDJI_0007_frame67,images/Evo/evoDJI_0007_frame67.jpg,labels/Evo/evoDJI_0007_frame67.txt,location,4096,2160,True,1
Evo,evoDJI_0007_frame68,images/Evo/evoDJI_0007_frame68.jpg,labels/Evo/evoDJI_0007_frame68.txt,location,4096,2160,True,1
Evo,evoDJI_0007_frame69,images/Evo/evoDJI_0007_frame69.jpg,labels/Evo/evoDJI_0007_frame69.txt,location,4096,2160,True,1
Evo,evoDJI_0007_frame7,images/Evo/evoDJI_0007_frame7.jpg,labels/Evo/evoDJI_0007_frame7.txt,location,4096,2160,True,1
Evo,evoDJI_0007_frame70,images/Evo/evoDJI_0007_frame70.jpg,labels/Evo/evoDJI_0007_frame70.txt,location,4096,2160,True,1
Evo,evoDJI_0007_frame71,images/Evo/evoDJI_0007_frame71.jpg,labels/Evo/evoDJI_0007_frame71.txt,location,4096,2160,True,1
Evo,evoDJI_0007_frame72,images/Evo/evoDJI_0007_frame72.jpg,labels/Evo/evoDJI_0007_frame72.txt,location,4096,2160,True,1
Evo,evoDJI_0007_frame73,images/Evo/evoDJI_0007_frame73.jpg,labels/Evo/evoDJI_0007_frame73.txt,location,4096,2160,True,1
Evo,evoDJI_0007_frame74,images/Evo/evoDJI_0007_frame74.jpg,labels/Evo/evoDJI_0007_frame74.txt,location,4096,2160,True,1
Evo,evoDJI_0007_frame75,images/Evo/evoDJI_0007_frame75.jpg,labels/Evo/evoDJI_0007_frame75.txt,location,4096,2160,True,1
Evo,evoDJI_0007_frame76,images/Evo/evoDJI_0007_frame76.jpg,labels/Evo/evoDJI_0007_frame76.txt,location,4096,2160,True,1
Evo,evoDJI_0007_frame77,images/Evo/evoDJI_0007_frame77.jpg,labels/Evo/evoDJI_0007_frame77.txt,location,4096,2160,True,1
Evo,evoDJI_0007_frame78,images/Evo/evoDJI_0007_frame78.jpg,labels/Evo/evoDJI_0007_frame78.txt,location,4096,2160,True,1
Evo,evoDJI_0007_frame79,images/Evo/evoDJI_0007_frame79.jpg,labels/Evo/evoDJI_0007_frame79.txt,location,4096,2160,True,1
Evo,evoDJI_0007_frame8,images/Evo/evoDJI_0007_frame8.jpg,labels/Evo/evoDJI_0007_frame8.txt,location,4096,2160,True,1
Evo,evoDJI_0007_frame80,images/Evo/evoDJI_0007_frame80.jpg,labels/Evo/evoDJI_0007_frame80.txt,location,4096,2160,True,1
Evo,evoDJI_0007_frame81,images/Evo/evoDJI_0007_frame81.jpg,labels/Evo/evoDJI_0007_frame81.txt,location,4096,2160,True,1
Evo,evoDJI_0007_frame82,images/Evo/evoDJI_0007_frame82.jpg,labels/Evo/evoDJI_0007_frame82.txt,location,4096,2160,True,1
Evo,evoDJI_0007_frame83,images/Evo/evoDJI_0007_frame83.jpg,labels/Evo/evoDJI_0007_frame83.txt,location,4096,2160,True,1
Evo,evoDJI_0007_frame84,images/Evo/evoDJI_0007_frame84.jpg,labels/Evo/evoDJI_0007_frame84.txt,location,4096,2160,True,1
Evo,evoDJI_0007_frame85,images/Evo/evoDJI_0007_frame85.jpg,labels/Evo/evoDJI_0007_frame85.txt,location,4096,2160,True,1
Evo,evoDJI_0007_frame86,images/Evo/evoDJI_0007_frame86.jpg,labels/Evo/evoDJI_0007_frame86.txt,location,4096,2160,True,1
Evo,evoDJI_0007_frame87,images/Evo/evoDJI_0007_frame87.jpg,labels/Evo/evoDJI_0007_frame87.txt,location,4096,2160,True,1
Evo,evoDJI_0007_frame88,images/Evo/evoDJI_0007_frame88.jpg,labels/Evo/evoDJI_0007_frame88.txt,location,4096,2160,True,1
Evo,evoDJI_0007_frame89,images/Evo/evoDJI_0007_frame89.jpg,labels/Evo/evoDJI_0007_frame89.txt,location,4096,2160,True,1
Evo,evoDJI_0007_frame9,images/Evo/evoDJI_0007_frame9.jpg,labels/Evo/evoDJI_0007_frame9.txt,location,4096,2160,True,1
Evo,evoDJI_0007_frame90,images/Evo/evoDJI_0007_frame90.jpg,labels/Evo/evoDJI_0007_frame90.txt,location,4096,2160,True,1
Evo,evoDJI_0007_frame91,images/Evo/evoDJI_0007_frame91.jpg,labels/Evo/evoDJI_0007_frame91.txt,location,4096,2160,True,1
Evo,evoDJI_0007_frame92,images/Evo/evoDJI_0007_frame92.jpg,labels/Evo/evoDJI_0007_frame92.txt,location,4096,2160,True,1
Evo,evoDJI_0007_frame93,images/Evo/evoDJI_0007_frame93.jpg,labels/Evo/evoDJI_0007_frame93.txt,location,4096,2160,True,1
Evo,evoDJI_0007_frame94,images/Evo/evoDJI_0007_frame94.jpg,labels/Evo/evoDJI_0007_frame94.txt,location,4096,2160,True,1
Evo,evoDJI_0007_frame95,images/Evo/evoDJI_0007_frame95.jpg,labels/Evo/evoDJI_0007_frame95.txt,location,4096,2160,True,1
Evo,evoDJI_0007_frame96,images/Evo/evoDJI_0007_frame96.jpg,labels/Evo/evoDJI_0007_frame96.txt,location,4096,2160,True,1
Evo,evoDJI_0007_frame97,images/Evo/evoDJI_0007_frame97.jpg,labels/Evo/evoDJI_0007_frame97.txt,location,4096,2160,True,1
Evo,evoDJI_0007_frame98,images/Evo/evoDJI_0007_frame98.jpg,labels/Evo/evoDJI_0007_frame98.txt,location,4096,2160,True,1
Evo,evoDJI_0007_frame99,images/Evo/evoDJI_0007_frame99.jpg,labels/Evo/evoDJI_0007_frame99.txt,location,4096,2160,True,1
Evo,evoDJI_0009_frame0,images/Evo/evoDJI_0009_frame0.jpg,labels/Evo/evoDJI_0009_frame0.txt,location,4096,2160,True,1
Evo,evoDJI_0009_frame1,images/Evo/evoDJI_0009_frame1.jpg,labels/Evo/evoDJI_0009_frame1.txt,location,4096,2160,True,1
Evo,evoDJI_0009_frame10,images/Evo/evoDJI_0009_frame10.jpg,labels/Evo/evoDJI_0009_frame10.txt,location,4096,2160,True,1
Evo,evoDJI_0009_frame100,images/Evo/evoDJI_0009_frame100.jpg,labels/Evo/evoDJI_0009_frame100.txt,location,4096,2160,True,1
Evo,evoDJI_0009_frame101,images/Evo/evoDJI_0009_frame101.jpg,labels/Evo/evoDJI_0009_frame101.txt,location,4096,2160,True,1
Evo,evoDJI_0009_frame102,images/Evo/evoDJI_0009_frame102.jpg,labels/Evo/evoDJI_0009_frame102.txt,location,4096,2160,True,1
Evo,evoDJI_0009_frame103,images/Evo/evoDJI_0009_frame103.jpg,labels/Evo/evoDJI_0009_frame103.txt,location,4096,2160,True,1
Evo,evoDJI_0009_frame104,images/Evo/evoDJI_0009_frame104.jpg,labels/Evo/evoDJI_0009_frame104.txt,location,4096,2160,True,1
Evo,evoDJI_0009_frame105,images/Evo/evoDJI_0009_frame105.jpg,labels/Evo/evoDJI_0009_frame105.txt,location,4096,2160,True,1
Evo,evoDJI_0009_frame106,images/Evo/evoDJI_0009_frame106.jpg,labels/Evo/evoDJI_0009_frame106.txt,location,4096,2160,True,1
Evo,evoDJI_0009_frame107,images/Evo/evoDJI_0009_frame107.jpg,labels/Evo/evoDJI_0009_frame107.txt,location,4096,2160,True,1
Evo,evoDJI_0009_frame108,images/Evo/evoDJI_0009_frame108.jpg,labels/Evo/evoDJI_0009_frame108.txt,location,4096,2160,True,1
Evo,evoDJI_0009_frame109,images/Evo/evoDJI_0009_frame109.jpg,labels/Evo/evoDJI_0009_frame109.txt,location,4096,2160,True,1
Evo,evoDJI_0009_frame11,images/Evo/evoDJI_0009_frame11.jpg,labels/Evo/evoDJI_0009_frame11.txt,location,4096,2160,True,1
Evo,evoDJI_0009_frame110,images/Evo/evoDJI_0009_frame110.jpg,labels/Evo/evoDJI_0009_frame110.txt,location,4096,2160,True,1
Evo,evoDJI_0009_frame111,images/Evo/evoDJI_0009_frame111.jpg,labels/Evo/evoDJI_0009_frame111.txt,location,4096,2160,True,1
Evo,evoDJI_0009_frame112,images/Evo/evoDJI_0009_frame112.jpg,labels/Evo/evoDJI_0009_frame112.txt,location,4096,2160,True,1
Evo,evoDJI_0009_frame113,images/Evo/evoDJI_0009_frame113.jpg,labels/Evo/evoDJI_0009_frame113.txt,location,4096,2160,True,1
Evo,evoDJI_0009_frame114,images/Evo/evoDJI_0009_frame114.jpg,labels/Evo/evoDJI_0009_frame114.txt,location,4096,2160,True,1
Evo,evoDJI_0009_frame115,images/Evo/evoDJI_0009_frame115.jpg,labels/Evo/evoDJI_0009_frame115.txt,location,4096,2160,True,1
Evo,evoDJI_0009_frame116,images/Evo/evoDJI_0009_frame116.jpg,labels/Evo/evoDJI_0009_frame116.txt,location,4096,2160,True,1
Evo,evoDJI_0009_frame117,images/Evo/evoDJI_0009_frame117.jpg,labels/Evo/evoDJI_0009_frame117.txt,location,4096,2160,True,1
Evo,evoDJI_0009_frame118,images/Evo/evoDJI_0009_frame118.jpg,labels/Evo/evoDJI_0009_frame118.txt,location,4096,2160,True,1
Evo,evoDJI_0009_frame119,images/Evo/evoDJI_0009_frame119.jpg,labels/Evo/evoDJI_0009_frame119.txt,location,4096,2160,True,1
Evo,evoDJI_0009_frame12,images/Evo/evoDJI_0009_frame12.jpg,labels/Evo/evoDJI_0009_frame12.txt,location,4096,2160,True,1
Evo,evoDJI_0009_frame120,images/Evo/evoDJI_0009_frame120.jpg,labels/Evo/evoDJI_0009_frame120.txt,location,4096,2160,True,1
Evo,evoDJI_0009_frame121,images/Evo/evoDJI_0009_frame121.jpg,labels/Evo/evoDJI_0009_frame121.txt,location,4096,2160,True,1
Evo,evoDJI_0009_frame122,images/Evo/evoDJI_0009_frame122.jpg,labels/Evo/evoDJI_0009_frame122.txt,location,4096,2160,True,1
Evo,evoDJI_0009_frame123,images/Evo/evoDJI_0009_frame123.jpg,labels/Evo/evoDJI_0009_frame123.txt,location,4096,2160,True,1
Evo,evoDJI_0009_frame124,images/Evo/evoDJI_0009_frame124.jpg,labels/Evo/evoDJI_0009_frame124.txt,location,4096,2160,True,1
Evo,evoDJI_0009_frame125,images/Evo/evoDJI_0009_frame125.jpg,labels/Evo/evoDJI_0009_frame125.txt,location,4096,2160,True,1
Evo,evoDJI_0009_frame126,images/Evo/evoDJI_0009_frame126.jpg,labels/Evo/evoDJI_0009_frame126.txt,location,4096,2160,True,1
Evo,evoDJI_0009_frame127,images/Evo/evoDJI_0009_frame127.jpg,labels/Evo/evoDJI_0009_frame127.txt,location,4096,2160,True,1
Evo,evoDJI_0009_frame128,images/Evo/evoDJI_0009_frame128.jpg,labels/Evo/evoDJI_0009_frame128.txt,location,4096,2160,True,1
Evo,evoDJI_0009_frame129,images/Evo/evoDJI_0009_frame129.jpg,labels/Evo/evoDJI_0009_frame129.txt,location,4096,2160,True,1
Evo,evoDJI_0009_frame13,images/Evo/evoDJI_0009_frame13.jpg,labels/Evo/evoDJI_0009_frame13.txt,location,4096,2160,True,1
Evo,evoDJI_0009_frame130,images/Evo/evoDJI_0009_frame130.jpg,labels/Evo/evoDJI_0009_frame130.txt,location,4096,2160,True,1
Evo,evoDJI_0009_frame131,images/Evo/evoDJI_0009_frame131.jpg,labels/Evo/evoDJI_0009_frame131.txt,location,4096,2160,True,1
Evo,evoDJI_0009_frame132,images/Evo/evoDJI_0009_frame132.jpg,labels/Evo/evoDJI_0009_frame132.txt,location,4096,2160,True,1
Evo,evoDJI_0009_frame133,images/Evo/evoDJI_0009_frame133.jpg,labels/Evo/evoDJI_0009_frame133.txt,location,4096,2160,True,1
Evo,evoDJI_0009_frame134,images/Evo/evoDJI_0009_frame134.jpg,labels/Evo/evoDJI_0009_frame134.txt,location,4096,2160,True,1
Evo,evoDJI_0009_frame135,images/Evo/evoDJI_0009_frame135.jpg,labels/Evo/evoDJI_0009_frame135.txt,location,4096,2160,True,1
Evo,evoDJI_0009_frame136,images/Evo/evoDJI_0009_frame136.jpg,labels/Evo/evoDJI_0009_frame136.txt,location,4096,2160,True,1
Evo,evoDJI_0009_frame137,images/Evo/evoDJI_0009_frame137.jpg,labels/Evo/evoDJI_0009_frame137.txt,location,4096,2160,True,1
Evo,evoDJI_0009_frame138,images/Evo/evoDJI_0009_frame138.jpg,labels/Evo/evoDJI_0009_frame138.txt,location,4096,2160,True,1
Evo,evoDJI_0009_frame139,images/Evo/evoDJI_0009_frame139.jpg,labels/Evo/evoDJI_0009_frame139.txt,location,4096,2160,True,1
Evo,evoDJI_0009_frame14,images/Evo/evoDJI_0009_frame14.jpg,labels/Evo/evoDJI_0009_frame14.txt,location,4096,2160,True,1
Evo,evoDJI_0009_frame140,images/Evo/evoDJI_0009_frame140.jpg,labels/Evo/evoDJI_0009_frame140.txt,location,4096,2160,True,1
Evo,evoDJI_0009_frame141,images/Evo/evoDJI_0009_frame141.jpg,labels/Evo/evoDJI_0009_frame141.txt,location,4096,2160,True,1
Evo,evoDJI_0009_frame142,images/Evo/evoDJI_0009_frame142.jpg,labels/Evo/evoDJI_0009_frame142.txt,location,4096,2160,True,1
Evo,evoDJI_0009_frame143,images/Evo/evoDJI_0009_frame143.jpg,labels/Evo/evoDJI_0009_frame143.txt,location,4096,2160,True,1
Evo,evoDJI_0009_frame144,images/Evo/evoDJI_0009_frame144.jpg,labels/Evo/evoDJI_0009_frame144.txt,location,4096,2160,True,1
Evo,evoDJI_0009_frame145,images/Evo/evoDJI_0009_frame145.jpg,labels/Evo/evoDJI_0009_frame145.txt,location,4096,2160,True,1
Evo,evoDJI_0009_frame146,images/Evo/evoDJI_0009_frame146.jpg,labels/Evo/evoDJI_0009_frame146.txt,location,4096,2160,True,1
Evo,evoDJI_0009_frame147,images/Evo/evoDJI_0009_frame147.jpg,labels/Evo/evoDJI_0009_frame147.txt,location,4096,2160,True,1
Evo,evoDJI_0009_frame148,images/Evo/evoDJI_0009_frame148.jpg,labels/Evo/evoDJI_0009_frame148.txt,location,4096,2160,True,1
Evo,evoDJI_0009_frame149,images/Evo/evoDJI_0009_frame149.jpg,labels/Evo/evoDJI_0009_frame149.txt,location,4096,2160,True,1
Evo,evoDJI_0009_frame15,images/Evo/evoDJI_0009_frame15.jpg,labels/Evo/evoDJI_0009_frame15.txt,location,4096,2160,True,1
Evo,evoDJI_0009_frame150,images/Evo/evoDJI_0009_frame150.jpg,labels/Evo/evoDJI_0009_frame150.txt,location,4096,2160,True,1
Evo,evoDJI_0009_frame151,images/Evo/evoDJI_0009_frame151.jpg,labels/Evo/evoDJI_0009_frame151.txt,location,4096,2160,True,1
Evo,evoDJI_0009_frame152,images/Evo/evoDJI_0009_frame152.jpg,labels/Evo/evoDJI_0009_frame152.txt,location,4096,2160,True,1
Evo,evoDJI_0009_frame153,images/Evo/evoDJI_0009_frame153.jpg,labels/Evo/evoDJI_0009_frame153.txt,location,4096,2160,True,1
Evo,evoDJI_0009_frame154,images/Evo/evoDJI_0009_frame154.jpg,labels/Evo/evoDJI_0009_frame154.txt,location,4096,2160,True,1
Evo,evoDJI_0009_frame155,images/Evo/evoDJI_0009_frame155.jpg,labels/Evo/evoDJI_0009_frame155.txt,location,4096,2160,True,1
Evo,evoDJI_0009_frame156,images/Evo/evoDJI_0009_frame156.jpg,labels/Evo/evoDJI_0009_frame156.txt,location,4096,2160,True,1
Evo,evoDJI_0009_frame157,images/Evo/evoDJI_0009_frame157.jpg,labels/Evo/evoDJI_0009_frame157.txt,location,4096,2160,True,1
Evo,evoDJI_0009_frame158,images/Evo/evoDJI_0009_frame158.jpg,labels/Evo/evoDJI_0009_frame158.txt,location,4096,2160,True,1
Evo,evoDJI_0009_frame159,images/Evo/evoDJI_0009_frame159.jpg,labels/Evo/evoDJI_0009_frame159.txt,location,4096,2160,True,1
Evo,evoDJI_0009_frame16,images/Evo/evoDJI_0009_frame16.jpg,labels/Evo/evoDJI_0009_frame16.txt,location,4096,2160,True,1
Evo,evoDJI_0009_frame160,images/Evo/evoDJI_0009_frame160.jpg,labels/Evo/evoDJI_0009_frame160.txt,location,4096,2160,True,1
Evo,evoDJI_0009_frame161,images/Evo/evoDJI_0009_frame161.jpg,labels/Evo/evoDJI_0009_frame161.txt,location,4096,2160,True,1
Evo,evoDJI_0009_frame162,images/Evo/evoDJI_0009_frame162.jpg,labels/Evo/evoDJI_0009_frame162.txt,location,4096,2160,True,1
Evo,evoDJI_0009_frame163,images/Evo/evoDJI_0009_frame163.jpg,labels/Evo/evoDJI_0009_frame163.txt,location,4096,2160,True,1
Evo,evoDJI_0009_frame164,images/Evo/evoDJI_0009_frame164.jpg,labels/Evo/evoDJI_0009_frame164.txt,location,4096,2160,True,1
Evo,evoDJI_0009_frame165,images/Evo/evoDJI_0009_frame165.jpg,labels/Evo/evoDJI_0009_frame165.txt,location,4096,2160,True,1
Evo,evoDJI_0009_frame166,images/Evo/evoDJI_0009_frame166.jpg,labels/Evo/evoDJI_0009_frame166.txt,location,4096,2160,True,1
Evo,evoDJI_0009_frame167,images/Evo/evoDJI_0009_frame167.jpg,labels/Evo/evoDJI_0009_frame167.txt,location,4096,2160,True,1
Evo,evoDJI_0009_frame168,images/Evo/evoDJI_0009_frame168.jpg,labels/Evo/evoDJI_0009_frame168.txt,location,4096,2160,True,1
Evo,evoDJI_0009_frame169,images/Evo/evoDJI_0009_frame169.jpg,labels/Evo/evoDJI_0009_frame169.txt,location,4096,2160,True,1
Evo,evoDJI_0009_frame17,images/Evo/evoDJI_0009_frame17.jpg,labels/Evo/evoDJI_0009_frame17.txt,location,4096,2160,True,1
Evo,evoDJI_0009_frame170,images/Evo/evoDJI_0009_frame170.jpg,labels/Evo/evoDJI_0009_frame170.txt,location,4096,2160,True,1
Evo,evoDJI_0009_frame171,images/Evo/evoDJI_0009_frame171.jpg,labels/Evo/evoDJI_0009_frame171.txt,location,4096,2160,True,1
Evo,evoDJI_0009_frame172,images/Evo/evoDJI_0009_frame172.jpg,labels/Evo/evoDJI_0009_frame172.txt,location,4096,2160,True,1
Evo,evoDJI_0009_frame173,images/Evo/evoDJI_0009_frame173.jpg,labels/Evo/evoDJI_0009_frame173.txt,location,4096,2160,True,1
Evo,evoDJI_0009_frame174,images/Evo/evoDJI_0009_frame174.jpg,labels/Evo/evoDJI_0009_frame174.txt,location,4096,2160,True,1
Evo,evoDJI_0009_frame175,images/Evo/evoDJI_0009_frame175.jpg,labels/Evo/evoDJI_0009_frame175.txt,location,4096,2160,True,1
Evo,evoDJI_0009_frame176,images/Evo/evoDJI_0009_frame176.jpg,labels/Evo/evoDJI_0009_frame176.txt,location,4096,2160,True,1
Evo,evoDJI_0009_frame177,images/Evo/evoDJI_0009_frame177.jpg,labels/Evo/evoDJI_0009_frame177.txt,location,4096,2160,True,1
Evo,evoDJI_0009_frame178,images/Evo/evoDJI_0009_frame178.jpg,labels/Evo/evoDJI_0009_frame178.txt,location,4096,2160,True,1
Evo,evoDJI_0009_frame179,images/Evo/evoDJI_0009_frame179.jpg,labels/Evo/evoDJI_0009_frame179.txt,location,4096,2160,True,1
Evo,evoDJI_0009_frame18,images/Evo/evoDJI_0009_frame18.jpg,labels/Evo/evoDJI_0009_frame18.txt,location,4096,2160,True,1
Evo,evoDJI_0009_frame180,images/Evo/evoDJI_0009_frame180.jpg,labels/Evo/evoDJI_0009_frame180.txt,location,4096,2160,True,1
Evo,evoDJI_0009_frame181,images/Evo/evoDJI_0009_frame181.jpg,labels/Evo/evoDJI_0009_frame181.txt,location,4096,2160,True,1
Evo,evoDJI_0009_frame182,images/Evo/evoDJI_0009_frame182.jpg,labels/Evo/evoDJI_0009_frame182.txt,location,4096,2160,True,1
Evo,evoDJI_0009_frame183,images/Evo/evoDJI_0009_frame183.jpg,labels/Evo/evoDJI_0009_frame183.txt,location,4096,2160,True,1
Evo,evoDJI_0009_frame184,images/Evo/evoDJI_0009_frame184.jpg,labels/Evo/evoDJI_0009_frame184.txt,location,4096,2160,True,1
Evo,evoDJI_0009_frame185,images/Evo/evoDJI_0009_frame185.jpg,labels/Evo/evoDJI_0009_frame185.txt,location,4096,2160,True,1
Evo,evoDJI_0009_frame186,images/Evo/evoDJI_0009_frame186.jpg,labels/Evo/evoDJI_0009_frame186.txt,location,4096,2160,True,1
Evo,evoDJI_0009_frame187,images/Evo/evoDJI_0009_frame187.jpg,labels/Evo/evoDJI_0009_frame187.txt,location,4096,2160,True,1
Evo,evoDJI_0009_frame188,images/Evo/evoDJI_0009_frame188.jpg,labels/Evo/evoDJI_0009_frame188.txt,location,4096,2160,True,1
Evo,evoDJI_0009_frame189,images/Evo/evoDJI_0009_frame189.jpg,labels/Evo/evoDJI_0009_frame189.txt,location,4096,2160,True,1
Evo,evoDJI_0009_frame19,images/Evo/evoDJI_0009_frame19.jpg,labels/Evo/evoDJI_0009_frame19.txt,location,4096,2160,True,1
Evo,evoDJI_0009_frame190,images/Evo/evoDJI_0009_frame190.jpg,labels/Evo/evoDJI_0009_frame190.txt,location,4096,2160,True,1
Evo,evoDJI_0009_frame191,images/Evo/evoDJI_0009_frame191.jpg,labels/Evo/evoDJI_0009_frame191.txt,location,4096,2160,True,1
Evo,evoDJI_0009_frame192,images/Evo/evoDJI_0009_frame192.jpg,labels/Evo/evoDJI_0009_frame192.txt,location,4096,2160,True,1
Evo,evoDJI_0009_frame193,images/Evo/evoDJI_0009_frame193.jpg,labels/Evo/evoDJI_0009_frame193.txt,location,4096,2160,True,1
Evo,evoDJI_0009_frame194,images/Evo/evoDJI_0009_frame194.jpg,labels/Evo/evoDJI_0009_frame194.txt,location,4096,2160,True,1
Evo,evoDJI_0009_frame195,images/Evo/evoDJI_0009_frame195.jpg,labels/Evo/evoDJI_0009_frame195.txt,location,4096,2160,True,1
Evo,evoDJI_0009_frame196,images/Evo/evoDJI_0009_frame196.jpg,labels/Evo/evoDJI_0009_frame196.txt,location,4096,2160,True,1
Evo,evoDJI_0009_frame197,images/Evo/evoDJI_0009_frame197.jpg,labels/Evo/evoDJI_0009_frame197.txt,location,4096,2160,True,1
Evo,evoDJI_0009_frame198,images/Evo/evoDJI_0009_frame198.jpg,labels/Evo/evoDJI_0009_frame198.txt,location,4096,2160,True,1
Evo,evoDJI_0009_frame199,images/Evo/evoDJI_0009_frame199.jpg,labels/Evo/evoDJI_0009_frame199.txt,location,4096,2160,True,1
Evo,evoDJI_0009_frame2,images/Evo/evoDJI_0009_frame2.jpg,labels/Evo/evoDJI_0009_frame2.txt,location,4096,2160,True,1
Evo,evoDJI_0009_frame20,images/Evo/evoDJI_0009_frame20.jpg,labels/Evo/evoDJI_0009_frame20.txt,location,4096,2160,True,1
Evo,evoDJI_0009_frame200,images/Evo/evoDJI_0009_frame200.jpg,labels/Evo/evoDJI_0009_frame200.txt,location,4096,2160,True,1
Evo,evoDJI_0009_frame201,images/Evo/evoDJI_0009_frame201.jpg,labels/Evo/evoDJI_0009_frame201.txt,location,4096,2160,True,1
Evo,evoDJI_0009_frame202,images/Evo/evoDJI_0009_frame202.jpg,labels/Evo/evoDJI_0009_frame202.txt,location,4096,2160,True,1
Evo,evoDJI_0009_frame203,images/Evo/evoDJI_0009_frame203.jpg,labels/Evo/evoDJI_0009_frame203.txt,location,4096,2160,True,1
Evo,evoDJI_0009_frame204,images/Evo/evoDJI_0009_frame204.jpg,labels/Evo/evoDJI_0009_frame204.txt,location,4096,2160,True,1
Evo,evoDJI_0009_frame205,images/Evo/evoDJI_0009_frame205.jpg,labels/Evo/evoDJI_0009_frame205.txt,location,4096,2160,True,1
Evo,evoDJI_0009_frame206,images/Evo/evoDJI_0009_frame206.jpg,labels/Evo/evoDJI_0009_frame206.txt,location,4096,2160,True,1
Evo,evoDJI_0009_frame207,images/Evo/evoDJI_0009_frame207.jpg,labels/Evo/evoDJI_0009_frame207.txt,location,4096,2160,True,1
Evo,evoDJI_0009_frame208,images/Evo/evoDJI_0009_frame208.jpg,labels/Evo/evoDJI_0009_frame208.txt,location,4096,2160,True,1
Evo,evoDJI_0009_frame209,images/Evo/evoDJI_0009_frame209.jpg,labels/Evo/evoDJI_0009_frame209.txt,location,4096,2160,True,1
Evo,evoDJI_0009_frame21,images/Evo/evoDJI_0009_frame21.jpg,labels/Evo/evoDJI_0009_frame21.txt,location,4096,2160,True,1
Evo,evoDJI_0009_frame210,images/Evo/evoDJI_0009_frame210.jpg,labels/Evo/evoDJI_0009_frame210.txt,location,4096,2160,True,1
Evo,evoDJI_0009_frame211,images/Evo/evoDJI_0009_frame211.jpg,labels/Evo/evoDJI_0009_frame211.txt,location,4096,2160,True,1
Evo,evoDJI_0009_frame212,images/Evo/evoDJI_0009_frame212.jpg,labels/Evo/evoDJI_0009_frame212.txt,location,4096,2160,True,1
Evo,evoDJI_0009_frame213,images/Evo/evoDJI_0009_frame213.jpg,labels/Evo/evoDJI_0009_frame213.txt,location,4096,2160,True,1
Evo,evoDJI_0009_frame214,images/Evo/evoDJI_0009_frame214.jpg,labels/Evo/evoDJI_0009_frame214.txt,location,4096,2160,True,1
Evo,evoDJI_0009_frame215,images/Evo/evoDJI_0009_frame215.jpg,labels/Evo/evoDJI_0009_frame215.txt,location,4096,2160,True,1
Evo,evoDJI_0009_frame216,images/Evo/evoDJI_0009_frame216.jpg,labels/Evo/evoDJI_0009_frame216.txt,location,4096,2160,True,1
Evo,evoDJI_0009_frame217,images/Evo/evoDJI_0009_frame217.jpg,labels/Evo/evoDJI_0009_frame217.txt,location,4096,2160,True,1
Evo,evoDJI_0009_frame218,images/Evo/evoDJI_0009_frame218.jpg,labels/Evo/evoDJI_0009_frame218.txt,location,4096,2160,True,1
Evo,evoDJI_0009_frame219,images/Evo/evoDJI_0009_frame219.jpg,labels/Evo/evoDJI_0009_frame219.txt,location,4096,2160,True,1
Evo,evoDJI_0009_frame22,images/Evo/evoDJI_0009_frame22.jpg,labels/Evo/evoDJI_0009_frame22.txt,location,4096,2160,True,1
Evo,evoDJI_0009_frame220,images/Evo/evoDJI_0009_frame220.jpg,labels/Evo/evoDJI_0009_frame220.txt,location,4096,2160,True,1
Evo,evoDJI_0009_frame221,images/Evo/evoDJI_0009_frame221.jpg,labels/Evo/evoDJI_0009_frame221.txt,location,4096,2160,True,1
Evo,evoDJI_0009_frame222,images/Evo/evoDJI_0009_frame222.jpg,labels/Evo/evoDJI_0009_frame222.txt,location,4096,2160,True,1
Evo,evoDJI_0009_frame223,images/Evo/evoDJI_0009_frame223.jpg,labels/Evo/evoDJI_0009_frame223.txt,location,4096,2160,True,1
Evo,evoDJI_0009_frame224,images/Evo/evoDJI_0009_frame224.jpg,labels/Evo/evoDJI_0009_frame224.txt,location,4096,2160,True,1
Evo,evoDJI_0009_frame225,images/Evo/evoDJI_0009_frame225.jpg,labels/Evo/evoDJI_0009_frame225.txt,location,4096,2160,True,1
Evo,evoDJI_0009_frame226,images/Evo/evoDJI_0009_frame226.jpg,labels/Evo/evoDJI_0009_frame226.txt,location,4096,2160,True,1
Evo,evoDJI_0009_frame227,images/Evo/evoDJI_0009_frame227.jpg,labels/Evo/evoDJI_0009_frame227.txt,location,4096,2160,True,1
Evo,evoDJI_0009_frame228,images/Evo/evoDJI_0009_frame228.jpg,labels/Evo/evoDJI_0009_frame228.txt,location,4096,2160,True,1
Evo,evoDJI_0009_frame229,images/Evo/evoDJI_0009_frame229.jpg,labels/Evo/evoDJI_0009_frame229.txt,location,4096,2160,True,1
Evo,evoDJI_0009_frame23,images/Evo/evoDJI_0009_frame23.jpg,labels/Evo/evoDJI_0009_frame23.txt,location,4096,2160,True,1
Evo,evoDJI_0009_frame230,images/Evo/evoDJI_0009_frame230.jpg,labels/Evo/evoDJI_0009_frame230.txt,location,4096,2160,True,1
Evo,evoDJI_0009_frame231,images/Evo/evoDJI_0009_frame231.jpg,labels/Evo/evoDJI_0009_frame231.txt,location,4096,2160,True,1
Evo,evoDJI_0009_frame232,images/Evo/evoDJI_0009_frame232.jpg,labels/Evo/evoDJI_0009_frame232.txt,location,4096,2160,True,1
Evo,evoDJI_0009_frame233,images/Evo/evoDJI_0009_frame233.jpg,labels/Evo/evoDJI_0009_frame233.txt,location,4096,2160,True,1
Evo,evoDJI_0009_frame234,images/Evo/evoDJI_0009_frame234.jpg,labels/Evo/evoDJI_0009_frame234.txt,location,4096,2160,True,1
Evo,evoDJI_0009_frame235,images/Evo/evoDJI_0009_frame235.jpg,labels/Evo/evoDJI_0009_frame235.txt,location,4096,2160,True,1
Evo,evoDJI_0009_frame236,images/Evo/evoDJI_0009_frame236.jpg,labels/Evo/evoDJI_0009_frame236.txt,location,4096,2160,True,1
Evo,evoDJI_0009_frame237,images/Evo/evoDJI_0009_frame237.jpg,labels/Evo/evoDJI_0009_frame237.txt,location,4096,2160,True,1
Evo,evoDJI_0009_frame238,images/Evo/evoDJI_0009_frame238.jpg,labels/Evo/evoDJI_0009_frame238.txt,location,4096,2160,True,1
Evo,evoDJI_0009_frame239,images/Evo/evoDJI_0009_frame239.jpg,labels/Evo/evoDJI_0009_frame239.txt,location,4096,2160,True,1
Evo,evoDJI_0009_frame24,images/Evo/evoDJI_0009_frame24.jpg,labels/Evo/evoDJI_0009_frame24.txt,location,4096,2160,True,1
Evo,evoDJI_0009_frame240,images/Evo/evoDJI_0009_frame240.jpg,labels/Evo/evoDJI_0009_frame240.txt,location,4096,2160,True,1
Evo,evoDJI_0009_frame241,images/Evo/evoDJI_0009_frame241.jpg,labels/Evo/evoDJI_0009_frame241.txt,location,4096,2160,True,1
Evo,evoDJI_0009_frame242,images/Evo/evoDJI_0009_frame242.jpg,labels/Evo/evoDJI_0009_frame242.txt,location,4096,2160,True,1
Evo,evoDJI_0009_frame243,images/Evo/evoDJI_0009_frame243.jpg,labels/Evo/evoDJI_0009_frame243.txt,location,4096,2160,True,1
Evo,evoDJI_0009_frame244,images/Evo/evoDJI_0009_frame244.jpg,labels/Evo/evoDJI_0009_frame244.txt,location,4096,2160,True,1
Evo,evoDJI_0009_frame245,images/Evo/evoDJI_0009_frame245.jpg,labels/Evo/evoDJI_0009_frame245.txt,location,4096,2160,True,1
Evo,evoDJI_0009_frame246,images/Evo/evoDJI_0009_frame246.jpg,labels/Evo/evoDJI_0009_frame246.txt,location,4096,2160,True,1
Evo,evoDJI_0009_frame247,images/Evo/evoDJI_0009_frame247.jpg,labels/Evo/evoDJI_0009_frame247.txt,location,4096,2160,True,1
Evo,evoDJI_0009_frame248,images/Evo/evoDJI_0009_frame248.jpg,labels/Evo/evoDJI_0009_frame248.txt,location,4096,2160,True,1
Evo,evoDJI_0009_frame249,images/Evo/evoDJI_0009_frame249.jpg,labels/Evo/evoDJI_0009_frame249.txt,location,4096,2160,True,1
Evo,evoDJI_0009_frame25,images/Evo/evoDJI_0009_frame25.jpg,labels/Evo/evoDJI_0009_frame25.txt,location,4096,2160,True,1
Evo,evoDJI_0009_frame250,images/Evo/evoDJI_0009_frame250.jpg,labels/Evo/evoDJI_0009_frame250.txt,location,4096,2160,True,1
Evo,evoDJI_0009_frame251,images/Evo/evoDJI_0009_frame251.jpg,labels/Evo/evoDJI_0009_frame251.txt,location,4096,2160,True,1
Evo,evoDJI_0009_frame252,images/Evo/evoDJI_0009_frame252.jpg,labels/Evo/evoDJI_0009_frame252.txt,location,4096,2160,True,1
Evo,evoDJI_0009_frame253,images/Evo/evoDJI_0009_frame253.jpg,labels/Evo/evoDJI_0009_frame253.txt,location,4096,2160,True,1
Evo,evoDJI_0009_frame254,images/Evo/evoDJI_0009_frame254.jpg,labels/Evo/evoDJI_0009_frame254.txt,location,4096,2160,True,1
Evo,evoDJI_0009_frame255,images/Evo/evoDJI_0009_frame255.jpg,labels/Evo/evoDJI_0009_frame255.txt,location,4096,2160,True,1
Evo,evoDJI_0009_frame256,images/Evo/evoDJI_0009_frame256.jpg,labels/Evo/evoDJI_0009_frame256.txt,location,4096,2160,True,1
Evo,evoDJI_0009_frame257,images/Evo/evoDJI_0009_frame257.jpg,labels/Evo/evoDJI_0009_frame257.txt,location,4096,2160,True,1
Evo,evoDJI_0009_frame258,images/Evo/evoDJI_0009_frame258.jpg,labels/Evo/evoDJI_0009_frame258.txt,location,4096,2160,True,1
Evo,evoDJI_0009_frame259,images/Evo/evoDJI_0009_frame259.jpg,labels/Evo/evoDJI_0009_frame259.txt,location,4096,2160,True,1
Evo,evoDJI_0009_frame26,images/Evo/evoDJI_0009_frame26.jpg,labels/Evo/evoDJI_0009_frame26.txt,location,4096,2160,True,1
Evo,evoDJI_0009_frame260,images/Evo/evoDJI_0009_frame260.jpg,labels/Evo/evoDJI_0009_frame260.txt,location,4096,2160,True,1
Evo,evoDJI_0009_frame261,images/Evo/evoDJI_0009_frame261.jpg,labels/Evo/evoDJI_0009_frame261.txt,location,4096,2160,True,1
Evo,evoDJI_0009_frame262,images/Evo/evoDJI_0009_frame262.jpg,labels/Evo/evoDJI_0009_frame262.txt,location,4096,2160,True,1
Evo,evoDJI_0009_frame263,images/Evo/evoDJI_0009_frame263.jpg,labels/Evo/evoDJI_0009_frame263.txt,location,4096,2160,True,1
Evo,evoDJI_0009_frame264,images/Evo/evoDJI_0009_frame264.jpg,labels/Evo/evoDJI_0009_frame264.txt,location,4096,2160,True,1
Evo,evoDJI_0009_frame265,images/Evo/evoDJI_0009_frame265.jpg,labels/Evo/evoDJI_0009_frame265.txt,location,4096,2160,True,1
Evo,evoDJI_0009_frame266,images/Evo/evoDJI_0009_frame266.jpg,labels/Evo/evoDJI_0009_frame266.txt,location,4096,2160,True,1
Evo,evoDJI_0009_frame267,images/Evo/evoDJI_0009_frame267.jpg,labels/Evo/evoDJI_0009_frame267.txt,location,4096,2160,True,1
Evo,evoDJI_0009_frame268,images/Evo/evoDJI_0009_frame268.jpg,labels/Evo/evoDJI_0009_frame268.txt,location,4096,2160,True,1
Evo,evoDJI_0009_frame269,images/Evo/evoDJI_0009_frame269.jpg,labels/Evo/evoDJI_0009_frame269.txt,location,4096,2160,True,1
Evo,evoDJI_0009_frame27,images/Evo/evoDJI_0009_frame27.jpg,labels/Evo/evoDJI_0009_frame27.txt,location,4096,2160,True,1
Evo,evoDJI_0009_frame270,images/Evo/evoDJI_0009_frame270.jpg,labels/Evo/evoDJI_0009_frame270.txt,location,4096,2160,True,1
Evo,evoDJI_0009_frame271,images/Evo/evoDJI_0009_frame271.jpg,labels/Evo/evoDJI_0009_frame271.txt,location,4096,2160,True,1
Evo,evoDJI_0009_frame272,images/Evo/evoDJI_0009_frame272.jpg,labels/Evo/evoDJI_0009_frame272.txt,location,4096,2160,True,1
Evo,evoDJI_0009_frame273,images/Evo/evoDJI_0009_frame273.jpg,labels/Evo/evoDJI_0009_frame273.txt,location,4096,2160,True,1
Evo,evoDJI_0009_frame274,images/Evo/evoDJI_0009_frame274.jpg,labels/Evo/evoDJI_0009_frame274.txt,location,4096,2160,True,1
Evo,evoDJI_0009_frame275,images/Evo/evoDJI_0009_frame275.jpg,labels/Evo/evoDJI_0009_frame275.txt,location,4096,2160,True,1
Evo,evoDJI_0009_frame276,images/Evo/evoDJI_0009_frame276.jpg,labels/Evo/evoDJI_0009_frame276.txt,location,4096,2160,True,1
Evo,evoDJI_0009_frame277,images/Evo/evoDJI_0009_frame277.jpg,labels/Evo/evoDJI_0009_frame277.txt,location,4096,2160,True,1
Evo,evoDJI_0009_frame278,images/Evo/evoDJI_0009_frame278.jpg,labels/Evo/evoDJI_0009_frame278.txt,location,4096,2160,True,1
Evo,evoDJI_0009_frame279,images/Evo/evoDJI_0009_frame279.jpg,labels/Evo/evoDJI_0009_frame279.txt,location,4096,2160,True,1
Evo,evoDJI_0009_frame28,images/Evo/evoDJI_0009_frame28.jpg,labels/Evo/evoDJI_0009_frame28.txt,location,4096,2160,True,1
Evo,evoDJI_0009_frame280,images/Evo/evoDJI_0009_frame280.jpg,labels/Evo/evoDJI_0009_frame280.txt,location,4096,2160,True,1
Evo,evoDJI_0009_frame281,images/Evo/evoDJI_0009_frame281.jpg,labels/Evo/evoDJI_0009_frame281.txt,location,4096,2160,True,1
Evo,evoDJI_0009_frame282,images/Evo/evoDJI_0009_frame282.jpg,labels/Evo/evoDJI_0009_frame282.txt,location,4096,2160,True,1
Evo,evoDJI_0009_frame283,images/Evo/evoDJI_0009_frame283.jpg,labels/Evo/evoDJI_0009_frame283.txt,location,4096,2160,True,1
Evo,evoDJI_0009_frame284,images/Evo/evoDJI_0009_frame284.jpg,labels/Evo/evoDJI_0009_frame284.txt,location,4096,2160,True,1
Evo,evoDJI_0009_frame285,images/Evo/evoDJI_0009_frame285.jpg,labels/Evo/evoDJI_0009_frame285.txt,location,4096,2160,True,1
Evo,evoDJI_0009_frame286,images/Evo/evoDJI_0009_frame286.jpg,labels/Evo/evoDJI_0009_frame286.txt,location,4096,2160,True,1
Evo,evoDJI_0009_frame287,images/Evo/evoDJI_0009_frame287.jpg,labels/Evo/evoDJI_0009_frame287.txt,location,4096,2160,True,1
Evo,evoDJI_0009_frame288,images/Evo/evoDJI_0009_frame288.jpg,labels/Evo/evoDJI_0009_frame288.txt,location,4096,2160,True,1
Evo,evoDJI_0009_frame29,images/Evo/evoDJI_0009_frame29.jpg,labels/Evo/evoDJI_0009_frame29.txt,location,4096,2160,True,1
Evo,evoDJI_0009_frame3,images/Evo/evoDJI_0009_frame3.jpg,labels/Evo/evoDJI_0009_frame3.txt,location,4096,2160,True,1
Evo,evoDJI_0009_frame30,images/Evo/evoDJI_0009_frame30.jpg,labels/Evo/evoDJI_0009_frame30.txt,location,4096,2160,True,1
Evo,evoDJI_0009_frame31,images/Evo/evoDJI_0009_frame31.jpg,labels/Evo/evoDJI_0009_frame31.txt,location,4096,2160,True,1
Evo,evoDJI_0009_frame32,images/Evo/evoDJI_0009_frame32.jpg,labels/Evo/evoDJI_0009_frame32.txt,location,4096,2160,True,1
Evo,evoDJI_0009_frame33,images/Evo/evoDJI_0009_frame33.jpg,labels/Evo/evoDJI_0009_frame33.txt,location,4096,2160,True,1
Evo,evoDJI_0009_frame34,images/Evo/evoDJI_0009_frame34.jpg,labels/Evo/evoDJI_0009_frame34.txt,location,4096,2160,True,1
Evo,evoDJI_0009_frame35,images/Evo/evoDJI_0009_frame35.jpg,labels/Evo/evoDJI_0009_frame35.txt,location,4096,2160,True,1
Evo,evoDJI_0009_frame36,images/Evo/evoDJI_0009_frame36.jpg,labels/Evo/evoDJI_0009_frame36.txt,location,4096,2160,True,1
Evo,evoDJI_0009_frame37,images/Evo/evoDJI_0009_frame37.jpg,labels/Evo/evoDJI_0009_frame37.txt,location,4096,2160,True,1
Evo,evoDJI_0009_frame38,images/Evo/evoDJI_0009_frame38.jpg,labels/Evo/evoDJI_0009_frame38.txt,location,4096,2160,True,1
Evo,evoDJI_0009_frame39,images/Evo/evoDJI_0009_frame39.jpg,labels/Evo/evoDJI_0009_frame39.txt,location,4096,2160,True,1
Evo,evoDJI_0009_frame4,images/Evo/evoDJI_0009_frame4.jpg,labels/Evo/evoDJI_0009_frame4.txt,location,4096,2160,True,1
Evo,evoDJI_0009_frame40,images/Evo/evoDJI_0009_frame40.jpg,labels/Evo/evoDJI_0009_frame40.txt,location,4096,2160,True,1
Evo,evoDJI_0009_frame41,images/Evo/evoDJI_0009_frame41.jpg,labels/Evo/evoDJI_0009_frame41.txt,location,4096,2160,True,1
Evo,evoDJI_0009_frame42,images/Evo/evoDJI_0009_frame42.jpg,labels/Evo/evoDJI_0009_frame42.txt,location,4096,2160,True,1
Evo,evoDJI_0009_frame43,images/Evo/evoDJI_0009_frame43.jpg,labels/Evo/evoDJI_0009_frame43.txt,location,4096,2160,True,1
Evo,evoDJI_0009_frame44,images/Evo/evoDJI_0009_frame44.jpg,labels/Evo/evoDJI_0009_frame44.txt,location,4096,2160,True,1
Evo,evoDJI_0009_frame45,images/Evo/evoDJI_0009_frame45.jpg,labels/Evo/evoDJI_0009_frame45.txt,location,4096,2160,True,1
Evo,evoDJI_0009_frame46,images/Evo/evoDJI_0009_frame46.jpg,labels/Evo/evoDJI_0009_frame46.txt,location,4096,2160,True,1
Evo,evoDJI_0009_frame47,images/Evo/evoDJI_0009_frame47.jpg,labels/Evo/evoDJI_0009_frame47.txt,location,4096,2160,True,1
Evo,evoDJI_0009_frame48,images/Evo/evoDJI_0009_frame48.jpg,labels/Evo/evoDJI_0009_frame48.txt,location,4096,2160,True,1
Evo,evoDJI_0009_frame49,images/Evo/evoDJI_0009_frame49.jpg,labels/Evo/evoDJI_0009_frame49.txt,location,4096,2160,True,1
Evo,evoDJI_0009_frame5,images/Evo/evoDJI_0009_frame5.jpg,labels/Evo/evoDJI_0009_frame5.txt,location,4096,2160,True,1
Evo,evoDJI_0009_frame50,images/Evo/evoDJI_0009_frame50.jpg,labels/Evo/evoDJI_0009_frame50.txt,location,4096,2160,True,1
Evo,evoDJI_0009_frame51,images/Evo/evoDJI_0009_frame51.jpg,labels/Evo/evoDJI_0009_frame51.txt,location,4096,2160,True,1
Evo,evoDJI_0009_frame52,images/Evo/evoDJI_0009_frame52.jpg,labels/Evo/evoDJI_0009_frame52.txt,location,4096,2160,True,1
Evo,evoDJI_0009_frame53,images/Evo/evoDJI_0009_frame53.jpg,labels/Evo/evoDJI_0009_frame53.txt,location,4096,2160,True,1
Evo,evoDJI_0009_frame54,images/Evo/evoDJI_0009_frame54.jpg,labels/Evo/evoDJI_0009_frame54.txt,location,4096,2160,True,1
Evo,evoDJI_0009_frame55,images/Evo/evoDJI_0009_frame55.jpg,labels/Evo/evoDJI_0009_frame55.txt,location,4096,2160,True,1
Evo,evoDJI_0009_frame56,images/Evo/evoDJI_0009_frame56.jpg,labels/Evo/evoDJI_0009_frame56.txt,location,4096,2160,True,1
Evo,evoDJI_0009_frame57,images/Evo/evoDJI_0009_frame57.jpg,labels/Evo/evoDJI_0009_frame57.txt,location,4096,2160,True,1
Evo,evoDJI_0009_frame58,images/Evo/evoDJI_0009_frame58.jpg,labels/Evo/evoDJI_0009_frame58.txt,location,4096,2160,True,1
Evo,evoDJI_0009_frame59,images/Evo/evoDJI_0009_frame59.jpg,labels/Evo/evoDJI_0009_frame59.txt,location,4096,2160,True,1
Evo,evoDJI_0009_frame6,images/Evo/evoDJI_0009_frame6.jpg,labels/Evo/evoDJI_0009_frame6.txt,location,4096,2160,True,1
Evo,evoDJI_0009_frame60,images/Evo/evoDJI_0009_frame60.jpg,labels/Evo/evoDJI_0009_frame60.txt,location,4096,2160,True,1
Evo,evoDJI_0009_frame61,images/Evo/evoDJI_0009_frame61.jpg,labels/Evo/evoDJI_0009_frame61.txt,location,4096,2160,True,1
Evo,evoDJI_0009_frame62,images/Evo/evoDJI_0009_frame62.jpg,labels/Evo/evoDJI_0009_frame62.txt,location,4096,2160,True,1
Evo,evoDJI_0009_frame63,images/Evo/evoDJI_0009_frame63.jpg,labels/Evo/evoDJI_0009_frame63.txt,location,4096,2160,True,1
Evo,evoDJI_0009_frame64,images/Evo/evoDJI_0009_frame64.jpg,labels/Evo/evoDJI_0009_frame64.txt,location,4096,2160,True,1
Evo,evoDJI_0009_frame65,images/Evo/evoDJI_0009_frame65.jpg,labels/Evo/evoDJI_0009_frame65.txt,location,4096,2160,True,1
Evo,evoDJI_0009_frame66,images/Evo/evoDJI_0009_frame66.jpg,labels/Evo/evoDJI_0009_frame66.txt,location,4096,2160,True,1
Evo,evoDJI_0009_frame67,images/Evo/evoDJI_0009_frame67.jpg,labels/Evo/evoDJI_0009_frame67.txt,location,4096,2160,True,1
Evo,evoDJI_0009_frame68,images/Evo/evoDJI_0009_frame68.jpg,labels/Evo/evoDJI_0009_frame68.txt,location,4096,2160,True,1
Evo,evoDJI_0009_frame69,images/Evo/evoDJI_0009_frame69.jpg,labels/Evo/evoDJI_0009_frame69.txt,location,4096,2160,True,1
Evo,evoDJI_0009_frame7,images/Evo/evoDJI_0009_frame7.jpg,labels/Evo/evoDJI_0009_frame7.txt,location,4096,2160,True,1
Evo,evoDJI_0009_frame70,images/Evo/evoDJI_0009_frame70.jpg,labels/Evo/evoDJI_0009_frame70.txt,location,4096,2160,True,1
Evo,evoDJI_0009_frame71,images/Evo/evoDJI_0009_frame71.jpg,labels/Evo/evoDJI_0009_frame71.txt,location,4096,2160,True,1
Evo,evoDJI_0009_frame72,images/Evo/evoDJI_0009_frame72.jpg,labels/Evo/evoDJI_0009_frame72.txt,location,4096,2160,True,1
Evo,evoDJI_0009_frame73,images/Evo/evoDJI_0009_frame73.jpg,labels/Evo/evoDJI_0009_frame73.txt,location,4096,2160,True,1
Evo,evoDJI_0009_frame74,images/Evo/evoDJI_0009_frame74.jpg,labels/Evo/evoDJI_0009_frame74.txt,location,4096,2160,True,1
Evo,evoDJI_0009_frame75,images/Evo/evoDJI_0009_frame75.jpg,labels/Evo/evoDJI_0009_frame75.txt,location,4096,2160,True,1
Evo,evoDJI_0009_frame76,images/Evo/evoDJI_0009_frame76.jpg,labels/Evo/evoDJI_0009_frame76.txt,location,4096,2160,True,1
Evo,evoDJI_0009_frame77,images/Evo/evoDJI_0009_frame77.jpg,labels/Evo/evoDJI_0009_frame77.txt,location,4096,2160,True,1
Evo,evoDJI_0009_frame78,images/Evo/evoDJI_0009_frame78.jpg,labels/Evo/evoDJI_0009_frame78.txt,location,4096,2160,True,1
Evo,evoDJI_0009_frame79,images/Evo/evoDJI_0009_frame79.jpg,labels/Evo/evoDJI_0009_frame79.txt,location,4096,2160,True,1
Evo,evoDJI_0009_frame8,images/Evo/evoDJI_0009_frame8.jpg,labels/Evo/evoDJI_0009_frame8.txt,location,4096,2160,True,1
Evo,evoDJI_0009_frame80,images/Evo/evoDJI_0009_frame80.jpg,labels/Evo/evoDJI_0009_frame80.txt,location,4096,2160,True,1
Evo,evoDJI_0009_frame81,images/Evo/evoDJI_0009_frame81.jpg,labels/Evo/evoDJI_0009_frame81.txt,location,4096,2160,True,1
Evo,evoDJI_0009_frame82,images/Evo/evoDJI_0009_frame82.jpg,labels/Evo/evoDJI_0009_frame82.txt,location,4096,2160,True,1
Evo,evoDJI_0009_frame83,images/Evo/evoDJI_0009_frame83.jpg,labels/Evo/evoDJI_0009_frame83.txt,location,4096,2160,True,1
Evo,evoDJI_0009_frame84,images/Evo/evoDJI_0009_frame84.jpg,labels/Evo/evoDJI_0009_frame84.txt,location,4096,2160,True,1
Evo,evoDJI_0009_frame85,images/Evo/evoDJI_0009_frame85.jpg,labels/Evo/evoDJI_0009_frame85.txt,location,4096,2160,True,1
Evo,evoDJI_0009_frame86,images/Evo/evoDJI_0009_frame86.jpg,labels/Evo/evoDJI_0009_frame86.txt,location,4096,2160,True,1
Evo,evoDJI_0009_frame87,images/Evo/evoDJI_0009_frame87.jpg,labels/Evo/evoDJI_0009_frame87.txt,location,4096,2160,True,1
Evo,evoDJI_0009_frame88,images/Evo/evoDJI_0009_frame88.jpg,labels/Evo/evoDJI_0009_frame88.txt,location,4096,2160,True,1
Evo,evoDJI_0009_frame89,images/Evo/evoDJI_0009_frame89.jpg,labels/Evo/evoDJI_0009_frame89.txt,location,4096,2160,True,1
Evo,evoDJI_0009_frame9,images/Evo/evoDJI_0009_frame9.jpg,labels/Evo/evoDJI_0009_frame9.txt,location,4096,2160,True,1
Evo,evoDJI_0009_frame90,images/Evo/evoDJI_0009_frame90.jpg,labels/Evo/evoDJI_0009_frame90.txt,location,4096,2160,True,1
Evo,evoDJI_0009_frame91,images/Evo/evoDJI_0009_frame91.jpg,labels/Evo/evoDJI_0009_frame91.txt,location,4096,2160,True,1
Evo,evoDJI_0009_frame92,images/Evo/evoDJI_0009_frame92.jpg,labels/Evo/evoDJI_0009_frame92.txt,location,4096,2160,True,1
Evo,evoDJI_0009_frame93,images/Evo/evoDJI_0009_frame93.jpg,labels/Evo/evoDJI_0009_frame93.txt,location,4096,2160,True,1
Evo,evoDJI_0009_frame94,images/Evo/evoDJI_0009_frame94.jpg,labels/Evo/evoDJI_0009_frame94.txt,location,4096,2160,True,1
Evo,evoDJI_0009_frame95,images/Evo/evoDJI_0009_frame95.jpg,labels/Evo/evoDJI_0009_frame95.txt,location,4096,2160,True,1
Evo,evoDJI_0009_frame96,images/Evo/evoDJI_0009_frame96.jpg,labels/Evo/evoDJI_0009_frame96.txt,location,4096,2160,True,1
Evo,evoDJI_0009_frame97,images/Evo/evoDJI_0009_frame97.jpg,labels/Evo/evoDJI_0009_frame97.txt,location,4096,2160,True,1
Evo,evoDJI_0009_frame98,images/Evo/evoDJI_0009_frame98.jpg,labels/Evo/evoDJI_0009_frame98.txt,location,4096,2160,True,1
Evo,evoDJI_0009_frame99,images/Evo/evoDJI_0009_frame99.jpg,labels/Evo/evoDJI_0009_frame99.txt,location,4096,2160,True,1
Heinola,heinola_DJI_0025_frame1,images/Heinola/heinola_DJI_0025_frame1.jpg,labels/Heinola/heinola_DJI_0025_frame1.txt,location,4096,2160,True,1
Heinola,heinola_DJI_0025_frame10,images/Heinola/heinola_DJI_0025_frame10.jpg,labels/Heinola/heinola_DJI_0025_frame10.txt,location,4096,2160,True,1
Heinola,heinola_DJI_0025_frame100,images/Heinola/heinola_DJI_0025_frame100.jpg,labels/Heinola/heinola_DJI_0025_frame100.txt,location,4096,2160,True,1
Heinola,heinola_DJI_0025_frame101,images/Heinola/heinola_DJI_0025_frame101.jpg,labels/Heinola/heinola_DJI_0025_frame101.txt,location,4096,2160,True,1
Heinola,heinola_DJI_0025_frame102,images/Heinola/heinola_DJI_0025_frame102.jpg,labels/Heinola/heinola_DJI_0025_frame102.txt,location,4096,2160,True,1
Heinola,heinola_DJI_0025_frame103,images/Heinola/heinola_DJI_0025_frame103.jpg,labels/Heinola/heinola_DJI_0025_frame103.txt,location,4096,2160,True,1
Heinola,heinola_DJI_0025_frame104,images/Heinola/heinola_DJI_0025_frame104.jpg,labels/Heinola/heinola_DJI_0025_frame104.txt,location,4096,2160,True,1
Heinola,heinola_DJI_0025_frame105,images/Heinola/heinola_DJI_0025_frame105.jpg,labels/Heinola/heinola_DJI_0025_frame105.txt,location,4096,2160,True,1
Heinola,heinola_DJI_0025_frame106,images/Heinola/heinola_DJI_0025_frame106.jpg,labels/Heinola/heinola_DJI_0025_frame106.txt,location,4096,2160,True,1
Heinola,heinola_DJI_0025_frame107,images/Heinola/heinola_DJI_0025_frame107.jpg,labels/Heinola/heinola_DJI_0025_frame107.txt,location,4096,2160,True,1
Heinola,heinola_DJI_0025_frame108,images/Heinola/heinola_DJI_0025_frame108.jpg,labels/Heinola/heinola_DJI_0025_frame108.txt,location,4096,2160,True,1
Heinola,heinola_DJI_0025_frame109,images/Heinola/heinola_DJI_0025_frame109.jpg,labels/Heinola/heinola_DJI_0025_frame109.txt,location,4096,2160,True,1
Heinola,heinola_DJI_0025_frame11,images/Heinola/heinola_DJI_0025_frame11.jpg,labels/Heinola/heinola_DJI_0025_frame11.txt,location,4096,2160,True,1
Heinola,heinola_DJI_0025_frame110,images/Heinola/heinola_DJI_0025_frame110.jpg,labels/Heinola/heinola_DJI_0025_frame110.txt,location,4096,2160,True,1
Heinola,heinola_DJI_0025_frame111,images/Heinola/heinola_DJI_0025_frame111.jpg,labels/Heinola/heinola_DJI_0025_frame111.txt,location,4096,2160,True,1
Heinola,heinola_DJI_0025_frame112,images/Heinola/heinola_DJI_0025_frame112.jpg,labels/Heinola/heinola_DJI_0025_frame112.txt,location,4096,2160,True,1
Heinola,heinola_DJI_0025_frame113,images/Heinola/heinola_DJI_0025_frame113.jpg,labels/Heinola/heinola_DJI_0025_frame113.txt,location,4096,2160,True,1
Heinola,heinola_DJI_0025_frame114,images/Heinola/heinola_DJI_0025_frame114.jpg,labels/Heinola/heinola_DJI_0025_frame114.txt,location,4096,2160,True,1
Heinola,heinola_DJI_0025_frame115,images/Heinola/heinola_DJI_0025_frame115.jpg,labels/Heinola/heinola_DJI_0025_frame115.txt,location,4096,2160,True,1
Heinola,heinola_DJI_0025_frame116,images/Heinola/heinola_DJI_0025_frame116.jpg,labels/Heinola/heinola_DJI_0025_frame116.txt,location,4096,2160,True,1
Heinola,heinola_DJI_0025_frame117,images/Heinola/heinola_DJI_0025_frame117.jpg,labels/Heinola/heinola_DJI_0025_frame117.txt,location,4096,2160,True,1
Heinola,heinola_DJI_0025_frame118,images/Heinola/heinola_DJI_0025_frame118.jpg,labels/Heinola/heinola_DJI_0025_frame118.txt,location,4096,2160,True,1
Heinola,heinola_DJI_0025_frame119,images/Heinola/heinola_DJI_0025_frame119.jpg,labels/Heinola/heinola_DJI_0025_frame119.txt,location,4096,2160,True,1
Heinola,heinola_DJI_0025_frame12,images/Heinola/heinola_DJI_0025_frame12.jpg,labels/Heinola/heinola_DJI_0025_frame12.txt,location,4096,2160,True,1
Heinola,heinola_DJI_0025_frame120,images/Heinola/heinola_DJI_0025_frame120.jpg,labels/Heinola/heinola_DJI_0025_frame120.txt,location,4096,2160,True,1
Heinola,heinola_DJI_0025_frame121,images/Heinola/heinola_DJI_0025_frame121.jpg,labels/Heinola/heinola_DJI_0025_frame121.txt,location,4096,2160,True,1
Heinola,heinola_DJI_0025_frame122,images/Heinola/heinola_DJI_0025_frame122.jpg,labels/Heinola/heinola_DJI_0025_frame122.txt,location,4096,2160,True,1
Heinola,heinola_DJI_0025_frame123,images/Heinola/heinola_DJI_0025_frame123.jpg,labels/Heinola/heinola_DJI_0025_frame123.txt,location,4096,2160,True,1
Heinola,heinola_DJI_0025_frame124,images/Heinola/heinola_DJI_0025_frame124.jpg,labels/Heinola/heinola_DJI_0025_frame124.txt,location,4096,2160,True,1
Heinola,heinola_DJI_0025_frame125,images/Heinola/heinola_DJI_0025_frame125.jpg,labels/Heinola/heinola_DJI_0025_frame125.txt,location,4096,2160,True,1
Heinola,heinola_DJI_0025_frame126,images/Heinola/heinola_DJI_0025_frame126.jpg,labels/Heinola/heinola_DJI_0025_frame126.txt,location,4096,2160,True,1
Heinola,heinola_DJI_0025_frame127,images/Heinola/heinola_DJI_0025_frame127.jpg,labels/Heinola/heinola_DJI_0025_frame127.txt,location,4096,2160,True,1
Heinola,heinola_DJI_0025_frame128,images/Heinola/heinola_DJI_0025_frame128.jpg,labels/Heinola/heinola_DJI_0025_frame128.txt,location,4096,2160,True,1
Heinola,heinola_DJI_0025_frame129,images/Heinola/heinola_DJI_0025_frame129.jpg,labels/Heinola/heinola_DJI_0025_frame129.txt,location,4096,2160,True,1
Heinola,heinola_DJI_0025_frame13,images/Heinola/heinola_DJI_0025_frame13.jpg,labels/Heinola/heinola_DJI_0025_frame13.txt,location,4096,2160,True,1
Heinola,heinola_DJI_0025_frame130,images/Heinola/heinola_DJI_0025_frame130.jpg,labels/Heinola/heinola_DJI_0025_frame130.txt,location,4096,2160,True,1
Heinola,heinola_DJI_0025_frame131,images/Heinola/heinola_DJI_0025_frame131.jpg,labels/Heinola/heinola_DJI_0025_frame131.txt,location,4096,2160,True,1
Heinola,heinola_DJI_0025_frame132,images/Heinola/heinola_DJI_0025_frame132.jpg,labels/Heinola/heinola_DJI_0025_frame132.txt,location,4096,2160,True,1
Heinola,heinola_DJI_0025_frame133,images/Heinola/heinola_DJI_0025_frame133.jpg,labels/Heinola/heinola_DJI_0025_frame133.txt,location,4096,2160,True,1
Heinola,heinola_DJI_0025_frame134,images/Heinola/heinola_DJI_0025_frame134.jpg,labels/Heinola/heinola_DJI_0025_frame134.txt,location,4096,2160,True,1
Heinola,heinola_DJI_0025_frame135,images/Heinola/heinola_DJI_0025_frame135.jpg,labels/Heinola/heinola_DJI_0025_frame135.txt,location,4096,2160,True,1
Heinola,heinola_DJI_0025_frame136,images/Heinola/heinola_DJI_0025_frame136.jpg,labels/Heinola/heinola_DJI_0025_frame136.txt,location,4096,2160,True,1
Heinola,heinola_DJI_0025_frame137,images/Heinola/heinola_DJI_0025_frame137.jpg,labels/Heinola/heinola_DJI_0025_frame137.txt,location,4096,2160,True,1
Heinola,heinola_DJI_0025_frame138,images/Heinola/heinola_DJI_0025_frame138.jpg,labels/Heinola/heinola_DJI_0025_frame138.txt,location,4096,2160,True,1
Heinola,heinola_DJI_0025_frame139,images/Heinola/heinola_DJI_0025_frame139.jpg,labels/Heinola/heinola_DJI_0025_frame139.txt,location,4096,2160,True,1
Heinola,heinola_DJI_0025_frame14,images/Heinola/heinola_DJI_0025_frame14.jpg,labels/Heinola/heinola_DJI_0025_frame14.txt,location,4096,2160,True,1
Heinola,heinola_DJI_0025_frame140,images/Heinola/heinola_DJI_0025_frame140.jpg,labels/Heinola/heinola_DJI_0025_frame140.txt,location,4096,2160,True,1
Heinola,heinola_DJI_0025_frame141,images/Heinola/heinola_DJI_0025_frame141.jpg,labels/Heinola/heinola_DJI_0025_frame141.txt,location,4096,2160,True,1
Heinola,heinola_DJI_0025_frame142,images/Heinola/heinola_DJI_0025_frame142.jpg,labels/Heinola/heinola_DJI_0025_frame142.txt,location,4096,2160,True,1
Heinola,heinola_DJI_0025_frame143,images/Heinola/heinola_DJI_0025_frame143.jpg,labels/Heinola/heinola_DJI_0025_frame143.txt,location,4096,2160,True,1
Heinola,heinola_DJI_0025_frame144,images/Heinola/heinola_DJI_0025_frame144.jpg,labels/Heinola/heinola_DJI_0025_frame144.txt,location,4096,2160,True,1
Heinola,heinola_DJI_0025_frame145,images/Heinola/heinola_DJI_0025_frame145.jpg,labels/Heinola/heinola_DJI_0025_frame145.txt,location,4096,2160,True,1
Heinola,heinola_DJI_0025_frame146,images/Heinola/heinola_DJI_0025_frame146.jpg,labels/Heinola/heinola_DJI_0025_frame146.txt,location,4096,2160,True,1
Heinola,heinola_DJI_0025_frame147,images/Heinola/heinola_DJI_0025_frame147.jpg,labels/Heinola/heinola_DJI_0025_frame147.txt,location,4096,2160,True,1
Heinola,heinola_DJI_0025_frame148,images/Heinola/heinola_DJI_0025_frame148.jpg,labels/Heinola/heinola_DJI_0025_frame148.txt,location,4096,2160,True,1
Heinola,heinola_DJI_0025_frame149,images/Heinola/heinola_DJI_0025_frame149.jpg,labels/Heinola/heinola_DJI_0025_frame149.txt,location,4096,2160,True,1
Heinola,heinola_DJI_0025_frame15,images/Heinola/heinola_DJI_0025_frame15.jpg,labels/Heinola/heinola_DJI_0025_frame15.txt,location,4096,2160,True,1
Heinola,heinola_DJI_0025_frame150,images/Heinola/heinola_DJI_0025_frame150.jpg,labels/Heinola/heinola_DJI_0025_frame150.txt,location,4096,2160,True,1
Heinola,heinola_DJI_0025_frame151,images/Heinola/heinola_DJI_0025_frame151.jpg,labels/Heinola/heinola_DJI_0025_frame151.txt,location,4096,2160,True,1
Heinola,heinola_DJI_0025_frame152,images/Heinola/heinola_DJI_0025_frame152.jpg,labels/Heinola/heinola_DJI_0025_frame152.txt,location,4096,2160,True,1
Heinola,heinola_DJI_0025_frame153,images/Heinola/heinola_DJI_0025_frame153.jpg,labels/Heinola/heinola_DJI_0025_frame153.txt,location,4096,2160,True,1
Heinola,heinola_DJI_0025_frame154,images/Heinola/heinola_DJI_0025_frame154.jpg,labels/Heinola/heinola_DJI_0025_frame154.txt,location,4096,2160,True,1
Heinola,heinola_DJI_0025_frame155,images/Heinola/heinola_DJI_0025_frame155.jpg,labels/Heinola/heinola_DJI_0025_frame155.txt,location,4096,2160,True,1
Heinola,heinola_DJI_0025_frame156,images/Heinola/heinola_DJI_0025_frame156.jpg,labels/Heinola/heinola_DJI_0025_frame156.txt,location,4096,2160,True,1
Heinola,heinola_DJI_0025_frame157,images/Heinola/heinola_DJI_0025_frame157.jpg,labels/Heinola/heinola_DJI_0025_frame157.txt,location,4096,2160,True,1
Heinola,heinola_DJI_0025_frame158,images/Heinola/heinola_DJI_0025_frame158.jpg,labels/Heinola/heinola_DJI_0025_frame158.txt,location,4096,2160,True,1
Heinola,heinola_DJI_0025_frame159,images/Heinola/heinola_DJI_0025_frame159.jpg,labels/Heinola/heinola_DJI_0025_frame159.txt,location,4096,2160,True,1
Heinola,heinola_DJI_0025_frame16,images/Heinola/heinola_DJI_0025_frame16.jpg,labels/Heinola/heinola_DJI_0025_frame16.txt,location,4096,2160,True,1
Heinola,heinola_DJI_0025_frame160,images/Heinola/heinola_DJI_0025_frame160.jpg,labels/Heinola/heinola_DJI_0025_frame160.txt,location,4096,2160,True,1
Heinola,heinola_DJI_0025_frame161,images/Heinola/heinola_DJI_0025_frame161.jpg,labels/Heinola/heinola_DJI_0025_frame161.txt,location,4096,2160,True,1
Heinola,heinola_DJI_0025_frame162,images/Heinola/heinola_DJI_0025_frame162.jpg,labels/Heinola/heinola_DJI_0025_frame162.txt,location,4096,2160,True,1
Heinola,heinola_DJI_0025_frame163,images/Heinola/heinola_DJI_0025_frame163.jpg,labels/Heinola/heinola_DJI_0025_frame163.txt,location,4096,2160,True,1
Heinola,heinola_DJI_0025_frame164,images/Heinola/heinola_DJI_0025_frame164.jpg,labels/Heinola/heinola_DJI_0025_frame164.txt,location,4096,2160,True,1
Heinola,heinola_DJI_0025_frame165,images/Heinola/heinola_DJI_0025_frame165.jpg,labels/Heinola/heinola_DJI_0025_frame165.txt,location,4096,2160,True,1
Heinola,heinola_DJI_0025_frame166,images/Heinola/heinola_DJI_0025_frame166.jpg,labels/Heinola/heinola_DJI_0025_frame166.txt,location,4096,2160,True,1
Heinola,heinola_DJI_0025_frame167,images/Heinola/heinola_DJI_0025_frame167.jpg,labels/Heinola/heinola_DJI_0025_frame167.txt,location,4096,2160,True,1
Heinola,heinola_DJI_0025_frame168,images/Heinola/heinola_DJI_0025_frame168.jpg,labels/Heinola/heinola_DJI_0025_frame168.txt,location,4096,2160,True,1
Heinola,heinola_DJI_0025_frame169,images/Heinola/heinola_DJI_0025_frame169.jpg,labels/Heinola/heinola_DJI_0025_frame169.txt,location,4096,2160,True,1
Heinola,heinola_DJI_0025_frame17,images/Heinola/heinola_DJI_0025_frame17.jpg,labels/Heinola/heinola_DJI_0025_frame17.txt,location,4096,2160,True,1
Heinola,heinola_DJI_0025_frame170,images/Heinola/heinola_DJI_0025_frame170.jpg,labels/Heinola/heinola_DJI_0025_frame170.txt,location,4096,2160,True,1
Heinola,heinola_DJI_0025_frame171,images/Heinola/heinola_DJI_0025_frame171.jpg,labels/Heinola/heinola_DJI_0025_frame171.txt,location,4096,2160,True,1
Heinola,heinola_DJI_0025_frame172,images/Heinola/heinola_DJI_0025_frame172.jpg,labels/Heinola/heinola_DJI_0025_frame172.txt,location,4096,2160,True,1
Heinola,heinola_DJI_0025_frame173,images/Heinola/heinola_DJI_0025_frame173.jpg,labels/Heinola/heinola_DJI_0025_frame173.txt,location,4096,2160,True,1
Heinola,heinola_DJI_0025_frame174,images/Heinola/heinola_DJI_0025_frame174.jpg,labels/Heinola/heinola_DJI_0025_frame174.txt,location,4096,2160,True,1
Heinola,heinola_DJI_0025_frame175,images/Heinola/heinola_DJI_0025_frame175.jpg,labels/Heinola/heinola_DJI_0025_frame175.txt,location,4096,2160,True,1
Heinola,heinola_DJI_0025_frame176,images/Heinola/heinola_DJI_0025_frame176.jpg,labels/Heinola/heinola_DJI_0025_frame176.txt,location,4096,2160,True,1
Heinola,heinola_DJI_0025_frame177,images/Heinola/heinola_DJI_0025_frame177.jpg,labels/Heinola/heinola_DJI_0025_frame177.txt,location,4096,2160,True,1
Heinola,heinola_DJI_0025_frame178,images/Heinola/heinola_DJI_0025_frame178.jpg,labels/Heinola/heinola_DJI_0025_frame178.txt,location,4096,2160,True,1
Heinola,heinola_DJI_0025_frame179,images/Heinola/heinola_DJI_0025_frame179.jpg,labels/Heinola/heinola_DJI_0025_frame179.txt,location,4096,2160,True,1
Heinola,heinola_DJI_0025_frame18,images/Heinola/heinola_DJI_0025_frame18.jpg,labels/Heinola/heinola_DJI_0025_frame18.txt,location,4096,2160,True,1
Heinola,heinola_DJI_0025_frame180,images/Heinola/heinola_DJI_0025_frame180.jpg,labels/Heinola/heinola_DJI_0025_frame180.txt,location,4096,2160,True,1
Heinola,heinola_DJI_0025_frame181,images/Heinola/heinola_DJI_0025_frame181.jpg,labels/Heinola/heinola_DJI_0025_frame181.txt,location,4096,2160,True,1
Heinola,heinola_DJI_0025_frame182,images/Heinola/heinola_DJI_0025_frame182.jpg,labels/Heinola/heinola_DJI_0025_frame182.txt,location,4096,2160,True,1
Heinola,heinola_DJI_0025_frame183,images/Heinola/heinola_DJI_0025_frame183.jpg,labels/Heinola/heinola_DJI_0025_frame183.txt,location,4096,2160,True,1
Heinola,heinola_DJI_0025_frame184,images/Heinola/heinola_DJI_0025_frame184.jpg,labels/Heinola/heinola_DJI_0025_frame184.txt,location,4096,2160,True,1
Heinola,heinola_DJI_0025_frame185,images/Heinola/heinola_DJI_0025_frame185.jpg,labels/Heinola/heinola_DJI_0025_frame185.txt,location,4096,2160,True,1
Heinola,heinola_DJI_0025_frame186,images/Heinola/heinola_DJI_0025_frame186.jpg,labels/Heinola/heinola_DJI_0025_frame186.txt,location,4096,2160,True,1
Heinola,heinola_DJI_0025_frame187,images/Heinola/heinola_DJI_0025_frame187.jpg,labels/Heinola/heinola_DJI_0025_frame187.txt,location,4096,2160,True,1
Heinola,heinola_DJI_0025_frame188,images/Heinola/heinola_DJI_0025_frame188.jpg,labels/Heinola/heinola_DJI_0025_frame188.txt,location,4096,2160,True,1
Heinola,heinola_DJI_0025_frame189,images/Heinola/heinola_DJI_0025_frame189.jpg,labels/Heinola/heinola_DJI_0025_frame189.txt,location,4096,2160,True,1
Heinola,heinola_DJI_0025_frame19,images/Heinola/heinola_DJI_0025_frame19.jpg,labels/Heinola/heinola_DJI_0025_frame19.txt,location,4096,2160,True,1
Heinola,heinola_DJI_0025_frame190,images/Heinola/heinola_DJI_0025_frame190.jpg,labels/Heinola/heinola_DJI_0025_frame190.txt,location,4096,2160,True,1
Heinola,heinola_DJI_0025_frame191,images/Heinola/heinola_DJI_0025_frame191.jpg,labels/Heinola/heinola_DJI_0025_frame191.txt,location,4096,2160,True,1
Heinola,heinola_DJI_0025_frame192,images/Heinola/heinola_DJI_0025_frame192.jpg,labels/Heinola/heinola_DJI_0025_frame192.txt,location,4096,2160,True,1
Heinola,heinola_DJI_0025_frame193,images/Heinola/heinola_DJI_0025_frame193.jpg,labels/Heinola/heinola_DJI_0025_frame193.txt,location,4096,2160,True,1
Heinola,heinola_DJI_0025_frame194,images/Heinola/heinola_DJI_0025_frame194.jpg,labels/Heinola/heinola_DJI_0025_frame194.txt,location,4096,2160,True,1
Heinola,heinola_DJI_0025_frame195,images/Heinola/heinola_DJI_0025_frame195.jpg,labels/Heinola/heinola_DJI_0025_frame195.txt,location,4096,2160,True,1
Heinola,heinola_DJI_0025_frame196,images/Heinola/heinola_DJI_0025_frame196.jpg,labels/Heinola/heinola_DJI_0025_frame196.txt,location,4096,2160,True,1
Heinola,heinola_DJI_0025_frame197,images/Heinola/heinola_DJI_0025_frame197.jpg,labels/Heinola/heinola_DJI_0025_frame197.txt,location,4096,2160,True,1
Heinola,heinola_DJI_0025_frame198,images/Heinola/heinola_DJI_0025_frame198.jpg,labels/Heinola/heinola_DJI_0025_frame198.txt,location,4096,2160,True,1
Heinola,heinola_DJI_0025_frame199,images/Heinola/heinola_DJI_0025_frame199.jpg,labels/Heinola/heinola_DJI_0025_frame199.txt,location,4096,2160,True,1
Heinola,heinola_DJI_0025_frame2,images/Heinola/heinola_DJI_0025_frame2.jpg,labels/Heinola/heinola_DJI_0025_frame2.txt,location,4096,2160,True,1
Heinola,heinola_DJI_0025_frame20,images/Heinola/heinola_DJI_0025_frame20.jpg,labels/Heinola/heinola_DJI_0025_frame20.txt,location,4096,2160,True,1
Heinola,heinola_DJI_0025_frame200,images/Heinola/heinola_DJI_0025_frame200.jpg,labels/Heinola/heinola_DJI_0025_frame200.txt,location,4096,2160,True,1
Heinola,heinola_DJI_0025_frame201,images/Heinola/heinola_DJI_0025_frame201.jpg,labels/Heinola/heinola_DJI_0025_frame201.txt,location,4096,2160,True,1
Heinola,heinola_DJI_0025_frame21,images/Heinola/heinola_DJI_0025_frame21.jpg,labels/Heinola/heinola_DJI_0025_frame21.txt,location,4096,2160,True,1
Heinola,heinola_DJI_0025_frame22,images/Heinola/heinola_DJI_0025_frame22.jpg,labels/Heinola/heinola_DJI_0025_frame22.txt,location,4096,2160,True,1
Heinola,heinola_DJI_0025_frame23,images/Heinola/heinola_DJI_0025_frame23.jpg,labels/Heinola/heinola_DJI_0025_frame23.txt,location,4096,2160,True,1
Heinola,heinola_DJI_0025_frame24,images/Heinola/heinola_DJI_0025_frame24.jpg,labels/Heinola/heinola_DJI_0025_frame24.txt,location,4096,2160,True,1
Heinola,heinola_DJI_0025_frame25,images/Heinola/heinola_DJI_0025_frame25.jpg,labels/Heinola/heinola_DJI_0025_frame25.txt,location,4096,2160,True,1
Heinola,heinola_DJI_0025_frame26,images/Heinola/heinola_DJI_0025_frame26.jpg,labels/Heinola/heinola_DJI_0025_frame26.txt,location,4096,2160,True,1
Heinola,heinola_DJI_0025_frame27,images/Heinola/heinola_DJI_0025_frame27.jpg,labels/Heinola/heinola_DJI_0025_frame27.txt,location,4096,2160,True,1
Heinola,heinola_DJI_0025_frame28,images/Heinola/heinola_DJI_0025_frame28.jpg,labels/Heinola/heinola_DJI_0025_frame28.txt,location,4096,2160,True,1
Heinola,heinola_DJI_0025_frame29,images/Heinola/heinola_DJI_0025_frame29.jpg,labels/Heinola/heinola_DJI_0025_frame29.txt,location,4096,2160,True,1
Heinola,heinola_DJI_0025_frame3,images/Heinola/heinola_DJI_0025_frame3.jpg,labels/Heinola/heinola_DJI_0025_frame3.txt,location,4096,2160,True,1
Heinola,heinola_DJI_0025_frame30,images/Heinola/heinola_DJI_0025_frame30.jpg,labels/Heinola/heinola_DJI_0025_frame30.txt,location,4096,2160,True,1
Heinola,heinola_DJI_0025_frame31,images/Heinola/heinola_DJI_0025_frame31.jpg,labels/Heinola/heinola_DJI_0025_frame31.txt,location,4096,2160,True,1
Heinola,heinola_DJI_0025_frame32,images/Heinola/heinola_DJI_0025_frame32.jpg,labels/Heinola/heinola_DJI_0025_frame32.txt,location,4096,2160,True,1
Heinola,heinola_DJI_0025_frame33,images/Heinola/heinola_DJI_0025_frame33.jpg,labels/Heinola/heinola_DJI_0025_frame33.txt,location,4096,2160,True,1
Heinola,heinola_DJI_0025_frame34,images/Heinola/heinola_DJI_0025_frame34.jpg,labels/Heinola/heinola_DJI_0025_frame34.txt,location,4096,2160,True,1
Heinola,heinola_DJI_0025_frame35,images/Heinola/heinola_DJI_0025_frame35.jpg,labels/Heinola/heinola_DJI_0025_frame35.txt,location,4096,2160,True,1
Heinola,heinola_DJI_0025_frame36,images/Heinola/heinola_DJI_0025_frame36.jpg,labels/Heinola/heinola_DJI_0025_frame36.txt,location,4096,2160,True,1
Heinola,heinola_DJI_0025_frame37,images/Heinola/heinola_DJI_0025_frame37.jpg,labels/Heinola/heinola_DJI_0025_frame37.txt,location,4096,2160,True,1
Heinola,heinola_DJI_0025_frame38,images/Heinola/heinola_DJI_0025_frame38.jpg,labels/Heinola/heinola_DJI_0025_frame38.txt,location,4096,2160,True,1
Heinola,heinola_DJI_0025_frame39,images/Heinola/heinola_DJI_0025_frame39.jpg,labels/Heinola/heinola_DJI_0025_frame39.txt,location,4096,2160,True,1
Heinola,heinola_DJI_0025_frame4,images/Heinola/heinola_DJI_0025_frame4.jpg,labels/Heinola/heinola_DJI_0025_frame4.txt,location,4096,2160,True,1
Heinola,heinola_DJI_0025_frame40,images/Heinola/heinola_DJI_0025_frame40.jpg,labels/Heinola/heinola_DJI_0025_frame40.txt,location,4096,2160,True,1
Heinola,heinola_DJI_0025_frame41,images/Heinola/heinola_DJI_0025_frame41.jpg,labels/Heinola/heinola_DJI_0025_frame41.txt,location,4096,2160,True,1
Heinola,heinola_DJI_0025_frame42,images/Heinola/heinola_DJI_0025_frame42.jpg,labels/Heinola/heinola_DJI_0025_frame42.txt,location,4096,2160,True,1
Heinola,heinola_DJI_0025_frame43,images/Heinola/heinola_DJI_0025_frame43.jpg,labels/Heinola/heinola_DJI_0025_frame43.txt,location,4096,2160,True,1
Heinola,heinola_DJI_0025_frame44,images/Heinola/heinola_DJI_0025_frame44.jpg,labels/Heinola/heinola_DJI_0025_frame44.txt,location,4096,2160,True,1
Heinola,heinola_DJI_0025_frame45,images/Heinola/heinola_DJI_0025_frame45.jpg,labels/Heinola/heinola_DJI_0025_frame45.txt,location,4096,2160,True,1
Heinola,heinola_DJI_0025_frame46,images/Heinola/heinola_DJI_0025_frame46.jpg,labels/Heinola/heinola_DJI_0025_frame46.txt,location,4096,2160,True,1
Heinola,heinola_DJI_0025_frame47,images/Heinola/heinola_DJI_0025_frame47.jpg,labels/Heinola/heinola_DJI_0025_frame47.txt,location,4096,2160,True,1
Heinola,heinola_DJI_0025_frame48,images/Heinola/heinola_DJI_0025_frame48.jpg,labels/Heinola/heinola_DJI_0025_frame48.txt,location,4096,2160,True,1
Heinola,heinola_DJI_0025_frame49,images/Heinola/heinola_DJI_0025_frame49.jpg,labels/Heinola/heinola_DJI_0025_frame49.txt,location,4096,2160,True,1
Heinola,heinola_DJI_0025_frame5,images/Heinola/heinola_DJI_0025_frame5.jpg,labels/Heinola/heinola_DJI_0025_frame5.txt,location,4096,2160,True,1
Heinola,heinola_DJI_0025_frame50,images/Heinola/heinola_DJI_0025_frame50.jpg,labels/Heinola/heinola_DJI_0025_frame50.txt,location,4096,2160,True,1
Heinola,heinola_DJI_0025_frame51,images/Heinola/heinola_DJI_0025_frame51.jpg,labels/Heinola/heinola_DJI_0025_frame51.txt,location,4096,2160,True,1
Heinola,heinola_DJI_0025_frame52,images/Heinola/heinola_DJI_0025_frame52.jpg,labels/Heinola/heinola_DJI_0025_frame52.txt,location,4096,2160,True,1
Heinola,heinola_DJI_0025_frame53,images/Heinola/heinola_DJI_0025_frame53.jpg,labels/Heinola/heinola_DJI_0025_frame53.txt,location,4096,2160,True,1
Heinola,heinola_DJI_0025_frame54,images/Heinola/heinola_DJI_0025_frame54.jpg,labels/Heinola/heinola_DJI_0025_frame54.txt,location,4096,2160,True,1
Heinola,heinola_DJI_0025_frame55,images/Heinola/heinola_DJI_0025_frame55.jpg,labels/Heinola/heinola_DJI_0025_frame55.txt,location,4096,2160,True,1
Heinola,heinola_DJI_0025_frame56,images/Heinola/heinola_DJI_0025_frame56.jpg,labels/Heinola/heinola_DJI_0025_frame56.txt,location,4096,2160,True,1
Heinola,heinola_DJI_0025_frame57,images/Heinola/heinola_DJI_0025_frame57.jpg,labels/Heinola/heinola_DJI_0025_frame57.txt,location,4096,2160,True,1
Heinola,heinola_DJI_0025_frame58,images/Heinola/heinola_DJI_0025_frame58.jpg,labels/Heinola/heinola_DJI_0025_frame58.txt,location,4096,2160,True,1
Heinola,heinola_DJI_0025_frame59,images/Heinola/heinola_DJI_0025_frame59.jpg,labels/Heinola/heinola_DJI_0025_frame59.txt,location,4096,2160,True,1
Heinola,heinola_DJI_0025_frame6,images/Heinola/heinola_DJI_0025_frame6.jpg,labels/Heinola/heinola_DJI_0025_frame6.txt,location,4096,2160,True,1
Heinola,heinola_DJI_0025_frame60,images/Heinola/heinola_DJI_0025_frame60.jpg,labels/Heinola/heinola_DJI_0025_frame60.txt,location,4096,2160,True,1
Heinola,heinola_DJI_0025_frame61,images/Heinola/heinola_DJI_0025_frame61.jpg,labels/Heinola/heinola_DJI_0025_frame61.txt,location,4096,2160,True,1
Heinola,heinola_DJI_0025_frame62,images/Heinola/heinola_DJI_0025_frame62.jpg,labels/Heinola/heinola_DJI_0025_frame62.txt,location,4096,2160,True,1
Heinola,heinola_DJI_0025_frame63,images/Heinola/heinola_DJI_0025_frame63.jpg,labels/Heinola/heinola_DJI_0025_frame63.txt,location,4096,2160,True,1
Heinola,heinola_DJI_0025_frame64,images/Heinola/heinola_DJI_0025_frame64.jpg,labels/Heinola/heinola_DJI_0025_frame64.txt,location,4096,2160,True,1
Heinola,heinola_DJI_0025_frame65,images/Heinola/heinola_DJI_0025_frame65.jpg,labels/Heinola/heinola_DJI_0025_frame65.txt,location,4096,2160,True,1
Heinola,heinola_DJI_0025_frame66,images/Heinola/heinola_DJI_0025_frame66.jpg,labels/Heinola/heinola_DJI_0025_frame66.txt,location,4096,2160,True,1
Heinola,heinola_DJI_0025_frame67,images/Heinola/heinola_DJI_0025_frame67.jpg,labels/Heinola/heinola_DJI_0025_frame67.txt,location,4096,2160,True,1
Heinola,heinola_DJI_0025_frame68,images/Heinola/heinola_DJI_0025_frame68.jpg,labels/Heinola/heinola_DJI_0025_frame68.txt,location,4096,2160,True,1
Heinola,heinola_DJI_0025_frame69,images/Heinola/heinola_DJI_0025_frame69.jpg,labels/Heinola/heinola_DJI_0025_frame69.txt,location,4096,2160,True,1
Heinola,heinola_DJI_0025_frame7,images/Heinola/heinola_DJI_0025_frame7.jpg,labels/Heinola/heinola_DJI_0025_frame7.txt,location,4096,2160,True,1
Heinola,heinola_DJI_0025_frame70,images/Heinola/heinola_DJI_0025_frame70.jpg,labels/Heinola/heinola_DJI_0025_frame70.txt,location,4096,2160,True,1
Heinola,heinola_DJI_0025_frame71,images/Heinola/heinola_DJI_0025_frame71.jpg,labels/Heinola/heinola_DJI_0025_frame71.txt,location,4096,2160,True,1
Heinola,heinola_DJI_0025_frame72,images/Heinola/heinola_DJI_0025_frame72.jpg,labels/Heinola/heinola_DJI_0025_frame72.txt,location,4096,2160,True,1
Heinola,heinola_DJI_0025_frame73,images/Heinola/heinola_DJI_0025_frame73.jpg,labels/Heinola/heinola_DJI_0025_frame73.txt,location,4096,2160,True,1
Heinola,heinola_DJI_0025_frame74,images/Heinola/heinola_DJI_0025_frame74.jpg,labels/Heinola/heinola_DJI_0025_frame74.txt,location,4096,2160,True,1
Heinola,heinola_DJI_0025_frame75,images/Heinola/heinola_DJI_0025_frame75.jpg,labels/Heinola/heinola_DJI_0025_frame75.txt,location,4096,2160,True,1
Heinola,heinola_DJI_0025_frame76,images/Heinola/heinola_DJI_0025_frame76.jpg,labels/Heinola/heinola_DJI_0025_frame76.txt,location,4096,2160,True,1
Heinola,heinola_DJI_0025_frame77,images/Heinola/heinola_DJI_0025_frame77.jpg,labels/Heinola/heinola_DJI_0025_frame77.txt,location,4096,2160,True,1
Heinola,heinola_DJI_0025_frame78,images/Heinola/heinola_DJI_0025_frame78.jpg,labels/Heinola/heinola_DJI_0025_frame78.txt,location,4096,2160,True,1
Heinola,heinola_DJI_0025_frame79,images/Heinola/heinola_DJI_0025_frame79.jpg,labels/Heinola/heinola_DJI_0025_frame79.txt,location,4096,2160,True,1
Heinola,heinola_DJI_0025_frame8,images/Heinola/heinola_DJI_0025_frame8.jpg,labels/Heinola/heinola_DJI_0025_frame8.txt,location,4096,2160,True,1
Heinola,heinola_DJI_0025_frame80,images/Heinola/heinola_DJI_0025_frame80.jpg,labels/Heinola/heinola_DJI_0025_frame80.txt,location,4096,2160,True,1
Heinola,heinola_DJI_0025_frame81,images/Heinola/heinola_DJI_0025_frame81.jpg,labels/Heinola/heinola_DJI_0025_frame81.txt,location,4096,2160,True,1
Heinola,heinola_DJI_0025_frame82,images/Heinola/heinola_DJI_0025_frame82.jpg,labels/Heinola/heinola_DJI_0025_frame82.txt,location,4096,2160,True,1
Heinola,heinola_DJI_0025_frame83,images/Heinola/heinola_DJI_0025_frame83.jpg,labels/Heinola/heinola_DJI_0025_frame83.txt,location,4096,2160,True,1
Heinola,heinola_DJI_0025_frame84,images/Heinola/heinola_DJI_0025_frame84.jpg,labels/Heinola/heinola_DJI_0025_frame84.txt,location,4096,2160,True,1
Heinola,heinola_DJI_0025_frame85,images/Heinola/heinola_DJI_0025_frame85.jpg,labels/Heinola/heinola_DJI_0025_frame85.txt,location,4096,2160,True,1
Heinola,heinola_DJI_0025_frame86,images/Heinola/heinola_DJI_0025_frame86.jpg,labels/Heinola/heinola_DJI_0025_frame86.txt,location,4096,2160,True,1
Heinola,heinola_DJI_0025_frame87,images/Heinola/heinola_DJI_0025_frame87.jpg,labels/Heinola/heinola_DJI_0025_frame87.txt,location,4096,2160,True,1
Heinola,heinola_DJI_0025_frame88,images/Heinola/heinola_DJI_0025_frame88.jpg,labels/Heinola/heinola_DJI_0025_frame88.txt,location,4096,2160,True,1
Heinola,heinola_DJI_0025_frame89,images/Heinola/heinola_DJI_0025_frame89.jpg,labels/Heinola/heinola_DJI_0025_frame89.txt,location,4096,2160,True,1
Heinola,heinola_DJI_0025_frame9,images/Heinola/heinola_DJI_0025_frame9.jpg,labels/Heinola/heinola_DJI_0025_frame9.txt,location,4096,2160,True,1
Heinola,heinola_DJI_0025_frame90,images/Heinola/heinola_DJI_0025_frame90.jpg,labels/Heinola/heinola_DJI_0025_frame90.txt,location,4096,2160,True,1
Heinola,heinola_DJI_0025_frame91,images/Heinola/heinola_DJI_0025_frame91.jpg,labels/Heinola/heinola_DJI_0025_frame91.txt,location,4096,2160,True,1
Heinola,heinola_DJI_0025_frame92,images/Heinola/heinola_DJI_0025_frame92.jpg,labels/Heinola/heinola_DJI_0025_frame92.txt,location,4096,2160,True,1
Heinola,heinola_DJI_0025_frame93,images/Heinola/heinola_DJI_0025_frame93.jpg,labels/Heinola/heinola_DJI_0025_frame93.txt,location,4096,2160,True,1
Heinola,heinola_DJI_0025_frame94,images/Heinola/heinola_DJI_0025_frame94.jpg,labels/Heinola/heinola_DJI_0025_frame94.txt,location,4096,2160,True,1
Heinola,heinola_DJI_0025_frame95,images/Heinola/heinola_DJI_0025_frame95.jpg,labels/Heinola/heinola_DJI_0025_frame95.txt,location,4096,2160,True,1
Heinola,heinola_DJI_0025_frame96,images/Heinola/heinola_DJI_0025_frame96.jpg,labels/Heinola/heinola_DJI_0025_frame96.txt,location,4096,2160,True,1
Heinola,heinola_DJI_0025_frame97,images/Heinola/heinola_DJI_0025_frame97.jpg,labels/Heinola/heinola_DJI_0025_frame97.txt,location,4096,2160,True,1
Heinola,heinola_DJI_0025_frame98,images/Heinola/heinola_DJI_0025_frame98.jpg,labels/Heinola/heinola_DJI_0025_frame98.txt,location,4096,2160,True,1
Heinola,heinola_DJI_0025_frame99,images/Heinola/heinola_DJI_0025_frame99.jpg,labels/Heinola/heinola_DJI_0025_frame99.txt,location,4096,2160,True,1
Heinola,heinola_DJI_0028_frame15,images/Heinola/heinola_DJI_0028_frame15.jpg,labels/Heinola/heinola_DJI_0028_frame15.txt,location,4096,2160,True,1
Heinola,heinola_DJI_0028_frame153,images/Heinola/heinola_DJI_0028_frame153.jpg,labels/Heinola/heinola_DJI_0028_frame153.txt,location,4096,2160,True,1
Heinola,heinola_DJI_0028_frame154,images/Heinola/heinola_DJI_0028_frame154.jpg,labels/Heinola/heinola_DJI_0028_frame154.txt,location,4096,2160,True,1
Heinola,heinola_DJI_0028_frame155,images/Heinola/heinola_DJI_0028_frame155.jpg,labels/Heinola/heinola_DJI_0028_frame155.txt,location,4096,2160,True,1
Heinola,heinola_DJI_0028_frame156,images/Heinola/heinola_DJI_0028_frame156.jpg,labels/Heinola/heinola_DJI_0028_frame156.txt,location,4096,2160,True,1
Heinola,heinola_DJI_0028_frame157,images/Heinola/heinola_DJI_0028_frame157.jpg,labels/Heinola/heinola_DJI_0028_frame157.txt,location,4096,2160,True,1
Heinola,heinola_DJI_0028_frame158,images/Heinola/heinola_DJI_0028_frame158.jpg,labels/Heinola/heinola_DJI_0028_frame158.txt,location,4096,2160,True,1
Heinola,heinola_DJI_0028_frame159,images/Heinola/heinola_DJI_0028_frame159.jpg,labels/Heinola/heinola_DJI_0028_frame159.txt,location,4096,2160,True,1
Heinola,heinola_DJI_0028_frame16,images/Heinola/heinola_DJI_0028_frame16.jpg,labels/Heinola/heinola_DJI_0028_frame16.txt,location,4096,2160,True,1
Heinola,heinola_DJI_0028_frame160,images/Heinola/heinola_DJI_0028_frame160.jpg,labels/Heinola/heinola_DJI_0028_frame160.txt,location,4096,2160,True,1
Heinola,heinola_DJI_0028_frame161,images/Heinola/heinola_DJI_0028_frame161.jpg,labels/Heinola/heinola_DJI_0028_frame161.txt,location,4096,2160,True,1
Heinola,heinola_DJI_0028_frame162,images/Heinola/heinola_DJI_0028_frame162.jpg,labels/Heinola/heinola_DJI_0028_frame162.txt,location,4096,2160,True,1
Heinola,heinola_DJI_0028_frame163,images/Heinola/heinola_DJI_0028_frame163.jpg,labels/Heinola/heinola_DJI_0028_frame163.txt,location,4096,2160,True,1
Heinola,heinola_DJI_0028_frame164,images/Heinola/heinola_DJI_0028_frame164.jpg,labels/Heinola/heinola_DJI_0028_frame164.txt,location,4096,2160,True,1
Heinola,heinola_DJI_0028_frame165,images/Heinola/heinola_DJI_0028_frame165.jpg,labels/Heinola/heinola_DJI_0028_frame165.txt,location,4096,2160,True,1
Heinola,heinola_DJI_0028_frame166,images/Heinola/heinola_DJI_0028_frame166.jpg,labels/Heinola/heinola_DJI_0028_frame166.txt,location,4096,2160,True,1
Heinola,heinola_DJI_0028_frame167,images/Heinola/heinola_DJI_0028_frame167.jpg,labels/Heinola/heinola_DJI_0028_frame167.txt,location,4096,2160,True,1
Heinola,heinola_DJI_0028_frame168,images/Heinola/heinola_DJI_0028_frame168.jpg,labels/Heinola/heinola_DJI_0028_frame168.txt,location,4096,2160,True,1
Heinola,heinola_DJI_0028_frame169,images/Heinola/heinola_DJI_0028_frame169.jpg,labels/Heinola/heinola_DJI_0028_frame169.txt,location,4096,2160,True,1
Heinola,heinola_DJI_0028_frame17,images/Heinola/heinola_DJI_0028_frame17.jpg,labels/Heinola/heinola_DJI_0028_frame17.txt,location,4096,2160,True,1
Heinola,heinola_DJI_0028_frame170,images/Heinola/heinola_DJI_0028_frame170.jpg,labels/Heinola/heinola_DJI_0028_frame170.txt,location,4096,2160,True,1
Heinola,heinola_DJI_0028_frame171,images/Heinola/heinola_DJI_0028_frame171.jpg,labels/Heinola/heinola_DJI_0028_frame171.txt,location,4096,2160,True,1
Heinola,heinola_DJI_0028_frame172,images/Heinola/heinola_DJI_0028_frame172.jpg,labels/Heinola/heinola_DJI_0028_frame172.txt,location,4096,2160,True,1
Heinola,heinola_DJI_0028_frame173,images/Heinola/heinola_DJI_0028_frame173.jpg,labels/Heinola/heinola_DJI_0028_frame173.txt,location,4096,2160,True,1
Heinola,heinola_DJI_0028_frame174,images/Heinola/heinola_DJI_0028_frame174.jpg,labels/Heinola/heinola_DJI_0028_frame174.txt,location,4096,2160,True,1
Heinola,heinola_DJI_0028_frame175,images/Heinola/heinola_DJI_0028_frame175.jpg,labels/Heinola/heinola_DJI_0028_frame175.txt,location,4096,2160,True,1
Heinola,heinola_DJI_0028_frame176,images/Heinola/heinola_DJI_0028_frame176.jpg,labels/Heinola/heinola_DJI_0028_frame176.txt,location,4096,2160,True,1
Heinola,heinola_DJI_0028_frame177,images/Heinola/heinola_DJI_0028_frame177.jpg,labels/Heinola/heinola_DJI_0028_frame177.txt,location,4096,2160,True,1
Heinola,heinola_DJI_0028_frame178,images/Heinola/heinola_DJI_0028_frame178.jpg,labels/Heinola/heinola_DJI_0028_frame178.txt,location,4096,2160,True,1
Heinola,heinola_DJI_0028_frame179,images/Heinola/heinola_DJI_0028_frame179.jpg,labels/Heinola/heinola_DJI_0028_frame179.txt,location,4096,2160,True,1
Heinola,heinola_DJI_0028_frame18,images/Heinola/heinola_DJI_0028_frame18.jpg,labels/Heinola/heinola_DJI_0028_frame18.txt,location,4096,2160,True,1
Heinola,heinola_DJI_0028_frame180,images/Heinola/heinola_DJI_0028_frame180.jpg,labels/Heinola/heinola_DJI_0028_frame180.txt,location,4096,2160,True,1
Heinola,heinola_DJI_0028_frame181,images/Heinola/heinola_DJI_0028_frame181.jpg,labels/Heinola/heinola_DJI_0028_frame181.txt,location,4096,2160,True,1
Heinola,heinola_DJI_0028_frame182,images/Heinola/heinola_DJI_0028_frame182.jpg,labels/Heinola/heinola_DJI_0028_frame182.txt,location,4096,2160,True,1
Heinola,heinola_DJI_0028_frame183,images/Heinola/heinola_DJI_0028_frame183.jpg,labels/Heinola/heinola_DJI_0028_frame183.txt,location,4096,2160,True,1
Heinola,heinola_DJI_0028_frame184,images/Heinola/heinola_DJI_0028_frame184.jpg,labels/Heinola/heinola_DJI_0028_frame184.txt,location,4096,2160,True,1
Heinola,heinola_DJI_0028_frame185,images/Heinola/heinola_DJI_0028_frame185.jpg,labels/Heinola/heinola_DJI_0028_frame185.txt,location,4096,2160,True,1
Heinola,heinola_DJI_0028_frame186,images/Heinola/heinola_DJI_0028_frame186.jpg,labels/Heinola/heinola_DJI_0028_frame186.txt,location,4096,2160,True,1
Heinola,heinola_DJI_0028_frame187,images/Heinola/heinola_DJI_0028_frame187.jpg,labels/Heinola/heinola_DJI_0028_frame187.txt,location,4096,2160,True,1
Heinola,heinola_DJI_0028_frame19,images/Heinola/heinola_DJI_0028_frame19.jpg,labels/Heinola/heinola_DJI_0028_frame19.txt,location,4096,2160,True,1
Heinola,heinola_DJI_0028_frame20,images/Heinola/heinola_DJI_0028_frame20.jpg,labels/Heinola/heinola_DJI_0028_frame20.txt,location,4096,2160,True,1
Heinola,heinola_DJI_0028_frame21,images/Heinola/heinola_DJI_0028_frame21.jpg,labels/Heinola/heinola_DJI_0028_frame21.txt,location,4096,2160,True,1
Heinola,heinola_DJI_0028_frame22,images/Heinola/heinola_DJI_0028_frame22.jpg,labels/Heinola/heinola_DJI_0028_frame22.txt,location,4096,2160,True,1
Heinola,heinola_DJI_0028_frame23,images/Heinola/heinola_DJI_0028_frame23.jpg,labels/Heinola/heinola_DJI_0028_frame23.txt,location,4096,2160,True,1
Heinola,heinola_DJI_0028_frame24,images/Heinola/heinola_DJI_0028_frame24.jpg,labels/Heinola/heinola_DJI_0028_frame24.txt,location,4096,2160,True,1
Heinola,heinola_DJI_0028_frame244,images/Heinola/heinola_DJI_0028_frame244.jpg,labels/Heinola/heinola_DJI_0028_frame244.txt,location,4096,2160,True,1
Heinola,heinola_DJI_0028_frame245,images/Heinola/heinola_DJI_0028_frame245.jpg,labels/Heinola/heinola_DJI_0028_frame245.txt,location,4096,2160,True,1
Heinola,heinola_DJI_0028_frame246,images/Heinola/heinola_DJI_0028_frame246.jpg,labels/Heinola/heinola_DJI_0028_frame246.txt,location,4096,2160,True,1
Heinola,heinola_DJI_0028_frame247,images/Heinola/heinola_DJI_0028_frame247.jpg,labels/Heinola/heinola_DJI_0028_frame247.txt,location,4096,2160,True,1
Heinola,heinola_DJI_0028_frame248,images/Heinola/heinola_DJI_0028_frame248.jpg,labels/Heinola/heinola_DJI_0028_frame248.txt,location,4096,2160,True,1
Heinola,heinola_DJI_0028_frame249,images/Heinola/heinola_DJI_0028_frame249.jpg,labels/Heinola/heinola_DJI_0028_frame249.txt,location,4096,2160,True,1
Heinola,heinola_DJI_0028_frame25,images/Heinola/heinola_DJI_0028_frame25.jpg,labels/Heinola/heinola_DJI_0028_frame25.txt,location,4096,2160,True,1
Heinola,heinola_DJI_0028_frame250,images/Heinola/heinola_DJI_0028_frame250.jpg,labels/Heinola/heinola_DJI_0028_frame250.txt,location,4096,2160,True,1
Heinola,heinola_DJI_0028_frame251,images/Heinola/heinola_DJI_0028_frame251.jpg,labels/Heinola/heinola_DJI_0028_frame251.txt,location,4096,2160,True,1
Heinola,heinola_DJI_0028_frame252,images/Heinola/heinola_DJI_0028_frame252.jpg,labels/Heinola/heinola_DJI_0028_frame252.txt,location,4096,2160,True,1
Heinola,heinola_DJI_0028_frame253,images/Heinola/heinola_DJI_0028_frame253.jpg,labels/Heinola/heinola_DJI_0028_frame253.txt,location,4096,2160,True,1
Heinola,heinola_DJI_0028_frame254,images/Heinola/heinola_DJI_0028_frame254.jpg,labels/Heinola/heinola_DJI_0028_frame254.txt,location,4096,2160,True,1
Heinola,heinola_DJI_0028_frame255,images/Heinola/heinola_DJI_0028_frame255.jpg,labels/Heinola/heinola_DJI_0028_frame255.txt,location,4096,2160,True,1
Heinola,heinola_DJI_0028_frame256,images/Heinola/heinola_DJI_0028_frame256.jpg,labels/Heinola/heinola_DJI_0028_frame256.txt,location,4096,2160,True,1
Heinola,heinola_DJI_0028_frame257,images/Heinola/heinola_DJI_0028_frame257.jpg,labels/Heinola/heinola_DJI_0028_frame257.txt,location,4096,2160,True,1
Heinola,heinola_DJI_0028_frame258,images/Heinola/heinola_DJI_0028_frame258.jpg,labels/Heinola/heinola_DJI_0028_frame258.txt,location,4096,2160,True,1
Heinola,heinola_DJI_0028_frame259,images/Heinola/heinola_DJI_0028_frame259.jpg,labels/Heinola/heinola_DJI_0028_frame259.txt,location,4096,2160,True,1
Heinola,heinola_DJI_0028_frame26,images/Heinola/heinola_DJI_0028_frame26.jpg,labels/Heinola/heinola_DJI_0028_frame26.txt,location,4096,2160,True,1
Heinola,heinola_DJI_0028_frame260,images/Heinola/heinola_DJI_0028_frame260.jpg,labels/Heinola/heinola_DJI_0028_frame260.txt,location,4096,2160,True,1
Heinola,heinola_DJI_0028_frame261,images/Heinola/heinola_DJI_0028_frame261.jpg,labels/Heinola/heinola_DJI_0028_frame261.txt,location,4096,2160,True,1
Heinola,heinola_DJI_0028_frame262,images/Heinola/heinola_DJI_0028_frame262.jpg,labels/Heinola/heinola_DJI_0028_frame262.txt,location,4096,2160,True,1
Heinola,heinola_DJI_0028_frame263,images/Heinola/heinola_DJI_0028_frame263.jpg,labels/Heinola/heinola_DJI_0028_frame263.txt,location,4096,2160,True,1
Heinola,heinola_DJI_0028_frame264,images/Heinola/heinola_DJI_0028_frame264.jpg,labels/Heinola/heinola_DJI_0028_frame264.txt,location,4096,2160,True,1
Heinola,heinola_DJI_0028_frame265,images/Heinola/heinola_DJI_0028_frame265.jpg,labels/Heinola/heinola_DJI_0028_frame265.txt,location,4096,2160,True,1
Heinola,heinola_DJI_0028_frame266,images/Heinola/heinola_DJI_0028_frame266.jpg,labels/Heinola/heinola_DJI_0028_frame266.txt,location,4096,2160,True,1
Heinola,heinola_DJI_0028_frame267,images/Heinola/heinola_DJI_0028_frame267.jpg,labels/Heinola/heinola_DJI_0028_frame267.txt,location,4096,2160,True,1
Heinola,heinola_DJI_0028_frame268,images/Heinola/heinola_DJI_0028_frame268.jpg,labels/Heinola/heinola_DJI_0028_frame268.txt,location,4096,2160,True,1
Heinola,heinola_DJI_0028_frame269,images/Heinola/heinola_DJI_0028_frame269.jpg,labels/Heinola/heinola_DJI_0028_frame269.txt,location,4096,2160,True,1
Heinola,heinola_DJI_0028_frame27,images/Heinola/heinola_DJI_0028_frame27.jpg,labels/Heinola/heinola_DJI_0028_frame27.txt,location,4096,2160,True,1
Heinola,heinola_DJI_0028_frame270,images/Heinola/heinola_DJI_0028_frame270.jpg,labels/Heinola/heinola_DJI_0028_frame270.txt,location,4096,2160,True,1
Heinola,heinola_DJI_0028_frame271,images/Heinola/heinola_DJI_0028_frame271.jpg,labels/Heinola/heinola_DJI_0028_frame271.txt,location,4096,2160,True,1
Heinola,heinola_DJI_0028_frame272,images/Heinola/heinola_DJI_0028_frame272.jpg,labels/Heinola/heinola_DJI_0028_frame272.txt,location,4096,2160,True,1
Heinola,heinola_DJI_0028_frame273,images/Heinola/heinola_DJI_0028_frame273.jpg,labels/Heinola/heinola_DJI_0028_frame273.txt,location,4096,2160,True,1
Heinola,heinola_DJI_0028_frame274,images/Heinola/heinola_DJI_0028_frame274.jpg,labels/Heinola/heinola_DJI_0028_frame274.txt,location,4096,2160,True,1
Heinola,heinola_DJI_0028_frame275,images/Heinola/heinola_DJI_0028_frame275.jpg,labels/Heinola/heinola_DJI_0028_frame275.txt,location,4096,2160,True,1
Heinola,heinola_DJI_0028_frame276,images/Heinola/heinola_DJI_0028_frame276.jpg,labels/Heinola/heinola_DJI_0028_frame276.txt,location,4096,2160,True,1
Heinola,heinola_DJI_0028_frame277,images/Heinola/heinola_DJI_0028_frame277.jpg,labels/Heinola/heinola_DJI_0028_frame277.txt,location,4096,2160,True,1
Heinola,heinola_DJI_0028_frame278,images/Heinola/heinola_DJI_0028_frame278.jpg,labels/Heinola/heinola_DJI_0028_frame278.txt,location,4096,2160,True,1
Heinola,heinola_DJI_0028_frame279,images/Heinola/heinola_DJI_0028_frame279.jpg,labels/Heinola/heinola_DJI_0028_frame279.txt,location,4096,2160,True,1
Heinola,heinola_DJI_0028_frame28,images/Heinola/heinola_DJI_0028_frame28.jpg,labels/Heinola/heinola_DJI_0028_frame28.txt,location,4096,2160,True,1
Heinola,heinola_DJI_0028_frame280,images/Heinola/heinola_DJI_0028_frame280.jpg,labels/Heinola/heinola_DJI_0028_frame280.txt,location,4096,2160,True,1
Heinola,heinola_DJI_0028_frame281,images/Heinola/heinola_DJI_0028_frame281.jpg,labels/Heinola/heinola_DJI_0028_frame281.txt,location,4096,2160,True,1
Heinola,heinola_DJI_0028_frame282,images/Heinola/heinola_DJI_0028_frame282.jpg,labels/Heinola/heinola_DJI_0028_frame282.txt,location,4096,2160,True,1
Heinola,heinola_DJI_0028_frame283,images/Heinola/heinola_DJI_0028_frame283.jpg,labels/Heinola/heinola_DJI_0028_frame283.txt,location,4096,2160,True,1
Heinola,heinola_DJI_0028_frame284,images/Heinola/heinola_DJI_0028_frame284.jpg,labels/Heinola/heinola_DJI_0028_frame284.txt,location,4096,2160,True,1
Heinola,heinola_DJI_0028_frame285,images/Heinola/heinola_DJI_0028_frame285.jpg,labels/Heinola/heinola_DJI_0028_frame285.txt,location,4096,2160,True,1
Heinola,heinola_DJI_0028_frame286,images/Heinola/heinola_DJI_0028_frame286.jpg,labels/Heinola/heinola_DJI_0028_frame286.txt,location,4096,2160,True,1
Heinola,heinola_DJI_0028_frame287,images/Heinola/heinola_DJI_0028_frame287.jpg,labels/Heinola/heinola_DJI_0028_frame287.txt,location,4096,2160,True,1
Heinola,heinola_DJI_0028_frame288,images/Heinola/heinola_DJI_0028_frame288.jpg,labels/Heinola/heinola_DJI_0028_frame288.txt,location,4096,2160,True,1
Heinola,heinola_DJI_0028_frame289,images/Heinola/heinola_DJI_0028_frame289.jpg,labels/Heinola/heinola_DJI_0028_frame289.txt,location,4096,2160,True,1
Heinola,heinola_DJI_0028_frame29,images/Heinola/heinola_DJI_0028_frame29.jpg,labels/Heinola/heinola_DJI_0028_frame29.txt,location,4096,2160,True,1
Heinola,heinola_DJI_0028_frame290,images/Heinola/heinola_DJI_0028_frame290.jpg,labels/Heinola/heinola_DJI_0028_frame290.txt,location,4096,2160,True,1
Heinola,heinola_DJI_0028_frame291,images/Heinola/heinola_DJI_0028_frame291.jpg,labels/Heinola/heinola_DJI_0028_frame291.txt,location,4096,2160,True,1
Heinola,heinola_DJI_0028_frame292,images/Heinola/heinola_DJI_0028_frame292.jpg,labels/Heinola/heinola_DJI_0028_frame292.txt,location,4096,2160,True,1
Heinola,heinola_DJI_0028_frame293,images/Heinola/heinola_DJI_0028_frame293.jpg,labels/Heinola/heinola_DJI_0028_frame293.txt,location,4096,2160,True,1
Heinola,heinola_DJI_0028_frame294,images/Heinola/heinola_DJI_0028_frame294.jpg,labels/Heinola/heinola_DJI_0028_frame294.txt,location,4096,2160,True,1
Heinola,heinola_DJI_0028_frame295,images/Heinola/heinola_DJI_0028_frame295.jpg,labels/Heinola/heinola_DJI_0028_frame295.txt,location,4096,2160,True,1
Heinola,heinola_DJI_0028_frame296,images/Heinola/heinola_DJI_0028_frame296.jpg,labels/Heinola/heinola_DJI_0028_frame296.txt,location,4096,2160,True,1
Heinola,heinola_DJI_0028_frame297,images/Heinola/heinola_DJI_0028_frame297.jpg,labels/Heinola/heinola_DJI_0028_frame297.txt,location,4096,2160,True,1
Heinola,heinola_DJI_0028_frame298,images/Heinola/heinola_DJI_0028_frame298.jpg,labels/Heinola/heinola_DJI_0028_frame298.txt,location,4096,2160,True,1
Heinola,heinola_DJI_0028_frame299,images/Heinola/heinola_DJI_0028_frame299.jpg,labels/Heinola/heinola_DJI_0028_frame299.txt,location,4096,2160,True,1
Heinola,heinola_DJI_0028_frame30,images/Heinola/heinola_DJI_0028_frame30.jpg,labels/Heinola/heinola_DJI_0028_frame30.txt,location,4096,2160,True,1
Heinola,heinola_DJI_0028_frame300,images/Heinola/heinola_DJI_0028_frame300.jpg,labels/Heinola/heinola_DJI_0028_frame300.txt,location,4096,2160,True,1
Heinola,heinola_DJI_0028_frame301,images/Heinola/heinola_DJI_0028_frame301.jpg,labels/Heinola/heinola_DJI_0028_frame301.txt,location,4096,2160,True,1
Heinola,heinola_DJI_0028_frame302,images/Heinola/heinola_DJI_0028_frame302.jpg,labels/Heinola/heinola_DJI_0028_frame302.txt,location,4096,2160,True,1
Heinola,heinola_DJI_0028_frame303,images/Heinola/heinola_DJI_0028_frame303.jpg,labels/Heinola/heinola_DJI_0028_frame303.txt,location,4096,2160,True,1
Heinola,heinola_DJI_0028_frame304,images/Heinola/heinola_DJI_0028_frame304.jpg,labels/Heinola/heinola_DJI_0028_frame304.txt,location,4096,2160,True,1
Heinola,heinola_DJI_0028_frame305,images/Heinola/heinola_DJI_0028_frame305.jpg,labels/Heinola/heinola_DJI_0028_frame305.txt,location,4096,2160,True,1
Heinola,heinola_DJI_0028_frame306,images/Heinola/heinola_DJI_0028_frame306.jpg,labels/Heinola/heinola_DJI_0028_frame306.txt,location,4096,2160,True,1
Heinola,heinola_DJI_0028_frame307,images/Heinola/heinola_DJI_0028_frame307.jpg,labels/Heinola/heinola_DJI_0028_frame307.txt,location,4096,2160,True,1
Heinola,heinola_DJI_0028_frame308,images/Heinola/heinola_DJI_0028_frame308.jpg,labels/Heinola/heinola_DJI_0028_frame308.txt,location,4096,2160,True,1
Heinola,heinola_DJI_0028_frame309,images/Heinola/heinola_DJI_0028_frame309.jpg,labels/Heinola/heinola_DJI_0028_frame309.txt,location,4096,2160,True,1
Heinola,heinola_DJI_0028_frame31,images/Heinola/heinola_DJI_0028_frame31.jpg,labels/Heinola/heinola_DJI_0028_frame31.txt,location,4096,2160,True,1
Heinola,heinola_DJI_0028_frame310,images/Heinola/heinola_DJI_0028_frame310.jpg,labels/Heinola/heinola_DJI_0028_frame310.txt,location,4096,2160,True,1
Heinola,heinola_DJI_0028_frame311,images/Heinola/heinola_DJI_0028_frame311.jpg,labels/Heinola/heinola_DJI_0028_frame311.txt,location,4096,2160,True,1
Heinola,heinola_DJI_0028_frame312,images/Heinola/heinola_DJI_0028_frame312.jpg,labels/Heinola/heinola_DJI_0028_frame312.txt,location,4096,2160,True,1
Heinola,heinola_DJI_0028_frame313,images/Heinola/heinola_DJI_0028_frame313.jpg,labels/Heinola/heinola_DJI_0028_frame313.txt,location,4096,2160,True,1
Heinola,heinola_DJI_0028_frame314,images/Heinola/heinola_DJI_0028_frame314.jpg,labels/Heinola/heinola_DJI_0028_frame314.txt,location,4096,2160,True,1
Heinola,heinola_DJI_0028_frame315,images/Heinola/heinola_DJI_0028_frame315.jpg,labels/Heinola/heinola_DJI_0028_frame315.txt,location,4096,2160,True,1
Heinola,heinola_DJI_0028_frame316,images/Heinola/heinola_DJI_0028_frame316.jpg,labels/Heinola/heinola_DJI_0028_frame316.txt,location,4096,2160,True,1
Heinola,heinola_DJI_0028_frame317,images/Heinola/heinola_DJI_0028_frame317.jpg,labels/Heinola/heinola_DJI_0028_frame317.txt,location,4096,2160,True,7
Heinola,heinola_DJI_0028_frame318,images/Heinola/heinola_DJI_0028_frame318.jpg,labels/Heinola/heinola_DJI_0028_frame318.txt,location,4096,2160,True,1
Heinola,heinola_DJI_0028_frame319,images/Heinola/heinola_DJI_0028_frame319.jpg,labels/Heinola/heinola_DJI_0028_frame319.txt,location,4096,2160,True,1
Heinola,heinola_DJI_0028_frame32,images/Heinola/heinola_DJI_0028_frame32.jpg,labels/Heinola/heinola_DJI_0028_frame32.txt,location,4096,2160,True,1
Heinola,heinola_DJI_0028_frame320,images/Heinola/heinola_DJI_0028_frame320.jpg,labels/Heinola/heinola_DJI_0028_frame320.txt,location,4096,2160,True,1
Heinola,heinola_DJI_0028_frame321,images/Heinola/heinola_DJI_0028_frame321.jpg,labels/Heinola/heinola_DJI_0028_frame321.txt,location,4096,2160,True,1
Heinola,heinola_DJI_0028_frame322,images/Heinola/heinola_DJI_0028_frame322.jpg,labels/Heinola/heinola_DJI_0028_frame322.txt,location,4096,2160,True,1
Heinola,heinola_DJI_0028_frame323,images/Heinola/heinola_DJI_0028_frame323.jpg,labels/Heinola/heinola_DJI_0028_frame323.txt,location,4096,2160,True,1
Heinola,heinola_DJI_0028_frame324,images/Heinola/heinola_DJI_0028_frame324.jpg,labels/Heinola/heinola_DJI_0028_frame324.txt,location,4096,2160,True,1
Heinola,heinola_DJI_0028_frame325,images/Heinola/heinola_DJI_0028_frame325.jpg,labels/Heinola/heinola_DJI_0028_frame325.txt,location,4096,2160,True,1
Heinola,heinola_DJI_0028_frame326,images/Heinola/heinola_DJI_0028_frame326.jpg,labels/Heinola/heinola_DJI_0028_frame326.txt,location,4096,2160,True,1
Heinola,heinola_DJI_0028_frame327,images/Heinola/heinola_DJI_0028_frame327.jpg,labels/Heinola/heinola_DJI_0028_frame327.txt,location,4096,2160,True,1
Heinola,heinola_DJI_0028_frame328,images/Heinola/heinola_DJI_0028_frame328.jpg,labels/Heinola/heinola_DJI_0028_frame328.txt,location,4096,2160,True,1
Heinola,heinola_DJI_0028_frame329,images/Heinola/heinola_DJI_0028_frame329.jpg,labels/Heinola/heinola_DJI_0028_frame329.txt,location,4096,2160,True,1
Heinola,heinola_DJI_0028_frame33,images/Heinola/heinola_DJI_0028_frame33.jpg,labels/Heinola/heinola_DJI_0028_frame33.txt,location,4096,2160,True,1
Heinola,heinola_DJI_0028_frame330,images/Heinola/heinola_DJI_0028_frame330.jpg,labels/Heinola/heinola_DJI_0028_frame330.txt,location,4096,2160,True,1
Heinola,heinola_DJI_0028_frame331,images/Heinola/heinola_DJI_0028_frame331.jpg,labels/Heinola/heinola_DJI_0028_frame331.txt,location,4096,2160,True,1
Heinola,heinola_DJI_0028_frame332,images/Heinola/heinola_DJI_0028_frame332.jpg,labels/Heinola/heinola_DJI_0028_frame332.txt,location,4096,2160,True,1
Heinola,heinola_DJI_0028_frame333,images/Heinola/heinola_DJI_0028_frame333.jpg,labels/Heinola/heinola_DJI_0028_frame333.txt,location,4096,2160,True,1
Heinola,heinola_DJI_0028_frame334,images/Heinola/heinola_DJI_0028_frame334.jpg,labels/Heinola/heinola_DJI_0028_frame334.txt,location,4096,2160,True,1
Heinola,heinola_DJI_0028_frame335,images/Heinola/heinola_DJI_0028_frame335.jpg,labels/Heinola/heinola_DJI_0028_frame335.txt,location,4096,2160,True,1
Heinola,heinola_DJI_0028_frame336,images/Heinola/heinola_DJI_0028_frame336.jpg,labels/Heinola/heinola_DJI_0028_frame336.txt,location,4096,2160,True,1
Heinola,heinola_DJI_0028_frame337,images/Heinola/heinola_DJI_0028_frame337.jpg,labels/Heinola/heinola_DJI_0028_frame337.txt,location,4096,2160,True,1
Heinola,heinola_DJI_0028_frame338,images/Heinola/heinola_DJI_0028_frame338.jpg,labels/Heinola/heinola_DJI_0028_frame338.txt,location,4096,2160,True,1
Heinola,heinola_DJI_0028_frame339,images/Heinola/heinola_DJI_0028_frame339.jpg,labels/Heinola/heinola_DJI_0028_frame339.txt,location,4096,2160,True,1
Heinola,heinola_DJI_0028_frame34,images/Heinola/heinola_DJI_0028_frame34.jpg,labels/Heinola/heinola_DJI_0028_frame34.txt,location,4096,2160,True,1
Heinola,heinola_DJI_0028_frame340,images/Heinola/heinola_DJI_0028_frame340.jpg,labels/Heinola/heinola_DJI_0028_frame340.txt,location,4096,2160,True,1
Heinola,heinola_DJI_0028_frame35,images/Heinola/heinola_DJI_0028_frame35.jpg,labels/Heinola/heinola_DJI_0028_frame35.txt,location,4096,2160,True,1
Heinola,heinola_DJI_0028_frame36,images/Heinola/heinola_DJI_0028_frame36.jpg,labels/Heinola/heinola_DJI_0028_frame36.txt,location,4096,2160,True,1
Heinola,heinola_DJI_0028_frame37,images/Heinola/heinola_DJI_0028_frame37.jpg,labels/Heinola/heinola_DJI_0028_frame37.txt,location,4096,2160,True,1
Heinola,heinola_DJI_0028_frame38,images/Heinola/heinola_DJI_0028_frame38.jpg,labels/Heinola/heinola_DJI_0028_frame38.txt,location,4096,2160,True,1
Heinola,heinola_DJI_0029_frame0,images/Heinola/heinola_DJI_0029_frame0.jpg,labels/Heinola/heinola_DJI_0029_frame0.txt,location,4096,2160,True,1
Heinola,heinola_DJI_0029_frame1,images/Heinola/heinola_DJI_0029_frame1.jpg,labels/Heinola/heinola_DJI_0029_frame1.txt,location,4096,2160,True,1
Heinola,heinola_DJI_0029_frame10,images/Heinola/heinola_DJI_0029_frame10.jpg,labels/Heinola/heinola_DJI_0029_frame10.txt,location,4096,2160,True,1
Heinola,heinola_DJI_0029_frame11,images/Heinola/heinola_DJI_0029_frame11.jpg,labels/Heinola/heinola_DJI_0029_frame11.txt,location,4096,2160,True,1
Heinola,heinola_DJI_0029_frame12,images/Heinola/heinola_DJI_0029_frame12.jpg,labels/Heinola/heinola_DJI_0029_frame12.txt,location,4096,2160,True,1
Heinola,heinola_DJI_0029_frame13,images/Heinola/heinola_DJI_0029_frame13.jpg,labels/Heinola/heinola_DJI_0029_frame13.txt,location,4096,2160,True,1
Heinola,heinola_DJI_0029_frame14,images/Heinola/heinola_DJI_0029_frame14.jpg,labels/Heinola/heinola_DJI_0029_frame14.txt,location,4096,2160,True,1
Heinola,heinola_DJI_0029_frame143,images/Heinola/heinola_DJI_0029_frame143.jpg,labels/Heinola/heinola_DJI_0029_frame143.txt,location,4096,2160,True,1
Heinola,heinola_DJI_0029_frame144,images/Heinola/heinola_DJI_0029_frame144.jpg,labels/Heinola/heinola_DJI_0029_frame144.txt,location,4096,2160,True,1
Heinola,heinola_DJI_0029_frame145,images/Heinola/heinola_DJI_0029_frame145.jpg,labels/Heinola/heinola_DJI_0029_frame145.txt,location,4096,2160,True,1
Heinola,heinola_DJI_0029_frame146,images/Heinola/heinola_DJI_0029_frame146.jpg,labels/Heinola/heinola_DJI_0029_frame146.txt,location,4096,2160,True,1
Heinola,heinola_DJI_0029_frame147,images/Heinola/heinola_DJI_0029_frame147.jpg,labels/Heinola/heinola_DJI_0029_frame147.txt,location,4096,2160,True,1
Heinola,heinola_DJI_0029_frame148,images/Heinola/heinola_DJI_0029_frame148.jpg,labels/Heinola/heinola_DJI_0029_frame148.txt,location,4096,2160,True,1
Heinola,heinola_DJI_0029_frame149,images/Heinola/heinola_DJI_0029_frame149.jpg,labels/Heinola/heinola_DJI_0029_frame149.txt,location,4096,2160,True,1
Heinola,heinola_DJI_0029_frame15,images/Heinola/heinola_DJI_0029_frame15.jpg,labels/Heinola/heinola_DJI_0029_frame15.txt,location,4096,2160,True,1
Heinola,heinola_DJI_0029_frame150,images/Heinola/heinola_DJI_0029_frame150.jpg,labels/Heinola/heinola_DJI_0029_frame150.txt,location,4096,2160,True,1
Heinola,heinola_DJI_0029_frame151,images/Heinola/heinola_DJI_0029_frame151.jpg,labels/Heinola/heinola_DJI_0029_frame151.txt,location,4096,2160,True,1
Heinola,heinola_DJI_0029_frame152,images/Heinola/heinola_DJI_0029_frame152.jpg,labels/Heinola/heinola_DJI_0029_frame152.txt,location,4096,2160,True,1
Heinola,heinola_DJI_0029_frame153,images/Heinola/heinola_DJI_0029_frame153.jpg,labels/Heinola/heinola_DJI_0029_frame153.txt,location,4096,2160,True,1
Heinola,heinola_DJI_0029_frame154,images/Heinola/heinola_DJI_0029_frame154.jpg,labels/Heinola/heinola_DJI_0029_frame154.txt,location,4096,2160,True,1
Heinola,heinola_DJI_0029_frame155,images/Heinola/heinola_DJI_0029_frame155.jpg,labels/Heinola/heinola_DJI_0029_frame155.txt,location,4096,2160,True,1
Heinola,heinola_DJI_0029_frame156,images/Heinola/heinola_DJI_0029_frame156.jpg,labels/Heinola/heinola_DJI_0029_frame156.txt,location,4096,2160,True,1
Heinola,heinola_DJI_0029_frame157,images/Heinola/heinola_DJI_0029_frame157.jpg,labels/Heinola/heinola_DJI_0029_frame157.txt,location,4096,2160,True,1
Heinola,heinola_DJI_0029_frame158,images/Heinola/heinola_DJI_0029_frame158.jpg,labels/Heinola/heinola_DJI_0029_frame158.txt,location,4096,2160,True,1
Heinola,heinola_DJI_0029_frame159,images/Heinola/heinola_DJI_0029_frame159.jpg,labels/Heinola/heinola_DJI_0029_frame159.txt,location,4096,2160,True,1
Heinola,heinola_DJI_0029_frame16,images/Heinola/heinola_DJI_0029_frame16.jpg,labels/Heinola/heinola_DJI_0029_frame16.txt,location,4096,2160,True,1
Heinola,heinola_DJI_0029_frame160,images/Heinola/heinola_DJI_0029_frame160.jpg,labels/Heinola/heinola_DJI_0029_frame160.txt,location,4096,2160,True,1
Heinola,heinola_DJI_0029_frame161,images/Heinola/heinola_DJI_0029_frame161.jpg,labels/Heinola/heinola_DJI_0029_frame161.txt,location,4096,2160,True,1
Heinola,heinola_DJI_0029_frame162,images/Heinola/heinola_DJI_0029_frame162.jpg,labels/Heinola/heinola_DJI_0029_frame162.txt,location,4096,2160,True,1
Heinola,heinola_DJI_0029_frame163,images/Heinola/heinola_DJI_0029_frame163.jpg,labels/Heinola/heinola_DJI_0029_frame163.txt,location,4096,2160,True,1
Heinola,heinola_DJI_0029_frame164,images/Heinola/heinola_DJI_0029_frame164.jpg,labels/Heinola/heinola_DJI_0029_frame164.txt,location,4096,2160,True,1
Heinola,heinola_DJI_0029_frame165,images/Heinola/heinola_DJI_0029_frame165.jpg,labels/Heinola/heinola_DJI_0029_frame165.txt,location,4096,2160,True,1
Heinola,heinola_DJI_0029_frame166,images/Heinola/heinola_DJI_0029_frame166.jpg,labels/Heinola/heinola_DJI_0029_frame166.txt,location,4096,2160,True,1
Heinola,heinola_DJI_0029_frame167,images/Heinola/heinola_DJI_0029_frame167.jpg,labels/Heinola/heinola_DJI_0029_frame167.txt,location,4096,2160,True,1
Heinola,heinola_DJI_0029_frame17,images/Heinola/heinola_DJI_0029_frame17.jpg,labels/Heinola/heinola_DJI_0029_frame17.txt,location,4096,2160,True,1
Heinola,heinola_DJI_0029_frame174,images/Heinola/heinola_DJI_0029_frame174.jpg,labels/Heinola/heinola_DJI_0029_frame174.txt,location,4096,2160,True,1
Heinola,heinola_DJI_0029_frame175,images/Heinola/heinola_DJI_0029_frame175.jpg,labels/Heinola/heinola_DJI_0029_frame175.txt,location,4096,2160,True,1
Heinola,heinola_DJI_0029_frame176,images/Heinola/heinola_DJI_0029_frame176.jpg,labels/Heinola/heinola_DJI_0029_frame176.txt,location,4096,2160,True,1
Heinola,heinola_DJI_0029_frame177,images/Heinola/heinola_DJI_0029_frame177.jpg,labels/Heinola/heinola_DJI_0029_frame177.txt,location,4096,2160,True,1
Heinola,heinola_DJI_0029_frame178,images/Heinola/heinola_DJI_0029_frame178.jpg,labels/Heinola/heinola_DJI_0029_frame178.txt,location,4096,2160,True,1
Heinola,heinola_DJI_0029_frame179,images/Heinola/heinola_DJI_0029_frame179.jpg,labels/Heinola/heinola_DJI_0029_frame179.txt,location,4096,2160,True,1
Heinola,heinola_DJI_0029_frame18,images/Heinola/heinola_DJI_0029_frame18.jpg,labels/Heinola/heinola_DJI_0029_frame18.txt,location,4096,2160,True,1
Heinola,heinola_DJI_0029_frame180,images/Heinola/heinola_DJI_0029_frame180.jpg,labels/Heinola/heinola_DJI_0029_frame180.txt,location,4096,2160,True,1
Heinola,heinola_DJI_0029_frame181,images/Heinola/heinola_DJI_0029_frame181.jpg,labels/Heinola/heinola_DJI_0029_frame181.txt,location,4096,2160,True,1
Heinola,heinola_DJI_0029_frame182,images/Heinola/heinola_DJI_0029_frame182.jpg,labels/Heinola/heinola_DJI_0029_frame182.txt,location,4096,2160,True,1
Heinola,heinola_DJI_0029_frame183,images/Heinola/heinola_DJI_0029_frame183.jpg,labels/Heinola/heinola_DJI_0029_frame183.txt,location,4096,2160,True,1
Heinola,heinola_DJI_0029_frame184,images/Heinola/heinola_DJI_0029_frame184.jpg,labels/Heinola/heinola_DJI_0029_frame184.txt,location,4096,2160,True,1
Heinola,heinola_DJI_0029_frame185,images/Heinola/heinola_DJI_0029_frame185.jpg,labels/Heinola/heinola_DJI_0029_frame185.txt,location,4096,2160,True,1
Heinola,heinola_DJI_0029_frame186,images/Heinola/heinola_DJI_0029_frame186.jpg,labels/Heinola/heinola_DJI_0029_frame186.txt,location,4096,2160,True,1
Heinola,heinola_DJI_0029_frame187,images/Heinola/heinola_DJI_0029_frame187.jpg,labels/Heinola/heinola_DJI_0029_frame187.txt,location,4096,2160,True,1
Heinola,heinola_DJI_0029_frame188,images/Heinola/heinola_DJI_0029_frame188.jpg,labels/Heinola/heinola_DJI_0029_frame188.txt,location,4096,2160,True,1
Heinola,heinola_DJI_0029_frame189,images/Heinola/heinola_DJI_0029_frame189.jpg,labels/Heinola/heinola_DJI_0029_frame189.txt,location,4096,2160,True,1
Heinola,heinola_DJI_0029_frame19,images/Heinola/heinola_DJI_0029_frame19.jpg,labels/Heinola/heinola_DJI_0029_frame19.txt,location,4096,2160,True,1
Heinola,heinola_DJI_0029_frame190,images/Heinola/heinola_DJI_0029_frame190.jpg,labels/Heinola/heinola_DJI_0029_frame190.txt,location,4096,2160,True,1
Heinola,heinola_DJI_0029_frame191,images/Heinola/heinola_DJI_0029_frame191.jpg,labels/Heinola/heinola_DJI_0029_frame191.txt,location,4096,2160,True,1
Heinola,heinola_DJI_0029_frame192,images/Heinola/heinola_DJI_0029_frame192.jpg,labels/Heinola/heinola_DJI_0029_frame192.txt,location,4096,2160,True,1
Heinola,heinola_DJI_0029_frame193,images/Heinola/heinola_DJI_0029_frame193.jpg,labels/Heinola/heinola_DJI_0029_frame193.txt,location,4096,2160,True,1
Heinola,heinola_DJI_0029_frame194,images/Heinola/heinola_DJI_0029_frame194.jpg,labels/Heinola/heinola_DJI_0029_frame194.txt,location,4096,2160,True,1
Heinola,heinola_DJI_0029_frame195,images/Heinola/heinola_DJI_0029_frame195.jpg,labels/Heinola/heinola_DJI_0029_frame195.txt,location,4096,2160,True,1
Heinola,heinola_DJI_0029_frame196,images/Heinola/heinola_DJI_0029_frame196.jpg,labels/Heinola/heinola_DJI_0029_frame196.txt,location,4096,2160,True,1
Heinola,heinola_DJI_0029_frame197,images/Heinola/heinola_DJI_0029_frame197.jpg,labels/Heinola/heinola_DJI_0029_frame197.txt,location,4096,2160,True,1
Heinola,heinola_DJI_0029_frame198,images/Heinola/heinola_DJI_0029_frame198.jpg,labels/Heinola/heinola_DJI_0029_frame198.txt,location,4096,2160,True,1
Heinola,heinola_DJI_0029_frame199,images/Heinola/heinola_DJI_0029_frame199.jpg,labels/Heinola/heinola_DJI_0029_frame199.txt,location,4096,2160,True,1
Heinola,heinola_DJI_0029_frame2,images/Heinola/heinola_DJI_0029_frame2.jpg,labels/Heinola/heinola_DJI_0029_frame2.txt,location,4096,2160,True,1
Heinola,heinola_DJI_0029_frame20,images/Heinola/heinola_DJI_0029_frame20.jpg,labels/Heinola/heinola_DJI_0029_frame20.txt,location,4096,2160,True,1
Heinola,heinola_DJI_0029_frame200,images/Heinola/heinola_DJI_0029_frame200.jpg,labels/Heinola/heinola_DJI_0029_frame200.txt,location,4096,2160,True,1
Heinola,heinola_DJI_0029_frame201,images/Heinola/heinola_DJI_0029_frame201.jpg,labels/Heinola/heinola_DJI_0029_frame201.txt,location,4096,2160,True,1
Heinola,heinola_DJI_0029_frame202,images/Heinola/heinola_DJI_0029_frame202.jpg,labels/Heinola/heinola_DJI_0029_frame202.txt,location,4096,2160,True,1
Heinola,heinola_DJI_0029_frame203,images/Heinola/heinola_DJI_0029_frame203.jpg,labels/Heinola/heinola_DJI_0029_frame203.txt,location,4096,2160,True,1
Heinola,heinola_DJI_0029_frame204,images/Heinola/heinola_DJI_0029_frame204.jpg,labels/Heinola/heinola_DJI_0029_frame204.txt,location,4096,2160,True,1
Heinola,heinola_DJI_0029_frame205,images/Heinola/heinola_DJI_0029_frame205.jpg,labels/Heinola/heinola_DJI_0029_frame205.txt,location,4096,2160,True,1
Heinola,heinola_DJI_0029_frame206,images/Heinola/heinola_DJI_0029_frame206.jpg,labels/Heinola/heinola_DJI_0029_frame206.txt,location,4096,2160,True,1
Heinola,heinola_DJI_0029_frame207,images/Heinola/heinola_DJI_0029_frame207.jpg,labels/Heinola/heinola_DJI_0029_frame207.txt,location,4096,2160,True,1
Heinola,heinola_DJI_0029_frame208,images/Heinola/heinola_DJI_0029_frame208.jpg,labels/Heinola/heinola_DJI_0029_frame208.txt,location,4096,2160,True,1
Heinola,heinola_DJI_0029_frame209,images/Heinola/heinola_DJI_0029_frame209.jpg,labels/Heinola/heinola_DJI_0029_frame209.txt,location,4096,2160,True,1
Heinola,heinola_DJI_0029_frame21,images/Heinola/heinola_DJI_0029_frame21.jpg,labels/Heinola/heinola_DJI_0029_frame21.txt,location,4096,2160,True,1
Heinola,heinola_DJI_0029_frame210,images/Heinola/heinola_DJI_0029_frame210.jpg,labels/Heinola/heinola_DJI_0029_frame210.txt,location,4096,2160,True,1
Heinola,heinola_DJI_0029_frame211,images/Heinola/heinola_DJI_0029_frame211.jpg,labels/Heinola/heinola_DJI_0029_frame211.txt,location,4096,2160,True,1
Heinola,heinola_DJI_0029_frame212,images/Heinola/heinola_DJI_0029_frame212.jpg,labels/Heinola/heinola_DJI_0029_frame212.txt,location,4096,2160,True,1
Heinola,heinola_DJI_0029_frame213,images/Heinola/heinola_DJI_0029_frame213.jpg,labels/Heinola/heinola_DJI_0029_frame213.txt,location,4096,2160,True,1
Heinola,heinola_DJI_0029_frame22,images/Heinola/heinola_DJI_0029_frame22.jpg,labels/Heinola/heinola_DJI_0029_frame22.txt,location,4096,2160,True,1
Heinola,heinola_DJI_0029_frame23,images/Heinola/heinola_DJI_0029_frame23.jpg,labels/Heinola/heinola_DJI_0029_frame23.txt,location,4096,2160,True,1
Heinola,heinola_DJI_0029_frame24,images/Heinola/heinola_DJI_0029_frame24.jpg,labels/Heinola/heinola_DJI_0029_frame24.txt,location,4096,2160,True,1
Heinola,heinola_DJI_0029_frame25,images/Heinola/heinola_DJI_0029_frame25.jpg,labels/Heinola/heinola_DJI_0029_frame25.txt,location,4096,2160,True,1
Heinola,heinola_DJI_0029_frame3,images/Heinola/heinola_DJI_0029_frame3.jpg,labels/Heinola/heinola_DJI_0029_frame3.txt,location,4096,2160,True,1
Heinola,heinola_DJI_0029_frame4,images/Heinola/heinola_DJI_0029_frame4.jpg,labels/Heinola/heinola_DJI_0029_frame4.txt,location,4096,2160,True,1
Heinola,heinola_DJI_0029_frame5,images/Heinola/heinola_DJI_0029_frame5.jpg,labels/Heinola/heinola_DJI_0029_frame5.txt,location,4096,2160,True,1
Heinola,heinola_DJI_0029_frame6,images/Heinola/heinola_DJI_0029_frame6.jpg,labels/Heinola/heinola_DJI_0029_frame6.txt,location,4096,2160,True,1
Heinola,heinola_DJI_0029_frame7,images/Heinola/heinola_DJI_0029_frame7.jpg,labels/Heinola/heinola_DJI_0029_frame7.txt,location,4096,2160,True,1
Heinola,heinola_DJI_0029_frame76,images/Heinola/heinola_DJI_0029_frame76.jpg,labels/Heinola/heinola_DJI_0029_frame76.txt,location,4096,2160,True,1
Heinola,heinola_DJI_0029_frame77,images/Heinola/heinola_DJI_0029_frame77.jpg,labels/Heinola/heinola_DJI_0029_frame77.txt,location,4096,2160,True,1
Heinola,heinola_DJI_0029_frame78,images/Heinola/heinola_DJI_0029_frame78.jpg,labels/Heinola/heinola_DJI_0029_frame78.txt,location,4096,2160,True,1
Heinola,heinola_DJI_0029_frame79,images/Heinola/heinola_DJI_0029_frame79.jpg,labels/Heinola/heinola_DJI_0029_frame79.txt,location,4096,2160,True,1
Heinola,heinola_DJI_0029_frame8,images/Heinola/heinola_DJI_0029_frame8.jpg,labels/Heinola/heinola_DJI_0029_frame8.txt,location,4096,2160,True,1
Heinola,heinola_DJI_0029_frame80,images/Heinola/heinola_DJI_0029_frame80.jpg,labels/Heinola/heinola_DJI_0029_frame80.txt,location,4096,2160,True,1
Heinola,heinola_DJI_0029_frame81,images/Heinola/heinola_DJI_0029_frame81.jpg,labels/Heinola/heinola_DJI_0029_frame81.txt,location,4096,2160,True,1
Heinola,heinola_DJI_0029_frame82,images/Heinola/heinola_DJI_0029_frame82.jpg,labels/Heinola/heinola_DJI_0029_frame82.txt,location,4096,2160,True,1
Heinola,heinola_DJI_0029_frame83,images/Heinola/heinola_DJI_0029_frame83.jpg,labels/Heinola/heinola_DJI_0029_frame83.txt,location,4096,2160,True,1
Heinola,heinola_DJI_0029_frame84,images/Heinola/heinola_DJI_0029_frame84.jpg,labels/Heinola/heinola_DJI_0029_frame84.txt,location,4096,2160,True,1
Heinola,heinola_DJI_0029_frame85,images/Heinola/heinola_DJI_0029_frame85.jpg,labels/Heinola/heinola_DJI_0029_frame85.txt,location,4096,2160,True,1
Heinola,heinola_DJI_0029_frame86,images/Heinola/heinola_DJI_0029_frame86.jpg,labels/Heinola/heinola_DJI_0029_frame86.txt,location,4096,2160,True,1
Heinola,heinola_DJI_0029_frame87,images/Heinola/heinola_DJI_0029_frame87.jpg,labels/Heinola/heinola_DJI_0029_frame87.txt,location,4096,2160,True,1
Heinola,heinola_DJI_0029_frame88,images/Heinola/heinola_DJI_0029_frame88.jpg,labels/Heinola/heinola_DJI_0029_frame88.txt,location,4096,2160,True,1
Heinola,heinola_DJI_0029_frame89,images/Heinola/heinola_DJI_0029_frame89.jpg,labels/Heinola/heinola_DJI_0029_frame89.txt,location,4096,2160,True,1
Heinola,heinola_DJI_0029_frame9,images/Heinola/heinola_DJI_0029_frame9.jpg,labels/Heinola/heinola_DJI_0029_frame9.txt,location,4096,2160,True,1
Heinola,heinola_DJI_0029_frame90,images/Heinola/heinola_DJI_0029_frame90.jpg,labels/Heinola/heinola_DJI_0029_frame90.txt,location,4096,2160,True,1
Heinola,heinola_DJI_0030_frame100,images/Heinola/heinola_DJI_0030_frame100.jpg,labels/Heinola/heinola_DJI_0030_frame100.txt,location,4096,2160,True,1
Heinola,heinola_DJI_0030_frame101,images/Heinola/heinola_DJI_0030_frame101.jpg,labels/Heinola/heinola_DJI_0030_frame101.txt,location,4096,2160,True,1
Heinola,heinola_DJI_0030_frame102,images/Heinola/heinola_DJI_0030_frame102.jpg,labels/Heinola/heinola_DJI_0030_frame102.txt,location,4096,2160,True,1
Heinola,heinola_DJI_0030_frame103,images/Heinola/heinola_DJI_0030_frame103.jpg,labels/Heinola/heinola_DJI_0030_frame103.txt,location,4096,2160,True,1
Heinola,heinola_DJI_0030_frame104,images/Heinola/heinola_DJI_0030_frame104.jpg,labels/Heinola/heinola_DJI_0030_frame104.txt,location,4096,2160,True,1
Heinola,heinola_DJI_0030_frame105,images/Heinola/heinola_DJI_0030_frame105.jpg,labels/Heinola/heinola_DJI_0030_frame105.txt,location,4096,2160,True,1
Heinola,heinola_DJI_0030_frame106,images/Heinola/heinola_DJI_0030_frame106.jpg,labels/Heinola/heinola_DJI_0030_frame106.txt,location,4096,2160,True,1
Heinola,heinola_DJI_0030_frame107,images/Heinola/heinola_DJI_0030_frame107.jpg,labels/Heinola/heinola_DJI_0030_frame107.txt,location,4096,2160,True,1
Heinola,heinola_DJI_0030_frame108,images/Heinola/heinola_DJI_0030_frame108.jpg,labels/Heinola/heinola_DJI_0030_frame108.txt,location,4096,2160,True,1
Heinola,heinola_DJI_0030_frame109,images/Heinola/heinola_DJI_0030_frame109.jpg,labels/Heinola/heinola_DJI_0030_frame109.txt,location,4096,2160,True,1
Heinola,heinola_DJI_0030_frame110,images/Heinola/heinola_DJI_0030_frame110.jpg,labels/Heinola/heinola_DJI_0030_frame110.txt,location,4096,2160,True,1
Heinola,heinola_DJI_0030_frame201,images/Heinola/heinola_DJI_0030_frame201.jpg,labels/Heinola/heinola_DJI_0030_frame201.txt,location,4096,2160,True,1
Heinola,heinola_DJI_0030_frame202,images/Heinola/heinola_DJI_0030_frame202.jpg,labels/Heinola/heinola_DJI_0030_frame202.txt,location,4096,2160,True,1
Heinola,heinola_DJI_0030_frame203,images/Heinola/heinola_DJI_0030_frame203.jpg,labels/Heinola/heinola_DJI_0030_frame203.txt,location,4096,2160,True,1
Heinola,heinola_DJI_0030_frame204,images/Heinola/heinola_DJI_0030_frame204.jpg,labels/Heinola/heinola_DJI_0030_frame204.txt,location,4096,2160,True,1
Heinola,heinola_DJI_0030_frame205,images/Heinola/heinola_DJI_0030_frame205.jpg,labels/Heinola/heinola_DJI_0030_frame205.txt,location,4096,2160,True,1
Heinola,heinola_DJI_0030_frame206,images/Heinola/heinola_DJI_0030_frame206.jpg,labels/Heinola/heinola_DJI_0030_frame206.txt,location,4096,2160,True,1
Heinola,heinola_DJI_0030_frame207,images/Heinola/heinola_DJI_0030_frame207.jpg,labels/Heinola/heinola_DJI_0030_frame207.txt,location,4096,2160,True,1
Heinola,heinola_DJI_0030_frame208,images/Heinola/heinola_DJI_0030_frame208.jpg,labels/Heinola/heinola_DJI_0030_frame208.txt,location,4096,2160,True,1
Heinola,heinola_DJI_0030_frame209,images/Heinola/heinola_DJI_0030_frame209.jpg,labels/Heinola/heinola_DJI_0030_frame209.txt,location,4096,2160,True,1
Heinola,heinola_DJI_0030_frame210,images/Heinola/heinola_DJI_0030_frame210.jpg,labels/Heinola/heinola_DJI_0030_frame210.txt,location,4096,2160,True,1
Heinola,heinola_DJI_0030_frame211,images/Heinola/heinola_DJI_0030_frame211.jpg,labels/Heinola/heinola_DJI_0030_frame211.txt,location,4096,2160,True,1
Heinola,heinola_DJI_0030_frame212,images/Heinola/heinola_DJI_0030_frame212.jpg,labels/Heinola/heinola_DJI_0030_frame212.txt,location,4096,2160,True,1
Heinola,heinola_DJI_0030_frame213,images/Heinola/heinola_DJI_0030_frame213.jpg,labels/Heinola/heinola_DJI_0030_frame213.txt,location,4096,2160,True,1
Heinola,heinola_DJI_0030_frame214,images/Heinola/heinola_DJI_0030_frame214.jpg,labels/Heinola/heinola_DJI_0030_frame214.txt,location,4096,2160,True,1
Heinola,heinola_DJI_0030_frame215,images/Heinola/heinola_DJI_0030_frame215.jpg,labels/Heinola/heinola_DJI_0030_frame215.txt,location,4096,2160,True,1
Heinola,heinola_DJI_0030_frame216,images/Heinola/heinola_DJI_0030_frame216.jpg,labels/Heinola/heinola_DJI_0030_frame216.txt,location,4096,2160,True,1
Heinola,heinola_DJI_0030_frame217,images/Heinola/heinola_DJI_0030_frame217.jpg,labels/Heinola/heinola_DJI_0030_frame217.txt,location,4096,2160,True,1
Heinola,heinola_DJI_0030_frame218,images/Heinola/heinola_DJI_0030_frame218.jpg,labels/Heinola/heinola_DJI_0030_frame218.txt,location,4096,2160,True,1
Heinola,heinola_DJI_0030_frame219,images/Heinola/heinola_DJI_0030_frame219.jpg,labels/Heinola/heinola_DJI_0030_frame219.txt,location,4096,2160,True,1
Heinola,heinola_DJI_0030_frame220,images/Heinola/heinola_DJI_0030_frame220.jpg,labels/Heinola/heinola_DJI_0030_frame220.txt,location,4096,2160,True,1
Heinola,heinola_DJI_0030_frame221,images/Heinola/heinola_DJI_0030_frame221.jpg,labels/Heinola/heinola_DJI_0030_frame221.txt,location,4096,2160,True,1
Heinola,heinola_DJI_0030_frame222,images/Heinola/heinola_DJI_0030_frame222.jpg,labels/Heinola/heinola_DJI_0030_frame222.txt,location,4096,2160,True,1
Heinola,heinola_DJI_0030_frame223,images/Heinola/heinola_DJI_0030_frame223.jpg,labels/Heinola/heinola_DJI_0030_frame223.txt,location,4096,2160,True,1
Heinola,heinola_DJI_0030_frame224,images/Heinola/heinola_DJI_0030_frame224.jpg,labels/Heinola/heinola_DJI_0030_frame224.txt,location,4096,2160,True,1
Heinola,heinola_DJI_0030_frame225,images/Heinola/heinola_DJI_0030_frame225.jpg,labels/Heinola/heinola_DJI_0030_frame225.txt,location,4096,2160,True,1
Heinola,heinola_DJI_0030_frame226,images/Heinola/heinola_DJI_0030_frame226.jpg,labels/Heinola/heinola_DJI_0030_frame226.txt,location,4096,2160,True,1
Heinola,heinola_DJI_0030_frame227,images/Heinola/heinola_DJI_0030_frame227.jpg,labels/Heinola/heinola_DJI_0030_frame227.txt,location,4096,2160,True,1
Heinola,heinola_DJI_0030_frame228,images/Heinola/heinola_DJI_0030_frame228.jpg,labels/Heinola/heinola_DJI_0030_frame228.txt,location,4096,2160,True,1
Heinola,heinola_DJI_0030_frame229,images/Heinola/heinola_DJI_0030_frame229.jpg,labels/Heinola/heinola_DJI_0030_frame229.txt,location,4096,2160,True,1
Heinola,heinola_DJI_0030_frame230,images/Heinola/heinola_DJI_0030_frame230.jpg,labels/Heinola/heinola_DJI_0030_frame230.txt,location,4096,2160,True,1
Heinola,heinola_DJI_0030_frame231,images/Heinola/heinola_DJI_0030_frame231.jpg,labels/Heinola/heinola_DJI_0030_frame231.txt,location,4096,2160,True,1
Heinola,heinola_DJI_0030_frame232,images/Heinola/heinola_DJI_0030_frame232.jpg,labels/Heinola/heinola_DJI_0030_frame232.txt,location,4096,2160,True,1
Heinola,heinola_DJI_0030_frame233,images/Heinola/heinola_DJI_0030_frame233.jpg,labels/Heinola/heinola_DJI_0030_frame233.txt,location,4096,2160,True,1
Heinola,heinola_DJI_0030_frame234,images/Heinola/heinola_DJI_0030_frame234.jpg,labels/Heinola/heinola_DJI_0030_frame234.txt,location,4096,2160,True,1
Heinola,heinola_DJI_0030_frame235,images/Heinola/heinola_DJI_0030_frame235.jpg,labels/Heinola/heinola_DJI_0030_frame235.txt,location,4096,2160,True,1
Heinola,heinola_DJI_0030_frame236,images/Heinola/heinola_DJI_0030_frame236.jpg,labels/Heinola/heinola_DJI_0030_frame236.txt,location,4096,2160,True,1
Heinola,heinola_DJI_0030_frame237,images/Heinola/heinola_DJI_0030_frame237.jpg,labels/Heinola/heinola_DJI_0030_frame237.txt,location,4096,2160,True,1
Heinola,heinola_DJI_0030_frame238,images/Heinola/heinola_DJI_0030_frame238.jpg,labels/Heinola/heinola_DJI_0030_frame238.txt,location,4096,2160,True,1
Heinola,heinola_DJI_0030_frame239,images/Heinola/heinola_DJI_0030_frame239.jpg,labels/Heinola/heinola_DJI_0030_frame239.txt,location,4096,2160,True,1
Heinola,heinola_DJI_0030_frame240,images/Heinola/heinola_DJI_0030_frame240.jpg,labels/Heinola/heinola_DJI_0030_frame240.txt,location,4096,2160,True,1
Heinola,heinola_DJI_0030_frame241,images/Heinola/heinola_DJI_0030_frame241.jpg,labels/Heinola/heinola_DJI_0030_frame241.txt,location,4096,2160,True,1
Heinola,heinola_DJI_0030_frame242,images/Heinola/heinola_DJI_0030_frame242.jpg,labels/Heinola/heinola_DJI_0030_frame242.txt,location,4096,2160,True,1
Heinola,heinola_DJI_0030_frame243,images/Heinola/heinola_DJI_0030_frame243.jpg,labels/Heinola/heinola_DJI_0030_frame243.txt,location,4096,2160,True,1
Heinola,heinola_DJI_0030_frame244,images/Heinola/heinola_DJI_0030_frame244.jpg,labels/Heinola/heinola_DJI_0030_frame244.txt,location,4096,2160,True,1
Heinola,heinola_DJI_0030_frame245,images/Heinola/heinola_DJI_0030_frame245.jpg,labels/Heinola/heinola_DJI_0030_frame245.txt,location,4096,2160,True,1
Heinola,heinola_DJI_0030_frame246,images/Heinola/heinola_DJI_0030_frame246.jpg,labels/Heinola/heinola_DJI_0030_frame246.txt,location,4096,2160,True,1
Heinola,heinola_DJI_0030_frame247,images/Heinola/heinola_DJI_0030_frame247.jpg,labels/Heinola/heinola_DJI_0030_frame247.txt,location,4096,2160,True,1
Heinola,heinola_DJI_0030_frame248,images/Heinola/heinola_DJI_0030_frame248.jpg,labels/Heinola/heinola_DJI_0030_frame248.txt,location,4096,2160,True,1
Heinola,heinola_DJI_0030_frame249,images/Heinola/heinola_DJI_0030_frame249.jpg,labels/Heinola/heinola_DJI_0030_frame249.txt,location,4096,2160,True,1
Heinola,heinola_DJI_0030_frame250,images/Heinola/heinola_DJI_0030_frame250.jpg,labels/Heinola/heinola_DJI_0030_frame250.txt,location,4096,2160,True,1
Heinola,heinola_DJI_0030_frame251,images/Heinola/heinola_DJI_0030_frame251.jpg,labels/Heinola/heinola_DJI_0030_frame251.txt,location,4096,2160,True,1
Heinola,heinola_DJI_0030_frame26,images/Heinola/heinola_DJI_0030_frame26.jpg,labels/Heinola/heinola_DJI_0030_frame26.txt,location,4096,2160,True,1
Heinola,heinola_DJI_0030_frame27,images/Heinola/heinola_DJI_0030_frame27.jpg,labels/Heinola/heinola_DJI_0030_frame27.txt,location,4096,2160,True,1
Heinola,heinola_DJI_0030_frame28,images/Heinola/heinola_DJI_0030_frame28.jpg,labels/Heinola/heinola_DJI_0030_frame28.txt,location,4096,2160,True,1
Heinola,heinola_DJI_0030_frame29,images/Heinola/heinola_DJI_0030_frame29.jpg,labels/Heinola/heinola_DJI_0030_frame29.txt,location,4096,2160,True,1
Heinola,heinola_DJI_0030_frame30,images/Heinola/heinola_DJI_0030_frame30.jpg,labels/Heinola/heinola_DJI_0030_frame30.txt,location,4096,2160,True,1
Heinola,heinola_DJI_0030_frame31,images/Heinola/heinola_DJI_0030_frame31.jpg,labels/Heinola/heinola_DJI_0030_frame31.txt,location,4096,2160,True,1
Heinola,heinola_DJI_0030_frame32,images/Heinola/heinola_DJI_0030_frame32.jpg,labels/Heinola/heinola_DJI_0030_frame32.txt,location,4096,2160,True,1
Heinola,heinola_DJI_0030_frame329,images/Heinola/heinola_DJI_0030_frame329.jpg,labels/Heinola/heinola_DJI_0030_frame329.txt,location,4096,2160,True,1
Heinola,heinola_DJI_0030_frame33,images/Heinola/heinola_DJI_0030_frame33.jpg,labels/Heinola/heinola_DJI_0030_frame33.txt,location,4096,2160,True,1
Heinola,heinola_DJI_0030_frame330,images/Heinola/heinola_DJI_0030_frame330.jpg,labels/Heinola/heinola_DJI_0030_frame330.txt,location,4096,2160,True,1
Heinola,heinola_DJI_0030_frame331,images/Heinola/heinola_DJI_0030_frame331.jpg,labels/Heinola/heinola_DJI_0030_frame331.txt,location,4096,2160,True,1
Heinola,heinola_DJI_0030_frame332,images/Heinola/heinola_DJI_0030_frame332.jpg,labels/Heinola/heinola_DJI_0030_frame332.txt,location,4096,2160,True,1
Heinola,heinola_DJI_0030_frame333,images/Heinola/heinola_DJI_0030_frame333.jpg,labels/Heinola/heinola_DJI_0030_frame333.txt,location,4096,2160,True,1
Heinola,heinola_DJI_0030_frame334,images/Heinola/heinola_DJI_0030_frame334.jpg,labels/Heinola/heinola_DJI_0030_frame334.txt,location,4096,2160,True,1
Heinola,heinola_DJI_0030_frame335,images/Heinola/heinola_DJI_0030_frame335.jpg,labels/Heinola/heinola_DJI_0030_frame335.txt,location,4096,2160,True,1
Heinola,heinola_DJI_0030_frame34,images/Heinola/heinola_DJI_0030_frame34.jpg,labels/Heinola/heinola_DJI_0030_frame34.txt,location,4096,2160,True,1
Heinola,heinola_DJI_0030_frame35,images/Heinola/heinola_DJI_0030_frame35.jpg,labels/Heinola/heinola_DJI_0030_frame35.txt,location,4096,2160,True,1
Heinola,heinola_DJI_0030_frame36,images/Heinola/heinola_DJI_0030_frame36.jpg,labels/Heinola/heinola_DJI_0030_frame36.txt,location,4096,2160,True,1
Heinola,heinola_DJI_0030_frame37,images/Heinola/heinola_DJI_0030_frame37.jpg,labels/Heinola/heinola_DJI_0030_frame37.txt,location,4096,2160,True,1
Heinola,heinola_DJI_0030_frame38,images/Heinola/heinola_DJI_0030_frame38.jpg,labels/Heinola/heinola_DJI_0030_frame38.txt,location,4096,2160,True,1
Heinola,heinola_DJI_0030_frame39,images/Heinola/heinola_DJI_0030_frame39.jpg,labels/Heinola/heinola_DJI_0030_frame39.txt,location,4096,2160,True,1
Heinola,heinola_DJI_0030_frame40,images/Heinola/heinola_DJI_0030_frame40.jpg,labels/Heinola/heinola_DJI_0030_frame40.txt,location,4096,2160,True,1
Heinola,heinola_DJI_0030_frame41,images/Heinola/heinola_DJI_0030_frame41.jpg,labels/Heinola/heinola_DJI_0030_frame41.txt,location,4096,2160,True,1
Heinola,heinola_DJI_0030_frame42,images/Heinola/heinola_DJI_0030_frame42.jpg,labels/Heinola/heinola_DJI_0030_frame42.txt,location,4096,2160,True,1
Heinola,heinola_DJI_0030_frame43,images/Heinola/heinola_DJI_0030_frame43.jpg,labels/Heinola/heinola_DJI_0030_frame43.txt,location,4096,2160,True,1
Heinola,heinola_DJI_0030_frame44,images/Heinola/heinola_DJI_0030_frame44.jpg,labels/Heinola/heinola_DJI_0030_frame44.txt,location,4096,2160,True,1
Heinola,heinola_DJI_0030_frame45,images/Heinola/heinola_DJI_0030_frame45.jpg,labels/Heinola/heinola_DJI_0030_frame45.txt,location,4096,2160,True,1
Heinola,heinola_DJI_0030_frame46,images/Heinola/heinola_DJI_0030_frame46.jpg,labels/Heinola/heinola_DJI_0030_frame46.txt,location,4096,2160,True,1
Heinola,heinola_DJI_0030_frame47,images/Heinola/heinola_DJI_0030_frame47.jpg,labels/Heinola/heinola_DJI_0030_frame47.txt,location,4096,2160,True,1
Heinola,heinola_DJI_0030_frame48,images/Heinola/heinola_DJI_0030_frame48.jpg,labels/Heinola/heinola_DJI_0030_frame48.txt,location,4096,2160,True,1
Heinola,heinola_DJI_0030_frame49,images/Heinola/heinola_DJI_0030_frame49.jpg,labels/Heinola/heinola_DJI_0030_frame49.txt,location,4096,2160,True,1
Heinola,heinola_DJI_0030_frame50,images/Heinola/heinola_DJI_0030_frame50.jpg,labels/Heinola/heinola_DJI_0030_frame50.txt,location,4096,2160,True,1
Heinola,heinola_DJI_0030_frame51,images/Heinola/heinola_DJI_0030_frame51.jpg,labels/Heinola/heinola_DJI_0030_frame51.txt,location,4096,2160,True,1
Heinola,heinola_DJI_0030_frame52,images/Heinola/heinola_DJI_0030_frame52.jpg,labels/Heinola/heinola_DJI_0030_frame52.txt,location,4096,2160,True,1
Heinola,heinola_DJI_0030_frame53,images/Heinola/heinola_DJI_0030_frame53.jpg,labels/Heinola/heinola_DJI_0030_frame53.txt,location,4096,2160,True,1
Heinola,heinola_DJI_0030_frame54,images/Heinola/heinola_DJI_0030_frame54.jpg,labels/Heinola/heinola_DJI_0030_frame54.txt,location,4096,2160,True,1
Heinola,heinola_DJI_0030_frame55,images/Heinola/heinola_DJI_0030_frame55.jpg,labels/Heinola/heinola_DJI_0030_frame55.txt,location,4096,2160,True,1
Heinola,heinola_DJI_0030_frame56,images/Heinola/heinola_DJI_0030_frame56.jpg,labels/Heinola/heinola_DJI_0030_frame56.txt,location,4096,2160,True,1
Heinola,heinola_DJI_0030_frame57,images/Heinola/heinola_DJI_0030_frame57.jpg,labels/Heinola/heinola_DJI_0030_frame57.txt,location,4096,2160,True,1
Heinola,heinola_DJI_0030_frame58,images/Heinola/heinola_DJI_0030_frame58.jpg,labels/Heinola/heinola_DJI_0030_frame58.txt,location,4096,2160,True,1
Heinola,heinola_DJI_0030_frame59,images/Heinola/heinola_DJI_0030_frame59.jpg,labels/Heinola/heinola_DJI_0030_frame59.txt,location,4096,2160,True,1
Heinola,heinola_DJI_0030_frame60,images/Heinola/heinola_DJI_0030_frame60.jpg,labels/Heinola/heinola_DJI_0030_frame60.txt,location,4096,2160,True,1
Heinola,heinola_DJI_0030_frame61,images/Heinola/heinola_DJI_0030_frame61.jpg,labels/Heinola/heinola_DJI_0030_frame61.txt,location,4096,2160,True,1
Heinola,heinola_DJI_0030_frame62,images/Heinola/heinola_DJI_0030_frame62.jpg,labels/Heinola/heinola_DJI_0030_frame62.txt,location,4096,2160,True,1
Heinola,heinola_DJI_0030_frame63,images/Heinola/heinola_DJI_0030_frame63.jpg,labels/Heinola/heinola_DJI_0030_frame63.txt,location,4096,2160,True,1
Heinola,heinola_DJI_0030_frame64,images/Heinola/heinola_DJI_0030_frame64.jpg,labels/Heinola/heinola_DJI_0030_frame64.txt,location,4096,2160,True,1
Heinola,heinola_DJI_0030_frame65,images/Heinola/heinola_DJI_0030_frame65.jpg,labels/Heinola/heinola_DJI_0030_frame65.txt,location,4096,2160,True,1
Heinola,heinola_DJI_0030_frame66,images/Heinola/heinola_DJI_0030_frame66.jpg,labels/Heinola/heinola_DJI_0030_frame66.txt,location,4096,2160,True,1
Heinola,heinola_DJI_0030_frame67,images/Heinola/heinola_DJI_0030_frame67.jpg,labels/Heinola/heinola_DJI_0030_frame67.txt,location,4096,2160,True,1
Heinola,heinola_DJI_0030_frame68,images/Heinola/heinola_DJI_0030_frame68.jpg,labels/Heinola/heinola_DJI_0030_frame68.txt,location,4096,2160,True,1
Heinola,heinola_DJI_0030_frame69,images/Heinola/heinola_DJI_0030_frame69.jpg,labels/Heinola/heinola_DJI_0030_frame69.txt,location,4096,2160,True,1
Heinola,heinola_DJI_0030_frame70,images/Heinola/heinola_DJI_0030_frame70.jpg,labels/Heinola/heinola_DJI_0030_frame70.txt,location,4096,2160,True,1
Heinola,heinola_DJI_0030_frame71,images/Heinola/heinola_DJI_0030_frame71.jpg,labels/Heinola/heinola_DJI_0030_frame71.txt,location,4096,2160,True,1
Heinola,heinola_DJI_0030_frame72,images/Heinola/heinola_DJI_0030_frame72.jpg,labels/Heinola/heinola_DJI_0030_frame72.txt,location,4096,2160,True,1
Heinola,heinola_DJI_0030_frame73,images/Heinola/heinola_DJI_0030_frame73.jpg,labels/Heinola/heinola_DJI_0030_frame73.txt,location,4096,2160,True,1
Heinola,heinola_DJI_0030_frame74,images/Heinola/heinola_DJI_0030_frame74.jpg,labels/Heinola/heinola_DJI_0030_frame74.txt,location,4096,2160,True,1
Heinola,heinola_DJI_0030_frame75,images/Heinola/heinola_DJI_0030_frame75.jpg,labels/Heinola/heinola_DJI_0030_frame75.txt,location,4096,2160,True,1
Heinola,heinola_DJI_0030_frame76,images/Heinola/heinola_DJI_0030_frame76.jpg,labels/Heinola/heinola_DJI_0030_frame76.txt,location,4096,2160,True,1
Heinola,heinola_DJI_0030_frame77,images/Heinola/heinola_DJI_0030_frame77.jpg,labels/Heinola/heinola_DJI_0030_frame77.txt,location,4096,2160,True,1
Heinola,heinola_DJI_0030_frame78,images/Heinola/heinola_DJI_0030_frame78.jpg,labels/Heinola/heinola_DJI_0030_frame78.txt,location,4096,2160,True,1
Heinola,heinola_DJI_0030_frame79,images/Heinola/heinola_DJI_0030_frame79.jpg,labels/Heinola/heinola_DJI_0030_frame79.txt,location,4096,2160,True,1
Heinola,heinola_DJI_0030_frame80,images/Heinola/heinola_DJI_0030_frame80.jpg,labels/Heinola/heinola_DJI_0030_frame80.txt,location,4096,2160,True,1
Heinola,heinola_DJI_0030_frame81,images/Heinola/heinola_DJI_0030_frame81.jpg,labels/Heinola/heinola_DJI_0030_frame81.txt,location,4096,2160,True,1
Heinola,heinola_DJI_0030_frame82,images/Heinola/heinola_DJI_0030_frame82.jpg,labels/Heinola/heinola_DJI_0030_frame82.txt,location,4096,2160,True,1
Heinola,heinola_DJI_0030_frame83,images/Heinola/heinola_DJI_0030_frame83.jpg,labels/Heinola/heinola_DJI_0030_frame83.txt,location,4096,2160,True,1
Heinola,heinola_DJI_0030_frame84,images/Heinola/heinola_DJI_0030_frame84.jpg,labels/Heinola/heinola_DJI_0030_frame84.txt,location,4096,2160,True,1
Heinola,heinola_DJI_0030_frame85,images/Heinola/heinola_DJI_0030_frame85.jpg,labels/Heinola/heinola_DJI_0030_frame85.txt,location,4096,2160,True,1
Heinola,heinola_DJI_0030_frame86,images/Heinola/heinola_DJI_0030_frame86.jpg,labels/Heinola/heinola_DJI_0030_frame86.txt,location,4096,2160,True,1
Heinola,heinola_DJI_0030_frame87,images/Heinola/heinola_DJI_0030_frame87.jpg,labels/Heinola/heinola_DJI_0030_frame87.txt,location,4096,2160,True,1
Heinola,heinola_DJI_0030_frame88,images/Heinola/heinola_DJI_0030_frame88.jpg,labels/Heinola/heinola_DJI_0030_frame88.txt,location,4096,2160,True,1
Heinola,heinola_DJI_0030_frame89,images/Heinola/heinola_DJI_0030_frame89.jpg,labels/Heinola/heinola_DJI_0030_frame89.txt,location,4096,2160,True,1
Heinola,heinola_DJI_0030_frame90,images/Heinola/heinola_DJI_0030_frame90.jpg,labels/Heinola/heinola_DJI_0030_frame90.txt,location,4096,2160,True,1
Heinola,heinola_DJI_0030_frame91,images/Heinola/heinola_DJI_0030_frame91.jpg,labels/Heinola/heinola_DJI_0030_frame91.txt,location,4096,2160,True,1
Heinola,heinola_DJI_0030_frame92,images/Heinola/heinola_DJI_0030_frame92.jpg,labels/Heinola/heinola_DJI_0030_frame92.txt,location,4096,2160,True,1
Heinola,heinola_DJI_0030_frame93,images/Heinola/heinola_DJI_0030_frame93.jpg,labels/Heinola/heinola_DJI_0030_frame93.txt,location,4096,2160,True,1
Heinola,heinola_DJI_0030_frame94,images/Heinola/heinola_DJI_0030_frame94.jpg,labels/Heinola/heinola_DJI_0030_frame94.txt,location,4096,2160,True,1
Heinola,heinola_DJI_0030_frame95,images/Heinola/heinola_DJI_0030_frame95.jpg,labels/Heinola/heinola_DJI_0030_frame95.txt,location,4096,2160,True,1
Heinola,heinola_DJI_0030_frame96,images/Heinola/heinola_DJI_0030_frame96.jpg,labels/Heinola/heinola_DJI_0030_frame96.txt,location,4096,2160,True,1
Heinola,heinola_DJI_0030_frame97,images/Heinola/heinola_DJI_0030_frame97.jpg,labels/Heinola/heinola_DJI_0030_frame97.txt,location,4096,2160,True,1
Heinola,heinola_DJI_0030_frame98,images/Heinola/heinola_DJI_0030_frame98.jpg,labels/Heinola/heinola_DJI_0030_frame98.txt,location,4096,2160,True,1
Heinola,heinola_DJI_0030_frame99,images/Heinola/heinola_DJI_0030_frame99.jpg,labels/Heinola/heinola_DJI_0030_frame99.txt,location,4096,2160,True,1
Heinola,heinola_DJI_0033_frame0,images/Heinola/heinola_DJI_0033_frame0.jpg,labels/Heinola/heinola_DJI_0033_frame0.txt,location,4096,2160,True,1
Heinola,heinola_DJI_0033_frame1,images/Heinola/heinola_DJI_0033_frame1.jpg,labels/Heinola/heinola_DJI_0033_frame1.txt,location,4096,2160,True,1
Heinola,heinola_DJI_0033_frame10,images/Heinola/heinola_DJI_0033_frame10.jpg,labels/Heinola/heinola_DJI_0033_frame10.txt,location,4096,2160,True,1
Heinola,heinola_DJI_0033_frame105,images/Heinola/heinola_DJI_0033_frame105.jpg,labels/Heinola/heinola_DJI_0033_frame105.txt,location,4096,2160,True,1
Heinola,heinola_DJI_0033_frame106,images/Heinola/heinola_DJI_0033_frame106.jpg,labels/Heinola/heinola_DJI_0033_frame106.txt,location,4096,2160,True,1
Heinola,heinola_DJI_0033_frame107,images/Heinola/heinola_DJI_0033_frame107.jpg,labels/Heinola/heinola_DJI_0033_frame107.txt,location,4096,2160,True,1
Heinola,heinola_DJI_0033_frame108,images/Heinola/heinola_DJI_0033_frame108.jpg,labels/Heinola/heinola_DJI_0033_frame108.txt,location,4096,2160,True,1
Heinola,heinola_DJI_0033_frame109,images/Heinola/heinola_DJI_0033_frame109.jpg,labels/Heinola/heinola_DJI_0033_frame109.txt,location,4096,2160,True,1
Heinola,heinola_DJI_0033_frame11,images/Heinola/heinola_DJI_0033_frame11.jpg,labels/Heinola/heinola_DJI_0033_frame11.txt,location,4096,2160,True,1
Heinola,heinola_DJI_0033_frame110,images/Heinola/heinola_DJI_0033_frame110.jpg,labels/Heinola/heinola_DJI_0033_frame110.txt,location,4096,2160,True,1
Heinola,heinola_DJI_0033_frame111,images/Heinola/heinola_DJI_0033_frame111.jpg,labels/Heinola/heinola_DJI_0033_frame111.txt,location,4096,2160,True,1
Heinola,heinola_DJI_0033_frame112,images/Heinola/heinola_DJI_0033_frame112.jpg,labels/Heinola/heinola_DJI_0033_frame112.txt,location,4096,2160,True,1
Heinola,heinola_DJI_0033_frame113,images/Heinola/heinola_DJI_0033_frame113.jpg,labels/Heinola/heinola_DJI_0033_frame113.txt,location,4096,2160,True,1
Heinola,heinola_DJI_0033_frame114,images/Heinola/heinola_DJI_0033_frame114.jpg,labels/Heinola/heinola_DJI_0033_frame114.txt,location,4096,2160,True,1
Heinola,heinola_DJI_0033_frame115,images/Heinola/heinola_DJI_0033_frame115.jpg,labels/Heinola/heinola_DJI_0033_frame115.txt,location,4096,2160,True,1
Heinola,heinola_DJI_0033_frame116,images/Heinola/heinola_DJI_0033_frame116.jpg,labels/Heinola/heinola_DJI_0033_frame116.txt,location,4096,2160,True,1
Heinola,heinola_DJI_0033_frame117,images/Heinola/heinola_DJI_0033_frame117.jpg,labels/Heinola/heinola_DJI_0033_frame117.txt,location,4096,2160,True,1
Heinola,heinola_DJI_0033_frame118,images/Heinola/heinola_DJI_0033_frame118.jpg,labels/Heinola/heinola_DJI_0033_frame118.txt,location,4096,2160,True,1
Heinola,heinola_DJI_0033_frame119,images/Heinola/heinola_DJI_0033_frame119.jpg,labels/Heinola/heinola_DJI_0033_frame119.txt,location,4096,2160,True,1
Heinola,heinola_DJI_0033_frame12,images/Heinola/heinola_DJI_0033_frame12.jpg,labels/Heinola/heinola_DJI_0033_frame12.txt,location,4096,2160,True,1
Heinola,heinola_DJI_0033_frame120,images/Heinola/heinola_DJI_0033_frame120.jpg,labels/Heinola/heinola_DJI_0033_frame120.txt,location,4096,2160,True,1
Heinola,heinola_DJI_0033_frame121,images/Heinola/heinola_DJI_0033_frame121.jpg,labels/Heinola/heinola_DJI_0033_frame121.txt,location,4096,2160,True,1
Heinola,heinola_DJI_0033_frame122,images/Heinola/heinola_DJI_0033_frame122.jpg,labels/Heinola/heinola_DJI_0033_frame122.txt,location,4096,2160,True,1
Heinola,heinola_DJI_0033_frame123,images/Heinola/heinola_DJI_0033_frame123.jpg,labels/Heinola/heinola_DJI_0033_frame123.txt,location,4096,2160,True,1
Heinola,heinola_DJI_0033_frame124,images/Heinola/heinola_DJI_0033_frame124.jpg,labels/Heinola/heinola_DJI_0033_frame124.txt,location,4096,2160,True,1
Heinola,heinola_DJI_0033_frame125,images/Heinola/heinola_DJI_0033_frame125.jpg,labels/Heinola/heinola_DJI_0033_frame125.txt,location,4096,2160,True,1
Heinola,heinola_DJI_0033_frame126,images/Heinola/heinola_DJI_0033_frame126.jpg,labels/Heinola/heinola_DJI_0033_frame126.txt,location,4096,2160,True,1
Heinola,heinola_DJI_0033_frame127,images/Heinola/heinola_DJI_0033_frame127.jpg,labels/Heinola/heinola_DJI_0033_frame127.txt,location,4096,2160,True,1
Heinola,heinola_DJI_0033_frame128,images/Heinola/heinola_DJI_0033_frame128.jpg,labels/Heinola/heinola_DJI_0033_frame128.txt,location,4096,2160,True,1
Heinola,heinola_DJI_0033_frame129,images/Heinola/heinola_DJI_0033_frame129.jpg,labels/Heinola/heinola_DJI_0033_frame129.txt,location,4096,2160,True,1
Heinola,heinola_DJI_0033_frame13,images/Heinola/heinola_DJI_0033_frame13.jpg,labels/Heinola/heinola_DJI_0033_frame13.txt,location,4096,2160,True,1
Heinola,heinola_DJI_0033_frame130,images/Heinola/heinola_DJI_0033_frame130.jpg,labels/Heinola/heinola_DJI_0033_frame130.txt,location,4096,2160,True,1
Heinola,heinola_DJI_0033_frame131,images/Heinola/heinola_DJI_0033_frame131.jpg,labels/Heinola/heinola_DJI_0033_frame131.txt,location,4096,2160,True,1
Heinola,heinola_DJI_0033_frame132,images/Heinola/heinola_DJI_0033_frame132.jpg,labels/Heinola/heinola_DJI_0033_frame132.txt,location,4096,2160,True,1
Heinola,heinola_DJI_0033_frame133,images/Heinola/heinola_DJI_0033_frame133.jpg,labels/Heinola/heinola_DJI_0033_frame133.txt,location,4096,2160,True,1
Heinola,heinola_DJI_0033_frame134,images/Heinola/heinola_DJI_0033_frame134.jpg,labels/Heinola/heinola_DJI_0033_frame134.txt,location,4096,2160,True,1
Heinola,heinola_DJI_0033_frame135,images/Heinola/heinola_DJI_0033_frame135.jpg,labels/Heinola/heinola_DJI_0033_frame135.txt,location,4096,2160,True,1
Heinola,heinola_DJI_0033_frame136,images/Heinola/heinola_DJI_0033_frame136.jpg,labels/Heinola/heinola_DJI_0033_frame136.txt,location,4096,2160,True,1
Heinola,heinola_DJI_0033_frame137,images/Heinola/heinola_DJI_0033_frame137.jpg,labels/Heinola/heinola_DJI_0033_frame137.txt,location,4096,2160,True,1
Heinola,heinola_DJI_0033_frame138,images/Heinola/heinola_DJI_0033_frame138.jpg,labels/Heinola/heinola_DJI_0033_frame138.txt,location,4096,2160,True,1
Heinola,heinola_DJI_0033_frame139,images/Heinola/heinola_DJI_0033_frame139.jpg,labels/Heinola/heinola_DJI_0033_frame139.txt,location,4096,2160,True,1
Heinola,heinola_DJI_0033_frame14,images/Heinola/heinola_DJI_0033_frame14.jpg,labels/Heinola/heinola_DJI_0033_frame14.txt,location,4096,2160,True,1
Heinola,heinola_DJI_0033_frame140,images/Heinola/heinola_DJI_0033_frame140.jpg,labels/Heinola/heinola_DJI_0033_frame140.txt,location,4096,2160,True,1
Heinola,heinola_DJI_0033_frame141,images/Heinola/heinola_DJI_0033_frame141.jpg,labels/Heinola/heinola_DJI_0033_frame141.txt,location,4096,2160,True,1
Heinola,heinola_DJI_0033_frame142,images/Heinola/heinola_DJI_0033_frame142.jpg,labels/Heinola/heinola_DJI_0033_frame142.txt,location,4096,2160,True,1
Heinola,heinola_DJI_0033_frame143,images/Heinola/heinola_DJI_0033_frame143.jpg,labels/Heinola/heinola_DJI_0033_frame143.txt,location,4096,2160,True,1
Heinola,heinola_DJI_0033_frame144,images/Heinola/heinola_DJI_0033_frame144.jpg,labels/Heinola/heinola_DJI_0033_frame144.txt,location,4096,2160,True,1
Heinola,heinola_DJI_0033_frame145,images/Heinola/heinola_DJI_0033_frame145.jpg,labels/Heinola/heinola_DJI_0033_frame145.txt,location,4096,2160,True,1
Heinola,heinola_DJI_0033_frame146,images/Heinola/heinola_DJI_0033_frame146.jpg,labels/Heinola/heinola_DJI_0033_frame146.txt,location,4096,2160,True,1
Heinola,heinola_DJI_0033_frame147,images/Heinola/heinola_DJI_0033_frame147.jpg,labels/Heinola/heinola_DJI_0033_frame147.txt,location,4096,2160,True,1
Heinola,heinola_DJI_0033_frame148,images/Heinola/heinola_DJI_0033_frame148.jpg,labels/Heinola/heinola_DJI_0033_frame148.txt,location,4096,2160,True,1
Heinola,heinola_DJI_0033_frame149,images/Heinola/heinola_DJI_0033_frame149.jpg,labels/Heinola/heinola_DJI_0033_frame149.txt,location,4096,2160,True,1
Heinola,heinola_DJI_0033_frame15,images/Heinola/heinola_DJI_0033_frame15.jpg,labels/Heinola/heinola_DJI_0033_frame15.txt,location,4096,2160,True,1
Heinola,heinola_DJI_0033_frame150,images/Heinola/heinola_DJI_0033_frame150.jpg,labels/Heinola/heinola_DJI_0033_frame150.txt,location,4096,2160,True,1
Heinola,heinola_DJI_0033_frame151,images/Heinola/heinola_DJI_0033_frame151.jpg,labels/Heinola/heinola_DJI_0033_frame151.txt,location,4096,2160,True,1
Heinola,heinola_DJI_0033_frame152,images/Heinola/heinola_DJI_0033_frame152.jpg,labels/Heinola/heinola_DJI_0033_frame152.txt,location,4096,2160,True,1
Heinola,heinola_DJI_0033_frame153,images/Heinola/heinola_DJI_0033_frame153.jpg,labels/Heinola/heinola_DJI_0033_frame153.txt,location,4096,2160,True,1
Heinola,heinola_DJI_0033_frame154,images/Heinola/heinola_DJI_0033_frame154.jpg,labels/Heinola/heinola_DJI_0033_frame154.txt,location,4096,2160,True,1
Heinola,heinola_DJI_0033_frame155,images/Heinola/heinola_DJI_0033_frame155.jpg,labels/Heinola/heinola_DJI_0033_frame155.txt,location,4096,2160,True,1
Heinola,heinola_DJI_0033_frame156,images/Heinola/heinola_DJI_0033_frame156.jpg,labels/Heinola/heinola_DJI_0033_frame156.txt,location,4096,2160,True,1
Heinola,heinola_DJI_0033_frame157,images/Heinola/heinola_DJI_0033_frame157.jpg,labels/Heinola/heinola_DJI_0033_frame157.txt,location,4096,2160,True,1
Heinola,heinola_DJI_0033_frame158,images/Heinola/heinola_DJI_0033_frame158.jpg,labels/Heinola/heinola_DJI_0033_frame158.txt,location,4096,2160,True,1
Heinola,heinola_DJI_0033_frame159,images/Heinola/heinola_DJI_0033_frame159.jpg,labels/Heinola/heinola_DJI_0033_frame159.txt,location,4096,2160,True,1
Heinola,heinola_DJI_0033_frame16,images/Heinola/heinola_DJI_0033_frame16.jpg,labels/Heinola/heinola_DJI_0033_frame16.txt,location,4096,2160,True,1
Heinola,heinola_DJI_0033_frame160,images/Heinola/heinola_DJI_0033_frame160.jpg,labels/Heinola/heinola_DJI_0033_frame160.txt,location,4096,2160,True,1
Heinola,heinola_DJI_0033_frame161,images/Heinola/heinola_DJI_0033_frame161.jpg,labels/Heinola/heinola_DJI_0033_frame161.txt,location,4096,2160,True,1
Heinola,heinola_DJI_0033_frame162,images/Heinola/heinola_DJI_0033_frame162.jpg,labels/Heinola/heinola_DJI_0033_frame162.txt,location,4096,2160,True,1
Heinola,heinola_DJI_0033_frame163,images/Heinola/heinola_DJI_0033_frame163.jpg,labels/Heinola/heinola_DJI_0033_frame163.txt,location,4096,2160,True,1
Heinola,heinola_DJI_0033_frame164,images/Heinola/heinola_DJI_0033_frame164.jpg,labels/Heinola/heinola_DJI_0033_frame164.txt,location,4096,2160,True,1
Heinola,heinola_DJI_0033_frame165,images/Heinola/heinola_DJI_0033_frame165.jpg,labels/Heinola/heinola_DJI_0033_frame165.txt,location,4096,2160,True,1
Heinola,heinola_DJI_0033_frame166,images/Heinola/heinola_DJI_0033_frame166.jpg,labels/Heinola/heinola_DJI_0033_frame166.txt,location,4096,2160,True,1
Heinola,heinola_DJI_0033_frame167,images/Heinola/heinola_DJI_0033_frame167.jpg,labels/Heinola/heinola_DJI_0033_frame167.txt,location,4096,2160,True,1
Heinola,heinola_DJI_0033_frame168,images/Heinola/heinola_DJI_0033_frame168.jpg,labels/Heinola/heinola_DJI_0033_frame168.txt,location,4096,2160,True,1
Heinola,heinola_DJI_0033_frame169,images/Heinola/heinola_DJI_0033_frame169.jpg,labels/Heinola/heinola_DJI_0033_frame169.txt,location,4096,2160,True,1
Heinola,heinola_DJI_0033_frame17,images/Heinola/heinola_DJI_0033_frame17.jpg,labels/Heinola/heinola_DJI_0033_frame17.txt,location,4096,2160,True,1
Heinola,heinola_DJI_0033_frame170,images/Heinola/heinola_DJI_0033_frame170.jpg,labels/Heinola/heinola_DJI_0033_frame170.txt,location,4096,2160,True,1
Heinola,heinola_DJI_0033_frame171,images/Heinola/heinola_DJI_0033_frame171.jpg,labels/Heinola/heinola_DJI_0033_frame171.txt,location,4096,2160,True,1
Heinola,heinola_DJI_0033_frame172,images/Heinola/heinola_DJI_0033_frame172.jpg,labels/Heinola/heinola_DJI_0033_frame172.txt,location,4096,2160,True,1
Heinola,heinola_DJI_0033_frame173,images/Heinola/heinola_DJI_0033_frame173.jpg,labels/Heinola/heinola_DJI_0033_frame173.txt,location,4096,2160,True,1
Heinola,heinola_DJI_0033_frame174,images/Heinola/heinola_DJI_0033_frame174.jpg,labels/Heinola/heinola_DJI_0033_frame174.txt,location,4096,2160,True,1
Heinola,heinola_DJI_0033_frame175,images/Heinola/heinola_DJI_0033_frame175.jpg,labels/Heinola/heinola_DJI_0033_frame175.txt,location,4096,2160,True,1
Heinola,heinola_DJI_0033_frame176,images/Heinola/heinola_DJI_0033_frame176.jpg,labels/Heinola/heinola_DJI_0033_frame176.txt,location,4096,2160,True,1
Heinola,heinola_DJI_0033_frame177,images/Heinola/heinola_DJI_0033_frame177.jpg,labels/Heinola/heinola_DJI_0033_frame177.txt,location,4096,2160,True,1
Heinola,heinola_DJI_0033_frame178,images/Heinola/heinola_DJI_0033_frame178.jpg,labels/Heinola/heinola_DJI_0033_frame178.txt,location,4096,2160,True,1
Heinola,heinola_DJI_0033_frame179,images/Heinola/heinola_DJI_0033_frame179.jpg,labels/Heinola/heinola_DJI_0033_frame179.txt,location,4096,2160,True,1
Heinola,heinola_DJI_0033_frame18,images/Heinola/heinola_DJI_0033_frame18.jpg,labels/Heinola/heinola_DJI_0033_frame18.txt,location,4096,2160,True,1
Heinola,heinola_DJI_0033_frame180,images/Heinola/heinola_DJI_0033_frame180.jpg,labels/Heinola/heinola_DJI_0033_frame180.txt,location,4096,2160,True,1
Heinola,heinola_DJI_0033_frame181,images/Heinola/heinola_DJI_0033_frame181.jpg,labels/Heinola/heinola_DJI_0033_frame181.txt,location,4096,2160,True,1
Heinola,heinola_DJI_0033_frame182,images/Heinola/heinola_DJI_0033_frame182.jpg,labels/Heinola/heinola_DJI_0033_frame182.txt,location,4096,2160,True,1
Heinola,heinola_DJI_0033_frame183,images/Heinola/heinola_DJI_0033_frame183.jpg,labels/Heinola/heinola_DJI_0033_frame183.txt,location,4096,2160,True,1
Heinola,heinola_DJI_0033_frame184,images/Heinola/heinola_DJI_0033_frame184.jpg,labels/Heinola/heinola_DJI_0033_frame184.txt,location,4096,2160,True,1
Heinola,heinola_DJI_0033_frame185,images/Heinola/heinola_DJI_0033_frame185.jpg,labels/Heinola/heinola_DJI_0033_frame185.txt,location,4096,2160,True,1
Heinola,heinola_DJI_0033_frame186,images/Heinola/heinola_DJI_0033_frame186.jpg,labels/Heinola/heinola_DJI_0033_frame186.txt,location,4096,2160,True,1
Heinola,heinola_DJI_0033_frame187,images/Heinola/heinola_DJI_0033_frame187.jpg,labels/Heinola/heinola_DJI_0033_frame187.txt,location,4096,2160,True,1
Heinola,heinola_DJI_0033_frame188,images/Heinola/heinola_DJI_0033_frame188.jpg,labels/Heinola/heinola_DJI_0033_frame188.txt,location,4096,2160,True,1
Heinola,heinola_DJI_0033_frame189,images/Heinola/heinola_DJI_0033_frame189.jpg,labels/Heinola/heinola_DJI_0033_frame189.txt,location,4096,2160,True,1
Heinola,heinola_DJI_0033_frame19,images/Heinola/heinola_DJI_0033_frame19.jpg,labels/Heinola/heinola_DJI_0033_frame19.txt,location,4096,2160,True,1
Heinola,heinola_DJI_0033_frame190,images/Heinola/heinola_DJI_0033_frame190.jpg,labels/Heinola/heinola_DJI_0033_frame190.txt,location,4096,2160,True,1
Heinola,heinola_DJI_0033_frame191,images/Heinola/heinola_DJI_0033_frame191.jpg,labels/Heinola/heinola_DJI_0033_frame191.txt,location,4096,2160,True,1
Heinola,heinola_DJI_0033_frame192,images/Heinola/heinola_DJI_0033_frame192.jpg,labels/Heinola/heinola_DJI_0033_frame192.txt,location,4096,2160,True,1
Heinola,heinola_DJI_0033_frame193,images/Heinola/heinola_DJI_0033_frame193.jpg,labels/Heinola/heinola_DJI_0033_frame193.txt,location,4096,2160,True,1
Heinola,heinola_DJI_0033_frame194,images/Heinola/heinola_DJI_0033_frame194.jpg,labels/Heinola/heinola_DJI_0033_frame194.txt,location,4096,2160,True,1
Heinola,heinola_DJI_0033_frame195,images/Heinola/heinola_DJI_0033_frame195.jpg,labels/Heinola/heinola_DJI_0033_frame195.txt,location,4096,2160,True,1
Heinola,heinola_DJI_0033_frame196,images/Heinola/heinola_DJI_0033_frame196.jpg,labels/Heinola/heinola_DJI_0033_frame196.txt,location,4096,2160,True,1
Heinola,heinola_DJI_0033_frame197,images/Heinola/heinola_DJI_0033_frame197.jpg,labels/Heinola/heinola_DJI_0033_frame197.txt,location,4096,2160,True,1
Heinola,heinola_DJI_0033_frame198,images/Heinola/heinola_DJI_0033_frame198.jpg,labels/Heinola/heinola_DJI_0033_frame198.txt,location,4096,2160,True,1
Heinola,heinola_DJI_0033_frame199,images/Heinola/heinola_DJI_0033_frame199.jpg,labels/Heinola/heinola_DJI_0033_frame199.txt,location,4096,2160,True,1
Heinola,heinola_DJI_0033_frame2,images/Heinola/heinola_DJI_0033_frame2.jpg,labels/Heinola/heinola_DJI_0033_frame2.txt,location,4096,2160,True,1
Heinola,heinola_DJI_0033_frame20,images/Heinola/heinola_DJI_0033_frame20.jpg,labels/Heinola/heinola_DJI_0033_frame20.txt,location,4096,2160,True,1
Heinola,heinola_DJI_0033_frame200,images/Heinola/heinola_DJI_0033_frame200.jpg,labels/Heinola/heinola_DJI_0033_frame200.txt,location,4096,2160,True,1
Heinola,heinola_DJI_0033_frame201,images/Heinola/heinola_DJI_0033_frame201.jpg,labels/Heinola/heinola_DJI_0033_frame201.txt,location,4096,2160,True,1
Heinola,heinola_DJI_0033_frame202,images/Heinola/heinola_DJI_0033_frame202.jpg,labels/Heinola/heinola_DJI_0033_frame202.txt,location,4096,2160,True,1
Heinola,heinola_DJI_0033_frame203,images/Heinola/heinola_DJI_0033_frame203.jpg,labels/Heinola/heinola_DJI_0033_frame203.txt,location,4096,2160,True,1
Heinola,heinola_DJI_0033_frame204,images/Heinola/heinola_DJI_0033_frame204.jpg,labels/Heinola/heinola_DJI_0033_frame204.txt,location,4096,2160,True,1
Heinola,heinola_DJI_0033_frame205,images/Heinola/heinola_DJI_0033_frame205.jpg,labels/Heinola/heinola_DJI_0033_frame205.txt,location,4096,2160,True,1
Heinola,heinola_DJI_0033_frame206,images/Heinola/heinola_DJI_0033_frame206.jpg,labels/Heinola/heinola_DJI_0033_frame206.txt,location,4096,2160,True,1
Heinola,heinola_DJI_0033_frame207,images/Heinola/heinola_DJI_0033_frame207.jpg,labels/Heinola/heinola_DJI_0033_frame207.txt,location,4096,2160,True,1
Heinola,heinola_DJI_0033_frame208,images/Heinola/heinola_DJI_0033_frame208.jpg,labels/Heinola/heinola_DJI_0033_frame208.txt,location,4096,2160,True,1
Heinola,heinola_DJI_0033_frame209,images/Heinola/heinola_DJI_0033_frame209.jpg,labels/Heinola/heinola_DJI_0033_frame209.txt,location,4096,2160,True,1
Heinola,heinola_DJI_0033_frame21,images/Heinola/heinola_DJI_0033_frame21.jpg,labels/Heinola/heinola_DJI_0033_frame21.txt,location,4096,2160,True,1
Heinola,heinola_DJI_0033_frame210,images/Heinola/heinola_DJI_0033_frame210.jpg,labels/Heinola/heinola_DJI_0033_frame210.txt,location,4096,2160,True,1
Heinola,heinola_DJI_0033_frame211,images/Heinola/heinola_DJI_0033_frame211.jpg,labels/Heinola/heinola_DJI_0033_frame211.txt,location,4096,2160,True,1
Heinola,heinola_DJI_0033_frame212,images/Heinola/heinola_DJI_0033_frame212.jpg,labels/Heinola/heinola_DJI_0033_frame212.txt,location,4096,2160,True,1
Heinola,heinola_DJI_0033_frame213,images/Heinola/heinola_DJI_0033_frame213.jpg,labels/Heinola/heinola_DJI_0033_frame213.txt,location,4096,2160,True,1
Heinola,heinola_DJI_0033_frame214,images/Heinola/heinola_DJI_0033_frame214.jpg,labels/Heinola/heinola_DJI_0033_frame214.txt,location,4096,2160,True,1
Heinola,heinola_DJI_0033_frame215,images/Heinola/heinola_DJI_0033_frame215.jpg,labels/Heinola/heinola_DJI_0033_frame215.txt,location,4096,2160,True,1
Heinola,heinola_DJI_0033_frame216,images/Heinola/heinola_DJI_0033_frame216.jpg,labels/Heinola/heinola_DJI_0033_frame216.txt,location,4096,2160,True,1
Heinola,heinola_DJI_0033_frame217,images/Heinola/heinola_DJI_0033_frame217.jpg,labels/Heinola/heinola_DJI_0033_frame217.txt,location,4096,2160,True,1
Heinola,heinola_DJI_0033_frame218,images/Heinola/heinola_DJI_0033_frame218.jpg,labels/Heinola/heinola_DJI_0033_frame218.txt,location,4096,2160,True,1
Heinola,heinola_DJI_0033_frame219,images/Heinola/heinola_DJI_0033_frame219.jpg,labels/Heinola/heinola_DJI_0033_frame219.txt,location,4096,2160,True,1
Heinola,heinola_DJI_0033_frame22,images/Heinola/heinola_DJI_0033_frame22.jpg,labels/Heinola/heinola_DJI_0033_frame22.txt,location,4096,2160,True,1
Heinola,heinola_DJI_0033_frame220,images/Heinola/heinola_DJI_0033_frame220.jpg,labels/Heinola/heinola_DJI_0033_frame220.txt,location,4096,2160,True,1
Heinola,heinola_DJI_0033_frame221,images/Heinola/heinola_DJI_0033_frame221.jpg,labels/Heinola/heinola_DJI_0033_frame221.txt,location,4096,2160,True,1
Heinola,heinola_DJI_0033_frame222,images/Heinola/heinola_DJI_0033_frame222.jpg,labels/Heinola/heinola_DJI_0033_frame222.txt,location,4096,2160,True,1
Heinola,heinola_DJI_0033_frame223,images/Heinola/heinola_DJI_0033_frame223.jpg,labels/Heinola/heinola_DJI_0033_frame223.txt,location,4096,2160,True,1
Heinola,heinola_DJI_0033_frame224,images/Heinola/heinola_DJI_0033_frame224.jpg,labels/Heinola/heinola_DJI_0033_frame224.txt,location,4096,2160,True,1
Heinola,heinola_DJI_0033_frame225,images/Heinola/heinola_DJI_0033_frame225.jpg,labels/Heinola/heinola_DJI_0033_frame225.txt,location,4096,2160,True,1
Heinola,heinola_DJI_0033_frame226,images/Heinola/heinola_DJI_0033_frame226.jpg,labels/Heinola/heinola_DJI_0033_frame226.txt,location,4096,2160,True,1
Heinola,heinola_DJI_0033_frame227,images/Heinola/heinola_DJI_0033_frame227.jpg,labels/Heinola/heinola_DJI_0033_frame227.txt,location,4096,2160,True,1
Heinola,heinola_DJI_0033_frame228,images/Heinola/heinola_DJI_0033_frame228.jpg,labels/Heinola/heinola_DJI_0033_frame228.txt,location,4096,2160,True,6
Heinola,heinola_DJI_0033_frame229,images/Heinola/heinola_DJI_0033_frame229.jpg,labels/Heinola/heinola_DJI_0033_frame229.txt,location,4096,2160,True,1
Heinola,heinola_DJI_0033_frame23,images/Heinola/heinola_DJI_0033_frame23.jpg,labels/Heinola/heinola_DJI_0033_frame23.txt,location,4096,2160,True,1
Heinola,heinola_DJI_0033_frame230,images/Heinola/heinola_DJI_0033_frame230.jpg,labels/Heinola/heinola_DJI_0033_frame230.txt,location,4096,2160,True,1
Heinola,heinola_DJI_0033_frame231,images/Heinola/heinola_DJI_0033_frame231.jpg,labels/Heinola/heinola_DJI_0033_frame231.txt,location,4096,2160,True,1
Heinola,heinola_DJI_0033_frame232,images/Heinola/heinola_DJI_0033_frame232.jpg,labels/Heinola/heinola_DJI_0033_frame232.txt,location,4096,2160,True,1
Heinola,heinola_DJI_0033_frame233,images/Heinola/heinola_DJI_0033_frame233.jpg,labels/Heinola/heinola_DJI_0033_frame233.txt,location,4096,2160,True,1
Heinola,heinola_DJI_0033_frame234,images/Heinola/heinola_DJI_0033_frame234.jpg,labels/Heinola/heinola_DJI_0033_frame234.txt,location,4096,2160,True,1
Heinola,heinola_DJI_0033_frame235,images/Heinola/heinola_DJI_0033_frame235.jpg,labels/Heinola/heinola_DJI_0033_frame235.txt,location,4096,2160,True,1
Heinola,heinola_DJI_0033_frame236,images/Heinola/heinola_DJI_0033_frame236.jpg,labels/Heinola/heinola_DJI_0033_frame236.txt,location,4096,2160,True,1
Heinola,heinola_DJI_0033_frame237,images/Heinola/heinola_DJI_0033_frame237.jpg,labels/Heinola/heinola_DJI_0033_frame237.txt,location,4096,2160,True,1
Heinola,heinola_DJI_0033_frame238,images/Heinola/heinola_DJI_0033_frame238.jpg,labels/Heinola/heinola_DJI_0033_frame238.txt,location,4096,2160,True,1
Heinola,heinola_DJI_0033_frame239,images/Heinola/heinola_DJI_0033_frame239.jpg,labels/Heinola/heinola_DJI_0033_frame239.txt,location,4096,2160,True,1
Heinola,heinola_DJI_0033_frame24,images/Heinola/heinola_DJI_0033_frame24.jpg,labels/Heinola/heinola_DJI_0033_frame24.txt,location,4096,2160,True,1
Heinola,heinola_DJI_0033_frame240,images/Heinola/heinola_DJI_0033_frame240.jpg,labels/Heinola/heinola_DJI_0033_frame240.txt,location,4096,2160,True,1
Heinola,heinola_DJI_0033_frame241,images/Heinola/heinola_DJI_0033_frame241.jpg,labels/Heinola/heinola_DJI_0033_frame241.txt,location,4096,2160,True,1
Heinola,heinola_DJI_0033_frame242,images/Heinola/heinola_DJI_0033_frame242.jpg,labels/Heinola/heinola_DJI_0033_frame242.txt,location,4096,2160,True,1
Heinola,heinola_DJI_0033_frame243,images/Heinola/heinola_DJI_0033_frame243.jpg,labels/Heinola/heinola_DJI_0033_frame243.txt,location,4096,2160,True,1
Heinola,heinola_DJI_0033_frame244,images/Heinola/heinola_DJI_0033_frame244.jpg,labels/Heinola/heinola_DJI_0033_frame244.txt,location,4096,2160,True,1
Heinola,heinola_DJI_0033_frame245,images/Heinola/heinola_DJI_0033_frame245.jpg,labels/Heinola/heinola_DJI_0033_frame245.txt,location,4096,2160,True,1
Heinola,heinola_DJI_0033_frame246,images/Heinola/heinola_DJI_0033_frame246.jpg,labels/Heinola/heinola_DJI_0033_frame246.txt,location,4096,2160,True,1
Heinola,heinola_DJI_0033_frame247,images/Heinola/heinola_DJI_0033_frame247.jpg,labels/Heinola/heinola_DJI_0033_frame247.txt,location,4096,2160,True,1
Heinola,heinola_DJI_0033_frame248,images/Heinola/heinola_DJI_0033_frame248.jpg,labels/Heinola/heinola_DJI_0033_frame248.txt,location,4096,2160,True,1
Heinola,heinola_DJI_0033_frame249,images/Heinola/heinola_DJI_0033_frame249.jpg,labels/Heinola/heinola_DJI_0033_frame249.txt,location,4096,2160,True,1
Heinola,heinola_DJI_0033_frame25,images/Heinola/heinola_DJI_0033_frame25.jpg,labels/Heinola/heinola_DJI_0033_frame25.txt,location,4096,2160,True,1
Heinola,heinola_DJI_0033_frame26,images/Heinola/heinola_DJI_0033_frame26.jpg,labels/Heinola/heinola_DJI_0033_frame26.txt,location,4096,2160,True,1
Heinola,heinola_DJI_0033_frame27,images/Heinola/heinola_DJI_0033_frame27.jpg,labels/Heinola/heinola_DJI_0033_frame27.txt,location,4096,2160,True,1
Heinola,heinola_DJI_0033_frame28,images/Heinola/heinola_DJI_0033_frame28.jpg,labels/Heinola/heinola_DJI_0033_frame28.txt,location,4096,2160,True,1
Heinola,heinola_DJI_0033_frame29,images/Heinola/heinola_DJI_0033_frame29.jpg,labels/Heinola/heinola_DJI_0033_frame29.txt,location,4096,2160,True,1
Heinola,heinola_DJI_0033_frame3,images/Heinola/heinola_DJI_0033_frame3.jpg,labels/Heinola/heinola_DJI_0033_frame3.txt,location,4096,2160,True,1
Heinola,heinola_DJI_0033_frame30,images/Heinola/heinola_DJI_0033_frame30.jpg,labels/Heinola/heinola_DJI_0033_frame30.txt,location,4096,2160,True,1
Heinola,heinola_DJI_0033_frame31,images/Heinola/heinola_DJI_0033_frame31.jpg,labels/Heinola/heinola_DJI_0033_frame31.txt,location,4096,2160,True,1
Heinola,heinola_DJI_0033_frame32,images/Heinola/heinola_DJI_0033_frame32.jpg,labels/Heinola/heinola_DJI_0033_frame32.txt,location,4096,2160,True,1
Heinola,heinola_DJI_0033_frame33,images/Heinola/heinola_DJI_0033_frame33.jpg,labels/Heinola/heinola_DJI_0033_frame33.txt,location,4096,2160,True,1
Heinola,heinola_DJI_0033_frame34,images/Heinola/heinola_DJI_0033_frame34.jpg,labels/Heinola/heinola_DJI_0033_frame34.txt,location,4096,2160,True,1
Heinola,heinola_DJI_0033_frame35,images/Heinola/heinola_DJI_0033_frame35.jpg,labels/Heinola/heinola_DJI_0033_frame35.txt,location,4096,2160,True,1
Heinola,heinola_DJI_0033_frame36,images/Heinola/heinola_DJI_0033_frame36.jpg,labels/Heinola/heinola_DJI_0033_frame36.txt,location,4096,2160,True,1
Heinola,heinola_DJI_0033_frame37,images/Heinola/heinola_DJI_0033_frame37.jpg,labels/Heinola/heinola_DJI_0033_frame37.txt,location,4096,2160,True,1
Heinola,heinola_DJI_0033_frame38,images/Heinola/heinola_DJI_0033_frame38.jpg,labels/Heinola/heinola_DJI_0033_frame38.txt,location,4096,2160,True,1
Heinola,heinola_DJI_0033_frame39,images/Heinola/heinola_DJI_0033_frame39.jpg,labels/Heinola/heinola_DJI_0033_frame39.txt,location,4096,2160,True,1
Heinola,heinola_DJI_0033_frame4,images/Heinola/heinola_DJI_0033_frame4.jpg,labels/Heinola/heinola_DJI_0033_frame4.txt,location,4096,2160,True,1
Heinola,heinola_DJI_0033_frame40,images/Heinola/heinola_DJI_0033_frame40.jpg,labels/Heinola/heinola_DJI_0033_frame40.txt,location,4096,2160,True,1
Heinola,heinola_DJI_0033_frame41,images/Heinola/heinola_DJI_0033_frame41.jpg,labels/Heinola/heinola_DJI_0033_frame41.txt,location,4096,2160,True,1
Heinola,heinola_DJI_0033_frame42,images/Heinola/heinola_DJI_0033_frame42.jpg,labels/Heinola/heinola_DJI_0033_frame42.txt,location,4096,2160,True,1
Heinola,heinola_DJI_0033_frame43,images/Heinola/heinola_DJI_0033_frame43.jpg,labels/Heinola/heinola_DJI_0033_frame43.txt,location,4096,2160,True,1
Heinola,heinola_DJI_0033_frame44,images/Heinola/heinola_DJI_0033_frame44.jpg,labels/Heinola/heinola_DJI_0033_frame44.txt,location,4096,2160,True,1
Heinola,heinola_DJI_0033_frame45,images/Heinola/heinola_DJI_0033_frame45.jpg,labels/Heinola/heinola_DJI_0033_frame45.txt,location,4096,2160,True,1
Heinola,heinola_DJI_0033_frame46,images/Heinola/heinola_DJI_0033_frame46.jpg,labels/Heinola/heinola_DJI_0033_frame46.txt,location,4096,2160,True,1
Heinola,heinola_DJI_0033_frame47,images/Heinola/heinola_DJI_0033_frame47.jpg,labels/Heinola/heinola_DJI_0033_frame47.txt,location,4096,2160,True,1
Heinola,heinola_DJI_0033_frame48,images/Heinola/heinola_DJI_0033_frame48.jpg,labels/Heinola/heinola_DJI_0033_frame48.txt,location,4096,2160,True,1
Heinola,heinola_DJI_0033_frame49,images/Heinola/heinola_DJI_0033_frame49.jpg,labels/Heinola/heinola_DJI_0033_frame49.txt,location,4096,2160,True,1
Heinola,heinola_DJI_0033_frame5,images/Heinola/heinola_DJI_0033_frame5.jpg,labels/Heinola/heinola_DJI_0033_frame5.txt,location,4096,2160,True,1
Heinola,heinola_DJI_0033_frame50,images/Heinola/heinola_DJI_0033_frame50.jpg,labels/Heinola/heinola_DJI_0033_frame50.txt,location,4096,2160,True,1
Heinola,heinola_DJI_0033_frame51,images/Heinola/heinola_DJI_0033_frame51.jpg,labels/Heinola/heinola_DJI_0033_frame51.txt,location,4096,2160,True,1
Heinola,heinola_DJI_0033_frame52,images/Heinola/heinola_DJI_0033_frame52.jpg,labels/Heinola/heinola_DJI_0033_frame52.txt,location,4096,2160,True,1
Heinola,heinola_DJI_0033_frame53,images/Heinola/heinola_DJI_0033_frame53.jpg,labels/Heinola/heinola_DJI_0033_frame53.txt,location,4096,2160,True,1
Heinola,heinola_DJI_0033_frame54,images/Heinola/heinola_DJI_0033_frame54.jpg,labels/Heinola/heinola_DJI_0033_frame54.txt,location,4096,2160,True,1
Heinola,heinola_DJI_0033_frame55,images/Heinola/heinola_DJI_0033_frame55.jpg,labels/Heinola/heinola_DJI_0033_frame55.txt,location,4096,2160,True,1
Heinola,heinola_DJI_0033_frame56,images/Heinola/heinola_DJI_0033_frame56.jpg,labels/Heinola/heinola_DJI_0033_frame56.txt,location,4096,2160,True,1
Heinola,heinola_DJI_0033_frame57,images/Heinola/heinola_DJI_0033_frame57.jpg,labels/Heinola/heinola_DJI_0033_frame57.txt,location,4096,2160,True,1
Heinola,heinola_DJI_0033_frame58,images/Heinola/heinola_DJI_0033_frame58.jpg,labels/Heinola/heinola_DJI_0033_frame58.txt,location,4096,2160,True,1
Heinola,heinola_DJI_0033_frame59,images/Heinola/heinola_DJI_0033_frame59.jpg,labels/Heinola/heinola_DJI_0033_frame59.txt,location,4096,2160,True,1
Heinola,heinola_DJI_0033_frame6,images/Heinola/heinola_DJI_0033_frame6.jpg,labels/Heinola/heinola_DJI_0033_frame6.txt,location,4096,2160,True,1
Heinola,heinola_DJI_0033_frame60,images/Heinola/heinola_DJI_0033_frame60.jpg,labels/Heinola/heinola_DJI_0033_frame60.txt,location,4096,2160,True,1
Heinola,heinola_DJI_0033_frame61,images/Heinola/heinola_DJI_0033_frame61.jpg,labels/Heinola/heinola_DJI_0033_frame61.txt,location,4096,2160,True,1
Heinola,heinola_DJI_0033_frame62,images/Heinola/heinola_DJI_0033_frame62.jpg,labels/Heinola/heinola_DJI_0033_frame62.txt,location,4096,2160,True,1
Heinola,heinola_DJI_0033_frame63,images/Heinola/heinola_DJI_0033_frame63.jpg,labels/Heinola/heinola_DJI_0033_frame63.txt,location,4096,2160,True,1
Heinola,heinola_DJI_0033_frame64,images/Heinola/heinola_DJI_0033_frame64.jpg,labels/Heinola/heinola_DJI_0033_frame64.txt,location,4096,2160,True,1
Heinola,heinola_DJI_0033_frame65,images/Heinola/heinola_DJI_0033_frame65.jpg,labels/Heinola/heinola_DJI_0033_frame65.txt,location,4096,2160,True,1
Heinola,heinola_DJI_0033_frame66,images/Heinola/heinola_DJI_0033_frame66.jpg,labels/Heinola/heinola_DJI_0033_frame66.txt,location,4096,2160,True,1
Heinola,heinola_DJI_0033_frame67,images/Heinola/heinola_DJI_0033_frame67.jpg,labels/Heinola/heinola_DJI_0033_frame67.txt,location,4096,2160,True,1
Heinola,heinola_DJI_0033_frame68,images/Heinola/heinola_DJI_0033_frame68.jpg,labels/Heinola/heinola_DJI_0033_frame68.txt,location,4096,2160,True,1
Heinola,heinola_DJI_0033_frame69,images/Heinola/heinola_DJI_0033_frame69.jpg,labels/Heinola/heinola_DJI_0033_frame69.txt,location,4096,2160,True,1
Heinola,heinola_DJI_0033_frame7,images/Heinola/heinola_DJI_0033_frame7.jpg,labels/Heinola/heinola_DJI_0033_frame7.txt,location,4096,2160,True,1
Heinola,heinola_DJI_0033_frame70,images/Heinola/heinola_DJI_0033_frame70.jpg,labels/Heinola/heinola_DJI_0033_frame70.txt,location,4096,2160,True,1
Heinola,heinola_DJI_0033_frame71,images/Heinola/heinola_DJI_0033_frame71.jpg,labels/Heinola/heinola_DJI_0033_frame71.txt,location,4096,2160,True,1
Heinola,heinola_DJI_0033_frame8,images/Heinola/heinola_DJI_0033_frame8.jpg,labels/Heinola/heinola_DJI_0033_frame8.txt,location,4096,2160,True,1
Heinola,heinola_DJI_0033_frame83,images/Heinola/heinola_DJI_0033_frame83.jpg,labels/Heinola/heinola_DJI_0033_frame83.txt,location,4096,2160,True,1
Heinola,heinola_DJI_0033_frame84,images/Heinola/heinola_DJI_0033_frame84.jpg,labels/Heinola/heinola_DJI_0033_frame84.txt,location,4096,2160,True,1
Heinola,heinola_DJI_0033_frame85,images/Heinola/heinola_DJI_0033_frame85.jpg,labels/Heinola/heinola_DJI_0033_frame85.txt,location,4096,2160,True,1
Heinola,heinola_DJI_0033_frame86,images/Heinola/heinola_DJI_0033_frame86.jpg,labels/Heinola/heinola_DJI_0033_frame86.txt,location,4096,2160,True,1
Heinola,heinola_DJI_0033_frame87,images/Heinola/heinola_DJI_0033_frame87.jpg,labels/Heinola/heinola_DJI_0033_frame87.txt,location,4096,2160,True,1
Heinola,heinola_DJI_0033_frame88,images/Heinola/heinola_DJI_0033_frame88.jpg,labels/Heinola/heinola_DJI_0033_frame88.txt,location,4096,2160,True,1
Heinola,heinola_DJI_0033_frame89,images/Heinola/heinola_DJI_0033_frame89.jpg,labels/Heinola/heinola_DJI_0033_frame89.txt,location,4096,2160,True,1
Heinola,heinola_DJI_0033_frame9,images/Heinola/heinola_DJI_0033_frame9.jpg,labels/Heinola/heinola_DJI_0033_frame9.txt,location,4096,2160,True,1
Heinola,heinola_DJI_0033_frame90,images/Heinola/heinola_DJI_0033_frame90.jpg,labels/Heinola/heinola_DJI_0033_frame90.txt,location,4096,2160,True,1
Heinola,heinola_DJI_0033_frame91,images/Heinola/heinola_DJI_0033_frame91.jpg,labels/Heinola/heinola_DJI_0033_frame91.txt,location,4096,2160,True,1
Heinola,heinola_DJI_0033_frame92,images/Heinola/heinola_DJI_0033_frame92.jpg,labels/Heinola/heinola_DJI_0033_frame92.txt,location,4096,2160,True,1
Heinola,heinola_DJI_0033_frame93,images/Heinola/heinola_DJI_0033_frame93.jpg,labels/Heinola/heinola_DJI_0033_frame93.txt,location,4096,2160,True,1
Heinola,heinola_DJI_0033_frame94,images/Heinola/heinola_DJI_0033_frame94.jpg,labels/Heinola/heinola_DJI_0033_frame94.txt,location,4096,2160,True,1
Heinola,heinola_DJI_0033_frame95,images/Heinola/heinola_DJI_0033_frame95.jpg,labels/Heinola/heinola_DJI_0033_frame95.txt,location,4096,2160,True,1
Heinola,heinola_DJI_0036_frame100,images/Heinola/heinola_DJI_0036_frame100.jpg,labels/Heinola/heinola_DJI_0036_frame100.txt,location,4096,2160,True,1
Heinola,heinola_DJI_0036_frame101,images/Heinola/heinola_DJI_0036_frame101.jpg,labels/Heinola/heinola_DJI_0036_frame101.txt,location,4096,2160,True,1
Heinola,heinola_DJI_0036_frame102,images/Heinola/heinola_DJI_0036_frame102.jpg,labels/Heinola/heinola_DJI_0036_frame102.txt,location,4096,2160,True,1
Heinola,heinola_DJI_0036_frame103,images/Heinola/heinola_DJI_0036_frame103.jpg,labels/Heinola/heinola_DJI_0036_frame103.txt,location,4096,2160,True,1
Heinola,heinola_DJI_0036_frame104,images/Heinola/heinola_DJI_0036_frame104.jpg,labels/Heinola/heinola_DJI_0036_frame104.txt,location,4096,2160,True,1
Heinola,heinola_DJI_0036_frame105,images/Heinola/heinola_DJI_0036_frame105.jpg,labels/Heinola/heinola_DJI_0036_frame105.txt,location,4096,2160,True,1
Heinola,heinola_DJI_0036_frame106,images/Heinola/heinola_DJI_0036_frame106.jpg,labels/Heinola/heinola_DJI_0036_frame106.txt,location,4096,2160,True,1
Heinola,heinola_DJI_0036_frame107,images/Heinola/heinola_DJI_0036_frame107.jpg,labels/Heinola/heinola_DJI_0036_frame107.txt,location,4096,2160,True,1
Heinola,heinola_DJI_0036_frame108,images/Heinola/heinola_DJI_0036_frame108.jpg,labels/Heinola/heinola_DJI_0036_frame108.txt,location,4096,2160,True,1
Heinola,heinola_DJI_0036_frame109,images/Heinola/heinola_DJI_0036_frame109.jpg,labels/Heinola/heinola_DJI_0036_frame109.txt,location,4096,2160,True,1
Heinola,heinola_DJI_0036_frame110,images/Heinola/heinola_DJI_0036_frame110.jpg,labels/Heinola/heinola_DJI_0036_frame110.txt,location,4096,2160,True,1
Heinola,heinola_DJI_0036_frame111,images/Heinola/heinola_DJI_0036_frame111.jpg,labels/Heinola/heinola_DJI_0036_frame111.txt,location,4096,2160,True,1
Heinola,heinola_DJI_0036_frame112,images/Heinola/heinola_DJI_0036_frame112.jpg,labels/Heinola/heinola_DJI_0036_frame112.txt,location,4096,2160,True,1
Heinola,heinola_DJI_0036_frame113,images/Heinola/heinola_DJI_0036_frame113.jpg,labels/Heinola/heinola_DJI_0036_frame113.txt,location,4096,2160,True,1
Heinola,heinola_DJI_0036_frame114,images/Heinola/heinola_DJI_0036_frame114.jpg,labels/Heinola/heinola_DJI_0036_frame114.txt,location,4096,2160,True,1
Heinola,heinola_DJI_0036_frame115,images/Heinola/heinola_DJI_0036_frame115.jpg,labels/Heinola/heinola_DJI_0036_frame115.txt,location,4096,2160,True,1
Heinola,heinola_DJI_0036_frame116,images/Heinola/heinola_DJI_0036_frame116.jpg,labels/Heinola/heinola_DJI_0036_frame116.txt,location,4096,2160,True,1
Heinola,heinola_DJI_0036_frame117,images/Heinola/heinola_DJI_0036_frame117.jpg,labels/Heinola/heinola_DJI_0036_frame117.txt,location,4096,2160,True,1
Heinola,heinola_DJI_0036_frame118,images/Heinola/heinola_DJI_0036_frame118.jpg,labels/Heinola/heinola_DJI_0036_frame118.txt,location,4096,2160,True,1
Heinola,heinola_DJI_0036_frame119,images/Heinola/heinola_DJI_0036_frame119.jpg,labels/Heinola/heinola_DJI_0036_frame119.txt,location,4096,2160,True,1
Heinola,heinola_DJI_0036_frame120,images/Heinola/heinola_DJI_0036_frame120.jpg,labels/Heinola/heinola_DJI_0036_frame120.txt,location,4096,2160,True,1
Heinola,heinola_DJI_0036_frame121,images/Heinola/heinola_DJI_0036_frame121.jpg,labels/Heinola/heinola_DJI_0036_frame121.txt,location,4096,2160,True,1
Heinola,heinola_DJI_0036_frame122,images/Heinola/heinola_DJI_0036_frame122.jpg,labels/Heinola/heinola_DJI_0036_frame122.txt,location,4096,2160,True,1
Heinola,heinola_DJI_0036_frame123,images/Heinola/heinola_DJI_0036_frame123.jpg,labels/Heinola/heinola_DJI_0036_frame123.txt,location,4096,2160,True,1
Heinola,heinola_DJI_0036_frame124,images/Heinola/heinola_DJI_0036_frame124.jpg,labels/Heinola/heinola_DJI_0036_frame124.txt,location,4096,2160,True,1
Heinola,heinola_DJI_0036_frame125,images/Heinola/heinola_DJI_0036_frame125.jpg,labels/Heinola/heinola_DJI_0036_frame125.txt,location,4096,2160,True,1
Heinola,heinola_DJI_0036_frame126,images/Heinola/heinola_DJI_0036_frame126.jpg,labels/Heinola/heinola_DJI_0036_frame126.txt,location,4096,2160,True,1
Heinola,heinola_DJI_0036_frame127,images/Heinola/heinola_DJI_0036_frame127.jpg,labels/Heinola/heinola_DJI_0036_frame127.txt,location,4096,2160,True,1
Heinola,heinola_DJI_0036_frame229,images/Heinola/heinola_DJI_0036_frame229.jpg,labels/Heinola/heinola_DJI_0036_frame229.txt,location,4096,2160,True,1
Heinola,heinola_DJI_0036_frame230,images/Heinola/heinola_DJI_0036_frame230.jpg,labels/Heinola/heinola_DJI_0036_frame230.txt,location,4096,2160,True,1
Heinola,heinola_DJI_0036_frame231,images/Heinola/heinola_DJI_0036_frame231.jpg,labels/Heinola/heinola_DJI_0036_frame231.txt,location,4096,2160,True,1
Heinola,heinola_DJI_0036_frame232,images/Heinola/heinola_DJI_0036_frame232.jpg,labels/Heinola/heinola_DJI_0036_frame232.txt,location,4096,2160,True,1
Heinola,heinola_DJI_0036_frame233,images/Heinola/heinola_DJI_0036_frame233.jpg,labels/Heinola/heinola_DJI_0036_frame233.txt,location,4096,2160,True,1
Heinola,heinola_DJI_0036_frame234,images/Heinola/heinola_DJI_0036_frame234.jpg,labels/Heinola/heinola_DJI_0036_frame234.txt,location,4096,2160,True,1
Heinola,heinola_DJI_0036_frame235,images/Heinola/heinola_DJI_0036_frame235.jpg,labels/Heinola/heinola_DJI_0036_frame235.txt,location,4096,2160,True,1
Heinola,heinola_DJI_0036_frame236,images/Heinola/heinola_DJI_0036_frame236.jpg,labels/Heinola/heinola_DJI_0036_frame236.txt,location,4096,2160,True,1
Heinola,heinola_DJI_0036_frame237,images/Heinola/heinola_DJI_0036_frame237.jpg,labels/Heinola/heinola_DJI_0036_frame237.txt,location,4096,2160,True,1
Heinola,heinola_DJI_0036_frame238,images/Heinola/heinola_DJI_0036_frame238.jpg,labels/Heinola/heinola_DJI_0036_frame238.txt,location,4096,2160,True,1
Heinola,heinola_DJI_0036_frame239,images/Heinola/heinola_DJI_0036_frame239.jpg,labels/Heinola/heinola_DJI_0036_frame239.txt,location,4096,2160,True,1
Heinola,heinola_DJI_0036_frame240,images/Heinola/heinola_DJI_0036_frame240.jpg,labels/Heinola/heinola_DJI_0036_frame240.txt,location,4096,2160,True,1
Heinola,heinola_DJI_0036_frame241,images/Heinola/heinola_DJI_0036_frame241.jpg,labels/Heinola/heinola_DJI_0036_frame241.txt,location,4096,2160,True,1
Heinola,heinola_DJI_0036_frame242,images/Heinola/heinola_DJI_0036_frame242.jpg,labels/Heinola/heinola_DJI_0036_frame242.txt,location,4096,2160,True,1
Heinola,heinola_DJI_0036_frame97,images/Heinola/heinola_DJI_0036_frame97.jpg,labels/Heinola/heinola_DJI_0036_frame97.txt,location,4096,2160,True,1
Heinola,heinola_DJI_0036_frame98,images/Heinola/heinola_DJI_0036_frame98.jpg,labels/Heinola/heinola_DJI_0036_frame98.txt,location,4096,2160,True,1
Heinola,heinola_DJI_0036_frame99,images/Heinola/heinola_DJI_0036_frame99.jpg,labels/Heinola/heinola_DJI_0036_frame99.txt,location,4096,2160,True,1
Heinola,heinola_DJI_0038_frame36,images/Heinola/heinola_DJI_0038_frame36.jpg,labels/Heinola/heinola_DJI_0038_frame36.txt,location,4096,2160,True,1
Heinola,heinola_DJI_0038_frame37,images/Heinola/heinola_DJI_0038_frame37.jpg,labels/Heinola/heinola_DJI_0038_frame37.txt,location,4096,2160,True,1
Heinola,heinola_DJI_0038_frame38,images/Heinola/heinola_DJI_0038_frame38.jpg,labels/Heinola/heinola_DJI_0038_frame38.txt,location,4096,2160,True,1
Heinola,heinola_DJI_0038_frame39,images/Heinola/heinola_DJI_0038_frame39.jpg,labels/Heinola/heinola_DJI_0038_frame39.txt,location,4096,2160,True,1
Heinola,heinola_DJI_0038_frame40,images/Heinola/heinola_DJI_0038_frame40.jpg,labels/Heinola/heinola_DJI_0038_frame40.txt,location,4096,2160,True,1
Heinola,heinola_DJI_0038_frame41,images/Heinola/heinola_DJI_0038_frame41.jpg,labels/Heinola/heinola_DJI_0038_frame41.txt,location,4096,2160,True,1
Heinola,heinola_DJI_0038_frame42,images/Heinola/heinola_DJI_0038_frame42.jpg,labels/Heinola/heinola_DJI_0038_frame42.txt,location,4096,2160,True,1
Heinola,heinola_DJI_0038_frame43,images/Heinola/heinola_DJI_0038_frame43.jpg,labels/Heinola/heinola_DJI_0038_frame43.txt,location,4096,2160,True,1
Heinola,heinola_DJI_0038_frame44,images/Heinola/heinola_DJI_0038_frame44.jpg,labels/Heinola/heinola_DJI_0038_frame44.txt,location,4096,2160,True,1
Heinola,heinola_DJI_0038_frame45,images/Heinola/heinola_DJI_0038_frame45.jpg,labels/Heinola/heinola_DJI_0038_frame45.txt,location,4096,2160,True,1
Heinola,heinola_DJI_0048_frame217,images/Heinola/heinola_DJI_0048_frame217.jpg,labels/Heinola/heinola_DJI_0048_frame217.txt,location,4096,2160,True,1
Heinola,heinola_DJI_0048_frame218,images/Heinola/heinola_DJI_0048_frame218.jpg,labels/Heinola/heinola_DJI_0048_frame218.txt,location,4096,2160,True,1
Heinola,heinola_DJI_0048_frame219,images/Heinola/heinola_DJI_0048_frame219.jpg,labels/Heinola/heinola_DJI_0048_frame219.txt,location,4096,2160,True,1
Heinola,heinola_DJI_0048_frame220,images/Heinola/heinola_DJI_0048_frame220.jpg,labels/Heinola/heinola_DJI_0048_frame220.txt,location,4096,2160,True,1
Heinola,heinola_DJI_0048_frame221,images/Heinola/heinola_DJI_0048_frame221.jpg,labels/Heinola/heinola_DJI_0048_frame221.txt,location,4096,2160,True,1
Heinola,heinola_DJI_0048_frame222,images/Heinola/heinola_DJI_0048_frame222.jpg,labels/Heinola/heinola_DJI_0048_frame222.txt,location,4096,2160,True,1
Heinola,heinola_DJI_0048_frame223,images/Heinola/heinola_DJI_0048_frame223.jpg,labels/Heinola/heinola_DJI_0048_frame223.txt,location,4096,2160,True,1
Heinola,heinola_DJI_0048_frame224,images/Heinola/heinola_DJI_0048_frame224.jpg,labels/Heinola/heinola_DJI_0048_frame224.txt,location,4096,2160,True,1
Heinola,heinola_DJI_0048_frame225,images/Heinola/heinola_DJI_0048_frame225.jpg,labels/Heinola/heinola_DJI_0048_frame225.txt,location,4096,2160,True,1
Heinola,heinola_DJI_0048_frame226,images/Heinola/heinola_DJI_0048_frame226.jpg,labels/Heinola/heinola_DJI_0048_frame226.txt,location,4096,2160,True,1
Heinola,heinola_DJI_0048_frame227,images/Heinola/heinola_DJI_0048_frame227.jpg,labels/Heinola/heinola_DJI_0048_frame227.txt,location,4096,2160,True,1
Heinola,heinola_DJI_0048_frame228,images/Heinola/heinola_DJI_0048_frame228.jpg,labels/Heinola/heinola_DJI_0048_frame228.txt,location,4096,2160,True,1
Heinola,heinola_DJI_0048_frame229,images/Heinola/heinola_DJI_0048_frame229.jpg,labels/Heinola/heinola_DJI_0048_frame229.txt,location,4096,2160,True,1
Heinola,heinola_DJI_0048_frame230,images/Heinola/heinola_DJI_0048_frame230.jpg,labels/Heinola/heinola_DJI_0048_frame230.txt,location,4096,2160,True,1
Heinola,heinola_DJI_0048_frame231,images/Heinola/heinola_DJI_0048_frame231.jpg,labels/Heinola/heinola_DJI_0048_frame231.txt,location,4096,2160,True,1
Karkkila,karkkila_DJI_0001_frame100,images/Karkkila/karkkila_DJI_0001_frame100.jpg,labels/Karkkila/karkkila_DJI_0001_frame100.txt,location,3840,2160,True,1
Karkkila,karkkila_DJI_0001_frame101,images/Karkkila/karkkila_DJI_0001_frame101.jpg,labels/Karkkila/karkkila_DJI_0001_frame101.txt,location,3840,2160,True,1
Karkkila,karkkila_DJI_0001_frame102,images/Karkkila/karkkila_DJI_0001_frame102.jpg,labels/Karkkila/karkkila_DJI_0001_frame102.txt,location,3840,2160,True,1
Karkkila,karkkila_DJI_0001_frame103,images/Karkkila/karkkila_DJI_0001_frame103.jpg,labels/Karkkila/karkkila_DJI_0001_frame103.txt,location,3840,2160,True,1
Karkkila,karkkila_DJI_0001_frame104,images/Karkkila/karkkila_DJI_0001_frame104.jpg,labels/Karkkila/karkkila_DJI_0001_frame104.txt,location,3840,2160,True,1
Karkkila,karkkila_DJI_0001_frame105,images/Karkkila/karkkila_DJI_0001_frame105.jpg,labels/Karkkila/karkkila_DJI_0001_frame105.txt,location,3840,2160,True,1
Karkkila,karkkila_DJI_0001_frame106,images/Karkkila/karkkila_DJI_0001_frame106.jpg,labels/Karkkila/karkkila_DJI_0001_frame106.txt,location,3840,2160,True,1
Karkkila,karkkila_DJI_0001_frame107,images/Karkkila/karkkila_DJI_0001_frame107.jpg,labels/Karkkila/karkkila_DJI_0001_frame107.txt,location,3840,2160,True,1
Karkkila,karkkila_DJI_0001_frame108,images/Karkkila/karkkila_DJI_0001_frame108.jpg,labels/Karkkila/karkkila_DJI_0001_frame108.txt,location,3840,2160,True,1
Karkkila,karkkila_DJI_0001_frame109,images/Karkkila/karkkila_DJI_0001_frame109.jpg,labels/Karkkila/karkkila_DJI_0001_frame109.txt,location,3840,2160,True,1
Karkkila,karkkila_DJI_0001_frame110,images/Karkkila/karkkila_DJI_0001_frame110.jpg,labels/Karkkila/karkkila_DJI_0001_frame110.txt,location,3840,2160,True,1
Karkkila,karkkila_DJI_0001_frame111,images/Karkkila/karkkila_DJI_0001_frame111.jpg,labels/Karkkila/karkkila_DJI_0001_frame111.txt,location,3840,2160,True,1
Karkkila,karkkila_DJI_0001_frame112,images/Karkkila/karkkila_DJI_0001_frame112.jpg,labels/Karkkila/karkkila_DJI_0001_frame112.txt,location,3840,2160,True,1
Karkkila,karkkila_DJI_0001_frame113,images/Karkkila/karkkila_DJI_0001_frame113.jpg,labels/Karkkila/karkkila_DJI_0001_frame113.txt,location,3840,2160,True,1
Karkkila,karkkila_DJI_0001_frame114,images/Karkkila/karkkila_DJI_0001_frame114.jpg,labels/Karkkila/karkkila_DJI_0001_frame114.txt,location,3840,2160,True,1
Karkkila,karkkila_DJI_0001_frame115,images/Karkkila/karkkila_DJI_0001_frame115.jpg,labels/Karkkila/karkkila_DJI_0001_frame115.txt,location,3840,2160,True,1
Karkkila,karkkila_DJI_0001_frame116,images/Karkkila/karkkila_DJI_0001_frame116.jpg,labels/Karkkila/karkkila_DJI_0001_frame116.txt,location,3840,2160,True,1
Karkkila,karkkila_DJI_0001_frame117,images/Karkkila/karkkila_DJI_0001_frame117.jpg,labels/Karkkila/karkkila_DJI_0001_frame117.txt,location,3840,2160,True,1
Karkkila,karkkila_DJI_0001_frame118,images/Karkkila/karkkila_DJI_0001_frame118.jpg,labels/Karkkila/karkkila_DJI_0001_frame118.txt,location,3840,2160,True,1
Karkkila,karkkila_DJI_0001_frame119,images/Karkkila/karkkila_DJI_0001_frame119.jpg,labels/Karkkila/karkkila_DJI_0001_frame119.txt,location,3840,2160,True,1
Karkkila,karkkila_DJI_0001_frame120,images/Karkkila/karkkila_DJI_0001_frame120.jpg,labels/Karkkila/karkkila_DJI_0001_frame120.txt,location,3840,2160,True,1
Karkkila,karkkila_DJI_0001_frame121,images/Karkkila/karkkila_DJI_0001_frame121.jpg,labels/Karkkila/karkkila_DJI_0001_frame121.txt,location,3840,2160,True,1
Karkkila,karkkila_DJI_0001_frame122,images/Karkkila/karkkila_DJI_0001_frame122.jpg,labels/Karkkila/karkkila_DJI_0001_frame122.txt,location,3840,2160,True,1
Karkkila,karkkila_DJI_0001_frame123,images/Karkkila/karkkila_DJI_0001_frame123.jpg,labels/Karkkila/karkkila_DJI_0001_frame123.txt,location,3840,2160,True,1
Karkkila,karkkila_DJI_0001_frame55,images/Karkkila/karkkila_DJI_0001_frame55.jpg,labels/Karkkila/karkkila_DJI_0001_frame55.txt,location,3840,2160,True,1
Karkkila,karkkila_DJI_0001_frame56,images/Karkkila/karkkila_DJI_0001_frame56.jpg,labels/Karkkila/karkkila_DJI_0001_frame56.txt,location,3840,2160,True,1
Karkkila,karkkila_DJI_0001_frame57,images/Karkkila/karkkila_DJI_0001_frame57.jpg,labels/Karkkila/karkkila_DJI_0001_frame57.txt,location,3840,2160,True,1
Karkkila,karkkila_DJI_0001_frame58,images/Karkkila/karkkila_DJI_0001_frame58.jpg,labels/Karkkila/karkkila_DJI_0001_frame58.txt,location,3840,2160,True,1
Karkkila,karkkila_DJI_0001_frame59,images/Karkkila/karkkila_DJI_0001_frame59.jpg,labels/Karkkila/karkkila_DJI_0001_frame59.txt,location,3840,2160,True,1
Karkkila,karkkila_DJI_0001_frame60,images/Karkkila/karkkila_DJI_0001_frame60.jpg,labels/Karkkila/karkkila_DJI_0001_frame60.txt,location,3840,2160,True,1
Karkkila,karkkila_DJI_0001_frame61,images/Karkkila/karkkila_DJI_0001_frame61.jpg,labels/Karkkila/karkkila_DJI_0001_frame61.txt,location,3840,2160,True,1
Karkkila,karkkila_DJI_0001_frame62,images/Karkkila/karkkila_DJI_0001_frame62.jpg,labels/Karkkila/karkkila_DJI_0001_frame62.txt,location,3840,2160,True,1
Karkkila,karkkila_DJI_0001_frame63,images/Karkkila/karkkila_DJI_0001_frame63.jpg,labels/Karkkila/karkkila_DJI_0001_frame63.txt,location,3840,2160,True,1
Karkkila,karkkila_DJI_0001_frame64,images/Karkkila/karkkila_DJI_0001_frame64.jpg,labels/Karkkila/karkkila_DJI_0001_frame64.txt,location,3840,2160,True,1
Karkkila,karkkila_DJI_0001_frame65,images/Karkkila/karkkila_DJI_0001_frame65.jpg,labels/Karkkila/karkkila_DJI_0001_frame65.txt,location,3840,2160,True,1
Karkkila,karkkila_DJI_0001_frame66,images/Karkkila/karkkila_DJI_0001_frame66.jpg,labels/Karkkila/karkkila_DJI_0001_frame66.txt,location,3840,2160,True,1
Karkkila,karkkila_DJI_0001_frame67,images/Karkkila/karkkila_DJI_0001_frame67.jpg,labels/Karkkila/karkkila_DJI_0001_frame67.txt,location,3840,2160,True,1
Karkkila,karkkila_DJI_0001_frame68,images/Karkkila/karkkila_DJI_0001_frame68.jpg,labels/Karkkila/karkkila_DJI_0001_frame68.txt,location,3840,2160,True,1
Karkkila,karkkila_DJI_0001_frame69,images/Karkkila/karkkila_DJI_0001_frame69.jpg,labels/Karkkila/karkkila_DJI_0001_frame69.txt,location,3840,2160,True,1
Karkkila,karkkila_DJI_0001_frame70,images/Karkkila/karkkila_DJI_0001_frame70.jpg,labels/Karkkila/karkkila_DJI_0001_frame70.txt,location,3840,2160,True,1
Karkkila,karkkila_DJI_0001_frame71,images/Karkkila/karkkila_DJI_0001_frame71.jpg,labels/Karkkila/karkkila_DJI_0001_frame71.txt,location,3840,2160,True,1
Karkkila,karkkila_DJI_0001_frame72,images/Karkkila/karkkila_DJI_0001_frame72.jpg,labels/Karkkila/karkkila_DJI_0001_frame72.txt,location,3840,2160,True,1
Karkkila,karkkila_DJI_0001_frame73,images/Karkkila/karkkila_DJI_0001_frame73.jpg,labels/Karkkila/karkkila_DJI_0001_frame73.txt,location,3840,2160,True,1
Karkkila,karkkila_DJI_0001_frame74,images/Karkkila/karkkila_DJI_0001_frame74.jpg,labels/Karkkila/karkkila_DJI_0001_frame74.txt,location,3840,2160,True,1
Karkkila,karkkila_DJI_0001_frame75,images/Karkkila/karkkila_DJI_0001_frame75.jpg,labels/Karkkila/karkkila_DJI_0001_frame75.txt,location,3840,2160,True,1
Karkkila,karkkila_DJI_0001_frame76,images/Karkkila/karkkila_DJI_0001_frame76.jpg,labels/Karkkila/karkkila_DJI_0001_frame76.txt,location,3840,2160,True,1
Karkkila,karkkila_DJI_0001_frame77,images/Karkkila/karkkila_DJI_0001_frame77.jpg,labels/Karkkila/karkkila_DJI_0001_frame77.txt,location,3840,2160,True,1
Karkkila,karkkila_DJI_0001_frame78,images/Karkkila/karkkila_DJI_0001_frame78.jpg,labels/Karkkila/karkkila_DJI_0001_frame78.txt,location,3840,2160,True,1
Karkkila,karkkila_DJI_0001_frame79,images/Karkkila/karkkila_DJI_0001_frame79.jpg,labels/Karkkila/karkkila_DJI_0001_frame79.txt,location,3840,2160,True,1
Karkkila,karkkila_DJI_0001_frame80,images/Karkkila/karkkila_DJI_0001_frame80.jpg,labels/Karkkila/karkkila_DJI_0001_frame80.txt,location,3840,2160,True,1
Karkkila,karkkila_DJI_0001_frame81,images/Karkkila/karkkila_DJI_0001_frame81.jpg,labels/Karkkila/karkkila_DJI_0001_frame81.txt,location,3840,2160,True,1
Karkkila,karkkila_DJI_0001_frame82,images/Karkkila/karkkila_DJI_0001_frame82.jpg,labels/Karkkila/karkkila_DJI_0001_frame82.txt,location,3840,2160,True,1
Karkkila,karkkila_DJI_0001_frame83,images/Karkkila/karkkila_DJI_0001_frame83.jpg,labels/Karkkila/karkkila_DJI_0001_frame83.txt,location,3840,2160,True,1
Karkkila,karkkila_DJI_0001_frame84,images/Karkkila/karkkila_DJI_0001_frame84.jpg,labels/Karkkila/karkkila_DJI_0001_frame84.txt,location,3840,2160,True,1
Karkkila,karkkila_DJI_0001_frame85,images/Karkkila/karkkila_DJI_0001_frame85.jpg,labels/Karkkila/karkkila_DJI_0001_frame85.txt,location,3840,2160,True,1
Karkkila,karkkila_DJI_0001_frame86,images/Karkkila/karkkila_DJI_0001_frame86.jpg,labels/Karkkila/karkkila_DJI_0001_frame86.txt,location,3840,2160,True,1
Karkkila,karkkila_DJI_0001_frame87,images/Karkkila/karkkila_DJI_0001_frame87.jpg,labels/Karkkila/karkkila_DJI_0001_frame87.txt,location,3840,2160,True,1
Karkkila,karkkila_DJI_0001_frame88,images/Karkkila/karkkila_DJI_0001_frame88.jpg,labels/Karkkila/karkkila_DJI_0001_frame88.txt,location,3840,2160,True,1
Karkkila,karkkila_DJI_0001_frame89,images/Karkkila/karkkila_DJI_0001_frame89.jpg,labels/Karkkila/karkkila_DJI_0001_frame89.txt,location,3840,2160,True,1
Karkkila,karkkila_DJI_0001_frame90,images/Karkkila/karkkila_DJI_0001_frame90.jpg,labels/Karkkila/karkkila_DJI_0001_frame90.txt,location,3840,2160,True,1
Karkkila,karkkila_DJI_0001_frame91,images/Karkkila/karkkila_DJI_0001_frame91.jpg,labels/Karkkila/karkkila_DJI_0001_frame91.txt,location,3840,2160,True,1
Karkkila,karkkila_DJI_0001_frame92,images/Karkkila/karkkila_DJI_0001_frame92.jpg,labels/Karkkila/karkkila_DJI_0001_frame92.txt,location,3840,2160,True,1
Karkkila,karkkila_DJI_0001_frame93,images/Karkkila/karkkila_DJI_0001_frame93.jpg,labels/Karkkila/karkkila_DJI_0001_frame93.txt,location,3840,2160,True,1
Karkkila,karkkila_DJI_0001_frame94,images/Karkkila/karkkila_DJI_0001_frame94.jpg,labels/Karkkila/karkkila_DJI_0001_frame94.txt,location,3840,2160,True,1
Karkkila,karkkila_DJI_0001_frame95,images/Karkkila/karkkila_DJI_0001_frame95.jpg,labels/Karkkila/karkkila_DJI_0001_frame95.txt,location,3840,2160,True,1
Karkkila,karkkila_DJI_0001_frame96,images/Karkkila/karkkila_DJI_0001_frame96.jpg,labels/Karkkila/karkkila_DJI_0001_frame96.txt,location,3840,2160,True,1
Karkkila,karkkila_DJI_0001_frame97,images/Karkkila/karkkila_DJI_0001_frame97.jpg,labels/Karkkila/karkkila_DJI_0001_frame97.txt,location,3840,2160,True,1
Karkkila,karkkila_DJI_0001_frame98,images/Karkkila/karkkila_DJI_0001_frame98.jpg,labels/Karkkila/karkkila_DJI_0001_frame98.txt,location,3840,2160,True,1
Karkkila,karkkila_DJI_0001_frame99,images/Karkkila/karkkila_DJI_0001_frame99.jpg,labels/Karkkila/karkkila_DJI_0001_frame99.txt,location,3840,2160,True,1
Karkkila,karkkila_DJI_0002_frame100,images/Karkkila/karkkila_DJI_0002_frame100.jpg,labels/Karkkila/karkkila_DJI_0002_frame100.txt,location,3840,2160,True,1
Karkkila,karkkila_DJI_0002_frame101,images/Karkkila/karkkila_DJI_0002_frame101.jpg,labels/Karkkila/karkkila_DJI_0002_frame101.txt,location,3840,2160,True,1
Karkkila,karkkila_DJI_0002_frame102,images/Karkkila/karkkila_DJI_0002_frame102.jpg,labels/Karkkila/karkkila_DJI_0002_frame102.txt,location,3840,2160,True,1
Karkkila,karkkila_DJI_0002_frame103,images/Karkkila/karkkila_DJI_0002_frame103.jpg,labels/Karkkila/karkkila_DJI_0002_frame103.txt,location,3840,2160,True,1
Karkkila,karkkila_DJI_0002_frame104,images/Karkkila/karkkila_DJI_0002_frame104.jpg,labels/Karkkila/karkkila_DJI_0002_frame104.txt,location,3840,2160,True,1
Karkkila,karkkila_DJI_0002_frame105,images/Karkkila/karkkila_DJI_0002_frame105.jpg,labels/Karkkila/karkkila_DJI_0002_frame105.txt,location,3840,2160,True,1
Karkkila,karkkila_DJI_0002_frame106,images/Karkkila/karkkila_DJI_0002_frame106.jpg,labels/Karkkila/karkkila_DJI_0002_frame106.txt,location,3840,2160,True,1
Karkkila,karkkila_DJI_0002_frame107,images/Karkkila/karkkila_DJI_0002_frame107.jpg,labels/Karkkila/karkkila_DJI_0002_frame107.txt,location,3840,2160,True,1
Karkkila,karkkila_DJI_0002_frame108,images/Karkkila/karkkila_DJI_0002_frame108.jpg,labels/Karkkila/karkkila_DJI_0002_frame108.txt,location,3840,2160,True,1
Karkkila,karkkila_DJI_0002_frame109,images/Karkkila/karkkila_DJI_0002_frame109.jpg,labels/Karkkila/karkkila_DJI_0002_frame109.txt,location,3840,2160,True,1
Karkkila,karkkila_DJI_0002_frame110,images/Karkkila/karkkila_DJI_0002_frame110.jpg,labels/Karkkila/karkkila_DJI_0002_frame110.txt,location,3840,2160,True,1
Karkkila,karkkila_DJI_0002_frame111,images/Karkkila/karkkila_DJI_0002_frame111.jpg,labels/Karkkila/karkkila_DJI_0002_frame111.txt,location,3840,2160,True,1
Karkkila,karkkila_DJI_0002_frame112,images/Karkkila/karkkila_DJI_0002_frame112.jpg,labels/Karkkila/karkkila_DJI_0002_frame112.txt,location,3840,2160,True,1
Karkkila,karkkila_DJI_0002_frame113,images/Karkkila/karkkila_DJI_0002_frame113.jpg,labels/Karkkila/karkkila_DJI_0002_frame113.txt,location,3840,2160,True,1
Karkkila,karkkila_DJI_0002_frame114,images/Karkkila/karkkila_DJI_0002_frame114.jpg,labels/Karkkila/karkkila_DJI_0002_frame114.txt,location,3840,2160,True,1
Karkkila,karkkila_DJI_0002_frame115,images/Karkkila/karkkila_DJI_0002_frame115.jpg,labels/Karkkila/karkkila_DJI_0002_frame115.txt,location,3840,2160,True,1
Karkkila,karkkila_DJI_0002_frame116,images/Karkkila/karkkila_DJI_0002_frame116.jpg,labels/Karkkila/karkkila_DJI_0002_frame116.txt,location,3840,2160,True,1
Karkkila,karkkila_DJI_0002_frame117,images/Karkkila/karkkila_DJI_0002_frame117.jpg,labels/Karkkila/karkkila_DJI_0002_frame117.txt,location,3840,2160,True,1
Karkkila,karkkila_DJI_0002_frame118,images/Karkkila/karkkila_DJI_0002_frame118.jpg,labels/Karkkila/karkkila_DJI_0002_frame118.txt,location,3840,2160,True,1
Karkkila,karkkila_DJI_0002_frame119,images/Karkkila/karkkila_DJI_0002_frame119.jpg,labels/Karkkila/karkkila_DJI_0002_frame119.txt,location,3840,2160,True,1
Karkkila,karkkila_DJI_0002_frame120,images/Karkkila/karkkila_DJI_0002_frame120.jpg,labels/Karkkila/karkkila_DJI_0002_frame120.txt,location,3840,2160,True,1
Karkkila,karkkila_DJI_0002_frame121,images/Karkkila/karkkila_DJI_0002_frame121.jpg,labels/Karkkila/karkkila_DJI_0002_frame121.txt,location,3840,2160,True,1
Karkkila,karkkila_DJI_0002_frame122,images/Karkkila/karkkila_DJI_0002_frame122.jpg,labels/Karkkila/karkkila_DJI_0002_frame122.txt,location,3840,2160,True,1
Karkkila,karkkila_DJI_0002_frame123,images/Karkkila/karkkila_DJI_0002_frame123.jpg,labels/Karkkila/karkkila_DJI_0002_frame123.txt,location,3840,2160,True,1
Karkkila,karkkila_DJI_0002_frame124,images/Karkkila/karkkila_DJI_0002_frame124.jpg,labels/Karkkila/karkkila_DJI_0002_frame124.txt,location,3840,2160,True,1
Karkkila,karkkila_DJI_0002_frame125,images/Karkkila/karkkila_DJI_0002_frame125.jpg,labels/Karkkila/karkkila_DJI_0002_frame125.txt,location,3840,2160,True,1
Karkkila,karkkila_DJI_0002_frame126,images/Karkkila/karkkila_DJI_0002_frame126.jpg,labels/Karkkila/karkkila_DJI_0002_frame126.txt,location,3840,2160,True,1
Karkkila,karkkila_DJI_0002_frame127,images/Karkkila/karkkila_DJI_0002_frame127.jpg,labels/Karkkila/karkkila_DJI_0002_frame127.txt,location,3840,2160,True,1
Karkkila,karkkila_DJI_0002_frame128,images/Karkkila/karkkila_DJI_0002_frame128.jpg,labels/Karkkila/karkkila_DJI_0002_frame128.txt,location,3840,2160,True,1
Karkkila,karkkila_DJI_0002_frame129,images/Karkkila/karkkila_DJI_0002_frame129.jpg,labels/Karkkila/karkkila_DJI_0002_frame129.txt,location,3840,2160,True,1
Karkkila,karkkila_DJI_0002_frame130,images/Karkkila/karkkila_DJI_0002_frame130.jpg,labels/Karkkila/karkkila_DJI_0002_frame130.txt,location,3840,2160,True,1
Karkkila,karkkila_DJI_0002_frame131,images/Karkkila/karkkila_DJI_0002_frame131.jpg,labels/Karkkila/karkkila_DJI_0002_frame131.txt,location,3840,2160,True,1
Karkkila,karkkila_DJI_0002_frame132,images/Karkkila/karkkila_DJI_0002_frame132.jpg,labels/Karkkila/karkkila_DJI_0002_frame132.txt,location,3840,2160,True,1
Karkkila,karkkila_DJI_0002_frame133,images/Karkkila/karkkila_DJI_0002_frame133.jpg,labels/Karkkila/karkkila_DJI_0002_frame133.txt,location,3840,2160,True,1
Karkkila,karkkila_DJI_0002_frame134,images/Karkkila/karkkila_DJI_0002_frame134.jpg,labels/Karkkila/karkkila_DJI_0002_frame134.txt,location,3840,2160,True,1
Karkkila,karkkila_DJI_0002_frame135,images/Karkkila/karkkila_DJI_0002_frame135.jpg,labels/Karkkila/karkkila_DJI_0002_frame135.txt,location,3840,2160,True,1
Karkkila,karkkila_DJI_0002_frame136,images/Karkkila/karkkila_DJI_0002_frame136.jpg,labels/Karkkila/karkkila_DJI_0002_frame136.txt,location,3840,2160,True,1
Karkkila,karkkila_DJI_0002_frame137,images/Karkkila/karkkila_DJI_0002_frame137.jpg,labels/Karkkila/karkkila_DJI_0002_frame137.txt,location,3840,2160,True,1
Karkkila,karkkila_DJI_0002_frame138,images/Karkkila/karkkila_DJI_0002_frame138.jpg,labels/Karkkila/karkkila_DJI_0002_frame138.txt,location,3840,2160,True,1
Karkkila,karkkila_DJI_0002_frame139,images/Karkkila/karkkila_DJI_0002_frame139.jpg,labels/Karkkila/karkkila_DJI_0002_frame139.txt,location,3840,2160,True,1
Karkkila,karkkila_DJI_0002_frame140,images/Karkkila/karkkila_DJI_0002_frame140.jpg,labels/Karkkila/karkkila_DJI_0002_frame140.txt,location,3840,2160,True,1
Karkkila,karkkila_DJI_0002_frame141,images/Karkkila/karkkila_DJI_0002_frame141.jpg,labels/Karkkila/karkkila_DJI_0002_frame141.txt,location,3840,2160,True,1
Karkkila,karkkila_DJI_0002_frame142,images/Karkkila/karkkila_DJI_0002_frame142.jpg,labels/Karkkila/karkkila_DJI_0002_frame142.txt,location,3840,2160,True,1
Karkkila,karkkila_DJI_0002_frame143,images/Karkkila/karkkila_DJI_0002_frame143.jpg,labels/Karkkila/karkkila_DJI_0002_frame143.txt,location,3840,2160,True,1
Karkkila,karkkila_DJI_0002_frame144,images/Karkkila/karkkila_DJI_0002_frame144.jpg,labels/Karkkila/karkkila_DJI_0002_frame144.txt,location,3840,2160,True,1
Karkkila,karkkila_DJI_0002_frame145,images/Karkkila/karkkila_DJI_0002_frame145.jpg,labels/Karkkila/karkkila_DJI_0002_frame145.txt,location,3840,2160,True,1
Karkkila,karkkila_DJI_0002_frame146,images/Karkkila/karkkila_DJI_0002_frame146.jpg,labels/Karkkila/karkkila_DJI_0002_frame146.txt,location,3840,2160,True,1
Karkkila,karkkila_DJI_0002_frame147,images/Karkkila/karkkila_DJI_0002_frame147.jpg,labels/Karkkila/karkkila_DJI_0002_frame147.txt,location,3840,2160,True,1
Karkkila,karkkila_DJI_0002_frame148,images/Karkkila/karkkila_DJI_0002_frame148.jpg,labels/Karkkila/karkkila_DJI_0002_frame148.txt,location,3840,2160,True,1
Karkkila,karkkila_DJI_0002_frame149,images/Karkkila/karkkila_DJI_0002_frame149.jpg,labels/Karkkila/karkkila_DJI_0002_frame149.txt,location,3840,2160,True,1
Karkkila,karkkila_DJI_0002_frame150,images/Karkkila/karkkila_DJI_0002_frame150.jpg,labels/Karkkila/karkkila_DJI_0002_frame150.txt,location,3840,2160,True,1
Karkkila,karkkila_DJI_0002_frame151,images/Karkkila/karkkila_DJI_0002_frame151.jpg,labels/Karkkila/karkkila_DJI_0002_frame151.txt,location,3840,2160,True,1
Karkkila,karkkila_DJI_0002_frame152,images/Karkkila/karkkila_DJI_0002_frame152.jpg,labels/Karkkila/karkkila_DJI_0002_frame152.txt,location,3840,2160,True,1
Karkkila,karkkila_DJI_0002_frame153,images/Karkkila/karkkila_DJI_0002_frame153.jpg,labels/Karkkila/karkkila_DJI_0002_frame153.txt,location,3840,2160,True,1
Karkkila,karkkila_DJI_0002_frame154,images/Karkkila/karkkila_DJI_0002_frame154.jpg,labels/Karkkila/karkkila_DJI_0002_frame154.txt,location,3840,2160,True,1
Karkkila,karkkila_DJI_0002_frame155,images/Karkkila/karkkila_DJI_0002_frame155.jpg,labels/Karkkila/karkkila_DJI_0002_frame155.txt,location,3840,2160,True,1
Karkkila,karkkila_DJI_0002_frame156,images/Karkkila/karkkila_DJI_0002_frame156.jpg,labels/Karkkila/karkkila_DJI_0002_frame156.txt,location,3840,2160,True,1
Karkkila,karkkila_DJI_0002_frame157,images/Karkkila/karkkila_DJI_0002_frame157.jpg,labels/Karkkila/karkkila_DJI_0002_frame157.txt,location,3840,2160,True,1
Karkkila,karkkila_DJI_0002_frame158,images/Karkkila/karkkila_DJI_0002_frame158.jpg,labels/Karkkila/karkkila_DJI_0002_frame158.txt,location,3840,2160,True,1
Karkkila,karkkila_DJI_0002_frame159,images/Karkkila/karkkila_DJI_0002_frame159.jpg,labels/Karkkila/karkkila_DJI_0002_frame159.txt,location,3840,2160,True,1
Karkkila,karkkila_DJI_0002_frame160,images/Karkkila/karkkila_DJI_0002_frame160.jpg,labels/Karkkila/karkkila_DJI_0002_frame160.txt,location,3840,2160,True,1
Karkkila,karkkila_DJI_0002_frame161,images/Karkkila/karkkila_DJI_0002_frame161.jpg,labels/Karkkila/karkkila_DJI_0002_frame161.txt,location,3840,2160,True,1
Karkkila,karkkila_DJI_0002_frame162,images/Karkkila/karkkila_DJI_0002_frame162.jpg,labels/Karkkila/karkkila_DJI_0002_frame162.txt,location,3840,2160,True,1
Karkkila,karkkila_DJI_0002_frame163,images/Karkkila/karkkila_DJI_0002_frame163.jpg,labels/Karkkila/karkkila_DJI_0002_frame163.txt,location,3840,2160,True,1
Karkkila,karkkila_DJI_0002_frame164,images/Karkkila/karkkila_DJI_0002_frame164.jpg,labels/Karkkila/karkkila_DJI_0002_frame164.txt,location,3840,2160,True,1
Karkkila,karkkila_DJI_0002_frame165,images/Karkkila/karkkila_DJI_0002_frame165.jpg,labels/Karkkila/karkkila_DJI_0002_frame165.txt,location,3840,2160,True,1
Karkkila,karkkila_DJI_0002_frame166,images/Karkkila/karkkila_DJI_0002_frame166.jpg,labels/Karkkila/karkkila_DJI_0002_frame166.txt,location,3840,2160,True,1
Karkkila,karkkila_DJI_0002_frame167,images/Karkkila/karkkila_DJI_0002_frame167.jpg,labels/Karkkila/karkkila_DJI_0002_frame167.txt,location,3840,2160,True,1
Karkkila,karkkila_DJI_0002_frame168,images/Karkkila/karkkila_DJI_0002_frame168.jpg,labels/Karkkila/karkkila_DJI_0002_frame168.txt,location,3840,2160,True,1
Karkkila,karkkila_DJI_0002_frame169,images/Karkkila/karkkila_DJI_0002_frame169.jpg,labels/Karkkila/karkkila_DJI_0002_frame169.txt,location,3840,2160,True,1
Karkkila,karkkila_DJI_0002_frame170,images/Karkkila/karkkila_DJI_0002_frame170.jpg,labels/Karkkila/karkkila_DJI_0002_frame170.txt,location,3840,2160,True,1
Karkkila,karkkila_DJI_0002_frame46,images/Karkkila/karkkila_DJI_0002_frame46.jpg,labels/Karkkila/karkkila_DJI_0002_frame46.txt,location,3840,2160,True,1
Karkkila,karkkila_DJI_0002_frame47,images/Karkkila/karkkila_DJI_0002_frame47.jpg,labels/Karkkila/karkkila_DJI_0002_frame47.txt,location,3840,2160,True,1
Karkkila,karkkila_DJI_0002_frame48,images/Karkkila/karkkila_DJI_0002_frame48.jpg,labels/Karkkila/karkkila_DJI_0002_frame48.txt,location,3840,2160,True,1
Karkkila,karkkila_DJI_0002_frame49,images/Karkkila/karkkila_DJI_0002_frame49.jpg,labels/Karkkila/karkkila_DJI_0002_frame49.txt,location,3840,2160,True,1
Karkkila,karkkila_DJI_0002_frame50,images/Karkkila/karkkila_DJI_0002_frame50.jpg,labels/Karkkila/karkkila_DJI_0002_frame50.txt,location,3840,2160,True,1
Karkkila,karkkila_DJI_0002_frame51,images/Karkkila/karkkila_DJI_0002_frame51.jpg,labels/Karkkila/karkkila_DJI_0002_frame51.txt,location,3840,2160,True,1
Karkkila,karkkila_DJI_0002_frame52,images/Karkkila/karkkila_DJI_0002_frame52.jpg,labels/Karkkila/karkkila_DJI_0002_frame52.txt,location,3840,2160,True,1
Karkkila,karkkila_DJI_0002_frame53,images/Karkkila/karkkila_DJI_0002_frame53.jpg,labels/Karkkila/karkkila_DJI_0002_frame53.txt,location,3840,2160,True,1
Karkkila,karkkila_DJI_0002_frame54,images/Karkkila/karkkila_DJI_0002_frame54.jpg,labels/Karkkila/karkkila_DJI_0002_frame54.txt,location,3840,2160,True,1
Karkkila,karkkila_DJI_0002_frame55,images/Karkkila/karkkila_DJI_0002_frame55.jpg,labels/Karkkila/karkkila_DJI_0002_frame55.txt,location,3840,2160,True,1
Karkkila,karkkila_DJI_0002_frame56,images/Karkkila/karkkila_DJI_0002_frame56.jpg,labels/Karkkila/karkkila_DJI_0002_frame56.txt,location,3840,2160,True,1
Karkkila,karkkila_DJI_0002_frame57,images/Karkkila/karkkila_DJI_0002_frame57.jpg,labels/Karkkila/karkkila_DJI_0002_frame57.txt,location,3840,2160,True,1
Karkkila,karkkila_DJI_0002_frame58,images/Karkkila/karkkila_DJI_0002_frame58.jpg,labels/Karkkila/karkkila_DJI_0002_frame58.txt,location,3840,2160,True,1
Karkkila,karkkila_DJI_0002_frame59,images/Karkkila/karkkila_DJI_0002_frame59.jpg,labels/Karkkila/karkkila_DJI_0002_frame59.txt,location,3840,2160,True,1
Karkkila,karkkila_DJI_0002_frame60,images/Karkkila/karkkila_DJI_0002_frame60.jpg,labels/Karkkila/karkkila_DJI_0002_frame60.txt,location,3840,2160,True,1
Karkkila,karkkila_DJI_0002_frame61,images/Karkkila/karkkila_DJI_0002_frame61.jpg,labels/Karkkila/karkkila_DJI_0002_frame61.txt,location,3840,2160,True,1
Karkkila,karkkila_DJI_0002_frame62,images/Karkkila/karkkila_DJI_0002_frame62.jpg,labels/Karkkila/karkkila_DJI_0002_frame62.txt,location,3840,2160,True,1
Karkkila,karkkila_DJI_0002_frame63,images/Karkkila/karkkila_DJI_0002_frame63.jpg,labels/Karkkila/karkkila_DJI_0002_frame63.txt,location,3840,2160,True,1
Karkkila,karkkila_DJI_0002_frame64,images/Karkkila/karkkila_DJI_0002_frame64.jpg,labels/Karkkila/karkkila_DJI_0002_frame64.txt,location,3840,2160,True,1
Karkkila,karkkila_DJI_0002_frame65,images/Karkkila/karkkila_DJI_0002_frame65.jpg,labels/Karkkila/karkkila_DJI_0002_frame65.txt,location,3840,2160,True,1
Karkkila,karkkila_DJI_0002_frame66,images/Karkkila/karkkila_DJI_0002_frame66.jpg,labels/Karkkila/karkkila_DJI_0002_frame66.txt,location,3840,2160,True,1
Karkkila,karkkila_DJI_0002_frame67,images/Karkkila/karkkila_DJI_0002_frame67.jpg,labels/Karkkila/karkkila_DJI_0002_frame67.txt,location,3840,2160,True,1
Karkkila,karkkila_DJI_0002_frame68,images/Karkkila/karkkila_DJI_0002_frame68.jpg,labels/Karkkila/karkkila_DJI_0002_frame68.txt,location,3840,2160,True,1
Karkkila,karkkila_DJI_0002_frame69,images/Karkkila/karkkila_DJI_0002_frame69.jpg,labels/Karkkila/karkkila_DJI_0002_frame69.txt,location,3840,2160,True,1
Karkkila,karkkila_DJI_0002_frame70,images/Karkkila/karkkila_DJI_0002_frame70.jpg,labels/Karkkila/karkkila_DJI_0002_frame70.txt,location,3840,2160,True,1
Karkkila,karkkila_DJI_0002_frame71,images/Karkkila/karkkila_DJI_0002_frame71.jpg,labels/Karkkila/karkkila_DJI_0002_frame71.txt,location,3840,2160,True,1
Karkkila,karkkila_DJI_0002_frame72,images/Karkkila/karkkila_DJI_0002_frame72.jpg,labels/Karkkila/karkkila_DJI_0002_frame72.txt,location,3840,2160,True,1
Karkkila,karkkila_DJI_0002_frame73,images/Karkkila/karkkila_DJI_0002_frame73.jpg,labels/Karkkila/karkkila_DJI_0002_frame73.txt,location,3840,2160,True,1
Karkkila,karkkila_DJI_0002_frame74,images/Karkkila/karkkila_DJI_0002_frame74.jpg,labels/Karkkila/karkkila_DJI_0002_frame74.txt,location,3840,2160,True,1
Karkkila,karkkila_DJI_0002_frame75,images/Karkkila/karkkila_DJI_0002_frame75.jpg,labels/Karkkila/karkkila_DJI_0002_frame75.txt,location,3840,2160,True,1
Karkkila,karkkila_DJI_0002_frame76,images/Karkkila/karkkila_DJI_0002_frame76.jpg,labels/Karkkila/karkkila_DJI_0002_frame76.txt,location,3840,2160,True,1
Karkkila,karkkila_DJI_0002_frame77,images/Karkkila/karkkila_DJI_0002_frame77.jpg,labels/Karkkila/karkkila_DJI_0002_frame77.txt,location,3840,2160,True,1
Karkkila,karkkila_DJI_0002_frame78,images/Karkkila/karkkila_DJI_0002_frame78.jpg,labels/Karkkila/karkkila_DJI_0002_frame78.txt,location,3840,2160,True,1
Karkkila,karkkila_DJI_0002_frame79,images/Karkkila/karkkila_DJI_0002_frame79.jpg,labels/Karkkila/karkkila_DJI_0002_frame79.txt,location,3840,2160,True,1
Karkkila,karkkila_DJI_0002_frame80,images/Karkkila/karkkila_DJI_0002_frame80.jpg,labels/Karkkila/karkkila_DJI_0002_frame80.txt,location,3840,2160,True,1
Karkkila,karkkila_DJI_0002_frame81,images/Karkkila/karkkila_DJI_0002_frame81.jpg,labels/Karkkila/karkkila_DJI_0002_frame81.txt,location,3840,2160,True,1
Karkkila,karkkila_DJI_0002_frame82,images/Karkkila/karkkila_DJI_0002_frame82.jpg,labels/Karkkila/karkkila_DJI_0002_frame82.txt,location,3840,2160,True,1
Karkkila,karkkila_DJI_0002_frame83,images/Karkkila/karkkila_DJI_0002_frame83.jpg,labels/Karkkila/karkkila_DJI_0002_frame83.txt,location,3840,2160,True,1
Karkkila,karkkila_DJI_0002_frame84,images/Karkkila/karkkila_DJI_0002_frame84.jpg,labels/Karkkila/karkkila_DJI_0002_frame84.txt,location,3840,2160,True,1
Karkkila,karkkila_DJI_0002_frame85,images/Karkkila/karkkila_DJI_0002_frame85.jpg,labels/Karkkila/karkkila_DJI_0002_frame85.txt,location,3840,2160,True,1
Karkkila,karkkila_DJI_0002_frame86,images/Karkkila/karkkila_DJI_0002_frame86.jpg,labels/Karkkila/karkkila_DJI_0002_frame86.txt,location,3840,2160,True,1
Karkkila,karkkila_DJI_0002_frame87,images/Karkkila/karkkila_DJI_0002_frame87.jpg,labels/Karkkila/karkkila_DJI_0002_frame87.txt,location,3840,2160,True,1
Karkkila,karkkila_DJI_0002_frame88,images/Karkkila/karkkila_DJI_0002_frame88.jpg,labels/Karkkila/karkkila_DJI_0002_frame88.txt,location,3840,2160,True,1
Karkkila,karkkila_DJI_0002_frame89,images/Karkkila/karkkila_DJI_0002_frame89.jpg,labels/Karkkila/karkkila_DJI_0002_frame89.txt,location,3840,2160,True,1
Karkkila,karkkila_DJI_0002_frame90,images/Karkkila/karkkila_DJI_0002_frame90.jpg,labels/Karkkila/karkkila_DJI_0002_frame90.txt,location,3840,2160,True,1
Karkkila,karkkila_DJI_0002_frame91,images/Karkkila/karkkila_DJI_0002_frame91.jpg,labels/Karkkila/karkkila_DJI_0002_frame91.txt,location,3840,2160,True,1
Karkkila,karkkila_DJI_0002_frame92,images/Karkkila/karkkila_DJI_0002_frame92.jpg,labels/Karkkila/karkkila_DJI_0002_frame92.txt,location,3840,2160,True,1
Karkkila,karkkila_DJI_0002_frame93,images/Karkkila/karkkila_DJI_0002_frame93.jpg,labels/Karkkila/karkkila_DJI_0002_frame93.txt,location,3840,2160,True,1
Karkkila,karkkila_DJI_0002_frame94,images/Karkkila/karkkila_DJI_0002_frame94.jpg,labels/Karkkila/karkkila_DJI_0002_frame94.txt,location,3840,2160,True,1
Karkkila,karkkila_DJI_0002_frame95,images/Karkkila/karkkila_DJI_0002_frame95.jpg,labels/Karkkila/karkkila_DJI_0002_frame95.txt,location,3840,2160,True,1
Karkkila,karkkila_DJI_0002_frame96,images/Karkkila/karkkila_DJI_0002_frame96.jpg,labels/Karkkila/karkkila_DJI_0002_frame96.txt,location,3840,2160,True,1
Karkkila,karkkila_DJI_0002_frame97,images/Karkkila/karkkila_DJI_0002_frame97.jpg,labels/Karkkila/karkkila_DJI_0002_frame97.txt,location,3840,2160,True,1
Karkkila,karkkila_DJI_0002_frame98,images/Karkkila/karkkila_DJI_0002_frame98.jpg,labels/Karkkila/karkkila_DJI_0002_frame98.txt,location,3840,2160,True,1
Karkkila,karkkila_DJI_0002_frame99,images/Karkkila/karkkila_DJI_0002_frame99.jpg,labels/Karkkila/karkkila_DJI_0002_frame99.txt,location,3840,2160,True,1
Karkkila,karkkila_DJI_0003_frame0,images/Karkkila/karkkila_DJI_0003_frame0.jpg,labels/Karkkila/karkkila_DJI_0003_frame0.txt,location,3840,2160,True,1
Karkkila,karkkila_DJI_0003_frame1,images/Karkkila/karkkila_DJI_0003_frame1.jpg,labels/Karkkila/karkkila_DJI_0003_frame1.txt,location,3840,2160,True,1
Karkkila,karkkila_DJI_0003_frame10,images/Karkkila/karkkila_DJI_0003_frame10.jpg,labels/Karkkila/karkkila_DJI_0003_frame10.txt,location,3840,2160,True,1
Karkkila,karkkila_DJI_0003_frame11,images/Karkkila/karkkila_DJI_0003_frame11.jpg,labels/Karkkila/karkkila_DJI_0003_frame11.txt,location,3840,2160,True,1
Karkkila,karkkila_DJI_0003_frame12,images/Karkkila/karkkila_DJI_0003_frame12.jpg,labels/Karkkila/karkkila_DJI_0003_frame12.txt,location,3840,2160,True,1
Karkkila,karkkila_DJI_0003_frame13,images/Karkkila/karkkila_DJI_0003_frame13.jpg,labels/Karkkila/karkkila_DJI_0003_frame13.txt,location,3840,2160,True,1
Karkkila,karkkila_DJI_0003_frame14,images/Karkkila/karkkila_DJI_0003_frame14.jpg,labels/Karkkila/karkkila_DJI_0003_frame14.txt,location,3840,2160,True,1
Karkkila,karkkila_DJI_0003_frame15,images/Karkkila/karkkila_DJI_0003_frame15.jpg,labels/Karkkila/karkkila_DJI_0003_frame15.txt,location,3840,2160,True,1
Karkkila,karkkila_DJI_0003_frame16,images/Karkkila/karkkila_DJI_0003_frame16.jpg,labels/Karkkila/karkkila_DJI_0003_frame16.txt,location,3840,2160,True,1
Karkkila,karkkila_DJI_0003_frame17,images/Karkkila/karkkila_DJI_0003_frame17.jpg,labels/Karkkila/karkkila_DJI_0003_frame17.txt,location,3840,2160,True,1
Karkkila,karkkila_DJI_0003_frame18,images/Karkkila/karkkila_DJI_0003_frame18.jpg,labels/Karkkila/karkkila_DJI_0003_frame18.txt,location,3840,2160,True,1
Karkkila,karkkila_DJI_0003_frame19,images/Karkkila/karkkila_DJI_0003_frame19.jpg,labels/Karkkila/karkkila_DJI_0003_frame19.txt,location,3840,2160,True,1
Karkkila,karkkila_DJI_0003_frame2,images/Karkkila/karkkila_DJI_0003_frame2.jpg,labels/Karkkila/karkkila_DJI_0003_frame2.txt,location,3840,2160,True,1
Karkkila,karkkila_DJI_0003_frame20,images/Karkkila/karkkila_DJI_0003_frame20.jpg,labels/Karkkila/karkkila_DJI_0003_frame20.txt,location,3840,2160,True,1
Karkkila,karkkila_DJI_0003_frame21,images/Karkkila/karkkila_DJI_0003_frame21.jpg,labels/Karkkila/karkkila_DJI_0003_frame21.txt,location,3840,2160,True,1
Karkkila,karkkila_DJI_0003_frame22,images/Karkkila/karkkila_DJI_0003_frame22.jpg,labels/Karkkila/karkkila_DJI_0003_frame22.txt,location,3840,2160,True,1
Karkkila,karkkila_DJI_0003_frame23,images/Karkkila/karkkila_DJI_0003_frame23.jpg,labels/Karkkila/karkkila_DJI_0003_frame23.txt,location,3840,2160,True,1
Karkkila,karkkila_DJI_0003_frame3,images/Karkkila/karkkila_DJI_0003_frame3.jpg,labels/Karkkila/karkkila_DJI_0003_frame3.txt,location,3840,2160,True,1
Karkkila,karkkila_DJI_0003_frame4,images/Karkkila/karkkila_DJI_0003_frame4.jpg,labels/Karkkila/karkkila_DJI_0003_frame4.txt,location,3840,2160,True,1
Karkkila,karkkila_DJI_0003_frame41,images/Karkkila/karkkila_DJI_0003_frame41.jpg,labels/Karkkila/karkkila_DJI_0003_frame41.txt,location,3840,2160,True,1
Karkkila,karkkila_DJI_0003_frame42,images/Karkkila/karkkila_DJI_0003_frame42.jpg,labels/Karkkila/karkkila_DJI_0003_frame42.txt,location,3840,2160,True,1
Karkkila,karkkila_DJI_0003_frame5,images/Karkkila/karkkila_DJI_0003_frame5.jpg,labels/Karkkila/karkkila_DJI_0003_frame5.txt,location,3840,2160,True,1
Karkkila,karkkila_DJI_0003_frame6,images/Karkkila/karkkila_DJI_0003_frame6.jpg,labels/Karkkila/karkkila_DJI_0003_frame6.txt,location,3840,2160,True,1
Karkkila,karkkila_DJI_0003_frame7,images/Karkkila/karkkila_DJI_0003_frame7.jpg,labels/Karkkila/karkkila_DJI_0003_frame7.txt,location,3840,2160,True,1
Karkkila,karkkila_DJI_0003_frame8,images/Karkkila/karkkila_DJI_0003_frame8.jpg,labels/Karkkila/karkkila_DJI_0003_frame8.txt,location,3840,2160,True,1
Karkkila,karkkila_DJI_0003_frame9,images/Karkkila/karkkila_DJI_0003_frame9.jpg,labels/Karkkila/karkkila_DJI_0003_frame9.txt,location,3840,2160,True,1
Karkkila,karkkila_DJI_0004_frame100,images/Karkkila/karkkila_DJI_0004_frame100.jpg,labels/Karkkila/karkkila_DJI_0004_frame100.txt,location,3840,2160,True,1
Karkkila,karkkila_DJI_0004_frame101,images/Karkkila/karkkila_DJI_0004_frame101.jpg,labels/Karkkila/karkkila_DJI_0004_frame101.txt,location,3840,2160,True,1
Karkkila,karkkila_DJI_0004_frame102,images/Karkkila/karkkila_DJI_0004_frame102.jpg,labels/Karkkila/karkkila_DJI_0004_frame102.txt,location,3840,2160,True,1
Karkkila,karkkila_DJI_0004_frame103,images/Karkkila/karkkila_DJI_0004_frame103.jpg,labels/Karkkila/karkkila_DJI_0004_frame103.txt,location,3840,2160,True,1
Karkkila,karkkila_DJI_0004_frame104,images/Karkkila/karkkila_DJI_0004_frame104.jpg,labels/Karkkila/karkkila_DJI_0004_frame104.txt,location,3840,2160,True,1
Karkkila,karkkila_DJI_0004_frame105,images/Karkkila/karkkila_DJI_0004_frame105.jpg,labels/Karkkila/karkkila_DJI_0004_frame105.txt,location,3840,2160,True,1
Karkkila,karkkila_DJI_0004_frame106,images/Karkkila/karkkila_DJI_0004_frame106.jpg,labels/Karkkila/karkkila_DJI_0004_frame106.txt,location,3840,2160,True,1
Karkkila,karkkila_DJI_0004_frame107,images/Karkkila/karkkila_DJI_0004_frame107.jpg,labels/Karkkila/karkkila_DJI_0004_frame107.txt,location,3840,2160,True,1
Karkkila,karkkila_DJI_0004_frame108,images/Karkkila/karkkila_DJI_0004_frame108.jpg,labels/Karkkila/karkkila_DJI_0004_frame108.txt,location,3840,2160,True,1
Karkkila,karkkila_DJI_0004_frame109,images/Karkkila/karkkila_DJI_0004_frame109.jpg,labels/Karkkila/karkkila_DJI_0004_frame109.txt,location,3840,2160,True,1
Karkkila,karkkila_DJI_0004_frame110,images/Karkkila/karkkila_DJI_0004_frame110.jpg,labels/Karkkila/karkkila_DJI_0004_frame110.txt,location,3840,2160,True,1
Karkkila,karkkila_DJI_0004_frame111,images/Karkkila/karkkila_DJI_0004_frame111.jpg,labels/Karkkila/karkkila_DJI_0004_frame111.txt,location,3840,2160,True,1
Karkkila,karkkila_DJI_0004_frame112,images/Karkkila/karkkila_DJI_0004_frame112.jpg,labels/Karkkila/karkkila_DJI_0004_frame112.txt,location,3840,2160,True,1
Karkkila,karkkila_DJI_0004_frame113,images/Karkkila/karkkila_DJI_0004_frame113.jpg,labels/Karkkila/karkkila_DJI_0004_frame113.txt,location,3840,2160,True,1
Karkkila,karkkila_DJI_0004_frame114,images/Karkkila/karkkila_DJI_0004_frame114.jpg,labels/Karkkila/karkkila_DJI_0004_frame114.txt,location,3840,2160,True,1
Karkkila,karkkila_DJI_0004_frame115,images/Karkkila/karkkila_DJI_0004_frame115.jpg,labels/Karkkila/karkkila_DJI_0004_frame115.txt,location,3840,2160,True,1
Karkkila,karkkila_DJI_0004_frame116,images/Karkkila/karkkila_DJI_0004_frame116.jpg,labels/Karkkila/karkkila_DJI_0004_frame116.txt,location,3840,2160,True,1
Karkkila,karkkila_DJI_0004_frame117,images/Karkkila/karkkila_DJI_0004_frame117.jpg,labels/Karkkila/karkkila_DJI_0004_frame117.txt,location,3840,2160,True,1
Karkkila,karkkila_DJI_0004_frame118,images/Karkkila/karkkila_DJI_0004_frame118.jpg,labels/Karkkila/karkkila_DJI_0004_frame118.txt,location,3840,2160,True,1
Karkkila,karkkila_DJI_0004_frame119,images/Karkkila/karkkila_DJI_0004_frame119.jpg,labels/Karkkila/karkkila_DJI_0004_frame119.txt,location,3840,2160,True,1
Karkkila,karkkila_DJI_0004_frame120,images/Karkkila/karkkila_DJI_0004_frame120.jpg,labels/Karkkila/karkkila_DJI_0004_frame120.txt,location,3840,2160,True,1
Karkkila,karkkila_DJI_0004_frame121,images/Karkkila/karkkila_DJI_0004_frame121.jpg,labels/Karkkila/karkkila_DJI_0004_frame121.txt,location,3840,2160,True,1
Karkkila,karkkila_DJI_0004_frame122,images/Karkkila/karkkila_DJI_0004_frame122.jpg,labels/Karkkila/karkkila_DJI_0004_frame122.txt,location,3840,2160,True,1
Karkkila,karkkila_DJI_0004_frame123,images/Karkkila/karkkila_DJI_0004_frame123.jpg,labels/Karkkila/karkkila_DJI_0004_frame123.txt,location,3840,2160,True,1
Karkkila,karkkila_DJI_0004_frame124,images/Karkkila/karkkila_DJI_0004_frame124.jpg,labels/Karkkila/karkkila_DJI_0004_frame124.txt,location,3840,2160,True,1
Karkkila,karkkila_DJI_0004_frame125,images/Karkkila/karkkila_DJI_0004_frame125.jpg,labels/Karkkila/karkkila_DJI_0004_frame125.txt,location,3840,2160,True,1
Karkkila,karkkila_DJI_0004_frame126,images/Karkkila/karkkila_DJI_0004_frame126.jpg,labels/Karkkila/karkkila_DJI_0004_frame126.txt,location,3840,2160,True,1
Karkkila,karkkila_DJI_0004_frame127,images/Karkkila/karkkila_DJI_0004_frame127.jpg,labels/Karkkila/karkkila_DJI_0004_frame127.txt,location,3840,2160,True,1
Karkkila,karkkila_DJI_0004_frame128,images/Karkkila/karkkila_DJI_0004_frame128.jpg,labels/Karkkila/karkkila_DJI_0004_frame128.txt,location,3840,2160,True,1
Karkkila,karkkila_DJI_0004_frame129,images/Karkkila/karkkila_DJI_0004_frame129.jpg,labels/Karkkila/karkkila_DJI_0004_frame129.txt,location,3840,2160,True,1
Karkkila,karkkila_DJI_0004_frame130,images/Karkkila/karkkila_DJI_0004_frame130.jpg,labels/Karkkila/karkkila_DJI_0004_frame130.txt,location,3840,2160,True,1
Karkkila,karkkila_DJI_0004_frame131,images/Karkkila/karkkila_DJI_0004_frame131.jpg,labels/Karkkila/karkkila_DJI_0004_frame131.txt,location,3840,2160,True,1
Karkkila,karkkila_DJI_0004_frame132,images/Karkkila/karkkila_DJI_0004_frame132.jpg,labels/Karkkila/karkkila_DJI_0004_frame132.txt,location,3840,2160,False,0
Karkkila,karkkila_DJI_0004_frame133,images/Karkkila/karkkila_DJI_0004_frame133.jpg,labels/Karkkila/karkkila_DJI_0004_frame133.txt,location,3840,2160,True,1
Karkkila,karkkila_DJI_0004_frame134,images/Karkkila/karkkila_DJI_0004_frame134.jpg,labels/Karkkila/karkkila_DJI_0004_frame134.txt,location,3840,2160,True,1
Karkkila,karkkila_DJI_0004_frame135,images/Karkkila/karkkila_DJI_0004_frame135.jpg,labels/Karkkila/karkkila_DJI_0004_frame135.txt,location,3840,2160,True,1
Karkkila,karkkila_DJI_0004_frame136,images/Karkkila/karkkila_DJI_0004_frame136.jpg,labels/Karkkila/karkkila_DJI_0004_frame136.txt,location,3840,2160,True,1
Karkkila,karkkila_DJI_0004_frame137,images/Karkkila/karkkila_DJI_0004_frame137.jpg,labels/Karkkila/karkkila_DJI_0004_frame137.txt,location,3840,2160,True,1
Karkkila,karkkila_DJI_0004_frame138,images/Karkkila/karkkila_DJI_0004_frame138.jpg,labels/Karkkila/karkkila_DJI_0004_frame138.txt,location,3840,2160,True,1
Karkkila,karkkila_DJI_0004_frame139,images/Karkkila/karkkila_DJI_0004_frame139.jpg,labels/Karkkila/karkkila_DJI_0004_frame139.txt,location,3840,2160,True,1
Karkkila,karkkila_DJI_0004_frame140,images/Karkkila/karkkila_DJI_0004_frame140.jpg,labels/Karkkila/karkkila_DJI_0004_frame140.txt,location,3840,2160,True,1
Karkkila,karkkila_DJI_0004_frame141,images/Karkkila/karkkila_DJI_0004_frame141.jpg,labels/Karkkila/karkkila_DJI_0004_frame141.txt,location,3840,2160,True,1
Karkkila,karkkila_DJI_0004_frame142,images/Karkkila/karkkila_DJI_0004_frame142.jpg,labels/Karkkila/karkkila_DJI_0004_frame142.txt,location,3840,2160,True,1
Karkkila,karkkila_DJI_0004_frame143,images/Karkkila/karkkila_DJI_0004_frame143.jpg,labels/Karkkila/karkkila_DJI_0004_frame143.txt,location,3840,2160,True,1
Karkkila,karkkila_DJI_0004_frame144,images/Karkkila/karkkila_DJI_0004_frame144.jpg,labels/Karkkila/karkkila_DJI_0004_frame144.txt,location,3840,2160,True,1
Karkkila,karkkila_DJI_0004_frame145,images/Karkkila/karkkila_DJI_0004_frame145.jpg,labels/Karkkila/karkkila_DJI_0004_frame145.txt,location,3840,2160,True,1
Karkkila,karkkila_DJI_0004_frame146,images/Karkkila/karkkila_DJI_0004_frame146.jpg,labels/Karkkila/karkkila_DJI_0004_frame146.txt,location,3840,2160,True,1
Karkkila,karkkila_DJI_0004_frame147,images/Karkkila/karkkila_DJI_0004_frame147.jpg,labels/Karkkila/karkkila_DJI_0004_frame147.txt,location,3840,2160,True,1
Karkkila,karkkila_DJI_0004_frame148,images/Karkkila/karkkila_DJI_0004_frame148.jpg,labels/Karkkila/karkkila_DJI_0004_frame148.txt,location,3840,2160,True,1
Karkkila,karkkila_DJI_0004_frame149,images/Karkkila/karkkila_DJI_0004_frame149.jpg,labels/Karkkila/karkkila_DJI_0004_frame149.txt,location,3840,2160,True,1
Karkkila,karkkila_DJI_0004_frame150,images/Karkkila/karkkila_DJI_0004_frame150.jpg,labels/Karkkila/karkkila_DJI_0004_frame150.txt,location,3840,2160,True,1
Karkkila,karkkila_DJI_0004_frame151,images/Karkkila/karkkila_DJI_0004_frame151.jpg,labels/Karkkila/karkkila_DJI_0004_frame151.txt,location,3840,2160,True,1
Karkkila,karkkila_DJI_0004_frame152,images/Karkkila/karkkila_DJI_0004_frame152.jpg,labels/Karkkila/karkkila_DJI_0004_frame152.txt,location,3840,2160,True,1
Karkkila,karkkila_DJI_0004_frame153,images/Karkkila/karkkila_DJI_0004_frame153.jpg,labels/Karkkila/karkkila_DJI_0004_frame153.txt,location,3840,2160,True,1
Karkkila,karkkila_DJI_0004_frame154,images/Karkkila/karkkila_DJI_0004_frame154.jpg,labels/Karkkila/karkkila_DJI_0004_frame154.txt,location,3840,2160,True,1
Karkkila,karkkila_DJI_0004_frame155,images/Karkkila/karkkila_DJI_0004_frame155.jpg,labels/Karkkila/karkkila_DJI_0004_frame155.txt,location,3840,2160,True,1
Karkkila,karkkila_DJI_0004_frame156,images/Karkkila/karkkila_DJI_0004_frame156.jpg,labels/Karkkila/karkkila_DJI_0004_frame156.txt,location,3840,2160,True,1
Karkkila,karkkila_DJI_0004_frame157,images/Karkkila/karkkila_DJI_0004_frame157.jpg,labels/Karkkila/karkkila_DJI_0004_frame157.txt,location,3840,2160,True,1
Karkkila,karkkila_DJI_0004_frame158,images/Karkkila/karkkila_DJI_0004_frame158.jpg,labels/Karkkila/karkkila_DJI_0004_frame158.txt,location,3840,2160,True,1
Karkkila,karkkila_DJI_0004_frame159,images/Karkkila/karkkila_DJI_0004_frame159.jpg,labels/Karkkila/karkkila_DJI_0004_frame159.txt,location,3840,2160,True,1
Karkkila,karkkila_DJI_0004_frame160,images/Karkkila/karkkila_DJI_0004_frame160.jpg,labels/Karkkila/karkkila_DJI_0004_frame160.txt,location,3840,2160,True,1
Karkkila,karkkila_DJI_0004_frame161,images/Karkkila/karkkila_DJI_0004_frame161.jpg,labels/Karkkila/karkkila_DJI_0004_frame161.txt,location,3840,2160,True,1
Karkkila,karkkila_DJI_0004_frame162,images/Karkkila/karkkila_DJI_0004_frame162.jpg,labels/Karkkila/karkkila_DJI_0004_frame162.txt,location,3840,2160,True,1
Karkkila,karkkila_DJI_0004_frame163,images/Karkkila/karkkila_DJI_0004_frame163.jpg,labels/Karkkila/karkkila_DJI_0004_frame163.txt,location,3840,2160,True,1
Karkkila,karkkila_DJI_0004_frame164,images/Karkkila/karkkila_DJI_0004_frame164.jpg,labels/Karkkila/karkkila_DJI_0004_frame164.txt,location,3840,2160,True,1
Karkkila,karkkila_DJI_0004_frame165,images/Karkkila/karkkila_DJI_0004_frame165.jpg,labels/Karkkila/karkkila_DJI_0004_frame165.txt,location,3840,2160,True,1
Karkkila,karkkila_DJI_0004_frame166,images/Karkkila/karkkila_DJI_0004_frame166.jpg,labels/Karkkila/karkkila_DJI_0004_frame166.txt,location,3840,2160,True,1
Karkkila,karkkila_DJI_0004_frame167,images/Karkkila/karkkila_DJI_0004_frame167.jpg,labels/Karkkila/karkkila_DJI_0004_frame167.txt,location,3840,2160,True,1
Karkkila,karkkila_DJI_0004_frame168,images/Karkkila/karkkila_DJI_0004_frame168.jpg,labels/Karkkila/karkkila_DJI_0004_frame168.txt,location,3840,2160,True,1
Karkkila,karkkila_DJI_0004_frame169,images/Karkkila/karkkila_DJI_0004_frame169.jpg,labels/Karkkila/karkkila_DJI_0004_frame169.txt,location,3840,2160,True,1
Karkkila,karkkila_DJI_0004_frame170,images/Karkkila/karkkila_DJI_0004_frame170.jpg,labels/Karkkila/karkkila_DJI_0004_frame170.txt,location,3840,2160,True,1
Karkkila,karkkila_DJI_0005_frame0,images/Karkkila/karkkila_DJI_0005_frame0.jpg,labels/Karkkila/karkkila_DJI_0005_frame0.txt,location,3840,2160,True,1
Karkkila,karkkila_DJI_0005_frame1,images/Karkkila/karkkila_DJI_0005_frame1.jpg,labels/Karkkila/karkkila_DJI_0005_frame1.txt,location,3840,2160,True,1
Karkkila,karkkila_DJI_0005_frame10,images/Karkkila/karkkila_DJI_0005_frame10.jpg,labels/Karkkila/karkkila_DJI_0005_frame10.txt,location,3840,2160,True,1
Karkkila,karkkila_DJI_0005_frame100,images/Karkkila/karkkila_DJI_0005_frame100.jpg,labels/Karkkila/karkkila_DJI_0005_frame100.txt,location,3840,2160,True,1
Karkkila,karkkila_DJI_0005_frame101,images/Karkkila/karkkila_DJI_0005_frame101.jpg,labels/Karkkila/karkkila_DJI_0005_frame101.txt,location,3840,2160,True,1
Karkkila,karkkila_DJI_0005_frame102,images/Karkkila/karkkila_DJI_0005_frame102.jpg,labels/Karkkila/karkkila_DJI_0005_frame102.txt,location,3840,2160,True,1
Karkkila,karkkila_DJI_0005_frame103,images/Karkkila/karkkila_DJI_0005_frame103.jpg,labels/Karkkila/karkkila_DJI_0005_frame103.txt,location,3840,2160,True,1
Karkkila,karkkila_DJI_0005_frame104,images/Karkkila/karkkila_DJI_0005_frame104.jpg,labels/Karkkila/karkkila_DJI_0005_frame104.txt,location,3840,2160,True,1
Karkkila,karkkila_DJI_0005_frame105,images/Karkkila/karkkila_DJI_0005_frame105.jpg,labels/Karkkila/karkkila_DJI_0005_frame105.txt,location,3840,2160,True,1
Karkkila,karkkila_DJI_0005_frame106,images/Karkkila/karkkila_DJI_0005_frame106.jpg,labels/Karkkila/karkkila_DJI_0005_frame106.txt,location,3840,2160,True,1
Karkkila,karkkila_DJI_0005_frame107,images/Karkkila/karkkila_DJI_0005_frame107.jpg,labels/Karkkila/karkkila_DJI_0005_frame107.txt,location,3840,2160,True,1
Karkkila,karkkila_DJI_0005_frame108,images/Karkkila/karkkila_DJI_0005_frame108.jpg,labels/Karkkila/karkkila_DJI_0005_frame108.txt,location,3840,2160,True,1
Karkkila,karkkila_DJI_0005_frame109,images/Karkkila/karkkila_DJI_0005_frame109.jpg,labels/Karkkila/karkkila_DJI_0005_frame109.txt,location,3840,2160,True,1
Karkkila,karkkila_DJI_0005_frame11,images/Karkkila/karkkila_DJI_0005_frame11.jpg,labels/Karkkila/karkkila_DJI_0005_frame11.txt,location,3840,2160,True,1
Karkkila,karkkila_DJI_0005_frame110,images/Karkkila/karkkila_DJI_0005_frame110.jpg,labels/Karkkila/karkkila_DJI_0005_frame110.txt,location,3840,2160,True,1
Karkkila,karkkila_DJI_0005_frame111,images/Karkkila/karkkila_DJI_0005_frame111.jpg,labels/Karkkila/karkkila_DJI_0005_frame111.txt,location,3840,2160,True,1
Karkkila,karkkila_DJI_0005_frame112,images/Karkkila/karkkila_DJI_0005_frame112.jpg,labels/Karkkila/karkkila_DJI_0005_frame112.txt,location,3840,2160,True,1
Karkkila,karkkila_DJI_0005_frame113,images/Karkkila/karkkila_DJI_0005_frame113.jpg,labels/Karkkila/karkkila_DJI_0005_frame113.txt,location,3840,2160,True,1
Karkkila,karkkila_DJI_0005_frame114,images/Karkkila/karkkila_DJI_0005_frame114.jpg,labels/Karkkila/karkkila_DJI_0005_frame114.txt,location,3840,2160,True,1
Karkkila,karkkila_DJI_0005_frame115,images/Karkkila/karkkila_DJI_0005_frame115.jpg,labels/Karkkila/karkkila_DJI_0005_frame115.txt,location,3840,2160,True,1
Karkkila,karkkila_DJI_0005_frame116,images/Karkkila/karkkila_DJI_0005_frame116.jpg,labels/Karkkila/karkkila_DJI_0005_frame116.txt,location,3840,2160,True,1
Karkkila,karkkila_DJI_0005_frame117,images/Karkkila/karkkila_DJI_0005_frame117.jpg,labels/Karkkila/karkkila_DJI_0005_frame117.txt,location,3840,2160,True,1
Karkkila,karkkila_DJI_0005_frame118,images/Karkkila/karkkila_DJI_0005_frame118.jpg,labels/Karkkila/karkkila_DJI_0005_frame118.txt,location,3840,2160,True,1
Karkkila,karkkila_DJI_0005_frame119,images/Karkkila/karkkila_DJI_0005_frame119.jpg,labels/Karkkila/karkkila_DJI_0005_frame119.txt,location,3840,2160,True,1
Karkkila,karkkila_DJI_0005_frame12,images/Karkkila/karkkila_DJI_0005_frame12.jpg,labels/Karkkila/karkkila_DJI_0005_frame12.txt,location,3840,2160,True,1
Karkkila,karkkila_DJI_0005_frame120,images/Karkkila/karkkila_DJI_0005_frame120.jpg,labels/Karkkila/karkkila_DJI_0005_frame120.txt,location,3840,2160,True,1
Karkkila,karkkila_DJI_0005_frame121,images/Karkkila/karkkila_DJI_0005_frame121.jpg,labels/Karkkila/karkkila_DJI_0005_frame121.txt,location,3840,2160,True,1
Karkkila,karkkila_DJI_0005_frame122,images/Karkkila/karkkila_DJI_0005_frame122.jpg,labels/Karkkila/karkkila_DJI_0005_frame122.txt,location,3840,2160,True,1
Karkkila,karkkila_DJI_0005_frame123,images/Karkkila/karkkila_DJI_0005_frame123.jpg,labels/Karkkila/karkkila_DJI_0005_frame123.txt,location,3840,2160,True,1
Karkkila,karkkila_DJI_0005_frame124,images/Karkkila/karkkila_DJI_0005_frame124.jpg,labels/Karkkila/karkkila_DJI_0005_frame124.txt,location,3840,2160,True,1
Karkkila,karkkila_DJI_0005_frame125,images/Karkkila/karkkila_DJI_0005_frame125.jpg,labels/Karkkila/karkkila_DJI_0005_frame125.txt,location,3840,2160,True,1
Karkkila,karkkila_DJI_0005_frame126,images/Karkkila/karkkila_DJI_0005_frame126.jpg,labels/Karkkila/karkkila_DJI_0005_frame126.txt,location,3840,2160,True,1
Karkkila,karkkila_DJI_0005_frame127,images/Karkkila/karkkila_DJI_0005_frame127.jpg,labels/Karkkila/karkkila_DJI_0005_frame127.txt,location,3840,2160,True,1
Karkkila,karkkila_DJI_0005_frame128,images/Karkkila/karkkila_DJI_0005_frame128.jpg,labels/Karkkila/karkkila_DJI_0005_frame128.txt,location,3840,2160,True,1
Karkkila,karkkila_DJI_0005_frame129,images/Karkkila/karkkila_DJI_0005_frame129.jpg,labels/Karkkila/karkkila_DJI_0005_frame129.txt,location,3840,2160,True,1
Karkkila,karkkila_DJI_0005_frame13,images/Karkkila/karkkila_DJI_0005_frame13.jpg,labels/Karkkila/karkkila_DJI_0005_frame13.txt,location,3840,2160,True,1
Karkkila,karkkila_DJI_0005_frame130,images/Karkkila/karkkila_DJI_0005_frame130.jpg,labels/Karkkila/karkkila_DJI_0005_frame130.txt,location,3840,2160,True,1
Karkkila,karkkila_DJI_0005_frame131,images/Karkkila/karkkila_DJI_0005_frame131.jpg,labels/Karkkila/karkkila_DJI_0005_frame131.txt,location,3840,2160,True,1
Karkkila,karkkila_DJI_0005_frame132,images/Karkkila/karkkila_DJI_0005_frame132.jpg,labels/Karkkila/karkkila_DJI_0005_frame132.txt,location,3840,2160,True,1
Karkkila,karkkila_DJI_0005_frame133,images/Karkkila/karkkila_DJI_0005_frame133.jpg,labels/Karkkila/karkkila_DJI_0005_frame133.txt,location,3840,2160,True,1
Karkkila,karkkila_DJI_0005_frame134,images/Karkkila/karkkila_DJI_0005_frame134.jpg,labels/Karkkila/karkkila_DJI_0005_frame134.txt,location,3840,2160,True,1
Karkkila,karkkila_DJI_0005_frame135,images/Karkkila/karkkila_DJI_0005_frame135.jpg,labels/Karkkila/karkkila_DJI_0005_frame135.txt,location,3840,2160,True,1
Karkkila,karkkila_DJI_0005_frame136,images/Karkkila/karkkila_DJI_0005_frame136.jpg,labels/Karkkila/karkkila_DJI_0005_frame136.txt,location,3840,2160,True,1
Karkkila,karkkila_DJI_0005_frame137,images/Karkkila/karkkila_DJI_0005_frame137.jpg,labels/Karkkila/karkkila_DJI_0005_frame137.txt,location,3840,2160,True,1
Karkkila,karkkila_DJI_0005_frame138,images/Karkkila/karkkila_DJI_0005_frame138.jpg,labels/Karkkila/karkkila_DJI_0005_frame138.txt,location,3840,2160,True,1
Karkkila,karkkila_DJI_0005_frame139,images/Karkkila/karkkila_DJI_0005_frame139.jpg,labels/Karkkila/karkkila_DJI_0005_frame139.txt,location,3840,2160,True,1
Karkkila,karkkila_DJI_0005_frame14,images/Karkkila/karkkila_DJI_0005_frame14.jpg,labels/Karkkila/karkkila_DJI_0005_frame14.txt,location,3840,2160,True,1
Karkkila,karkkila_DJI_0005_frame140,images/Karkkila/karkkila_DJI_0005_frame140.jpg,labels/Karkkila/karkkila_DJI_0005_frame140.txt,location,3840,2160,True,1
Karkkila,karkkila_DJI_0005_frame141,images/Karkkila/karkkila_DJI_0005_frame141.jpg,labels/Karkkila/karkkila_DJI_0005_frame141.txt,location,3840,2160,True,1
Karkkila,karkkila_DJI_0005_frame142,images/Karkkila/karkkila_DJI_0005_frame142.jpg,labels/Karkkila/karkkila_DJI_0005_frame142.txt,location,3840,2160,True,1
Karkkila,karkkila_DJI_0005_frame143,images/Karkkila/karkkila_DJI_0005_frame143.jpg,labels/Karkkila/karkkila_DJI_0005_frame143.txt,location,3840,2160,True,1
Karkkila,karkkila_DJI_0005_frame144,images/Karkkila/karkkila_DJI_0005_frame144.jpg,labels/Karkkila/karkkila_DJI_0005_frame144.txt,location,3840,2160,True,1
Karkkila,karkkila_DJI_0005_frame145,images/Karkkila/karkkila_DJI_0005_frame145.jpg,labels/Karkkila/karkkila_DJI_0005_frame145.txt,location,3840,2160,True,1
Karkkila,karkkila_DJI_0005_frame146,images/Karkkila/karkkila_DJI_0005_frame146.jpg,labels/Karkkila/karkkila_DJI_0005_frame146.txt,location,3840,2160,True,1
Karkkila,karkkila_DJI_0005_frame147,images/Karkkila/karkkila_DJI_0005_frame147.jpg,labels/Karkkila/karkkila_DJI_0005_frame147.txt,location,3840,2160,True,1
Karkkila,karkkila_DJI_0005_frame148,images/Karkkila/karkkila_DJI_0005_frame148.jpg,labels/Karkkila/karkkila_DJI_0005_frame148.txt,location,3840,2160,True,1
Karkkila,karkkila_DJI_0005_frame149,images/Karkkila/karkkila_DJI_0005_frame149.jpg,labels/Karkkila/karkkila_DJI_0005_frame149.txt,location,3840,2160,True,1
Karkkila,karkkila_DJI_0005_frame15,images/Karkkila/karkkila_DJI_0005_frame15.jpg,labels/Karkkila/karkkila_DJI_0005_frame15.txt,location,3840,2160,True,1
Karkkila,karkkila_DJI_0005_frame150,images/Karkkila/karkkila_DJI_0005_frame150.jpg,labels/Karkkila/karkkila_DJI_0005_frame150.txt,location,3840,2160,True,1
Karkkila,karkkila_DJI_0005_frame151,images/Karkkila/karkkila_DJI_0005_frame151.jpg,labels/Karkkila/karkkila_DJI_0005_frame151.txt,location,3840,2160,True,1
Karkkila,karkkila_DJI_0005_frame152,images/Karkkila/karkkila_DJI_0005_frame152.jpg,labels/Karkkila/karkkila_DJI_0005_frame152.txt,location,3840,2160,True,1
Karkkila,karkkila_DJI_0005_frame153,images/Karkkila/karkkila_DJI_0005_frame153.jpg,labels/Karkkila/karkkila_DJI_0005_frame153.txt,location,3840,2160,True,1
Karkkila,karkkila_DJI_0005_frame154,images/Karkkila/karkkila_DJI_0005_frame154.jpg,labels/Karkkila/karkkila_DJI_0005_frame154.txt,location,3840,2160,True,1
Karkkila,karkkila_DJI_0005_frame155,images/Karkkila/karkkila_DJI_0005_frame155.jpg,labels/Karkkila/karkkila_DJI_0005_frame155.txt,location,3840,2160,True,1
Karkkila,karkkila_DJI_0005_frame156,images/Karkkila/karkkila_DJI_0005_frame156.jpg,labels/Karkkila/karkkila_DJI_0005_frame156.txt,location,3840,2160,True,1
Karkkila,karkkila_DJI_0005_frame157,images/Karkkila/karkkila_DJI_0005_frame157.jpg,labels/Karkkila/karkkila_DJI_0005_frame157.txt,location,3840,2160,True,1
Karkkila,karkkila_DJI_0005_frame158,images/Karkkila/karkkila_DJI_0005_frame158.jpg,labels/Karkkila/karkkila_DJI_0005_frame158.txt,location,3840,2160,True,1
Karkkila,karkkila_DJI_0005_frame159,images/Karkkila/karkkila_DJI_0005_frame159.jpg,labels/Karkkila/karkkila_DJI_0005_frame159.txt,location,3840,2160,True,1
Karkkila,karkkila_DJI_0005_frame16,images/Karkkila/karkkila_DJI_0005_frame16.jpg,labels/Karkkila/karkkila_DJI_0005_frame16.txt,location,3840,2160,True,1
Karkkila,karkkila_DJI_0005_frame160,images/Karkkila/karkkila_DJI_0005_frame160.jpg,labels/Karkkila/karkkila_DJI_0005_frame160.txt,location,3840,2160,True,1
Karkkila,karkkila_DJI_0005_frame161,images/Karkkila/karkkila_DJI_0005_frame161.jpg,labels/Karkkila/karkkila_DJI_0005_frame161.txt,location,3840,2160,True,1
Karkkila,karkkila_DJI_0005_frame162,images/Karkkila/karkkila_DJI_0005_frame162.jpg,labels/Karkkila/karkkila_DJI_0005_frame162.txt,location,3840,2160,True,1
Karkkila,karkkila_DJI_0005_frame163,images/Karkkila/karkkila_DJI_0005_frame163.jpg,labels/Karkkila/karkkila_DJI_0005_frame163.txt,location,3840,2160,True,1
Karkkila,karkkila_DJI_0005_frame164,images/Karkkila/karkkila_DJI_0005_frame164.jpg,labels/Karkkila/karkkila_DJI_0005_frame164.txt,location,3840,2160,True,1
Karkkila,karkkila_DJI_0005_frame165,images/Karkkila/karkkila_DJI_0005_frame165.jpg,labels/Karkkila/karkkila_DJI_0005_frame165.txt,location,3840,2160,True,1
Karkkila,karkkila_DJI_0005_frame166,images/Karkkila/karkkila_DJI_0005_frame166.jpg,labels/Karkkila/karkkila_DJI_0005_frame166.txt,location,3840,2160,True,1
Karkkila,karkkila_DJI_0005_frame167,images/Karkkila/karkkila_DJI_0005_frame167.jpg,labels/Karkkila/karkkila_DJI_0005_frame167.txt,location,3840,2160,True,1
Karkkila,karkkila_DJI_0005_frame168,images/Karkkila/karkkila_DJI_0005_frame168.jpg,labels/Karkkila/karkkila_DJI_0005_frame168.txt,location,3840,2160,True,1
Karkkila,karkkila_DJI_0005_frame169,images/Karkkila/karkkila_DJI_0005_frame169.jpg,labels/Karkkila/karkkila_DJI_0005_frame169.txt,location,3840,2160,True,1
Karkkila,karkkila_DJI_0005_frame17,images/Karkkila/karkkila_DJI_0005_frame17.jpg,labels/Karkkila/karkkila_DJI_0005_frame17.txt,location,3840,2160,True,1
Karkkila,karkkila_DJI_0005_frame170,images/Karkkila/karkkila_DJI_0005_frame170.jpg,labels/Karkkila/karkkila_DJI_0005_frame170.txt,location,3840,2160,True,1
Karkkila,karkkila_DJI_0005_frame18,images/Karkkila/karkkila_DJI_0005_frame18.jpg,labels/Karkkila/karkkila_DJI_0005_frame18.txt,location,3840,2160,True,1
Karkkila,karkkila_DJI_0005_frame19,images/Karkkila/karkkila_DJI_0005_frame19.jpg,labels/Karkkila/karkkila_DJI_0005_frame19.txt,location,3840,2160,True,1
Karkkila,karkkila_DJI_0005_frame2,images/Karkkila/karkkila_DJI_0005_frame2.jpg,labels/Karkkila/karkkila_DJI_0005_frame2.txt,location,3840,2160,True,1
Karkkila,karkkila_DJI_0005_frame20,images/Karkkila/karkkila_DJI_0005_frame20.jpg,labels/Karkkila/karkkila_DJI_0005_frame20.txt,location,3840,2160,True,1
Karkkila,karkkila_DJI_0005_frame21,images/Karkkila/karkkila_DJI_0005_frame21.jpg,labels/Karkkila/karkkila_DJI_0005_frame21.txt,location,3840,2160,True,1
Karkkila,karkkila_DJI_0005_frame22,images/Karkkila/karkkila_DJI_0005_frame22.jpg,labels/Karkkila/karkkila_DJI_0005_frame22.txt,location,3840,2160,True,1
Karkkila,karkkila_DJI_0005_frame23,images/Karkkila/karkkila_DJI_0005_frame23.jpg,labels/Karkkila/karkkila_DJI_0005_frame23.txt,location,3840,2160,True,1
Karkkila,karkkila_DJI_0005_frame24,images/Karkkila/karkkila_DJI_0005_frame24.jpg,labels/Karkkila/karkkila_DJI_0005_frame24.txt,location,3840,2160,True,1
Karkkila,karkkila_DJI_0005_frame25,images/Karkkila/karkkila_DJI_0005_frame25.jpg,labels/Karkkila/karkkila_DJI_0005_frame25.txt,location,3840,2160,True,1
Karkkila,karkkila_DJI_0005_frame26,images/Karkkila/karkkila_DJI_0005_frame26.jpg,labels/Karkkila/karkkila_DJI_0005_frame26.txt,location,3840,2160,True,1
Karkkila,karkkila_DJI_0005_frame27,images/Karkkila/karkkila_DJI_0005_frame27.jpg,labels/Karkkila/karkkila_DJI_0005_frame27.txt,location,3840,2160,True,1
Karkkila,karkkila_DJI_0005_frame28,images/Karkkila/karkkila_DJI_0005_frame28.jpg,labels/Karkkila/karkkila_DJI_0005_frame28.txt,location,3840,2160,True,1
Karkkila,karkkila_DJI_0005_frame29,images/Karkkila/karkkila_DJI_0005_frame29.jpg,labels/Karkkila/karkkila_DJI_0005_frame29.txt,location,3840,2160,True,1
Karkkila,karkkila_DJI_0005_frame3,images/Karkkila/karkkila_DJI_0005_frame3.jpg,labels/Karkkila/karkkila_DJI_0005_frame3.txt,location,3840,2160,True,1
Karkkila,karkkila_DJI_0005_frame30,images/Karkkila/karkkila_DJI_0005_frame30.jpg,labels/Karkkila/karkkila_DJI_0005_frame30.txt,location,3840,2160,True,1
Karkkila,karkkila_DJI_0005_frame31,images/Karkkila/karkkila_DJI_0005_frame31.jpg,labels/Karkkila/karkkila_DJI_0005_frame31.txt,location,3840,2160,True,1
Karkkila,karkkila_DJI_0005_frame32,images/Karkkila/karkkila_DJI_0005_frame32.jpg,labels/Karkkila/karkkila_DJI_0005_frame32.txt,location,3840,2160,True,1
Karkkila,karkkila_DJI_0005_frame33,images/Karkkila/karkkila_DJI_0005_frame33.jpg,labels/Karkkila/karkkila_DJI_0005_frame33.txt,location,3840,2160,True,1
Karkkila,karkkila_DJI_0005_frame34,images/Karkkila/karkkila_DJI_0005_frame34.jpg,labels/Karkkila/karkkila_DJI_0005_frame34.txt,location,3840,2160,True,1
Karkkila,karkkila_DJI_0005_frame35,images/Karkkila/karkkila_DJI_0005_frame35.jpg,labels/Karkkila/karkkila_DJI_0005_frame35.txt,location,3840,2160,True,1
Karkkila,karkkila_DJI_0005_frame36,images/Karkkila/karkkila_DJI_0005_frame36.jpg,labels/Karkkila/karkkila_DJI_0005_frame36.txt,location,3840,2160,True,1
Karkkila,karkkila_DJI_0005_frame37,images/Karkkila/karkkila_DJI_0005_frame37.jpg,labels/Karkkila/karkkila_DJI_0005_frame37.txt,location,3840,2160,True,1
Karkkila,karkkila_DJI_0005_frame38,images/Karkkila/karkkila_DJI_0005_frame38.jpg,labels/Karkkila/karkkila_DJI_0005_frame38.txt,location,3840,2160,True,1
Karkkila,karkkila_DJI_0005_frame39,images/Karkkila/karkkila_DJI_0005_frame39.jpg,labels/Karkkila/karkkila_DJI_0005_frame39.txt,location,3840,2160,True,1
Karkkila,karkkila_DJI_0005_frame4,images/Karkkila/karkkila_DJI_0005_frame4.jpg,labels/Karkkila/karkkila_DJI_0005_frame4.txt,location,3840,2160,True,1
Karkkila,karkkila_DJI_0005_frame40,images/Karkkila/karkkila_DJI_0005_frame40.jpg,labels/Karkkila/karkkila_DJI_0005_frame40.txt,location,3840,2160,True,1
Karkkila,karkkila_DJI_0005_frame41,images/Karkkila/karkkila_DJI_0005_frame41.jpg,labels/Karkkila/karkkila_DJI_0005_frame41.txt,location,3840,2160,True,1
Karkkila,karkkila_DJI_0005_frame42,images/Karkkila/karkkila_DJI_0005_frame42.jpg,labels/Karkkila/karkkila_DJI_0005_frame42.txt,location,3840,2160,True,1
Karkkila,karkkila_DJI_0005_frame43,images/Karkkila/karkkila_DJI_0005_frame43.jpg,labels/Karkkila/karkkila_DJI_0005_frame43.txt,location,3840,2160,True,1
Karkkila,karkkila_DJI_0005_frame44,images/Karkkila/karkkila_DJI_0005_frame44.jpg,labels/Karkkila/karkkila_DJI_0005_frame44.txt,location,3840,2160,True,1
Karkkila,karkkila_DJI_0005_frame45,images/Karkkila/karkkila_DJI_0005_frame45.jpg,labels/Karkkila/karkkila_DJI_0005_frame45.txt,location,3840,2160,True,1
Karkkila,karkkila_DJI_0005_frame46,images/Karkkila/karkkila_DJI_0005_frame46.jpg,labels/Karkkila/karkkila_DJI_0005_frame46.txt,location,3840,2160,True,1
Karkkila,karkkila_DJI_0005_frame47,images/Karkkila/karkkila_DJI_0005_frame47.jpg,labels/Karkkila/karkkila_DJI_0005_frame47.txt,location,3840,2160,True,1
Karkkila,karkkila_DJI_0005_frame48,images/Karkkila/karkkila_DJI_0005_frame48.jpg,labels/Karkkila/karkkila_DJI_0005_frame48.txt,location,3840,2160,True,1
Karkkila,karkkila_DJI_0005_frame49,images/Karkkila/karkkila_DJI_0005_frame49.jpg,labels/Karkkila/karkkila_DJI_0005_frame49.txt,location,3840,2160,True,1
Karkkila,karkkila_DJI_0005_frame5,images/Karkkila/karkkila_DJI_0005_frame5.jpg,labels/Karkkila/karkkila_DJI_0005_frame5.txt,location,3840,2160,True,1
Karkkila,karkkila_DJI_0005_frame50,images/Karkkila/karkkila_DJI_0005_frame50.jpg,labels/Karkkila/karkkila_DJI_0005_frame50.txt,location,3840,2160,True,1
Karkkila,karkkila_DJI_0005_frame51,images/Karkkila/karkkila_DJI_0005_frame51.jpg,labels/Karkkila/karkkila_DJI_0005_frame51.txt,location,3840,2160,True,1
Karkkila,karkkila_DJI_0005_frame52,images/Karkkila/karkkila_DJI_0005_frame52.jpg,labels/Karkkila/karkkila_DJI_0005_frame52.txt,location,3840,2160,True,1
Karkkila,karkkila_DJI_0005_frame53,images/Karkkila/karkkila_DJI_0005_frame53.jpg,labels/Karkkila/karkkila_DJI_0005_frame53.txt,location,3840,2160,True,1
Karkkila,karkkila_DJI_0005_frame54,images/Karkkila/karkkila_DJI_0005_frame54.jpg,labels/Karkkila/karkkila_DJI_0005_frame54.txt,location,3840,2160,True,1
Karkkila,karkkila_DJI_0005_frame55,images/Karkkila/karkkila_DJI_0005_frame55.jpg,labels/Karkkila/karkkila_DJI_0005_frame55.txt,location,3840,2160,True,1
Karkkila,karkkila_DJI_0005_frame56,images/Karkkila/karkkila_DJI_0005_frame56.jpg,labels/Karkkila/karkkila_DJI_0005_frame56.txt,location,3840,2160,True,1
Karkkila,karkkila_DJI_0005_frame57,images/Karkkila/karkkila_DJI_0005_frame57.jpg,labels/Karkkila/karkkila_DJI_0005_frame57.txt,location,3840,2160,True,1
Karkkila,karkkila_DJI_0005_frame58,images/Karkkila/karkkila_DJI_0005_frame58.jpg,labels/Karkkila/karkkila_DJI_0005_frame58.txt,location,3840,2160,True,1
Karkkila,karkkila_DJI_0005_frame59,images/Karkkila/karkkila_DJI_0005_frame59.jpg,labels/Karkkila/karkkila_DJI_0005_frame59.txt,location,3840,2160,True,1
Karkkila,karkkila_DJI_0005_frame6,images/Karkkila/karkkila_DJI_0005_frame6.jpg,labels/Karkkila/karkkila_DJI_0005_frame6.txt,location,3840,2160,True,1
Karkkila,karkkila_DJI_0005_frame60,images/Karkkila/karkkila_DJI_0005_frame60.jpg,labels/Karkkila/karkkila_DJI_0005_frame60.txt,location,3840,2160,True,1
Karkkila,karkkila_DJI_0005_frame61,images/Karkkila/karkkila_DJI_0005_frame61.jpg,labels/Karkkila/karkkila_DJI_0005_frame61.txt,location,3840,2160,True,1
Karkkila,karkkila_DJI_0005_frame62,images/Karkkila/karkkila_DJI_0005_frame62.jpg,labels/Karkkila/karkkila_DJI_0005_frame62.txt,location,3840,2160,True,1
Karkkila,karkkila_DJI_0005_frame63,images/Karkkila/karkkila_DJI_0005_frame63.jpg,labels/Karkkila/karkkila_DJI_0005_frame63.txt,location,3840,2160,True,1
Karkkila,karkkila_DJI_0005_frame64,images/Karkkila/karkkila_DJI_0005_frame64.jpg,labels/Karkkila/karkkila_DJI_0005_frame64.txt,location,3840,2160,True,1
Karkkila,karkkila_DJI_0005_frame65,images/Karkkila/karkkila_DJI_0005_frame65.jpg,labels/Karkkila/karkkila_DJI_0005_frame65.txt,location,3840,2160,True,1
Karkkila,karkkila_DJI_0005_frame66,images/Karkkila/karkkila_DJI_0005_frame66.jpg,labels/Karkkila/karkkila_DJI_0005_frame66.txt,location,3840,2160,True,1
Karkkila,karkkila_DJI_0005_frame67,images/Karkkila/karkkila_DJI_0005_frame67.jpg,labels/Karkkila/karkkila_DJI_0005_frame67.txt,location,3840,2160,True,1
Karkkila,karkkila_DJI_0005_frame68,images/Karkkila/karkkila_DJI_0005_frame68.jpg,labels/Karkkila/karkkila_DJI_0005_frame68.txt,location,3840,2160,True,1
Karkkila,karkkila_DJI_0005_frame69,images/Karkkila/karkkila_DJI_0005_frame69.jpg,labels/Karkkila/karkkila_DJI_0005_frame69.txt,location,3840,2160,True,1
Karkkila,karkkila_DJI_0005_frame7,images/Karkkila/karkkila_DJI_0005_frame7.jpg,labels/Karkkila/karkkila_DJI_0005_frame7.txt,location,3840,2160,True,1
Karkkila,karkkila_DJI_0005_frame70,images/Karkkila/karkkila_DJI_0005_frame70.jpg,labels/Karkkila/karkkila_DJI_0005_frame70.txt,location,3840,2160,True,1
Karkkila,karkkila_DJI_0005_frame71,images/Karkkila/karkkila_DJI_0005_frame71.jpg,labels/Karkkila/karkkila_DJI_0005_frame71.txt,location,3840,2160,True,1
Karkkila,karkkila_DJI_0005_frame72,images/Karkkila/karkkila_DJI_0005_frame72.jpg,labels/Karkkila/karkkila_DJI_0005_frame72.txt,location,3840,2160,True,1
Karkkila,karkkila_DJI_0005_frame73,images/Karkkila/karkkila_DJI_0005_frame73.jpg,labels/Karkkila/karkkila_DJI_0005_frame73.txt,location,3840,2160,True,1
Karkkila,karkkila_DJI_0005_frame74,images/Karkkila/karkkila_DJI_0005_frame74.jpg,labels/Karkkila/karkkila_DJI_0005_frame74.txt,location,3840,2160,True,1
Karkkila,karkkila_DJI_0005_frame75,images/Karkkila/karkkila_DJI_0005_frame75.jpg,labels/Karkkila/karkkila_DJI_0005_frame75.txt,location,3840,2160,True,1
Karkkila,karkkila_DJI_0005_frame76,images/Karkkila/karkkila_DJI_0005_frame76.jpg,labels/Karkkila/karkkila_DJI_0005_frame76.txt,location,3840,2160,True,1
Karkkila,karkkila_DJI_0005_frame77,images/Karkkila/karkkila_DJI_0005_frame77.jpg,labels/Karkkila/karkkila_DJI_0005_frame77.txt,location,3840,2160,True,1
Karkkila,karkkila_DJI_0005_frame78,images/Karkkila/karkkila_DJI_0005_frame78.jpg,labels/Karkkila/karkkila_DJI_0005_frame78.txt,location,3840,2160,True,1
Karkkila,karkkila_DJI_0005_frame79,images/Karkkila/karkkila_DJI_0005_frame79.jpg,labels/Karkkila/karkkila_DJI_0005_frame79.txt,location,3840,2160,True,1
Karkkila,karkkila_DJI_0005_frame8,images/Karkkila/karkkila_DJI_0005_frame8.jpg,labels/Karkkila/karkkila_DJI_0005_frame8.txt,location,3840,2160,True,1
Karkkila,karkkila_DJI_0005_frame80,images/Karkkila/karkkila_DJI_0005_frame80.jpg,labels/Karkkila/karkkila_DJI_0005_frame80.txt,location,3840,2160,True,1
Karkkila,karkkila_DJI_0005_frame81,images/Karkkila/karkkila_DJI_0005_frame81.jpg,labels/Karkkila/karkkila_DJI_0005_frame81.txt,location,3840,2160,True,1
Karkkila,karkkila_DJI_0005_frame82,images/Karkkila/karkkila_DJI_0005_frame82.jpg,labels/Karkkila/karkkila_DJI_0005_frame82.txt,location,3840,2160,True,1
Karkkila,karkkila_DJI_0005_frame83,images/Karkkila/karkkila_DJI_0005_frame83.jpg,labels/Karkkila/karkkila_DJI_0005_frame83.txt,location,3840,2160,True,1
Karkkila,karkkila_DJI_0005_frame84,images/Karkkila/karkkila_DJI_0005_frame84.jpg,labels/Karkkila/karkkila_DJI_0005_frame84.txt,location,3840,2160,True,1
Karkkila,karkkila_DJI_0005_frame85,images/Karkkila/karkkila_DJI_0005_frame85.jpg,labels/Karkkila/karkkila_DJI_0005_frame85.txt,location,3840,2160,True,1
Karkkila,karkkila_DJI_0005_frame86,images/Karkkila/karkkila_DJI_0005_frame86.jpg,labels/Karkkila/karkkila_DJI_0005_frame86.txt,location,3840,2160,True,1
Karkkila,karkkila_DJI_0005_frame87,images/Karkkila/karkkila_DJI_0005_frame87.jpg,labels/Karkkila/karkkila_DJI_0005_frame87.txt,location,3840,2160,True,1
Karkkila,karkkila_DJI_0005_frame88,images/Karkkila/karkkila_DJI_0005_frame88.jpg,labels/Karkkila/karkkila_DJI_0005_frame88.txt,location,3840,2160,True,1
Karkkila,karkkila_DJI_0005_frame89,images/Karkkila/karkkila_DJI_0005_frame89.jpg,labels/Karkkila/karkkila_DJI_0005_frame89.txt,location,3840,2160,True,1
Karkkila,karkkila_DJI_0005_frame9,images/Karkkila/karkkila_DJI_0005_frame9.jpg,labels/Karkkila/karkkila_DJI_0005_frame9.txt,location,3840,2160,True,1
Karkkila,karkkila_DJI_0005_frame90,images/Karkkila/karkkila_DJI_0005_frame90.jpg,labels/Karkkila/karkkila_DJI_0005_frame90.txt,location,3840,2160,True,1
Karkkila,karkkila_DJI_0005_frame91,images/Karkkila/karkkila_DJI_0005_frame91.jpg,labels/Karkkila/karkkila_DJI_0005_frame91.txt,location,3840,2160,True,1
Karkkila,karkkila_DJI_0005_frame92,images/Karkkila/karkkila_DJI_0005_frame92.jpg,labels/Karkkila/karkkila_DJI_0005_frame92.txt,location,3840,2160,True,1
Karkkila,karkkila_DJI_0005_frame93,images/Karkkila/karkkila_DJI_0005_frame93.jpg,labels/Karkkila/karkkila_DJI_0005_frame93.txt,location,3840,2160,True,1
Karkkila,karkkila_DJI_0005_frame94,images/Karkkila/karkkila_DJI_0005_frame94.jpg,labels/Karkkila/karkkila_DJI_0005_frame94.txt,location,3840,2160,True,1
Karkkila,karkkila_DJI_0005_frame95,images/Karkkila/karkkila_DJI_0005_frame95.jpg,labels/Karkkila/karkkila_DJI_0005_frame95.txt,location,3840,2160,True,1
Karkkila,karkkila_DJI_0005_frame96,images/Karkkila/karkkila_DJI_0005_frame96.jpg,labels/Karkkila/karkkila_DJI_0005_frame96.txt,location,3840,2160,True,1
Karkkila,karkkila_DJI_0005_frame97,images/Karkkila/karkkila_DJI_0005_frame97.jpg,labels/Karkkila/karkkila_DJI_0005_frame97.txt,location,3840,2160,True,1
Karkkila,karkkila_DJI_0005_frame98,images/Karkkila/karkkila_DJI_0005_frame98.jpg,labels/Karkkila/karkkila_DJI_0005_frame98.txt,location,3840,2160,True,1
Karkkila,karkkila_DJI_0005_frame99,images/Karkkila/karkkila_DJI_0005_frame99.jpg,labels/Karkkila/karkkila_DJI_0005_frame99.txt,location,3840,2160,True,1
Karkkila,karkkila_DJI_0006_frame0,images/Karkkila/karkkila_DJI_0006_frame0.jpg,labels/Karkkila/karkkila_DJI_0006_frame0.txt,location,3840,2160,True,1
Karkkila,karkkila_DJI_0006_frame1,images/Karkkila/karkkila_DJI_0006_frame1.jpg,labels/Karkkila/karkkila_DJI_0006_frame1.txt,location,3840,2160,True,1
Karkkila,karkkila_DJI_0006_frame10,images/Karkkila/karkkila_DJI_0006_frame10.jpg,labels/Karkkila/karkkila_DJI_0006_frame10.txt,location,3840,2160,True,1
Karkkila,karkkila_DJI_0006_frame100,images/Karkkila/karkkila_DJI_0006_frame100.jpg,labels/Karkkila/karkkila_DJI_0006_frame100.txt,location,3840,2160,True,1
Karkkila,karkkila_DJI_0006_frame101,images/Karkkila/karkkila_DJI_0006_frame101.jpg,labels/Karkkila/karkkila_DJI_0006_frame101.txt,location,3840,2160,True,1
Karkkila,karkkila_DJI_0006_frame102,images/Karkkila/karkkila_DJI_0006_frame102.jpg,labels/Karkkila/karkkila_DJI_0006_frame102.txt,location,3840,2160,True,1
Karkkila,karkkila_DJI_0006_frame103,images/Karkkila/karkkila_DJI_0006_frame103.jpg,labels/Karkkila/karkkila_DJI_0006_frame103.txt,location,3840,2160,True,1
Karkkila,karkkila_DJI_0006_frame104,images/Karkkila/karkkila_DJI_0006_frame104.jpg,labels/Karkkila/karkkila_DJI_0006_frame104.txt,location,3840,2160,True,1
Karkkila,karkkila_DJI_0006_frame105,images/Karkkila/karkkila_DJI_0006_frame105.jpg,labels/Karkkila/karkkila_DJI_0006_frame105.txt,location,3840,2160,True,1
Karkkila,karkkila_DJI_0006_frame106,images/Karkkila/karkkila_DJI_0006_frame106.jpg,labels/Karkkila/karkkila_DJI_0006_frame106.txt,location,3840,2160,True,1
Karkkila,karkkila_DJI_0006_frame107,images/Karkkila/karkkila_DJI_0006_frame107.jpg,labels/Karkkila/karkkila_DJI_0006_frame107.txt,location,3840,2160,True,1
Karkkila,karkkila_DJI_0006_frame108,images/Karkkila/karkkila_DJI_0006_frame108.jpg,labels/Karkkila/karkkila_DJI_0006_frame108.txt,location,3840,2160,True,1
Karkkila,karkkila_DJI_0006_frame109,images/Karkkila/karkkila_DJI_0006_frame109.jpg,labels/Karkkila/karkkila_DJI_0006_frame109.txt,location,3840,2160,True,1
Karkkila,karkkila_DJI_0006_frame11,images/Karkkila/karkkila_DJI_0006_frame11.jpg,labels/Karkkila/karkkila_DJI_0006_frame11.txt,location,3840,2160,True,1
Karkkila,karkkila_DJI_0006_frame110,images/Karkkila/karkkila_DJI_0006_frame110.jpg,labels/Karkkila/karkkila_DJI_0006_frame110.txt,location,3840,2160,True,1
Karkkila,karkkila_DJI_0006_frame12,images/Karkkila/karkkila_DJI_0006_frame12.jpg,labels/Karkkila/karkkila_DJI_0006_frame12.txt,location,3840,2160,True,1
Karkkila,karkkila_DJI_0006_frame13,images/Karkkila/karkkila_DJI_0006_frame13.jpg,labels/Karkkila/karkkila_DJI_0006_frame13.txt,location,3840,2160,True,1
Karkkila,karkkila_DJI_0006_frame14,images/Karkkila/karkkila_DJI_0006_frame14.jpg,labels/Karkkila/karkkila_DJI_0006_frame14.txt,location,3840,2160,True,1
Karkkila,karkkila_DJI_0006_frame15,images/Karkkila/karkkila_DJI_0006_frame15.jpg,labels/Karkkila/karkkila_DJI_0006_frame15.txt,location,3840,2160,True,1
Karkkila,karkkila_DJI_0006_frame16,images/Karkkila/karkkila_DJI_0006_frame16.jpg,labels/Karkkila/karkkila_DJI_0006_frame16.txt,location,3840,2160,True,1
Karkkila,karkkila_DJI_0006_frame17,images/Karkkila/karkkila_DJI_0006_frame17.jpg,labels/Karkkila/karkkila_DJI_0006_frame17.txt,location,3840,2160,True,1
Karkkila,karkkila_DJI_0006_frame18,images/Karkkila/karkkila_DJI_0006_frame18.jpg,labels/Karkkila/karkkila_DJI_0006_frame18.txt,location,3840,2160,True,1
Karkkila,karkkila_DJI_0006_frame19,images/Karkkila/karkkila_DJI_0006_frame19.jpg,labels/Karkkila/karkkila_DJI_0006_frame19.txt,location,3840,2160,True,1
Karkkila,karkkila_DJI_0006_frame2,images/Karkkila/karkkila_DJI_0006_frame2.jpg,labels/Karkkila/karkkila_DJI_0006_frame2.txt,location,3840,2160,True,1
Karkkila,karkkila_DJI_0006_frame20,images/Karkkila/karkkila_DJI_0006_frame20.jpg,labels/Karkkila/karkkila_DJI_0006_frame20.txt,location,3840,2160,True,1
Karkkila,karkkila_DJI_0006_frame21,images/Karkkila/karkkila_DJI_0006_frame21.jpg,labels/Karkkila/karkkila_DJI_0006_frame21.txt,location,3840,2160,True,1
Karkkila,karkkila_DJI_0006_frame22,images/Karkkila/karkkila_DJI_0006_frame22.jpg,labels/Karkkila/karkkila_DJI_0006_frame22.txt,location,3840,2160,True,1
Karkkila,karkkila_DJI_0006_frame23,images/Karkkila/karkkila_DJI_0006_frame23.jpg,labels/Karkkila/karkkila_DJI_0006_frame23.txt,location,3840,2160,True,1
Karkkila,karkkila_DJI_0006_frame24,images/Karkkila/karkkila_DJI_0006_frame24.jpg,labels/Karkkila/karkkila_DJI_0006_frame24.txt,location,3840,2160,True,1
Karkkila,karkkila_DJI_0006_frame25,images/Karkkila/karkkila_DJI_0006_frame25.jpg,labels/Karkkila/karkkila_DJI_0006_frame25.txt,location,3840,2160,True,1
Karkkila,karkkila_DJI_0006_frame26,images/Karkkila/karkkila_DJI_0006_frame26.jpg,labels/Karkkila/karkkila_DJI_0006_frame26.txt,location,3840,2160,True,1
Karkkila,karkkila_DJI_0006_frame27,images/Karkkila/karkkila_DJI_0006_frame27.jpg,labels/Karkkila/karkkila_DJI_0006_frame27.txt,location,3840,2160,True,1
Karkkila,karkkila_DJI_0006_frame28,images/Karkkila/karkkila_DJI_0006_frame28.jpg,labels/Karkkila/karkkila_DJI_0006_frame28.txt,location,3840,2160,True,1
Karkkila,karkkila_DJI_0006_frame29,images/Karkkila/karkkila_DJI_0006_frame29.jpg,labels/Karkkila/karkkila_DJI_0006_frame29.txt,location,3840,2160,True,1
Karkkila,karkkila_DJI_0006_frame3,images/Karkkila/karkkila_DJI_0006_frame3.jpg,labels/Karkkila/karkkila_DJI_0006_frame3.txt,location,3840,2160,True,1
Karkkila,karkkila_DJI_0006_frame30,images/Karkkila/karkkila_DJI_0006_frame30.jpg,labels/Karkkila/karkkila_DJI_0006_frame30.txt,location,3840,2160,True,1
Karkkila,karkkila_DJI_0006_frame31,images/Karkkila/karkkila_DJI_0006_frame31.jpg,labels/Karkkila/karkkila_DJI_0006_frame31.txt,location,3840,2160,True,1
Karkkila,karkkila_DJI_0006_frame32,images/Karkkila/karkkila_DJI_0006_frame32.jpg,labels/Karkkila/karkkila_DJI_0006_frame32.txt,location,3840,2160,True,1
Karkkila,karkkila_DJI_0006_frame33,images/Karkkila/karkkila_DJI_0006_frame33.jpg,labels/Karkkila/karkkila_DJI_0006_frame33.txt,location,3840,2160,True,1
Karkkila,karkkila_DJI_0006_frame34,images/Karkkila/karkkila_DJI_0006_frame34.jpg,labels/Karkkila/karkkila_DJI_0006_frame34.txt,location,3840,2160,True,1
Karkkila,karkkila_DJI_0006_frame35,images/Karkkila/karkkila_DJI_0006_frame35.jpg,labels/Karkkila/karkkila_DJI_0006_frame35.txt,location,3840,2160,True,1
Karkkila,karkkila_DJI_0006_frame36,images/Karkkila/karkkila_DJI_0006_frame36.jpg,labels/Karkkila/karkkila_DJI_0006_frame36.txt,location,3840,2160,True,1
Karkkila,karkkila_DJI_0006_frame37,images/Karkkila/karkkila_DJI_0006_frame37.jpg,labels/Karkkila/karkkila_DJI_0006_frame37.txt,location,3840,2160,True,1
Karkkila,karkkila_DJI_0006_frame38,images/Karkkila/karkkila_DJI_0006_frame38.jpg,labels/Karkkila/karkkila_DJI_0006_frame38.txt,location,3840,2160,True,1
Karkkila,karkkila_DJI_0006_frame39,images/Karkkila/karkkila_DJI_0006_frame39.jpg,labels/Karkkila/karkkila_DJI_0006_frame39.txt,location,3840,2160,True,1
Karkkila,karkkila_DJI_0006_frame4,images/Karkkila/karkkila_DJI_0006_frame4.jpg,labels/Karkkila/karkkila_DJI_0006_frame4.txt,location,3840,2160,True,1
Karkkila,karkkila_DJI_0006_frame40,images/Karkkila/karkkila_DJI_0006_frame40.jpg,labels/Karkkila/karkkila_DJI_0006_frame40.txt,location,3840,2160,True,1
Karkkila,karkkila_DJI_0006_frame41,images/Karkkila/karkkila_DJI_0006_frame41.jpg,labels/Karkkila/karkkila_DJI_0006_frame41.txt,location,3840,2160,True,1
Karkkila,karkkila_DJI_0006_frame42,images/Karkkila/karkkila_DJI_0006_frame42.jpg,labels/Karkkila/karkkila_DJI_0006_frame42.txt,location,3840,2160,True,1
Karkkila,karkkila_DJI_0006_frame43,images/Karkkila/karkkila_DJI_0006_frame43.jpg,labels/Karkkila/karkkila_DJI_0006_frame43.txt,location,3840,2160,True,1
Karkkila,karkkila_DJI_0006_frame44,images/Karkkila/karkkila_DJI_0006_frame44.jpg,labels/Karkkila/karkkila_DJI_0006_frame44.txt,location,3840,2160,True,1
Karkkila,karkkila_DJI_0006_frame45,images/Karkkila/karkkila_DJI_0006_frame45.jpg,labels/Karkkila/karkkila_DJI_0006_frame45.txt,location,3840,2160,True,1
Karkkila,karkkila_DJI_0006_frame46,images/Karkkila/karkkila_DJI_0006_frame46.jpg,labels/Karkkila/karkkila_DJI_0006_frame46.txt,location,3840,2160,True,1
Karkkila,karkkila_DJI_0006_frame47,images/Karkkila/karkkila_DJI_0006_frame47.jpg,labels/Karkkila/karkkila_DJI_0006_frame47.txt,location,3840,2160,True,1
Karkkila,karkkila_DJI_0006_frame48,images/Karkkila/karkkila_DJI_0006_frame48.jpg,labels/Karkkila/karkkila_DJI_0006_frame48.txt,location,3840,2160,True,1
Karkkila,karkkila_DJI_0006_frame49,images/Karkkila/karkkila_DJI_0006_frame49.jpg,labels/Karkkila/karkkila_DJI_0006_frame49.txt,location,3840,2160,True,1
Karkkila,karkkila_DJI_0006_frame5,images/Karkkila/karkkila_DJI_0006_frame5.jpg,labels/Karkkila/karkkila_DJI_0006_frame5.txt,location,3840,2160,True,1
Karkkila,karkkila_DJI_0006_frame50,images/Karkkila/karkkila_DJI_0006_frame50.jpg,labels/Karkkila/karkkila_DJI_0006_frame50.txt,location,3840,2160,True,1
Karkkila,karkkila_DJI_0006_frame51,images/Karkkila/karkkila_DJI_0006_frame51.jpg,labels/Karkkila/karkkila_DJI_0006_frame51.txt,location,3840,2160,True,1
Karkkila,karkkila_DJI_0006_frame52,images/Karkkila/karkkila_DJI_0006_frame52.jpg,labels/Karkkila/karkkila_DJI_0006_frame52.txt,location,3840,2160,True,1
Karkkila,karkkila_DJI_0006_frame53,images/Karkkila/karkkila_DJI_0006_frame53.jpg,labels/Karkkila/karkkila_DJI_0006_frame53.txt,location,3840,2160,True,1
Karkkila,karkkila_DJI_0006_frame54,images/Karkkila/karkkila_DJI_0006_frame54.jpg,labels/Karkkila/karkkila_DJI_0006_frame54.txt,location,3840,2160,True,1
Karkkila,karkkila_DJI_0006_frame55,images/Karkkila/karkkila_DJI_0006_frame55.jpg,labels/Karkkila/karkkila_DJI_0006_frame55.txt,location,3840,2160,True,1
Karkkila,karkkila_DJI_0006_frame56,images/Karkkila/karkkila_DJI_0006_frame56.jpg,labels/Karkkila/karkkila_DJI_0006_frame56.txt,location,3840,2160,True,1
Karkkila,karkkila_DJI_0006_frame57,images/Karkkila/karkkila_DJI_0006_frame57.jpg,labels/Karkkila/karkkila_DJI_0006_frame57.txt,location,3840,2160,True,1
Karkkila,karkkila_DJI_0006_frame58,images/Karkkila/karkkila_DJI_0006_frame58.jpg,labels/Karkkila/karkkila_DJI_0006_frame58.txt,location,3840,2160,True,1
Karkkila,karkkila_DJI_0006_frame59,images/Karkkila/karkkila_DJI_0006_frame59.jpg,labels/Karkkila/karkkila_DJI_0006_frame59.txt,location,3840,2160,True,1
Karkkila,karkkila_DJI_0006_frame6,images/Karkkila/karkkila_DJI_0006_frame6.jpg,labels/Karkkila/karkkila_DJI_0006_frame6.txt,location,3840,2160,True,1
Karkkila,karkkila_DJI_0006_frame60,images/Karkkila/karkkila_DJI_0006_frame60.jpg,labels/Karkkila/karkkila_DJI_0006_frame60.txt,location,3840,2160,True,1
Karkkila,karkkila_DJI_0006_frame61,images/Karkkila/karkkila_DJI_0006_frame61.jpg,labels/Karkkila/karkkila_DJI_0006_frame61.txt,location,3840,2160,True,1
Karkkila,karkkila_DJI_0006_frame62,images/Karkkila/karkkila_DJI_0006_frame62.jpg,labels/Karkkila/karkkila_DJI_0006_frame62.txt,location,3840,2160,True,1
Karkkila,karkkila_DJI_0006_frame63,images/Karkkila/karkkila_DJI_0006_frame63.jpg,labels/Karkkila/karkkila_DJI_0006_frame63.txt,location,3840,2160,True,1
Karkkila,karkkila_DJI_0006_frame64,images/Karkkila/karkkila_DJI_0006_frame64.jpg,labels/Karkkila/karkkila_DJI_0006_frame64.txt,location,3840,2160,True,1
Karkkila,karkkila_DJI_0006_frame65,images/Karkkila/karkkila_DJI_0006_frame65.jpg,labels/Karkkila/karkkila_DJI_0006_frame65.txt,location,3840,2160,True,1
Karkkila,karkkila_DJI_0006_frame66,images/Karkkila/karkkila_DJI_0006_frame66.jpg,labels/Karkkila/karkkila_DJI_0006_frame66.txt,location,3840,2160,True,1
Karkkila,karkkila_DJI_0006_frame67,images/Karkkila/karkkila_DJI_0006_frame67.jpg,labels/Karkkila/karkkila_DJI_0006_frame67.txt,location,3840,2160,True,1
Karkkila,karkkila_DJI_0006_frame68,images/Karkkila/karkkila_DJI_0006_frame68.jpg,labels/Karkkila/karkkila_DJI_0006_frame68.txt,location,3840,2160,True,1
Karkkila,karkkila_DJI_0006_frame69,images/Karkkila/karkkila_DJI_0006_frame69.jpg,labels/Karkkila/karkkila_DJI_0006_frame69.txt,location,3840,2160,True,1
Karkkila,karkkila_DJI_0006_frame7,images/Karkkila/karkkila_DJI_0006_frame7.jpg,labels/Karkkila/karkkila_DJI_0006_frame7.txt,location,3840,2160,True,1
Karkkila,karkkila_DJI_0006_frame70,images/Karkkila/karkkila_DJI_0006_frame70.jpg,labels/Karkkila/karkkila_DJI_0006_frame70.txt,location,3840,2160,True,1
Karkkila,karkkila_DJI_0006_frame71,images/Karkkila/karkkila_DJI_0006_frame71.jpg,labels/Karkkila/karkkila_DJI_0006_frame71.txt,location,3840,2160,True,1
Karkkila,karkkila_DJI_0006_frame72,images/Karkkila/karkkila_DJI_0006_frame72.jpg,labels/Karkkila/karkkila_DJI_0006_frame72.txt,location,3840,2160,True,1
Karkkila,karkkila_DJI_0006_frame73,images/Karkkila/karkkila_DJI_0006_frame73.jpg,labels/Karkkila/karkkila_DJI_0006_frame73.txt,location,3840,2160,True,1
Karkkila,karkkila_DJI_0006_frame74,images/Karkkila/karkkila_DJI_0006_frame74.jpg,labels/Karkkila/karkkila_DJI_0006_frame74.txt,location,3840,2160,True,1
Karkkila,karkkila_DJI_0006_frame75,images/Karkkila/karkkila_DJI_0006_frame75.jpg,labels/Karkkila/karkkila_DJI_0006_frame75.txt,location,3840,2160,True,1
Karkkila,karkkila_DJI_0006_frame76,images/Karkkila/karkkila_DJI_0006_frame76.jpg,labels/Karkkila/karkkila_DJI_0006_frame76.txt,location,3840,2160,True,1
Karkkila,karkkila_DJI_0006_frame77,images/Karkkila/karkkila_DJI_0006_frame77.jpg,labels/Karkkila/karkkila_DJI_0006_frame77.txt,location,3840,2160,True,1
Karkkila,karkkila_DJI_0006_frame78,images/Karkkila/karkkila_DJI_0006_frame78.jpg,labels/Karkkila/karkkila_DJI_0006_frame78.txt,location,3840,2160,True,1
Karkkila,karkkila_DJI_0006_frame79,images/Karkkila/karkkila_DJI_0006_frame79.jpg,labels/Karkkila/karkkila_DJI_0006_frame79.txt,location,3840,2160,True,1
Karkkila,karkkila_DJI_0006_frame8,images/Karkkila/karkkila_DJI_0006_frame8.jpg,labels/Karkkila/karkkila_DJI_0006_frame8.txt,location,3840,2160,True,1
Karkkila,karkkila_DJI_0006_frame80,images/Karkkila/karkkila_DJI_0006_frame80.jpg,labels/Karkkila/karkkila_DJI_0006_frame80.txt,location,3840,2160,True,1
Karkkila,karkkila_DJI_0006_frame81,images/Karkkila/karkkila_DJI_0006_frame81.jpg,labels/Karkkila/karkkila_DJI_0006_frame81.txt,location,3840,2160,True,1
Karkkila,karkkila_DJI_0006_frame82,images/Karkkila/karkkila_DJI_0006_frame82.jpg,labels/Karkkila/karkkila_DJI_0006_frame82.txt,location,3840,2160,True,1
Karkkila,karkkila_DJI_0006_frame83,images/Karkkila/karkkila_DJI_0006_frame83.jpg,labels/Karkkila/karkkila_DJI_0006_frame83.txt,location,3840,2160,True,1
Karkkila,karkkila_DJI_0006_frame9,images/Karkkila/karkkila_DJI_0006_frame9.jpg,labels/Karkkila/karkkila_DJI_0006_frame9.txt,location,3840,2160,True,1
Karkkila,karkkila_DJI_0006_frame95,images/Karkkila/karkkila_DJI_0006_frame95.jpg,labels/Karkkila/karkkila_DJI_0006_frame95.txt,location,3840,2160,True,1
Karkkila,karkkila_DJI_0006_frame96,images/Karkkila/karkkila_DJI_0006_frame96.jpg,labels/Karkkila/karkkila_DJI_0006_frame96.txt,location,3840,2160,True,1
Karkkila,karkkila_DJI_0006_frame97,images/Karkkila/karkkila_DJI_0006_frame97.jpg,labels/Karkkila/karkkila_DJI_0006_frame97.txt,location,3840,2160,True,1
Karkkila,karkkila_DJI_0006_frame98,images/Karkkila/karkkila_DJI_0006_frame98.jpg,labels/Karkkila/karkkila_DJI_0006_frame98.txt,location,3840,2160,True,1
Karkkila,karkkila_DJI_0006_frame99,images/Karkkila/karkkila_DJI_0006_frame99.jpg,labels/Karkkila/karkkila_DJI_0006_frame99.txt,location,3840,2160,True,1
Karkkila,karkkila_DJI_0007_frame0,images/Karkkila/karkkila_DJI_0007_frame0.jpg,labels/Karkkila/karkkila_DJI_0007_frame0.txt,location,3840,2160,True,1
Karkkila,karkkila_DJI_0007_frame1,images/Karkkila/karkkila_DJI_0007_frame1.jpg,labels/Karkkila/karkkila_DJI_0007_frame1.txt,location,3840,2160,True,1
Karkkila,karkkila_DJI_0007_frame10,images/Karkkila/karkkila_DJI_0007_frame10.jpg,labels/Karkkila/karkkila_DJI_0007_frame10.txt,location,3840,2160,True,1
Karkkila,karkkila_DJI_0007_frame100,images/Karkkila/karkkila_DJI_0007_frame100.jpg,labels/Karkkila/karkkila_DJI_0007_frame100.txt,location,3840,2160,True,1
Karkkila,karkkila_DJI_0007_frame101,images/Karkkila/karkkila_DJI_0007_frame101.jpg,labels/Karkkila/karkkila_DJI_0007_frame101.txt,location,3840,2160,True,1
Karkkila,karkkila_DJI_0007_frame102,images/Karkkila/karkkila_DJI_0007_frame102.jpg,labels/Karkkila/karkkila_DJI_0007_frame102.txt,location,3840,2160,True,1
Karkkila,karkkila_DJI_0007_frame103,images/Karkkila/karkkila_DJI_0007_frame103.jpg,labels/Karkkila/karkkila_DJI_0007_frame103.txt,location,3840,2160,True,1
Karkkila,karkkila_DJI_0007_frame104,images/Karkkila/karkkila_DJI_0007_frame104.jpg,labels/Karkkila/karkkila_DJI_0007_frame104.txt,location,3840,2160,True,1
Karkkila,karkkila_DJI_0007_frame105,images/Karkkila/karkkila_DJI_0007_frame105.jpg,labels/Karkkila/karkkila_DJI_0007_frame105.txt,location,3840,2160,True,1
Karkkila,karkkila_DJI_0007_frame106,images/Karkkila/karkkila_DJI_0007_frame106.jpg,labels/Karkkila/karkkila_DJI_0007_frame106.txt,location,3840,2160,True,1
Karkkila,karkkila_DJI_0007_frame107,images/Karkkila/karkkila_DJI_0007_frame107.jpg,labels/Karkkila/karkkila_DJI_0007_frame107.txt,location,3840,2160,True,1
Karkkila,karkkila_DJI_0007_frame108,images/Karkkila/karkkila_DJI_0007_frame108.jpg,labels/Karkkila/karkkila_DJI_0007_frame108.txt,location,3840,2160,True,1
Karkkila,karkkila_DJI_0007_frame109,images/Karkkila/karkkila_DJI_0007_frame109.jpg,labels/Karkkila/karkkila_DJI_0007_frame109.txt,location,3840,2160,True,1
Karkkila,karkkila_DJI_0007_frame11,images/Karkkila/karkkila_DJI_0007_frame11.jpg,labels/Karkkila/karkkila_DJI_0007_frame11.txt,location,3840,2160,True,1
Karkkila,karkkila_DJI_0007_frame110,images/Karkkila/karkkila_DJI_0007_frame110.jpg,labels/Karkkila/karkkila_DJI_0007_frame110.txt,location,3840,2160,True,1
Karkkila,karkkila_DJI_0007_frame111,images/Karkkila/karkkila_DJI_0007_frame111.jpg,labels/Karkkila/karkkila_DJI_0007_frame111.txt,location,3840,2160,True,1
Karkkila,karkkila_DJI_0007_frame112,images/Karkkila/karkkila_DJI_0007_frame112.jpg,labels/Karkkila/karkkila_DJI_0007_frame112.txt,location,3840,2160,True,1
Karkkila,karkkila_DJI_0007_frame113,images/Karkkila/karkkila_DJI_0007_frame113.jpg,labels/Karkkila/karkkila_DJI_0007_frame113.txt,location,3840,2160,True,1
Karkkila,karkkila_DJI_0007_frame114,images/Karkkila/karkkila_DJI_0007_frame114.jpg,labels/Karkkila/karkkila_DJI_0007_frame114.txt,location,3840,2160,True,1
Karkkila,karkkila_DJI_0007_frame115,images/Karkkila/karkkila_DJI_0007_frame115.jpg,labels/Karkkila/karkkila_DJI_0007_frame115.txt,location,3840,2160,True,1
Karkkila,karkkila_DJI_0007_frame116,images/Karkkila/karkkila_DJI_0007_frame116.jpg,labels/Karkkila/karkkila_DJI_0007_frame116.txt,location,3840,2160,True,1
Karkkila,karkkila_DJI_0007_frame117,images/Karkkila/karkkila_DJI_0007_frame117.jpg,labels/Karkkila/karkkila_DJI_0007_frame117.txt,location,3840,2160,True,1
Karkkila,karkkila_DJI_0007_frame118,images/Karkkila/karkkila_DJI_0007_frame118.jpg,labels/Karkkila/karkkila_DJI_0007_frame118.txt,location,3840,2160,True,1
Karkkila,karkkila_DJI_0007_frame119,images/Karkkila/karkkila_DJI_0007_frame119.jpg,labels/Karkkila/karkkila_DJI_0007_frame119.txt,location,3840,2160,True,1
Karkkila,karkkila_DJI_0007_frame12,images/Karkkila/karkkila_DJI_0007_frame12.jpg,labels/Karkkila/karkkila_DJI_0007_frame12.txt,location,3840,2160,True,1
Karkkila,karkkila_DJI_0007_frame120,images/Karkkila/karkkila_DJI_0007_frame120.jpg,labels/Karkkila/karkkila_DJI_0007_frame120.txt,location,3840,2160,True,1
Karkkila,karkkila_DJI_0007_frame121,images/Karkkila/karkkila_DJI_0007_frame121.jpg,labels/Karkkila/karkkila_DJI_0007_frame121.txt,location,3840,2160,True,1
Karkkila,karkkila_DJI_0007_frame122,images/Karkkila/karkkila_DJI_0007_frame122.jpg,labels/Karkkila/karkkila_DJI_0007_frame122.txt,location,3840,2160,True,4
Karkkila,karkkila_DJI_0007_frame123,images/Karkkila/karkkila_DJI_0007_frame123.jpg,labels/Karkkila/karkkila_DJI_0007_frame123.txt,location,3840,2160,True,1
Karkkila,karkkila_DJI_0007_frame124,images/Karkkila/karkkila_DJI_0007_frame124.jpg,labels/Karkkila/karkkila_DJI_0007_frame124.txt,location,3840,2160,True,1
Karkkila,karkkila_DJI_0007_frame125,images/Karkkila/karkkila_DJI_0007_frame125.jpg,labels/Karkkila/karkkila_DJI_0007_frame125.txt,location,3840,2160,True,1
Karkkila,karkkila_DJI_0007_frame126,images/Karkkila/karkkila_DJI_0007_frame126.jpg,labels/Karkkila/karkkila_DJI_0007_frame126.txt,location,3840,2160,True,1
Karkkila,karkkila_DJI_0007_frame127,images/Karkkila/karkkila_DJI_0007_frame127.jpg,labels/Karkkila/karkkila_DJI_0007_frame127.txt,location,3840,2160,True,1
Karkkila,karkkila_DJI_0007_frame128,images/Karkkila/karkkila_DJI_0007_frame128.jpg,labels/Karkkila/karkkila_DJI_0007_frame128.txt,location,3840,2160,True,1
Karkkila,karkkila_DJI_0007_frame129,images/Karkkila/karkkila_DJI_0007_frame129.jpg,labels/Karkkila/karkkila_DJI_0007_frame129.txt,location,3840,2160,True,1
Karkkila,karkkila_DJI_0007_frame13,images/Karkkila/karkkila_DJI_0007_frame13.jpg,labels/Karkkila/karkkila_DJI_0007_frame13.txt,location,3840,2160,True,1
Karkkila,karkkila_DJI_0007_frame130,images/Karkkila/karkkila_DJI_0007_frame130.jpg,labels/Karkkila/karkkila_DJI_0007_frame130.txt,location,3840,2160,True,1
Karkkila,karkkila_DJI_0007_frame131,images/Karkkila/karkkila_DJI_0007_frame131.jpg,labels/Karkkila/karkkila_DJI_0007_frame131.txt,location,3840,2160,True,1
Karkkila,karkkila_DJI_0007_frame132,images/Karkkila/karkkila_DJI_0007_frame132.jpg,labels/Karkkila/karkkila_DJI_0007_frame132.txt,location,3840,2160,True,1
Karkkila,karkkila_DJI_0007_frame133,images/Karkkila/karkkila_DJI_0007_frame133.jpg,labels/Karkkila/karkkila_DJI_0007_frame133.txt,location,3840,2160,True,1
Karkkila,karkkila_DJI_0007_frame134,images/Karkkila/karkkila_DJI_0007_frame134.jpg,labels/Karkkila/karkkila_DJI_0007_frame134.txt,location,3840,2160,True,1
Karkkila,karkkila_DJI_0007_frame135,images/Karkkila/karkkila_DJI_0007_frame135.jpg,labels/Karkkila/karkkila_DJI_0007_frame135.txt,location,3840,2160,True,1
Karkkila,karkkila_DJI_0007_frame136,images/Karkkila/karkkila_DJI_0007_frame136.jpg,labels/Karkkila/karkkila_DJI_0007_frame136.txt,location,3840,2160,True,1
Karkkila,karkkila_DJI_0007_frame137,images/Karkkila/karkkila_DJI_0007_frame137.jpg,labels/Karkkila/karkkila_DJI_0007_frame137.txt,location,3840,2160,True,1
Karkkila,karkkila_DJI_0007_frame138,images/Karkkila/karkkila_DJI_0007_frame138.jpg,labels/Karkkila/karkkila_DJI_0007_frame138.txt,location,3840,2160,True,1
Karkkila,karkkila_DJI_0007_frame139,images/Karkkila/karkkila_DJI_0007_frame139.jpg,labels/Karkkila/karkkila_DJI_0007_frame139.txt,location,3840,2160,True,1
Karkkila,karkkila_DJI_0007_frame14,images/Karkkila/karkkila_DJI_0007_frame14.jpg,labels/Karkkila/karkkila_DJI_0007_frame14.txt,location,3840,2160,True,1
Karkkila,karkkila_DJI_0007_frame140,images/Karkkila/karkkila_DJI_0007_frame140.jpg,labels/Karkkila/karkkila_DJI_0007_frame140.txt,location,3840,2160,True,1
Karkkila,karkkila_DJI_0007_frame141,images/Karkkila/karkkila_DJI_0007_frame141.jpg,labels/Karkkila/karkkila_DJI_0007_frame141.txt,location,3840,2160,True,1
Karkkila,karkkila_DJI_0007_frame142,images/Karkkila/karkkila_DJI_0007_frame142.jpg,labels/Karkkila/karkkila_DJI_0007_frame142.txt,location,3840,2160,True,1
Karkkila,karkkila_DJI_0007_frame143,images/Karkkila/karkkila_DJI_0007_frame143.jpg,labels/Karkkila/karkkila_DJI_0007_frame143.txt,location,3840,2160,True,1
Karkkila,karkkila_DJI_0007_frame144,images/Karkkila/karkkila_DJI_0007_frame144.jpg,labels/Karkkila/karkkila_DJI_0007_frame144.txt,location,3840,2160,True,1
Karkkila,karkkila_DJI_0007_frame145,images/Karkkila/karkkila_DJI_0007_frame145.jpg,labels/Karkkila/karkkila_DJI_0007_frame145.txt,location,3840,2160,True,1
Karkkila,karkkila_DJI_0007_frame146,images/Karkkila/karkkila_DJI_0007_frame146.jpg,labels/Karkkila/karkkila_DJI_0007_frame146.txt,location,3840,2160,True,1
Karkkila,karkkila_DJI_0007_frame147,images/Karkkila/karkkila_DJI_0007_frame147.jpg,labels/Karkkila/karkkila_DJI_0007_frame147.txt,location,3840,2160,True,1
Karkkila,karkkila_DJI_0007_frame148,images/Karkkila/karkkila_DJI_0007_frame148.jpg,labels/Karkkila/karkkila_DJI_0007_frame148.txt,location,3840,2160,True,1
Karkkila,karkkila_DJI_0007_frame149,images/Karkkila/karkkila_DJI_0007_frame149.jpg,labels/Karkkila/karkkila_DJI_0007_frame149.txt,location,3840,2160,True,1
Karkkila,karkkila_DJI_0007_frame15,images/Karkkila/karkkila_DJI_0007_frame15.jpg,labels/Karkkila/karkkila_DJI_0007_frame15.txt,location,3840,2160,True,1
Karkkila,karkkila_DJI_0007_frame150,images/Karkkila/karkkila_DJI_0007_frame150.jpg,labels/Karkkila/karkkila_DJI_0007_frame150.txt,location,3840,2160,True,1
Karkkila,karkkila_DJI_0007_frame151,images/Karkkila/karkkila_DJI_0007_frame151.jpg,labels/Karkkila/karkkila_DJI_0007_frame151.txt,location,3840,2160,True,1
Karkkila,karkkila_DJI_0007_frame152,images/Karkkila/karkkila_DJI_0007_frame152.jpg,labels/Karkkila/karkkila_DJI_0007_frame152.txt,location,3840,2160,True,1
Karkkila,karkkila_DJI_0007_frame153,images/Karkkila/karkkila_DJI_0007_frame153.jpg,labels/Karkkila/karkkila_DJI_0007_frame153.txt,location,3840,2160,True,1
Karkkila,karkkila_DJI_0007_frame154,images/Karkkila/karkkila_DJI_0007_frame154.jpg,labels/Karkkila/karkkila_DJI_0007_frame154.txt,location,3840,2160,True,1
Karkkila,karkkila_DJI_0007_frame155,images/Karkkila/karkkila_DJI_0007_frame155.jpg,labels/Karkkila/karkkila_DJI_0007_frame155.txt,location,3840,2160,True,1
Karkkila,karkkila_DJI_0007_frame156,images/Karkkila/karkkila_DJI_0007_frame156.jpg,labels/Karkkila/karkkila_DJI_0007_frame156.txt,location,3840,2160,True,1
Karkkila,karkkila_DJI_0007_frame157,images/Karkkila/karkkila_DJI_0007_frame157.jpg,labels/Karkkila/karkkila_DJI_0007_frame157.txt,location,3840,2160,True,1
Karkkila,karkkila_DJI_0007_frame158,images/Karkkila/karkkila_DJI_0007_frame158.jpg,labels/Karkkila/karkkila_DJI_0007_frame158.txt,location,3840,2160,True,1
Karkkila,karkkila_DJI_0007_frame159,images/Karkkila/karkkila_DJI_0007_frame159.jpg,labels/Karkkila/karkkila_DJI_0007_frame159.txt,location,3840,2160,True,1
Karkkila,karkkila_DJI_0007_frame16,images/Karkkila/karkkila_DJI_0007_frame16.jpg,labels/Karkkila/karkkila_DJI_0007_frame16.txt,location,3840,2160,True,1
Karkkila,karkkila_DJI_0007_frame160,images/Karkkila/karkkila_DJI_0007_frame160.jpg,labels/Karkkila/karkkila_DJI_0007_frame160.txt,location,3840,2160,True,1
Karkkila,karkkila_DJI_0007_frame161,images/Karkkila/karkkila_DJI_0007_frame161.jpg,labels/Karkkila/karkkila_DJI_0007_frame161.txt,location,3840,2160,True,1
Karkkila,karkkila_DJI_0007_frame162,images/Karkkila/karkkila_DJI_0007_frame162.jpg,labels/Karkkila/karkkila_DJI_0007_frame162.txt,location,3840,2160,True,1
Karkkila,karkkila_DJI_0007_frame163,images/Karkkila/karkkila_DJI_0007_frame163.jpg,labels/Karkkila/karkkila_DJI_0007_frame163.txt,location,3840,2160,True,1
Karkkila,karkkila_DJI_0007_frame164,images/Karkkila/karkkila_DJI_0007_frame164.jpg,labels/Karkkila/karkkila_DJI_0007_frame164.txt,location,3840,2160,True,1
Karkkila,karkkila_DJI_0007_frame165,images/Karkkila/karkkila_DJI_0007_frame165.jpg,labels/Karkkila/karkkila_DJI_0007_frame165.txt,location,3840,2160,True,1
Karkkila,karkkila_DJI_0007_frame166,images/Karkkila/karkkila_DJI_0007_frame166.jpg,labels/Karkkila/karkkila_DJI_0007_frame166.txt,location,3840,2160,True,1
Karkkila,karkkila_DJI_0007_frame167,images/Karkkila/karkkila_DJI_0007_frame167.jpg,labels/Karkkila/karkkila_DJI_0007_frame167.txt,location,3840,2160,True,1
Karkkila,karkkila_DJI_0007_frame168,images/Karkkila/karkkila_DJI_0007_frame168.jpg,labels/Karkkila/karkkila_DJI_0007_frame168.txt,location,3840,2160,True,1
Karkkila,karkkila_DJI_0007_frame169,images/Karkkila/karkkila_DJI_0007_frame169.jpg,labels/Karkkila/karkkila_DJI_0007_frame169.txt,location,3840,2160,True,1
Karkkila,karkkila_DJI_0007_frame17,images/Karkkila/karkkila_DJI_0007_frame17.jpg,labels/Karkkila/karkkila_DJI_0007_frame17.txt,location,3840,2160,True,1
Karkkila,karkkila_DJI_0007_frame170,images/Karkkila/karkkila_DJI_0007_frame170.jpg,labels/Karkkila/karkkila_DJI_0007_frame170.txt,location,3840,2160,True,1
Karkkila,karkkila_DJI_0007_frame18,images/Karkkila/karkkila_DJI_0007_frame18.jpg,labels/Karkkila/karkkila_DJI_0007_frame18.txt,location,3840,2160,True,1
Karkkila,karkkila_DJI_0007_frame19,images/Karkkila/karkkila_DJI_0007_frame19.jpg,labels/Karkkila/karkkila_DJI_0007_frame19.txt,location,3840,2160,True,1
Karkkila,karkkila_DJI_0007_frame2,images/Karkkila/karkkila_DJI_0007_frame2.jpg,labels/Karkkila/karkkila_DJI_0007_frame2.txt,location,3840,2160,True,1
Karkkila,karkkila_DJI_0007_frame20,images/Karkkila/karkkila_DJI_0007_frame20.jpg,labels/Karkkila/karkkila_DJI_0007_frame20.txt,location,3840,2160,True,1
Karkkila,karkkila_DJI_0007_frame21,images/Karkkila/karkkila_DJI_0007_frame21.jpg,labels/Karkkila/karkkila_DJI_0007_frame21.txt,location,3840,2160,True,1
Karkkila,karkkila_DJI_0007_frame22,images/Karkkila/karkkila_DJI_0007_frame22.jpg,labels/Karkkila/karkkila_DJI_0007_frame22.txt,location,3840,2160,True,1
Karkkila,karkkila_DJI_0007_frame23,images/Karkkila/karkkila_DJI_0007_frame23.jpg,labels/Karkkila/karkkila_DJI_0007_frame23.txt,location,3840,2160,True,1
Karkkila,karkkila_DJI_0007_frame24,images/Karkkila/karkkila_DJI_0007_frame24.jpg,labels/Karkkila/karkkila_DJI_0007_frame24.txt,location,3840,2160,True,1
Karkkila,karkkila_DJI_0007_frame25,images/Karkkila/karkkila_DJI_0007_frame25.jpg,labels/Karkkila/karkkila_DJI_0007_frame25.txt,location,3840,2160,True,1
Karkkila,karkkila_DJI_0007_frame26,images/Karkkila/karkkila_DJI_0007_frame26.jpg,labels/Karkkila/karkkila_DJI_0007_frame26.txt,location,3840,2160,True,1
Karkkila,karkkila_DJI_0007_frame27,images/Karkkila/karkkila_DJI_0007_frame27.jpg,labels/Karkkila/karkkila_DJI_0007_frame27.txt,location,3840,2160,True,1
Karkkila,karkkila_DJI_0007_frame28,images/Karkkila/karkkila_DJI_0007_frame28.jpg,labels/Karkkila/karkkila_DJI_0007_frame28.txt,location,3840,2160,True,1
Karkkila,karkkila_DJI_0007_frame29,images/Karkkila/karkkila_DJI_0007_frame29.jpg,labels/Karkkila/karkkila_DJI_0007_frame29.txt,location,3840,2160,True,1
Karkkila,karkkila_DJI_0007_frame3,images/Karkkila/karkkila_DJI_0007_frame3.jpg,labels/Karkkila/karkkila_DJI_0007_frame3.txt,location,3840,2160,True,1
Karkkila,karkkila_DJI_0007_frame30,images/Karkkila/karkkila_DJI_0007_frame30.jpg,labels/Karkkila/karkkila_DJI_0007_frame30.txt,location,3840,2160,True,1
Karkkila,karkkila_DJI_0007_frame31,images/Karkkila/karkkila_DJI_0007_frame31.jpg,labels/Karkkila/karkkila_DJI_0007_frame31.txt,location,3840,2160,True,1
Karkkila,karkkila_DJI_0007_frame32,images/Karkkila/karkkila_DJI_0007_frame32.jpg,labels/Karkkila/karkkila_DJI_0007_frame32.txt,location,3840,2160,True,1
Karkkila,karkkila_DJI_0007_frame33,images/Karkkila/karkkila_DJI_0007_frame33.jpg,labels/Karkkila/karkkila_DJI_0007_frame33.txt,location,3840,2160,True,1
Karkkila,karkkila_DJI_0007_frame34,images/Karkkila/karkkila_DJI_0007_frame34.jpg,labels/Karkkila/karkkila_DJI_0007_frame34.txt,location,3840,2160,True,1
Karkkila,karkkila_DJI_0007_frame35,images/Karkkila/karkkila_DJI_0007_frame35.jpg,labels/Karkkila/karkkila_DJI_0007_frame35.txt,location,3840,2160,True,1
Karkkila,karkkila_DJI_0007_frame36,images/Karkkila/karkkila_DJI_0007_frame36.jpg,labels/Karkkila/karkkila_DJI_0007_frame36.txt,location,3840,2160,True,1
Karkkila,karkkila_DJI_0007_frame37,images/Karkkila/karkkila_DJI_0007_frame37.jpg,labels/Karkkila/karkkila_DJI_0007_frame37.txt,location,3840,2160,True,1
Karkkila,karkkila_DJI_0007_frame38,images/Karkkila/karkkila_DJI_0007_frame38.jpg,labels/Karkkila/karkkila_DJI_0007_frame38.txt,location,3840,2160,True,1
Karkkila,karkkila_DJI_0007_frame39,images/Karkkila/karkkila_DJI_0007_frame39.jpg,labels/Karkkila/karkkila_DJI_0007_frame39.txt,location,3840,2160,True,1
Karkkila,karkkila_DJI_0007_frame4,images/Karkkila/karkkila_DJI_0007_frame4.jpg,labels/Karkkila/karkkila_DJI_0007_frame4.txt,location,3840,2160,True,1
Karkkila,karkkila_DJI_0007_frame40,images/Karkkila/karkkila_DJI_0007_frame40.jpg,labels/Karkkila/karkkila_DJI_0007_frame40.txt,location,3840,2160,True,1
Karkkila,karkkila_DJI_0007_frame41,images/Karkkila/karkkila_DJI_0007_frame41.jpg,labels/Karkkila/karkkila_DJI_0007_frame41.txt,location,3840,2160,True,1
Karkkila,karkkila_DJI_0007_frame42,images/Karkkila/karkkila_DJI_0007_frame42.jpg,labels/Karkkila/karkkila_DJI_0007_frame42.txt,location,3840,2160,True,1
Karkkila,karkkila_DJI_0007_frame43,images/Karkkila/karkkila_DJI_0007_frame43.jpg,labels/Karkkila/karkkila_DJI_0007_frame43.txt,location,3840,2160,True,1
Karkkila,karkkila_DJI_0007_frame44,images/Karkkila/karkkila_DJI_0007_frame44.jpg,labels/Karkkila/karkkila_DJI_0007_frame44.txt,location,3840,2160,True,1
Karkkila,karkkila_DJI_0007_frame45,images/Karkkila/karkkila_DJI_0007_frame45.jpg,labels/Karkkila/karkkila_DJI_0007_frame45.txt,location,3840,2160,True,1
Karkkila,karkkila_DJI_0007_frame46,images/Karkkila/karkkila_DJI_0007_frame46.jpg,labels/Karkkila/karkkila_DJI_0007_frame46.txt,location,3840,2160,True,1
Karkkila,karkkila_DJI_0007_frame47,images/Karkkila/karkkila_DJI_0007_frame47.jpg,labels/Karkkila/karkkila_DJI_0007_frame47.txt,location,3840,2160,True,1
Karkkila,karkkila_DJI_0007_frame48,images/Karkkila/karkkila_DJI_0007_frame48.jpg,labels/Karkkila/karkkila_DJI_0007_frame48.txt,location,3840,2160,True,1
Karkkila,karkkila_DJI_0007_frame49,images/Karkkila/karkkila_DJI_0007_frame49.jpg,labels/Karkkila/karkkila_DJI_0007_frame49.txt,location,3840,2160,True,1
Karkkila,karkkila_DJI_0007_frame5,images/Karkkila/karkkila_DJI_0007_frame5.jpg,labels/Karkkila/karkkila_DJI_0007_frame5.txt,location,3840,2160,True,1
Karkkila,karkkila_DJI_0007_frame50,images/Karkkila/karkkila_DJI_0007_frame50.jpg,labels/Karkkila/karkkila_DJI_0007_frame50.txt,location,3840,2160,True,1
Karkkila,karkkila_DJI_0007_frame51,images/Karkkila/karkkila_DJI_0007_frame51.jpg,labels/Karkkila/karkkila_DJI_0007_frame51.txt,location,3840,2160,True,1
Karkkila,karkkila_DJI_0007_frame52,images/Karkkila/karkkila_DJI_0007_frame52.jpg,labels/Karkkila/karkkila_DJI_0007_frame52.txt,location,3840,2160,True,1
Karkkila,karkkila_DJI_0007_frame53,images/Karkkila/karkkila_DJI_0007_frame53.jpg,labels/Karkkila/karkkila_DJI_0007_frame53.txt,location,3840,2160,True,1
Karkkila,karkkila_DJI_0007_frame54,images/Karkkila/karkkila_DJI_0007_frame54.jpg,labels/Karkkila/karkkila_DJI_0007_frame54.txt,location,3840,2160,True,1
Karkkila,karkkila_DJI_0007_frame55,images/Karkkila/karkkila_DJI_0007_frame55.jpg,labels/Karkkila/karkkila_DJI_0007_frame55.txt,location,3840,2160,True,1
Karkkila,karkkila_DJI_0007_frame56,images/Karkkila/karkkila_DJI_0007_frame56.jpg,labels/Karkkila/karkkila_DJI_0007_frame56.txt,location,3840,2160,True,1
Karkkila,karkkila_DJI_0007_frame57,images/Karkkila/karkkila_DJI_0007_frame57.jpg,labels/Karkkila/karkkila_DJI_0007_frame57.txt,location,3840,2160,True,1
Karkkila,karkkila_DJI_0007_frame58,images/Karkkila/karkkila_DJI_0007_frame58.jpg,labels/Karkkila/karkkila_DJI_0007_frame58.txt,location,3840,2160,True,1
Karkkila,karkkila_DJI_0007_frame59,images/Karkkila/karkkila_DJI_0007_frame59.jpg,labels/Karkkila/karkkila_DJI_0007_frame59.txt,location,3840,2160,True,1
Karkkila,karkkila_DJI_0007_frame6,images/Karkkila/karkkila_DJI_0007_frame6.jpg,labels/Karkkila/karkkila_DJI_0007_frame6.txt,location,3840,2160,True,1
Karkkila,karkkila_DJI_0007_frame60,images/Karkkila/karkkila_DJI_0007_frame60.jpg,labels/Karkkila/karkkila_DJI_0007_frame60.txt,location,3840,2160,True,1
Karkkila,karkkila_DJI_0007_frame61,images/Karkkila/karkkila_DJI_0007_frame61.jpg,labels/Karkkila/karkkila_DJI_0007_frame61.txt,location,3840,2160,True,1
Karkkila,karkkila_DJI_0007_frame62,images/Karkkila/karkkila_DJI_0007_frame62.jpg,labels/Karkkila/karkkila_DJI_0007_frame62.txt,location,3840,2160,True,1
Karkkila,karkkila_DJI_0007_frame63,images/Karkkila/karkkila_DJI_0007_frame63.jpg,labels/Karkkila/karkkila_DJI_0007_frame63.txt,location,3840,2160,True,1
Karkkila,karkkila_DJI_0007_frame64,images/Karkkila/karkkila_DJI_0007_frame64.jpg,labels/Karkkila/karkkila_DJI_0007_frame64.txt,location,3840,2160,True,1
Karkkila,karkkila_DJI_0007_frame65,images/Karkkila/karkkila_DJI_0007_frame65.jpg,labels/Karkkila/karkkila_DJI_0007_frame65.txt,location,3840,2160,True,1
Karkkila,karkkila_DJI_0007_frame66,images/Karkkila/karkkila_DJI_0007_frame66.jpg,labels/Karkkila/karkkila_DJI_0007_frame66.txt,location,3840,2160,True,1
Karkkila,karkkila_DJI_0007_frame67,images/Karkkila/karkkila_DJI_0007_frame67.jpg,labels/Karkkila/karkkila_DJI_0007_frame67.txt,location,3840,2160,True,1
Karkkila,karkkila_DJI_0007_frame68,images/Karkkila/karkkila_DJI_0007_frame68.jpg,labels/Karkkila/karkkila_DJI_0007_frame68.txt,location,3840,2160,True,1
Karkkila,karkkila_DJI_0007_frame69,images/Karkkila/karkkila_DJI_0007_frame69.jpg,labels/Karkkila/karkkila_DJI_0007_frame69.txt,location,3840,2160,True,1
Karkkila,karkkila_DJI_0007_frame7,images/Karkkila/karkkila_DJI_0007_frame7.jpg,labels/Karkkila/karkkila_DJI_0007_frame7.txt,location,3840,2160,True,1
Karkkila,karkkila_DJI_0007_frame70,images/Karkkila/karkkila_DJI_0007_frame70.jpg,labels/Karkkila/karkkila_DJI_0007_frame70.txt,location,3840,2160,True,1
Karkkila,karkkila_DJI_0007_frame71,images/Karkkila/karkkila_DJI_0007_frame71.jpg,labels/Karkkila/karkkila_DJI_0007_frame71.txt,location,3840,2160,True,1
Karkkila,karkkila_DJI_0007_frame72,images/Karkkila/karkkila_DJI_0007_frame72.jpg,labels/Karkkila/karkkila_DJI_0007_frame72.txt,location,3840,2160,True,1
Karkkila,karkkila_DJI_0007_frame73,images/Karkkila/karkkila_DJI_0007_frame73.jpg,labels/Karkkila/karkkila_DJI_0007_frame73.txt,location,3840,2160,True,1
Karkkila,karkkila_DJI_0007_frame74,images/Karkkila/karkkila_DJI_0007_frame74.jpg,labels/Karkkila/karkkila_DJI_0007_frame74.txt,location,3840,2160,True,1
Karkkila,karkkila_DJI_0007_frame75,images/Karkkila/karkkila_DJI_0007_frame75.jpg,labels/Karkkila/karkkila_DJI_0007_frame75.txt,location,3840,2160,True,1
Karkkila,karkkila_DJI_0007_frame76,images/Karkkila/karkkila_DJI_0007_frame76.jpg,labels/Karkkila/karkkila_DJI_0007_frame76.txt,location,3840,2160,True,1
Karkkila,karkkila_DJI_0007_frame77,images/Karkkila/karkkila_DJI_0007_frame77.jpg,labels/Karkkila/karkkila_DJI_0007_frame77.txt,location,3840,2160,True,1
Karkkila,karkkila_DJI_0007_frame78,images/Karkkila/karkkila_DJI_0007_frame78.jpg,labels/Karkkila/karkkila_DJI_0007_frame78.txt,location,3840,2160,True,1
Karkkila,karkkila_DJI_0007_frame79,images/Karkkila/karkkila_DJI_0007_frame79.jpg,labels/Karkkila/karkkila_DJI_0007_frame79.txt,location,3840,2160,True,1
Karkkila,karkkila_DJI_0007_frame8,images/Karkkila/karkkila_DJI_0007_frame8.jpg,labels/Karkkila/karkkila_DJI_0007_frame8.txt,location,3840,2160,True,1
Karkkila,karkkila_DJI_0007_frame80,images/Karkkila/karkkila_DJI_0007_frame80.jpg,labels/Karkkila/karkkila_DJI_0007_frame80.txt,location,3840,2160,True,1
Karkkila,karkkila_DJI_0007_frame81,images/Karkkila/karkkila_DJI_0007_frame81.jpg,labels/Karkkila/karkkila_DJI_0007_frame81.txt,location,3840,2160,True,1
Karkkila,karkkila_DJI_0007_frame82,images/Karkkila/karkkila_DJI_0007_frame82.jpg,labels/Karkkila/karkkila_DJI_0007_frame82.txt,location,3840,2160,True,1
Karkkila,karkkila_DJI_0007_frame83,images/Karkkila/karkkila_DJI_0007_frame83.jpg,labels/Karkkila/karkkila_DJI_0007_frame83.txt,location,3840,2160,True,1
Karkkila,karkkila_DJI_0007_frame84,images/Karkkila/karkkila_DJI_0007_frame84.jpg,labels/Karkkila/karkkila_DJI_0007_frame84.txt,location,3840,2160,True,1
Karkkila,karkkila_DJI_0007_frame85,images/Karkkila/karkkila_DJI_0007_frame85.jpg,labels/Karkkila/karkkila_DJI_0007_frame85.txt,location,3840,2160,True,1
Karkkila,karkkila_DJI_0007_frame86,images/Karkkila/karkkila_DJI_0007_frame86.jpg,labels/Karkkila/karkkila_DJI_0007_frame86.txt,location,3840,2160,True,1
Karkkila,karkkila_DJI_0007_frame87,images/Karkkila/karkkila_DJI_0007_frame87.jpg,labels/Karkkila/karkkila_DJI_0007_frame87.txt,location,3840,2160,True,1
Karkkila,karkkila_DJI_0007_frame88,images/Karkkila/karkkila_DJI_0007_frame88.jpg,labels/Karkkila/karkkila_DJI_0007_frame88.txt,location,3840,2160,True,1
Karkkila,karkkila_DJI_0007_frame89,images/Karkkila/karkkila_DJI_0007_frame89.jpg,labels/Karkkila/karkkila_DJI_0007_frame89.txt,location,3840,2160,True,1
Karkkila,karkkila_DJI_0007_frame9,images/Karkkila/karkkila_DJI_0007_frame9.jpg,labels/Karkkila/karkkila_DJI_0007_frame9.txt,location,3840,2160,True,1
Karkkila,karkkila_DJI_0007_frame90,images/Karkkila/karkkila_DJI_0007_frame90.jpg,labels/Karkkila/karkkila_DJI_0007_frame90.txt,location,3840,2160,True,1
Karkkila,karkkila_DJI_0007_frame91,images/Karkkila/karkkila_DJI_0007_frame91.jpg,labels/Karkkila/karkkila_DJI_0007_frame91.txt,location,3840,2160,True,1
Karkkila,karkkila_DJI_0007_frame92,images/Karkkila/karkkila_DJI_0007_frame92.jpg,labels/Karkkila/karkkila_DJI_0007_frame92.txt,location,3840,2160,True,1
Karkkila,karkkila_DJI_0007_frame93,images/Karkkila/karkkila_DJI_0007_frame93.jpg,labels/Karkkila/karkkila_DJI_0007_frame93.txt,location,3840,2160,True,1
Karkkila,karkkila_DJI_0007_frame94,images/Karkkila/karkkila_DJI_0007_frame94.jpg,labels/Karkkila/karkkila_DJI_0007_frame94.txt,location,3840,2160,True,1
Karkkila,karkkila_DJI_0007_frame95,images/Karkkila/karkkila_DJI_0007_frame95.jpg,labels/Karkkila/karkkila_DJI_0007_frame95.txt,location,3840,2160,True,1
Karkkila,karkkila_DJI_0007_frame96,images/Karkkila/karkkila_DJI_0007_frame96.jpg,labels/Karkkila/karkkila_DJI_0007_frame96.txt,location,3840,2160,True,1
Karkkila,karkkila_DJI_0007_frame97,images/Karkkila/karkkila_DJI_0007_frame97.jpg,labels/Karkkila/karkkila_DJI_0007_frame97.txt,location,3840,2160,True,1
Karkkila,karkkila_DJI_0007_frame98,images/Karkkila/karkkila_DJI_0007_frame98.jpg,labels/Karkkila/karkkila_DJI_0007_frame98.txt,location,3840,2160,True,1
Karkkila,karkkila_DJI_0007_frame99,images/Karkkila/karkkila_DJI_0007_frame99.jpg,labels/Karkkila/karkkila_DJI_0007_frame99.txt,location,3840,2160,True,1
Karkkila,karkkila_DJI_0008_frame0,images/Karkkila/karkkila_DJI_0008_frame0.jpg,labels/Karkkila/karkkila_DJI_0008_frame0.txt,location,3840,2160,True,1
Karkkila,karkkila_DJI_0008_frame1,images/Karkkila/karkkila_DJI_0008_frame1.jpg,labels/Karkkila/karkkila_DJI_0008_frame1.txt,location,3840,2160,True,1
Karkkila,karkkila_DJI_0008_frame10,images/Karkkila/karkkila_DJI_0008_frame10.jpg,labels/Karkkila/karkkila_DJI_0008_frame10.txt,location,3840,2160,True,1
Karkkila,karkkila_DJI_0008_frame100,images/Karkkila/karkkila_DJI_0008_frame100.jpg,labels/Karkkila/karkkila_DJI_0008_frame100.txt,location,3840,2160,True,1
Karkkila,karkkila_DJI_0008_frame101,images/Karkkila/karkkila_DJI_0008_frame101.jpg,labels/Karkkila/karkkila_DJI_0008_frame101.txt,location,3840,2160,True,1
Karkkila,karkkila_DJI_0008_frame102,images/Karkkila/karkkila_DJI_0008_frame102.jpg,labels/Karkkila/karkkila_DJI_0008_frame102.txt,location,3840,2160,True,1
Karkkila,karkkila_DJI_0008_frame103,images/Karkkila/karkkila_DJI_0008_frame103.jpg,labels/Karkkila/karkkila_DJI_0008_frame103.txt,location,3840,2160,True,1
Karkkila,karkkila_DJI_0008_frame104,images/Karkkila/karkkila_DJI_0008_frame104.jpg,labels/Karkkila/karkkila_DJI_0008_frame104.txt,location,3840,2160,True,1
Karkkila,karkkila_DJI_0008_frame105,images/Karkkila/karkkila_DJI_0008_frame105.jpg,labels/Karkkila/karkkila_DJI_0008_frame105.txt,location,3840,2160,True,1
Karkkila,karkkila_DJI_0008_frame106,images/Karkkila/karkkila_DJI_0008_frame106.jpg,labels/Karkkila/karkkila_DJI_0008_frame106.txt,location,3840,2160,True,1
Karkkila,karkkila_DJI_0008_frame107,images/Karkkila/karkkila_DJI_0008_frame107.jpg,labels/Karkkila/karkkila_DJI_0008_frame107.txt,location,3840,2160,True,1
Karkkila,karkkila_DJI_0008_frame108,images/Karkkila/karkkila_DJI_0008_frame108.jpg,labels/Karkkila/karkkila_DJI_0008_frame108.txt,location,3840,2160,True,1
Karkkila,karkkila_DJI_0008_frame109,images/Karkkila/karkkila_DJI_0008_frame109.jpg,labels/Karkkila/karkkila_DJI_0008_frame109.txt,location,3840,2160,True,1
Karkkila,karkkila_DJI_0008_frame11,images/Karkkila/karkkila_DJI_0008_frame11.jpg,labels/Karkkila/karkkila_DJI_0008_frame11.txt,location,3840,2160,True,1
Karkkila,karkkila_DJI_0008_frame110,images/Karkkila/karkkila_DJI_0008_frame110.jpg,labels/Karkkila/karkkila_DJI_0008_frame110.txt,location,3840,2160,True,1
Karkkila,karkkila_DJI_0008_frame111,images/Karkkila/karkkila_DJI_0008_frame111.jpg,labels/Karkkila/karkkila_DJI_0008_frame111.txt,location,3840,2160,True,1
Karkkila,karkkila_DJI_0008_frame112,images/Karkkila/karkkila_DJI_0008_frame112.jpg,labels/Karkkila/karkkila_DJI_0008_frame112.txt,location,3840,2160,True,1
Karkkila,karkkila_DJI_0008_frame113,images/Karkkila/karkkila_DJI_0008_frame113.jpg,labels/Karkkila/karkkila_DJI_0008_frame113.txt,location,3840,2160,True,1
Karkkila,karkkila_DJI_0008_frame114,images/Karkkila/karkkila_DJI_0008_frame114.jpg,labels/Karkkila/karkkila_DJI_0008_frame114.txt,location,3840,2160,True,1
Karkkila,karkkila_DJI_0008_frame115,images/Karkkila/karkkila_DJI_0008_frame115.jpg,labels/Karkkila/karkkila_DJI_0008_frame115.txt,location,3840,2160,True,1
Karkkila,karkkila_DJI_0008_frame116,images/Karkkila/karkkila_DJI_0008_frame116.jpg,labels/Karkkila/karkkila_DJI_0008_frame116.txt,location,3840,2160,True,1
Karkkila,karkkila_DJI_0008_frame117,images/Karkkila/karkkila_DJI_0008_frame117.jpg,labels/Karkkila/karkkila_DJI_0008_frame117.txt,location,3840,2160,True,1
Karkkila,karkkila_DJI_0008_frame118,images/Karkkila/karkkila_DJI_0008_frame118.jpg,labels/Karkkila/karkkila_DJI_0008_frame118.txt,location,3840,2160,True,1
Karkkila,karkkila_DJI_0008_frame119,images/Karkkila/karkkila_DJI_0008_frame119.jpg,labels/Karkkila/karkkila_DJI_0008_frame119.txt,location,3840,2160,True,1
Karkkila,karkkila_DJI_0008_frame12,images/Karkkila/karkkila_DJI_0008_frame12.jpg,labels/Karkkila/karkkila_DJI_0008_frame12.txt,location,3840,2160,True,1
Karkkila,karkkila_DJI_0008_frame120,images/Karkkila/karkkila_DJI_0008_frame120.jpg,labels/Karkkila/karkkila_DJI_0008_frame120.txt,location,3840,2160,True,1
Karkkila,karkkila_DJI_0008_frame121,images/Karkkila/karkkila_DJI_0008_frame121.jpg,labels/Karkkila/karkkila_DJI_0008_frame121.txt,location,3840,2160,True,1
Karkkila,karkkila_DJI_0008_frame122,images/Karkkila/karkkila_DJI_0008_frame122.jpg,labels/Karkkila/karkkila_DJI_0008_frame122.txt,location,3840,2160,True,1
Karkkila,karkkila_DJI_0008_frame123,images/Karkkila/karkkila_DJI_0008_frame123.jpg,labels/Karkkila/karkkila_DJI_0008_frame123.txt,location,3840,2160,True,1
Karkkila,karkkila_DJI_0008_frame124,images/Karkkila/karkkila_DJI_0008_frame124.jpg,labels/Karkkila/karkkila_DJI_0008_frame124.txt,location,3840,2160,True,1
Karkkila,karkkila_DJI_0008_frame125,images/Karkkila/karkkila_DJI_0008_frame125.jpg,labels/Karkkila/karkkila_DJI_0008_frame125.txt,location,3840,2160,True,1
Karkkila,karkkila_DJI_0008_frame126,images/Karkkila/karkkila_DJI_0008_frame126.jpg,labels/Karkkila/karkkila_DJI_0008_frame126.txt,location,3840,2160,True,1
Karkkila,karkkila_DJI_0008_frame127,images/Karkkila/karkkila_DJI_0008_frame127.jpg,labels/Karkkila/karkkila_DJI_0008_frame127.txt,location,3840,2160,True,1
Karkkila,karkkila_DJI_0008_frame128,images/Karkkila/karkkila_DJI_0008_frame128.jpg,labels/Karkkila/karkkila_DJI_0008_frame128.txt,location,3840,2160,True,1
Karkkila,karkkila_DJI_0008_frame129,images/Karkkila/karkkila_DJI_0008_frame129.jpg,labels/Karkkila/karkkila_DJI_0008_frame129.txt,location,3840,2160,True,1
Karkkila,karkkila_DJI_0008_frame13,images/Karkkila/karkkila_DJI_0008_frame13.jpg,labels/Karkkila/karkkila_DJI_0008_frame13.txt,location,3840,2160,True,1
Karkkila,karkkila_DJI_0008_frame130,images/Karkkila/karkkila_DJI_0008_frame130.jpg,labels/Karkkila/karkkila_DJI_0008_frame130.txt,location,3840,2160,True,1
Karkkila,karkkila_DJI_0008_frame131,images/Karkkila/karkkila_DJI_0008_frame131.jpg,labels/Karkkila/karkkila_DJI_0008_frame131.txt,location,3840,2160,True,1
Karkkila,karkkila_DJI_0008_frame132,images/Karkkila/karkkila_DJI_0008_frame132.jpg,labels/Karkkila/karkkila_DJI_0008_frame132.txt,location,3840,2160,True,1
Karkkila,karkkila_DJI_0008_frame133,images/Karkkila/karkkila_DJI_0008_frame133.jpg,labels/Karkkila/karkkila_DJI_0008_frame133.txt,location,3840,2160,True,1
Karkkila,karkkila_DJI_0008_frame134,images/Karkkila/karkkila_DJI_0008_frame134.jpg,labels/Karkkila/karkkila_DJI_0008_frame134.txt,location,3840,2160,True,1
Karkkila,karkkila_DJI_0008_frame135,images/Karkkila/karkkila_DJI_0008_frame135.jpg,labels/Karkkila/karkkila_DJI_0008_frame135.txt,location,3840,2160,True,1
Karkkila,karkkila_DJI_0008_frame136,images/Karkkila/karkkila_DJI_0008_frame136.jpg,labels/Karkkila/karkkila_DJI_0008_frame136.txt,location,3840,2160,True,1
Karkkila,karkkila_DJI_0008_frame137,images/Karkkila/karkkila_DJI_0008_frame137.jpg,labels/Karkkila/karkkila_DJI_0008_frame137.txt,location,3840,2160,True,1
Karkkila,karkkila_DJI_0008_frame138,images/Karkkila/karkkila_DJI_0008_frame138.jpg,labels/Karkkila/karkkila_DJI_0008_frame138.txt,location,3840,2160,True,1
Karkkila,karkkila_DJI_0008_frame139,images/Karkkila/karkkila_DJI_0008_frame139.jpg,labels/Karkkila/karkkila_DJI_0008_frame139.txt,location,3840,2160,True,1
Karkkila,karkkila_DJI_0008_frame14,images/Karkkila/karkkila_DJI_0008_frame14.jpg,labels/Karkkila/karkkila_DJI_0008_frame14.txt,location,3840,2160,True,1
Karkkila,karkkila_DJI_0008_frame140,images/Karkkila/karkkila_DJI_0008_frame140.jpg,labels/Karkkila/karkkila_DJI_0008_frame140.txt,location,3840,2160,True,1
Karkkila,karkkila_DJI_0008_frame141,images/Karkkila/karkkila_DJI_0008_frame141.jpg,labels/Karkkila/karkkila_DJI_0008_frame141.txt,location,3840,2160,True,1
Karkkila,karkkila_DJI_0008_frame142,images/Karkkila/karkkila_DJI_0008_frame142.jpg,labels/Karkkila/karkkila_DJI_0008_frame142.txt,location,3840,2160,True,1
Karkkila,karkkila_DJI_0008_frame143,images/Karkkila/karkkila_DJI_0008_frame143.jpg,labels/Karkkila/karkkila_DJI_0008_frame143.txt,location,3840,2160,True,1
Karkkila,karkkila_DJI_0008_frame144,images/Karkkila/karkkila_DJI_0008_frame144.jpg,labels/Karkkila/karkkila_DJI_0008_frame144.txt,location,3840,2160,True,1
Karkkila,karkkila_DJI_0008_frame145,images/Karkkila/karkkila_DJI_0008_frame145.jpg,labels/Karkkila/karkkila_DJI_0008_frame145.txt,location,3840,2160,True,1
Karkkila,karkkila_DJI_0008_frame146,images/Karkkila/karkkila_DJI_0008_frame146.jpg,labels/Karkkila/karkkila_DJI_0008_frame146.txt,location,3840,2160,True,1
Karkkila,karkkila_DJI_0008_frame147,images/Karkkila/karkkila_DJI_0008_frame147.jpg,labels/Karkkila/karkkila_DJI_0008_frame147.txt,location,3840,2160,True,1
Karkkila,karkkila_DJI_0008_frame148,images/Karkkila/karkkila_DJI_0008_frame148.jpg,labels/Karkkila/karkkila_DJI_0008_frame148.txt,location,3840,2160,True,1
Karkkila,karkkila_DJI_0008_frame149,images/Karkkila/karkkila_DJI_0008_frame149.jpg,labels/Karkkila/karkkila_DJI_0008_frame149.txt,location,3840,2160,True,1
Karkkila,karkkila_DJI_0008_frame15,images/Karkkila/karkkila_DJI_0008_frame15.jpg,labels/Karkkila/karkkila_DJI_0008_frame15.txt,location,3840,2160,True,1
Karkkila,karkkila_DJI_0008_frame150,images/Karkkila/karkkila_DJI_0008_frame150.jpg,labels/Karkkila/karkkila_DJI_0008_frame150.txt,location,3840,2160,True,1
Karkkila,karkkila_DJI_0008_frame151,images/Karkkila/karkkila_DJI_0008_frame151.jpg,labels/Karkkila/karkkila_DJI_0008_frame151.txt,location,3840,2160,True,1
Karkkila,karkkila_DJI_0008_frame152,images/Karkkila/karkkila_DJI_0008_frame152.jpg,labels/Karkkila/karkkila_DJI_0008_frame152.txt,location,3840,2160,True,1
Karkkila,karkkila_DJI_0008_frame153,images/Karkkila/karkkila_DJI_0008_frame153.jpg,labels/Karkkila/karkkila_DJI_0008_frame153.txt,location,3840,2160,True,1
Karkkila,karkkila_DJI_0008_frame154,images/Karkkila/karkkila_DJI_0008_frame154.jpg,labels/Karkkila/karkkila_DJI_0008_frame154.txt,location,3840,2160,True,1
Karkkila,karkkila_DJI_0008_frame155,images/Karkkila/karkkila_DJI_0008_frame155.jpg,labels/Karkkila/karkkila_DJI_0008_frame155.txt,location,3840,2160,True,1
Karkkila,karkkila_DJI_0008_frame156,images/Karkkila/karkkila_DJI_0008_frame156.jpg,labels/Karkkila/karkkila_DJI_0008_frame156.txt,location,3840,2160,True,1
Karkkila,karkkila_DJI_0008_frame157,images/Karkkila/karkkila_DJI_0008_frame157.jpg,labels/Karkkila/karkkila_DJI_0008_frame157.txt,location,3840,2160,True,1
Karkkila,karkkila_DJI_0008_frame158,images/Karkkila/karkkila_DJI_0008_frame158.jpg,labels/Karkkila/karkkila_DJI_0008_frame158.txt,location,3840,2160,True,1
Karkkila,karkkila_DJI_0008_frame159,images/Karkkila/karkkila_DJI_0008_frame159.jpg,labels/Karkkila/karkkila_DJI_0008_frame159.txt,location,3840,2160,True,1
Karkkila,karkkila_DJI_0008_frame16,images/Karkkila/karkkila_DJI_0008_frame16.jpg,labels/Karkkila/karkkila_DJI_0008_frame16.txt,location,3840,2160,True,1
Karkkila,karkkila_DJI_0008_frame160,images/Karkkila/karkkila_DJI_0008_frame160.jpg,labels/Karkkila/karkkila_DJI_0008_frame160.txt,location,3840,2160,True,1
Karkkila,karkkila_DJI_0008_frame161,images/Karkkila/karkkila_DJI_0008_frame161.jpg,labels/Karkkila/karkkila_DJI_0008_frame161.txt,location,3840,2160,True,1
Karkkila,karkkila_DJI_0008_frame162,images/Karkkila/karkkila_DJI_0008_frame162.jpg,labels/Karkkila/karkkila_DJI_0008_frame162.txt,location,3840,2160,True,1
Karkkila,karkkila_DJI_0008_frame163,images/Karkkila/karkkila_DJI_0008_frame163.jpg,labels/Karkkila/karkkila_DJI_0008_frame163.txt,location,3840,2160,True,1
Karkkila,karkkila_DJI_0008_frame164,images/Karkkila/karkkila_DJI_0008_frame164.jpg,labels/Karkkila/karkkila_DJI_0008_frame164.txt,location,3840,2160,True,1
Karkkila,karkkila_DJI_0008_frame165,images/Karkkila/karkkila_DJI_0008_frame165.jpg,labels/Karkkila/karkkila_DJI_0008_frame165.txt,location,3840,2160,True,1
Karkkila,karkkila_DJI_0008_frame166,images/Karkkila/karkkila_DJI_0008_frame166.jpg,labels/Karkkila/karkkila_DJI_0008_frame166.txt,location,3840,2160,True,1
Karkkila,karkkila_DJI_0008_frame167,images/Karkkila/karkkila_DJI_0008_frame167.jpg,labels/Karkkila/karkkila_DJI_0008_frame167.txt,location,3840,2160,True,1
Karkkila,karkkila_DJI_0008_frame168,images/Karkkila/karkkila_DJI_0008_frame168.jpg,labels/Karkkila/karkkila_DJI_0008_frame168.txt,location,3840,2160,True,1
Karkkila,karkkila_DJI_0008_frame169,images/Karkkila/karkkila_DJI_0008_frame169.jpg,labels/Karkkila/karkkila_DJI_0008_frame169.txt,location,3840,2160,True,1
Karkkila,karkkila_DJI_0008_frame17,images/Karkkila/karkkila_DJI_0008_frame17.jpg,labels/Karkkila/karkkila_DJI_0008_frame17.txt,location,3840,2160,True,1
Karkkila,karkkila_DJI_0008_frame170,images/Karkkila/karkkila_DJI_0008_frame170.jpg,labels/Karkkila/karkkila_DJI_0008_frame170.txt,location,3840,2160,True,1
Karkkila,karkkila_DJI_0008_frame18,images/Karkkila/karkkila_DJI_0008_frame18.jpg,labels/Karkkila/karkkila_DJI_0008_frame18.txt,location,3840,2160,True,1
Karkkila,karkkila_DJI_0008_frame19,images/Karkkila/karkkila_DJI_0008_frame19.jpg,labels/Karkkila/karkkila_DJI_0008_frame19.txt,location,3840,2160,True,1
Karkkila,karkkila_DJI_0008_frame2,images/Karkkila/karkkila_DJI_0008_frame2.jpg,labels/Karkkila/karkkila_DJI_0008_frame2.txt,location,3840,2160,True,1
Karkkila,karkkila_DJI_0008_frame20,images/Karkkila/karkkila_DJI_0008_frame20.jpg,labels/Karkkila/karkkila_DJI_0008_frame20.txt,location,3840,2160,True,1
Karkkila,karkkila_DJI_0008_frame21,images/Karkkila/karkkila_DJI_0008_frame21.jpg,labels/Karkkila/karkkila_DJI_0008_frame21.txt,location,3840,2160,True,1
Karkkila,karkkila_DJI_0008_frame22,images/Karkkila/karkkila_DJI_0008_frame22.jpg,labels/Karkkila/karkkila_DJI_0008_frame22.txt,location,3840,2160,True,1
Karkkila,karkkila_DJI_0008_frame23,images/Karkkila/karkkila_DJI_0008_frame23.jpg,labels/Karkkila/karkkila_DJI_0008_frame23.txt,location,3840,2160,True,1
Karkkila,karkkila_DJI_0008_frame24,images/Karkkila/karkkila_DJI_0008_frame24.jpg,labels/Karkkila/karkkila_DJI_0008_frame24.txt,location,3840,2160,True,1
Karkkila,karkkila_DJI_0008_frame25,images/Karkkila/karkkila_DJI_0008_frame25.jpg,labels/Karkkila/karkkila_DJI_0008_frame25.txt,location,3840,2160,True,1
Karkkila,karkkila_DJI_0008_frame26,images/Karkkila/karkkila_DJI_0008_frame26.jpg,labels/Karkkila/karkkila_DJI_0008_frame26.txt,location,3840,2160,True,1
Karkkila,karkkila_DJI_0008_frame27,images/Karkkila/karkkila_DJI_0008_frame27.jpg,labels/Karkkila/karkkila_DJI_0008_frame27.txt,location,3840,2160,True,1
Karkkila,karkkila_DJI_0008_frame28,images/Karkkila/karkkila_DJI_0008_frame28.jpg,labels/Karkkila/karkkila_DJI_0008_frame28.txt,location,3840,2160,True,1
Karkkila,karkkila_DJI_0008_frame29,images/Karkkila/karkkila_DJI_0008_frame29.jpg,labels/Karkkila/karkkila_DJI_0008_frame29.txt,location,3840,2160,True,1
Karkkila,karkkila_DJI_0008_frame3,images/Karkkila/karkkila_DJI_0008_frame3.jpg,labels/Karkkila/karkkila_DJI_0008_frame3.txt,location,3840,2160,True,1
Karkkila,karkkila_DJI_0008_frame30,images/Karkkila/karkkila_DJI_0008_frame30.jpg,labels/Karkkila/karkkila_DJI_0008_frame30.txt,location,3840,2160,True,1
Karkkila,karkkila_DJI_0008_frame31,images/Karkkila/karkkila_DJI_0008_frame31.jpg,labels/Karkkila/karkkila_DJI_0008_frame31.txt,location,3840,2160,True,1
Karkkila,karkkila_DJI_0008_frame32,images/Karkkila/karkkila_DJI_0008_frame32.jpg,labels/Karkkila/karkkila_DJI_0008_frame32.txt,location,3840,2160,True,1
Karkkila,karkkila_DJI_0008_frame33,images/Karkkila/karkkila_DJI_0008_frame33.jpg,labels/Karkkila/karkkila_DJI_0008_frame33.txt,location,3840,2160,True,1
Karkkila,karkkila_DJI_0008_frame34,images/Karkkila/karkkila_DJI_0008_frame34.jpg,labels/Karkkila/karkkila_DJI_0008_frame34.txt,location,3840,2160,True,1
Karkkila,karkkila_DJI_0008_frame35,images/Karkkila/karkkila_DJI_0008_frame35.jpg,labels/Karkkila/karkkila_DJI_0008_frame35.txt,location,3840,2160,True,1
Karkkila,karkkila_DJI_0008_frame36,images/Karkkila/karkkila_DJI_0008_frame36.jpg,labels/Karkkila/karkkila_DJI_0008_frame36.txt,location,3840,2160,True,1
Karkkila,karkkila_DJI_0008_frame37,images/Karkkila/karkkila_DJI_0008_frame37.jpg,labels/Karkkila/karkkila_DJI_0008_frame37.txt,location,3840,2160,True,1
Karkkila,karkkila_DJI_0008_frame38,images/Karkkila/karkkila_DJI_0008_frame38.jpg,labels/Karkkila/karkkila_DJI_0008_frame38.txt,location,3840,2160,True,1
Karkkila,karkkila_DJI_0008_frame39,images/Karkkila/karkkila_DJI_0008_frame39.jpg,labels/Karkkila/karkkila_DJI_0008_frame39.txt,location,3840,2160,True,1
Karkkila,karkkila_DJI_0008_frame4,images/Karkkila/karkkila_DJI_0008_frame4.jpg,labels/Karkkila/karkkila_DJI_0008_frame4.txt,location,3840,2160,True,1
Karkkila,karkkila_DJI_0008_frame40,images/Karkkila/karkkila_DJI_0008_frame40.jpg,labels/Karkkila/karkkila_DJI_0008_frame40.txt,location,3840,2160,True,1
Karkkila,karkkila_DJI_0008_frame41,images/Karkkila/karkkila_DJI_0008_frame41.jpg,labels/Karkkila/karkkila_DJI_0008_frame41.txt,location,3840,2160,True,1
Karkkila,karkkila_DJI_0008_frame42,images/Karkkila/karkkila_DJI_0008_frame42.jpg,labels/Karkkila/karkkila_DJI_0008_frame42.txt,location,3840,2160,True,1
Karkkila,karkkila_DJI_0008_frame43,images/Karkkila/karkkila_DJI_0008_frame43.jpg,labels/Karkkila/karkkila_DJI_0008_frame43.txt,location,3840,2160,True,1
Karkkila,karkkila_DJI_0008_frame44,images/Karkkila/karkkila_DJI_0008_frame44.jpg,labels/Karkkila/karkkila_DJI_0008_frame44.txt,location,3840,2160,True,1
Karkkila,karkkila_DJI_0008_frame45,images/Karkkila/karkkila_DJI_0008_frame45.jpg,labels/Karkkila/karkkila_DJI_0008_frame45.txt,location,3840,2160,True,1
Karkkila,karkkila_DJI_0008_frame46,images/Karkkila/karkkila_DJI_0008_frame46.jpg,labels/Karkkila/karkkila_DJI_0008_frame46.txt,location,3840,2160,True,1
Karkkila,karkkila_DJI_0008_frame47,images/Karkkila/karkkila_DJI_0008_frame47.jpg,labels/Karkkila/karkkila_DJI_0008_frame47.txt,location,3840,2160,True,1
Karkkila,karkkila_DJI_0008_frame48,images/Karkkila/karkkila_DJI_0008_frame48.jpg,labels/Karkkila/karkkila_DJI_0008_frame48.txt,location,3840,2160,True,1
Karkkila,karkkila_DJI_0008_frame49,images/Karkkila/karkkila_DJI_0008_frame49.jpg,labels/Karkkila/karkkila_DJI_0008_frame49.txt,location,3840,2160,True,1
Karkkila,karkkila_DJI_0008_frame5,images/Karkkila/karkkila_DJI_0008_frame5.jpg,labels/Karkkila/karkkila_DJI_0008_frame5.txt,location,3840,2160,True,1
Karkkila,karkkila_DJI_0008_frame50,images/Karkkila/karkkila_DJI_0008_frame50.jpg,labels/Karkkila/karkkila_DJI_0008_frame50.txt,location,3840,2160,True,1
Karkkila,karkkila_DJI_0008_frame51,images/Karkkila/karkkila_DJI_0008_frame51.jpg,labels/Karkkila/karkkila_DJI_0008_frame51.txt,location,3840,2160,True,1
Karkkila,karkkila_DJI_0008_frame52,images/Karkkila/karkkila_DJI_0008_frame52.jpg,labels/Karkkila/karkkila_DJI_0008_frame52.txt,location,3840,2160,True,1
Karkkila,karkkila_DJI_0008_frame53,images/Karkkila/karkkila_DJI_0008_frame53.jpg,labels/Karkkila/karkkila_DJI_0008_frame53.txt,location,3840,2160,True,1
Karkkila,karkkila_DJI_0008_frame54,images/Karkkila/karkkila_DJI_0008_frame54.jpg,labels/Karkkila/karkkila_DJI_0008_frame54.txt,location,3840,2160,True,1
Karkkila,karkkila_DJI_0008_frame55,images/Karkkila/karkkila_DJI_0008_frame55.jpg,labels/Karkkila/karkkila_DJI_0008_frame55.txt,location,3840,2160,True,1
Karkkila,karkkila_DJI_0008_frame56,images/Karkkila/karkkila_DJI_0008_frame56.jpg,labels/Karkkila/karkkila_DJI_0008_frame56.txt,location,3840,2160,True,1
Karkkila,karkkila_DJI_0008_frame57,images/Karkkila/karkkila_DJI_0008_frame57.jpg,labels/Karkkila/karkkila_DJI_0008_frame57.txt,location,3840,2160,True,1
Karkkila,karkkila_DJI_0008_frame58,images/Karkkila/karkkila_DJI_0008_frame58.jpg,labels/Karkkila/karkkila_DJI_0008_frame58.txt,location,3840,2160,True,1
Karkkila,karkkila_DJI_0008_frame59,images/Karkkila/karkkila_DJI_0008_frame59.jpg,labels/Karkkila/karkkila_DJI_0008_frame59.txt,location,3840,2160,True,1
Karkkila,karkkila_DJI_0008_frame6,images/Karkkila/karkkila_DJI_0008_frame6.jpg,labels/Karkkila/karkkila_DJI_0008_frame6.txt,location,3840,2160,True,1
Karkkila,karkkila_DJI_0008_frame60,images/Karkkila/karkkila_DJI_0008_frame60.jpg,labels/Karkkila/karkkila_DJI_0008_frame60.txt,location,3840,2160,True,1
Karkkila,karkkila_DJI_0008_frame61,images/Karkkila/karkkila_DJI_0008_frame61.jpg,labels/Karkkila/karkkila_DJI_0008_frame61.txt,location,3840,2160,True,1
Karkkila,karkkila_DJI_0008_frame62,images/Karkkila/karkkila_DJI_0008_frame62.jpg,labels/Karkkila/karkkila_DJI_0008_frame62.txt,location,3840,2160,True,1
Karkkila,karkkila_DJI_0008_frame63,images/Karkkila/karkkila_DJI_0008_frame63.jpg,labels/Karkkila/karkkila_DJI_0008_frame63.txt,location,3840,2160,True,1
Karkkila,karkkila_DJI_0008_frame64,images/Karkkila/karkkila_DJI_0008_frame64.jpg,labels/Karkkila/karkkila_DJI_0008_frame64.txt,location,3840,2160,True,1
Karkkila,karkkila_DJI_0008_frame65,images/Karkkila/karkkila_DJI_0008_frame65.jpg,labels/Karkkila/karkkila_DJI_0008_frame65.txt,location,3840,2160,True,1
Karkkila,karkkila_DJI_0008_frame66,images/Karkkila/karkkila_DJI_0008_frame66.jpg,labels/Karkkila/karkkila_DJI_0008_frame66.txt,location,3840,2160,True,1
Karkkila,karkkila_DJI_0008_frame67,images/Karkkila/karkkila_DJI_0008_frame67.jpg,labels/Karkkila/karkkila_DJI_0008_frame67.txt,location,3840,2160,True,1
Karkkila,karkkila_DJI_0008_frame68,images/Karkkila/karkkila_DJI_0008_frame68.jpg,labels/Karkkila/karkkila_DJI_0008_frame68.txt,location,3840,2160,True,1
Karkkila,karkkila_DJI_0008_frame69,images/Karkkila/karkkila_DJI_0008_frame69.jpg,labels/Karkkila/karkkila_DJI_0008_frame69.txt,location,3840,2160,True,1
Karkkila,karkkila_DJI_0008_frame7,images/Karkkila/karkkila_DJI_0008_frame7.jpg,labels/Karkkila/karkkila_DJI_0008_frame7.txt,location,3840,2160,True,1
Karkkila,karkkila_DJI_0008_frame70,images/Karkkila/karkkila_DJI_0008_frame70.jpg,labels/Karkkila/karkkila_DJI_0008_frame70.txt,location,3840,2160,True,1
Karkkila,karkkila_DJI_0008_frame71,images/Karkkila/karkkila_DJI_0008_frame71.jpg,labels/Karkkila/karkkila_DJI_0008_frame71.txt,location,3840,2160,True,1
Karkkila,karkkila_DJI_0008_frame72,images/Karkkila/karkkila_DJI_0008_frame72.jpg,labels/Karkkila/karkkila_DJI_0008_frame72.txt,location,3840,2160,True,1
Karkkila,karkkila_DJI_0008_frame73,images/Karkkila/karkkila_DJI_0008_frame73.jpg,labels/Karkkila/karkkila_DJI_0008_frame73.txt,location,3840,2160,True,1
Karkkila,karkkila_DJI_0008_frame74,images/Karkkila/karkkila_DJI_0008_frame74.jpg,labels/Karkkila/karkkila_DJI_0008_frame74.txt,location,3840,2160,True,1
Karkkila,karkkila_DJI_0008_frame75,images/Karkkila/karkkila_DJI_0008_frame75.jpg,labels/Karkkila/karkkila_DJI_0008_frame75.txt,location,3840,2160,True,1
Karkkila,karkkila_DJI_0008_frame76,images/Karkkila/karkkila_DJI_0008_frame76.jpg,labels/Karkkila/karkkila_DJI_0008_frame76.txt,location,3840,2160,True,1
Karkkila,karkkila_DJI_0008_frame77,images/Karkkila/karkkila_DJI_0008_frame77.jpg,labels/Karkkila/karkkila_DJI_0008_frame77.txt,location,3840,2160,True,1
Karkkila,karkkila_DJI_0008_frame78,images/Karkkila/karkkila_DJI_0008_frame78.jpg,labels/Karkkila/karkkila_DJI_0008_frame78.txt,location,3840,2160,True,1
Karkkila,karkkila_DJI_0008_frame79,images/Karkkila/karkkila_DJI_0008_frame79.jpg,labels/Karkkila/karkkila_DJI_0008_frame79.txt,location,3840,2160,True,1
Karkkila,karkkila_DJI_0008_frame8,images/Karkkila/karkkila_DJI_0008_frame8.jpg,labels/Karkkila/karkkila_DJI_0008_frame8.txt,location,3840,2160,True,1
Karkkila,karkkila_DJI_0008_frame80,images/Karkkila/karkkila_DJI_0008_frame80.jpg,labels/Karkkila/karkkila_DJI_0008_frame80.txt,location,3840,2160,True,1
Karkkila,karkkila_DJI_0008_frame81,images/Karkkila/karkkila_DJI_0008_frame81.jpg,labels/Karkkila/karkkila_DJI_0008_frame81.txt,location,3840,2160,True,1
Karkkila,karkkila_DJI_0008_frame82,images/Karkkila/karkkila_DJI_0008_frame82.jpg,labels/Karkkila/karkkila_DJI_0008_frame82.txt,location,3840,2160,True,1
Karkkila,karkkila_DJI_0008_frame83,images/Karkkila/karkkila_DJI_0008_frame83.jpg,labels/Karkkila/karkkila_DJI_0008_frame83.txt,location,3840,2160,True,1
Karkkila,karkkila_DJI_0008_frame84,images/Karkkila/karkkila_DJI_0008_frame84.jpg,labels/Karkkila/karkkila_DJI_0008_frame84.txt,location,3840,2160,True,1
Karkkila,karkkila_DJI_0008_frame85,images/Karkkila/karkkila_DJI_0008_frame85.jpg,labels/Karkkila/karkkila_DJI_0008_frame85.txt,location,3840,2160,True,1
Karkkila,karkkila_DJI_0008_frame86,images/Karkkila/karkkila_DJI_0008_frame86.jpg,labels/Karkkila/karkkila_DJI_0008_frame86.txt,location,3840,2160,True,1
Karkkila,karkkila_DJI_0008_frame87,images/Karkkila/karkkila_DJI_0008_frame87.jpg,labels/Karkkila/karkkila_DJI_0008_frame87.txt,location,3840,2160,True,1
Karkkila,karkkila_DJI_0008_frame88,images/Karkkila/karkkila_DJI_0008_frame88.jpg,labels/Karkkila/karkkila_DJI_0008_frame88.txt,location,3840,2160,True,1
Karkkila,karkkila_DJI_0008_frame89,images/Karkkila/karkkila_DJI_0008_frame89.jpg,labels/Karkkila/karkkila_DJI_0008_frame89.txt,location,3840,2160,True,1
Karkkila,karkkila_DJI_0008_frame9,images/Karkkila/karkkila_DJI_0008_frame9.jpg,labels/Karkkila/karkkila_DJI_0008_frame9.txt,location,3840,2160,True,1
Karkkila,karkkila_DJI_0008_frame90,images/Karkkila/karkkila_DJI_0008_frame90.jpg,labels/Karkkila/karkkila_DJI_0008_frame90.txt,location,3840,2160,True,1
Karkkila,karkkila_DJI_0008_frame91,images/Karkkila/karkkila_DJI_0008_frame91.jpg,labels/Karkkila/karkkila_DJI_0008_frame91.txt,location,3840,2160,True,1
Karkkila,karkkila_DJI_0008_frame92,images/Karkkila/karkkila_DJI_0008_frame92.jpg,labels/Karkkila/karkkila_DJI_0008_frame92.txt,location,3840,2160,True,1
Karkkila,karkkila_DJI_0008_frame93,images/Karkkila/karkkila_DJI_0008_frame93.jpg,labels/Karkkila/karkkila_DJI_0008_frame93.txt,location,3840,2160,True,1
Karkkila,karkkila_DJI_0008_frame94,images/Karkkila/karkkila_DJI_0008_frame94.jpg,labels/Karkkila/karkkila_DJI_0008_frame94.txt,location,3840,2160,True,1
Karkkila,karkkila_DJI_0008_frame95,images/Karkkila/karkkila_DJI_0008_frame95.jpg,labels/Karkkila/karkkila_DJI_0008_frame95.txt,location,3840,2160,True,1
Karkkila,karkkila_DJI_0008_frame96,images/Karkkila/karkkila_DJI_0008_frame96.jpg,labels/Karkkila/karkkila_DJI_0008_frame96.txt,location,3840,2160,True,1
Karkkila,karkkila_DJI_0008_frame97,images/Karkkila/karkkila_DJI_0008_frame97.jpg,labels/Karkkila/karkkila_DJI_0008_frame97.txt,location,3840,2160,True,1
Karkkila,karkkila_DJI_0008_frame98,images/Karkkila/karkkila_DJI_0008_frame98.jpg,labels/Karkkila/karkkila_DJI_0008_frame98.txt,location,3840,2160,True,1
Karkkila,karkkila_DJI_0008_frame99,images/Karkkila/karkkila_DJI_0008_frame99.jpg,labels/Karkkila/karkkila_DJI_0008_frame99.txt,location,3840,2160,True,1
Karkkila,karkkila_DJI_0010_frame0,images/Karkkila/karkkila_DJI_0010_frame0.jpg,labels/Karkkila/karkkila_DJI_0010_frame0.txt,location,3840,2160,True,1
Karkkila,karkkila_DJI_0010_frame1,images/Karkkila/karkkila_DJI_0010_frame1.jpg,labels/Karkkila/karkkila_DJI_0010_frame1.txt,location,3840,2160,True,1
Karkkila,karkkila_DJI_0010_frame10,images/Karkkila/karkkila_DJI_0010_frame10.jpg,labels/Karkkila/karkkila_DJI_0010_frame10.txt,location,3840,2160,True,1
Karkkila,karkkila_DJI_0010_frame11,images/Karkkila/karkkila_DJI_0010_frame11.jpg,labels/Karkkila/karkkila_DJI_0010_frame11.txt,location,3840,2160,True,1
Karkkila,karkkila_DJI_0010_frame12,images/Karkkila/karkkila_DJI_0010_frame12.jpg,labels/Karkkila/karkkila_DJI_0010_frame12.txt,location,3840,2160,True,1
Karkkila,karkkila_DJI_0010_frame13,images/Karkkila/karkkila_DJI_0010_frame13.jpg,labels/Karkkila/karkkila_DJI_0010_frame13.txt,location,3840,2160,True,1
Karkkila,karkkila_DJI_0010_frame14,images/Karkkila/karkkila_DJI_0010_frame14.jpg,labels/Karkkila/karkkila_DJI_0010_frame14.txt,location,3840,2160,True,1
Karkkila,karkkila_DJI_0010_frame15,images/Karkkila/karkkila_DJI_0010_frame15.jpg,labels/Karkkila/karkkila_DJI_0010_frame15.txt,location,3840,2160,True,1
Karkkila,karkkila_DJI_0010_frame16,images/Karkkila/karkkila_DJI_0010_frame16.jpg,labels/Karkkila/karkkila_DJI_0010_frame16.txt,location,3840,2160,True,1
Karkkila,karkkila_DJI_0010_frame17,images/Karkkila/karkkila_DJI_0010_frame17.jpg,labels/Karkkila/karkkila_DJI_0010_frame17.txt,location,3840,2160,True,1
Karkkila,karkkila_DJI_0010_frame18,images/Karkkila/karkkila_DJI_0010_frame18.jpg,labels/Karkkila/karkkila_DJI_0010_frame18.txt,location,3840,2160,True,1
Karkkila,karkkila_DJI_0010_frame19,images/Karkkila/karkkila_DJI_0010_frame19.jpg,labels/Karkkila/karkkila_DJI_0010_frame19.txt,location,3840,2160,True,1
Karkkila,karkkila_DJI_0010_frame2,images/Karkkila/karkkila_DJI_0010_frame2.jpg,labels/Karkkila/karkkila_DJI_0010_frame2.txt,location,3840,2160,True,1
Karkkila,karkkila_DJI_0010_frame20,images/Karkkila/karkkila_DJI_0010_frame20.jpg,labels/Karkkila/karkkila_DJI_0010_frame20.txt,location,3840,2160,True,1
Karkkila,karkkila_DJI_0010_frame21,images/Karkkila/karkkila_DJI_0010_frame21.jpg,labels/Karkkila/karkkila_DJI_0010_frame21.txt,location,3840,2160,True,1
Karkkila,karkkila_DJI_0010_frame22,images/Karkkila/karkkila_DJI_0010_frame22.jpg,labels/Karkkila/karkkila_DJI_0010_frame22.txt,location,3840,2160,True,1
Karkkila,karkkila_DJI_0010_frame23,images/Karkkila/karkkila_DJI_0010_frame23.jpg,labels/Karkkila/karkkila_DJI_0010_frame23.txt,location,3840,2160,True,1
Karkkila,karkkila_DJI_0010_frame24,images/Karkkila/karkkila_DJI_0010_frame24.jpg,labels/Karkkila/karkkila_DJI_0010_frame24.txt,location,3840,2160,True,1
Karkkila,karkkila_DJI_0010_frame25,images/Karkkila/karkkila_DJI_0010_frame25.jpg,labels/Karkkila/karkkila_DJI_0010_frame25.txt,location,3840,2160,True,1
Karkkila,karkkila_DJI_0010_frame26,images/Karkkila/karkkila_DJI_0010_frame26.jpg,labels/Karkkila/karkkila_DJI_0010_frame26.txt,location,3840,2160,True,1
Karkkila,karkkila_DJI_0010_frame27,images/Karkkila/karkkila_DJI_0010_frame27.jpg,labels/Karkkila/karkkila_DJI_0010_frame27.txt,location,3840,2160,True,1
Karkkila,karkkila_DJI_0010_frame28,images/Karkkila/karkkila_DJI_0010_frame28.jpg,labels/Karkkila/karkkila_DJI_0010_frame28.txt,location,3840,2160,True,1
Karkkila,karkkila_DJI_0010_frame29,images/Karkkila/karkkila_DJI_0010_frame29.jpg,labels/Karkkila/karkkila_DJI_0010_frame29.txt,location,3840,2160,True,1
Karkkila,karkkila_DJI_0010_frame3,images/Karkkila/karkkila_DJI_0010_frame3.jpg,labels/Karkkila/karkkila_DJI_0010_frame3.txt,location,3840,2160,True,1
Karkkila,karkkila_DJI_0010_frame30,images/Karkkila/karkkila_DJI_0010_frame30.jpg,labels/Karkkila/karkkila_DJI_0010_frame30.txt,location,3840,2160,True,1
Karkkila,karkkila_DJI_0010_frame31,images/Karkkila/karkkila_DJI_0010_frame31.jpg,labels/Karkkila/karkkila_DJI_0010_frame31.txt,location,3840,2160,True,1
Karkkila,karkkila_DJI_0010_frame32,images/Karkkila/karkkila_DJI_0010_frame32.jpg,labels/Karkkila/karkkila_DJI_0010_frame32.txt,location,3840,2160,True,1
Karkkila,karkkila_DJI_0010_frame33,images/Karkkila/karkkila_DJI_0010_frame33.jpg,labels/Karkkila/karkkila_DJI_0010_frame33.txt,location,3840,2160,True,1
Karkkila,karkkila_DJI_0010_frame34,images/Karkkila/karkkila_DJI_0010_frame34.jpg,labels/Karkkila/karkkila_DJI_0010_frame34.txt,location,3840,2160,True,1
Karkkila,karkkila_DJI_0010_frame35,images/Karkkila/karkkila_DJI_0010_frame35.jpg,labels/Karkkila/karkkila_DJI_0010_frame35.txt,location,3840,2160,True,1
Karkkila,karkkila_DJI_0010_frame36,images/Karkkila/karkkila_DJI_0010_frame36.jpg,labels/Karkkila/karkkila_DJI_0010_frame36.txt,location,3840,2160,True,1
Karkkila,karkkila_DJI_0010_frame37,images/Karkkila/karkkila_DJI_0010_frame37.jpg,labels/Karkkila/karkkila_DJI_0010_frame37.txt,location,3840,2160,True,1
Karkkila,karkkila_DJI_0010_frame38,images/Karkkila/karkkila_DJI_0010_frame38.jpg,labels/Karkkila/karkkila_DJI_0010_frame38.txt,location,3840,2160,True,1
Karkkila,karkkila_DJI_0010_frame39,images/Karkkila/karkkila_DJI_0010_frame39.jpg,labels/Karkkila/karkkila_DJI_0010_frame39.txt,location,3840,2160,True,1
Karkkila,karkkila_DJI_0010_frame4,images/Karkkila/karkkila_DJI_0010_frame4.jpg,labels/Karkkila/karkkila_DJI_0010_frame4.txt,location,3840,2160,True,1
Karkkila,karkkila_DJI_0010_frame40,images/Karkkila/karkkila_DJI_0010_frame40.jpg,labels/Karkkila/karkkila_DJI_0010_frame40.txt,location,3840,2160,True,1
Karkkila,karkkila_DJI_0010_frame41,images/Karkkila/karkkila_DJI_0010_frame41.jpg,labels/Karkkila/karkkila_DJI_0010_frame41.txt,location,3840,2160,True,1
Karkkila,karkkila_DJI_0010_frame42,images/Karkkila/karkkila_DJI_0010_frame42.jpg,labels/Karkkila/karkkila_DJI_0010_frame42.txt,location,3840,2160,True,1
Karkkila,karkkila_DJI_0010_frame43,images/Karkkila/karkkila_DJI_0010_frame43.jpg,labels/Karkkila/karkkila_DJI_0010_frame43.txt,location,3840,2160,True,1
Karkkila,karkkila_DJI_0010_frame44,images/Karkkila/karkkila_DJI_0010_frame44.jpg,labels/Karkkila/karkkila_DJI_0010_frame44.txt,location,3840,2160,True,1
Karkkila,karkkila_DJI_0010_frame45,images/Karkkila/karkkila_DJI_0010_frame45.jpg,labels/Karkkila/karkkila_DJI_0010_frame45.txt,location,3840,2160,True,1
Karkkila,karkkila_DJI_0010_frame46,images/Karkkila/karkkila_DJI_0010_frame46.jpg,labels/Karkkila/karkkila_DJI_0010_frame46.txt,location,3840,2160,True,1
Karkkila,karkkila_DJI_0010_frame47,images/Karkkila/karkkila_DJI_0010_frame47.jpg,labels/Karkkila/karkkila_DJI_0010_frame47.txt,location,3840,2160,True,1
Karkkila,karkkila_DJI_0010_frame48,images/Karkkila/karkkila_DJI_0010_frame48.jpg,labels/Karkkila/karkkila_DJI_0010_frame48.txt,location,3840,2160,True,1
Karkkila,karkkila_DJI_0010_frame49,images/Karkkila/karkkila_DJI_0010_frame49.jpg,labels/Karkkila/karkkila_DJI_0010_frame49.txt,location,3840,2160,True,1
Karkkila,karkkila_DJI_0010_frame5,images/Karkkila/karkkila_DJI_0010_frame5.jpg,labels/Karkkila/karkkila_DJI_0010_frame5.txt,location,3840,2160,True,1
Karkkila,karkkila_DJI_0010_frame50,images/Karkkila/karkkila_DJI_0010_frame50.jpg,labels/Karkkila/karkkila_DJI_0010_frame50.txt,location,3840,2160,True,1
Karkkila,karkkila_DJI_0010_frame51,images/Karkkila/karkkila_DJI_0010_frame51.jpg,labels/Karkkila/karkkila_DJI_0010_frame51.txt,location,3840,2160,True,1
Karkkila,karkkila_DJI_0010_frame52,images/Karkkila/karkkila_DJI_0010_frame52.jpg,labels/Karkkila/karkkila_DJI_0010_frame52.txt,location,3840,2160,True,1
Karkkila,karkkila_DJI_0010_frame53,images/Karkkila/karkkila_DJI_0010_frame53.jpg,labels/Karkkila/karkkila_DJI_0010_frame53.txt,location,3840,2160,True,1
Karkkila,karkkila_DJI_0010_frame54,images/Karkkila/karkkila_DJI_0010_frame54.jpg,labels/Karkkila/karkkila_DJI_0010_frame54.txt,location,3840,2160,True,1
Karkkila,karkkila_DJI_0010_frame55,images/Karkkila/karkkila_DJI_0010_frame55.jpg,labels/Karkkila/karkkila_DJI_0010_frame55.txt,location,3840,2160,True,1
Karkkila,karkkila_DJI_0010_frame56,images/Karkkila/karkkila_DJI_0010_frame56.jpg,labels/Karkkila/karkkila_DJI_0010_frame56.txt,location,3840,2160,True,1
Karkkila,karkkila_DJI_0010_frame57,images/Karkkila/karkkila_DJI_0010_frame57.jpg,labels/Karkkila/karkkila_DJI_0010_frame57.txt,location,3840,2160,True,1
Karkkila,karkkila_DJI_0010_frame6,images/Karkkila/karkkila_DJI_0010_frame6.jpg,labels/Karkkila/karkkila_DJI_0010_frame6.txt,location,3840,2160,True,1
Karkkila,karkkila_DJI_0010_frame7,images/Karkkila/karkkila_DJI_0010_frame7.jpg,labels/Karkkila/karkkila_DJI_0010_frame7.txt,location,3840,2160,True,1
Karkkila,karkkila_DJI_0010_frame8,images/Karkkila/karkkila_DJI_0010_frame8.jpg,labels/Karkkila/karkkila_DJI_0010_frame8.txt,location,3840,2160,True,1
Karkkila,karkkila_DJI_0010_frame9,images/Karkkila/karkkila_DJI_0010_frame9.jpg,labels/Karkkila/karkkila_DJI_0010_frame9.txt,location,3840,2160,True,1
Karkkila,karkkila_DJI_0020_frame100,images/Karkkila/karkkila_DJI_0020_frame100.jpg,labels/Karkkila/karkkila_DJI_0020_frame100.txt,location,3840,2160,True,1
Karkkila,karkkila_DJI_0020_frame101,images/Karkkila/karkkila_DJI_0020_frame101.jpg,labels/Karkkila/karkkila_DJI_0020_frame101.txt,location,3840,2160,True,1
Karkkila,karkkila_DJI_0020_frame102,images/Karkkila/karkkila_DJI_0020_frame102.jpg,labels/Karkkila/karkkila_DJI_0020_frame102.txt,location,3840,2160,True,1
Karkkila,karkkila_DJI_0020_frame103,images/Karkkila/karkkila_DJI_0020_frame103.jpg,labels/Karkkila/karkkila_DJI_0020_frame103.txt,location,3840,2160,True,1
Karkkila,karkkila_DJI_0020_frame104,images/Karkkila/karkkila_DJI_0020_frame104.jpg,labels/Karkkila/karkkila_DJI_0020_frame104.txt,location,3840,2160,True,1
Karkkila,karkkila_DJI_0020_frame105,images/Karkkila/karkkila_DJI_0020_frame105.jpg,labels/Karkkila/karkkila_DJI_0020_frame105.txt,location,3840,2160,True,1
Karkkila,karkkila_DJI_0020_frame106,images/Karkkila/karkkila_DJI_0020_frame106.jpg,labels/Karkkila/karkkila_DJI_0020_frame106.txt,location,3840,2160,True,1
Karkkila,karkkila_DJI_0020_frame107,images/Karkkila/karkkila_DJI_0020_frame107.jpg,labels/Karkkila/karkkila_DJI_0020_frame107.txt,location,3840,2160,True,1
Karkkila,karkkila_DJI_0020_frame108,images/Karkkila/karkkila_DJI_0020_frame108.jpg,labels/Karkkila/karkkila_DJI_0020_frame108.txt,location,3840,2160,True,1
Karkkila,karkkila_DJI_0020_frame109,images/Karkkila/karkkila_DJI_0020_frame109.jpg,labels/Karkkila/karkkila_DJI_0020_frame109.txt,location,3840,2160,True,1
Karkkila,karkkila_DJI_0020_frame110,images/Karkkila/karkkila_DJI_0020_frame110.jpg,labels/Karkkila/karkkila_DJI_0020_frame110.txt,location,3840,2160,True,1
Karkkila,karkkila_DJI_0020_frame111,images/Karkkila/karkkila_DJI_0020_frame111.jpg,labels/Karkkila/karkkila_DJI_0020_frame111.txt,location,3840,2160,True,1
Karkkila,karkkila_DJI_0020_frame112,images/Karkkila/karkkila_DJI_0020_frame112.jpg,labels/Karkkila/karkkila_DJI_0020_frame112.txt,location,3840,2160,True,1
Karkkila,karkkila_DJI_0020_frame113,images/Karkkila/karkkila_DJI_0020_frame113.jpg,labels/Karkkila/karkkila_DJI_0020_frame113.txt,location,3840,2160,True,7
Karkkila,karkkila_DJI_0020_frame114,images/Karkkila/karkkila_DJI_0020_frame114.jpg,labels/Karkkila/karkkila_DJI_0020_frame114.txt,location,3840,2160,True,1
Karkkila,karkkila_DJI_0020_frame115,images/Karkkila/karkkila_DJI_0020_frame115.jpg,labels/Karkkila/karkkila_DJI_0020_frame115.txt,location,3840,2160,True,1
Karkkila,karkkila_DJI_0020_frame116,images/Karkkila/karkkila_DJI_0020_frame116.jpg,labels/Karkkila/karkkila_DJI_0020_frame116.txt,location,3840,2160,True,1
Karkkila,karkkila_DJI_0020_frame117,images/Karkkila/karkkila_DJI_0020_frame117.jpg,labels/Karkkila/karkkila_DJI_0020_frame117.txt,location,3840,2160,True,1
Karkkila,karkkila_DJI_0020_frame118,images/Karkkila/karkkila_DJI_0020_frame118.jpg,labels/Karkkila/karkkila_DJI_0020_frame118.txt,location,3840,2160,True,1
Karkkila,karkkila_DJI_0020_frame119,images/Karkkila/karkkila_DJI_0020_frame119.jpg,labels/Karkkila/karkkila_DJI_0020_frame119.txt,location,3840,2160,True,1
Karkkila,karkkila_DJI_0020_frame120,images/Karkkila/karkkila_DJI_0020_frame120.jpg,labels/Karkkila/karkkila_DJI_0020_frame120.txt,location,3840,2160,True,1
Karkkila,karkkila_DJI_0020_frame121,images/Karkkila/karkkila_DJI_0020_frame121.jpg,labels/Karkkila/karkkila_DJI_0020_frame121.txt,location,3840,2160,True,1
Karkkila,karkkila_DJI_0020_frame122,images/Karkkila/karkkila_DJI_0020_frame122.jpg,labels/Karkkila/karkkila_DJI_0020_frame122.txt,location,3840,2160,True,1
Karkkila,karkkila_DJI_0020_frame123,images/Karkkila/karkkila_DJI_0020_frame123.jpg,labels/Karkkila/karkkila_DJI_0020_frame123.txt,location,3840,2160,True,1
Karkkila,karkkila_DJI_0020_frame124,images/Karkkila/karkkila_DJI_0020_frame124.jpg,labels/Karkkila/karkkila_DJI_0020_frame124.txt,location,3840,2160,True,1
Karkkila,karkkila_DJI_0020_frame125,images/Karkkila/karkkila_DJI_0020_frame125.jpg,labels/Karkkila/karkkila_DJI_0020_frame125.txt,location,3840,2160,True,1
Karkkila,karkkila_DJI_0020_frame126,images/Karkkila/karkkila_DJI_0020_frame126.jpg,labels/Karkkila/karkkila_DJI_0020_frame126.txt,location,3840,2160,True,1
Karkkila,karkkila_DJI_0020_frame127,images/Karkkila/karkkila_DJI_0020_frame127.jpg,labels/Karkkila/karkkila_DJI_0020_frame127.txt,location,3840,2160,True,1
Karkkila,karkkila_DJI_0020_frame128,images/Karkkila/karkkila_DJI_0020_frame128.jpg,labels/Karkkila/karkkila_DJI_0020_frame128.txt,location,3840,2160,True,1
Karkkila,karkkila_DJI_0020_frame129,images/Karkkila/karkkila_DJI_0020_frame129.jpg,labels/Karkkila/karkkila_DJI_0020_frame129.txt,location,3840,2160,True,1
Karkkila,karkkila_DJI_0020_frame130,images/Karkkila/karkkila_DJI_0020_frame130.jpg,labels/Karkkila/karkkila_DJI_0020_frame130.txt,location,3840,2160,True,1
Karkkila,karkkila_DJI_0020_frame131,images/Karkkila/karkkila_DJI_0020_frame131.jpg,labels/Karkkila/karkkila_DJI_0020_frame131.txt,location,3840,2160,True,1
Karkkila,karkkila_DJI_0020_frame132,images/Karkkila/karkkila_DJI_0020_frame132.jpg,labels/Karkkila/karkkila_DJI_0020_frame132.txt,location,3840,2160,True,1
Karkkila,karkkila_DJI_0020_frame133,images/Karkkila/karkkila_DJI_0020_frame133.jpg,labels/Karkkila/karkkila_DJI_0020_frame133.txt,location,3840,2160,True,1
Karkkila,karkkila_DJI_0020_frame134,images/Karkkila/karkkila_DJI_0020_frame134.jpg,labels/Karkkila/karkkila_DJI_0020_frame134.txt,location,3840,2160,True,1
Karkkila,karkkila_DJI_0020_frame135,images/Karkkila/karkkila_DJI_0020_frame135.jpg,labels/Karkkila/karkkila_DJI_0020_frame135.txt,location,3840,2160,True,1
Karkkila,karkkila_DJI_0020_frame136,images/Karkkila/karkkila_DJI_0020_frame136.jpg,labels/Karkkila/karkkila_DJI_0020_frame136.txt,location,3840,2160,True,1
Karkkila,karkkila_DJI_0020_frame137,images/Karkkila/karkkila_DJI_0020_frame137.jpg,labels/Karkkila/karkkila_DJI_0020_frame137.txt,location,3840,2160,True,1
Karkkila,karkkila_DJI_0020_frame138,images/Karkkila/karkkila_DJI_0020_frame138.jpg,labels/Karkkila/karkkila_DJI_0020_frame138.txt,location,3840,2160,True,1
Karkkila,karkkila_DJI_0020_frame139,images/Karkkila/karkkila_DJI_0020_frame139.jpg,labels/Karkkila/karkkila_DJI_0020_frame139.txt,location,3840,2160,True,1
Karkkila,karkkila_DJI_0020_frame140,images/Karkkila/karkkila_DJI_0020_frame140.jpg,labels/Karkkila/karkkila_DJI_0020_frame140.txt,location,3840,2160,True,1
Karkkila,karkkila_DJI_0020_frame141,images/Karkkila/karkkila_DJI_0020_frame141.jpg,labels/Karkkila/karkkila_DJI_0020_frame141.txt,location,3840,2160,True,1
Karkkila,karkkila_DJI_0020_frame142,images/Karkkila/karkkila_DJI_0020_frame142.jpg,labels/Karkkila/karkkila_DJI_0020_frame142.txt,location,3840,2160,True,1
Karkkila,karkkila_DJI_0020_frame143,images/Karkkila/karkkila_DJI_0020_frame143.jpg,labels/Karkkila/karkkila_DJI_0020_frame143.txt,location,3840,2160,True,1
Karkkila,karkkila_DJI_0020_frame144,images/Karkkila/karkkila_DJI_0020_frame144.jpg,labels/Karkkila/karkkila_DJI_0020_frame144.txt,location,3840,2160,True,1
Karkkila,karkkila_DJI_0020_frame145,images/Karkkila/karkkila_DJI_0020_frame145.jpg,labels/Karkkila/karkkila_DJI_0020_frame145.txt,location,3840,2160,True,1
Karkkila,karkkila_DJI_0020_frame146,images/Karkkila/karkkila_DJI_0020_frame146.jpg,labels/Karkkila/karkkila_DJI_0020_frame146.txt,location,3840,2160,True,1
Karkkila,karkkila_DJI_0020_frame147,images/Karkkila/karkkila_DJI_0020_frame147.jpg,labels/Karkkila/karkkila_DJI_0020_frame147.txt,location,3840,2160,True,1
Karkkila,karkkila_DJI_0020_frame148,images/Karkkila/karkkila_DJI_0020_frame148.jpg,labels/Karkkila/karkkila_DJI_0020_frame148.txt,location,3840,2160,True,1
Karkkila,karkkila_DJI_0020_frame149,images/Karkkila/karkkila_DJI_0020_frame149.jpg,labels/Karkkila/karkkila_DJI_0020_frame149.txt,location,3840,2160,True,1
Karkkila,karkkila_DJI_0020_frame150,images/Karkkila/karkkila_DJI_0020_frame150.jpg,labels/Karkkila/karkkila_DJI_0020_frame150.txt,location,3840,2160,True,1
Karkkila,karkkila_DJI_0020_frame151,images/Karkkila/karkkila_DJI_0020_frame151.jpg,labels/Karkkila/karkkila_DJI_0020_frame151.txt,location,3840,2160,True,1
Karkkila,karkkila_DJI_0020_frame152,images/Karkkila/karkkila_DJI_0020_frame152.jpg,labels/Karkkila/karkkila_DJI_0020_frame152.txt,location,3840,2160,True,1
Karkkila,karkkila_DJI_0020_frame153,images/Karkkila/karkkila_DJI_0020_frame153.jpg,labels/Karkkila/karkkila_DJI_0020_frame153.txt,location,3840,2160,True,1
Karkkila,karkkila_DJI_0020_frame154,images/Karkkila/karkkila_DJI_0020_frame154.jpg,labels/Karkkila/karkkila_DJI_0020_frame154.txt,location,3840,2160,True,1
Karkkila,karkkila_DJI_0020_frame155,images/Karkkila/karkkila_DJI_0020_frame155.jpg,labels/Karkkila/karkkila_DJI_0020_frame155.txt,location,3840,2160,True,1
Karkkila,karkkila_DJI_0020_frame156,images/Karkkila/karkkila_DJI_0020_frame156.jpg,labels/Karkkila/karkkila_DJI_0020_frame156.txt,location,3840,2160,True,1
Karkkila,karkkila_DJI_0020_frame157,images/Karkkila/karkkila_DJI_0020_frame157.jpg,labels/Karkkila/karkkila_DJI_0020_frame157.txt,location,3840,2160,True,1
Karkkila,karkkila_DJI_0020_frame158,images/Karkkila/karkkila_DJI_0020_frame158.jpg,labels/Karkkila/karkkila_DJI_0020_frame158.txt,location,3840,2160,True,1
Karkkila,karkkila_DJI_0020_frame159,images/Karkkila/karkkila_DJI_0020_frame159.jpg,labels/Karkkila/karkkila_DJI_0020_frame159.txt,location,3840,2160,True,1
Karkkila,karkkila_DJI_0020_frame160,images/Karkkila/karkkila_DJI_0020_frame160.jpg,labels/Karkkila/karkkila_DJI_0020_frame160.txt,location,3840,2160,True,1
Karkkila,karkkila_DJI_0020_frame161,images/Karkkila/karkkila_DJI_0020_frame161.jpg,labels/Karkkila/karkkila_DJI_0020_frame161.txt,location,3840,2160,True,1
Karkkila,karkkila_DJI_0020_frame162,images/Karkkila/karkkila_DJI_0020_frame162.jpg,labels/Karkkila/karkkila_DJI_0020_frame162.txt,location,3840,2160,True,1
Karkkila,karkkila_DJI_0020_frame163,images/Karkkila/karkkila_DJI_0020_frame163.jpg,labels/Karkkila/karkkila_DJI_0020_frame163.txt,location,3840,2160,True,1
Karkkila,karkkila_DJI_0020_frame30,images/Karkkila/karkkila_DJI_0020_frame30.jpg,labels/Karkkila/karkkila_DJI_0020_frame30.txt,location,3840,2160,True,1
Karkkila,karkkila_DJI_0020_frame31,images/Karkkila/karkkila_DJI_0020_frame31.jpg,labels/Karkkila/karkkila_DJI_0020_frame31.txt,location,3840,2160,True,1
Karkkila,karkkila_DJI_0020_frame32,images/Karkkila/karkkila_DJI_0020_frame32.jpg,labels/Karkkila/karkkila_DJI_0020_frame32.txt,location,3840,2160,True,1
Karkkila,karkkila_DJI_0020_frame33,images/Karkkila/karkkila_DJI_0020_frame33.jpg,labels/Karkkila/karkkila_DJI_0020_frame33.txt,location,3840,2160,True,1
Karkkila,karkkila_DJI_0020_frame34,images/Karkkila/karkkila_DJI_0020_frame34.jpg,labels/Karkkila/karkkila_DJI_0020_frame34.txt,location,3840,2160,True,1
Karkkila,karkkila_DJI_0020_frame35,images/Karkkila/karkkila_DJI_0020_frame35.jpg,labels/Karkkila/karkkila_DJI_0020_frame35.txt,location,3840,2160,True,1
Karkkila,karkkila_DJI_0020_frame36,images/Karkkila/karkkila_DJI_0020_frame36.jpg,labels/Karkkila/karkkila_DJI_0020_frame36.txt,location,3840,2160,True,1
Karkkila,karkkila_DJI_0020_frame37,images/Karkkila/karkkila_DJI_0020_frame37.jpg,labels/Karkkila/karkkila_DJI_0020_frame37.txt,location,3840,2160,True,1
Karkkila,karkkila_DJI_0020_frame38,images/Karkkila/karkkila_DJI_0020_frame38.jpg,labels/Karkkila/karkkila_DJI_0020_frame38.txt,location,3840,2160,True,1
Karkkila,karkkila_DJI_0020_frame39,images/Karkkila/karkkila_DJI_0020_frame39.jpg,labels/Karkkila/karkkila_DJI_0020_frame39.txt,location,3840,2160,True,1
Karkkila,karkkila_DJI_0020_frame40,images/Karkkila/karkkila_DJI_0020_frame40.jpg,labels/Karkkila/karkkila_DJI_0020_frame40.txt,location,3840,2160,True,1
Karkkila,karkkila_DJI_0020_frame41,images/Karkkila/karkkila_DJI_0020_frame41.jpg,labels/Karkkila/karkkila_DJI_0020_frame41.txt,location,3840,2160,True,1
Karkkila,karkkila_DJI_0020_frame42,images/Karkkila/karkkila_DJI_0020_frame42.jpg,labels/Karkkila/karkkila_DJI_0020_frame42.txt,location,3840,2160,True,1
Karkkila,karkkila_DJI_0020_frame43,images/Karkkila/karkkila_DJI_0020_frame43.jpg,labels/Karkkila/karkkila_DJI_0020_frame43.txt,location,3840,2160,True,1
Karkkila,karkkila_DJI_0020_frame44,images/Karkkila/karkkila_DJI_0020_frame44.jpg,labels/Karkkila/karkkila_DJI_0020_frame44.txt,location,3840,2160,True,1
Karkkila,karkkila_DJI_0020_frame45,images/Karkkila/karkkila_DJI_0020_frame45.jpg,labels/Karkkila/karkkila_DJI_0020_frame45.txt,location,3840,2160,True,1
Karkkila,karkkila_DJI_0020_frame46,images/Karkkila/karkkila_DJI_0020_frame46.jpg,labels/Karkkila/karkkila_DJI_0020_frame46.txt,location,3840,2160,True,1
Karkkila,karkkila_DJI_0020_frame47,images/Karkkila/karkkila_DJI_0020_frame47.jpg,labels/Karkkila/karkkila_DJI_0020_frame47.txt,location,3840,2160,True,1
Karkkila,karkkila_DJI_0020_frame48,images/Karkkila/karkkila_DJI_0020_frame48.jpg,labels/Karkkila/karkkila_DJI_0020_frame48.txt,location,3840,2160,True,1
Karkkila,karkkila_DJI_0020_frame49,images/Karkkila/karkkila_DJI_0020_frame49.jpg,labels/Karkkila/karkkila_DJI_0020_frame49.txt,location,3840,2160,True,1
Karkkila,karkkila_DJI_0020_frame50,images/Karkkila/karkkila_DJI_0020_frame50.jpg,labels/Karkkila/karkkila_DJI_0020_frame50.txt,location,3840,2160,True,1
Karkkila,karkkila_DJI_0020_frame51,images/Karkkila/karkkila_DJI_0020_frame51.jpg,labels/Karkkila/karkkila_DJI_0020_frame51.txt,location,3840,2160,True,1
Karkkila,karkkila_DJI_0020_frame52,images/Karkkila/karkkila_DJI_0020_frame52.jpg,labels/Karkkila/karkkila_DJI_0020_frame52.txt,location,3840,2160,True,1
Karkkila,karkkila_DJI_0020_frame53,images/Karkkila/karkkila_DJI_0020_frame53.jpg,labels/Karkkila/karkkila_DJI_0020_frame53.txt,location,3840,2160,True,1
Karkkila,karkkila_DJI_0020_frame54,images/Karkkila/karkkila_DJI_0020_frame54.jpg,labels/Karkkila/karkkila_DJI_0020_frame54.txt,location,3840,2160,True,1
Karkkila,karkkila_DJI_0020_frame55,images/Karkkila/karkkila_DJI_0020_frame55.jpg,labels/Karkkila/karkkila_DJI_0020_frame55.txt,location,3840,2160,True,1
Karkkila,karkkila_DJI_0020_frame56,images/Karkkila/karkkila_DJI_0020_frame56.jpg,labels/Karkkila/karkkila_DJI_0020_frame56.txt,location,3840,2160,True,1
Karkkila,karkkila_DJI_0020_frame57,images/Karkkila/karkkila_DJI_0020_frame57.jpg,labels/Karkkila/karkkila_DJI_0020_frame57.txt,location,3840,2160,True,1
Karkkila,karkkila_DJI_0020_frame58,images/Karkkila/karkkila_DJI_0020_frame58.jpg,labels/Karkkila/karkkila_DJI_0020_frame58.txt,location,3840,2160,True,1
Karkkila,karkkila_DJI_0020_frame59,images/Karkkila/karkkila_DJI_0020_frame59.jpg,labels/Karkkila/karkkila_DJI_0020_frame59.txt,location,3840,2160,True,1
Karkkila,karkkila_DJI_0020_frame60,images/Karkkila/karkkila_DJI_0020_frame60.jpg,labels/Karkkila/karkkila_DJI_0020_frame60.txt,location,3840,2160,True,1
Karkkila,karkkila_DJI_0020_frame61,images/Karkkila/karkkila_DJI_0020_frame61.jpg,labels/Karkkila/karkkila_DJI_0020_frame61.txt,location,3840,2160,True,1
Karkkila,karkkila_DJI_0020_frame62,images/Karkkila/karkkila_DJI_0020_frame62.jpg,labels/Karkkila/karkkila_DJI_0020_frame62.txt,location,3840,2160,True,1
Karkkila,karkkila_DJI_0020_frame63,images/Karkkila/karkkila_DJI_0020_frame63.jpg,labels/Karkkila/karkkila_DJI_0020_frame63.txt,location,3840,2160,True,1
Karkkila,karkkila_DJI_0020_frame64,images/Karkkila/karkkila_DJI_0020_frame64.jpg,labels/Karkkila/karkkila_DJI_0020_frame64.txt,location,3840,2160,True,1
Karkkila,karkkila_DJI_0020_frame65,images/Karkkila/karkkila_DJI_0020_frame65.jpg,labels/Karkkila/karkkila_DJI_0020_frame65.txt,location,3840,2160,True,1
Karkkila,karkkila_DJI_0020_frame66,images/Karkkila/karkkila_DJI_0020_frame66.jpg,labels/Karkkila/karkkila_DJI_0020_frame66.txt,location,3840,2160,True,1
Karkkila,karkkila_DJI_0020_frame67,images/Karkkila/karkkila_DJI_0020_frame67.jpg,labels/Karkkila/karkkila_DJI_0020_frame67.txt,location,3840,2160,True,1
Karkkila,karkkila_DJI_0020_frame68,images/Karkkila/karkkila_DJI_0020_frame68.jpg,labels/Karkkila/karkkila_DJI_0020_frame68.txt,location,3840,2160,True,1
Karkkila,karkkila_DJI_0020_frame69,images/Karkkila/karkkila_DJI_0020_frame69.jpg,labels/Karkkila/karkkila_DJI_0020_frame69.txt,location,3840,2160,True,1
Karkkila,karkkila_DJI_0020_frame70,images/Karkkila/karkkila_DJI_0020_frame70.jpg,labels/Karkkila/karkkila_DJI_0020_frame70.txt,location,3840,2160,True,1
Karkkila,karkkila_DJI_0020_frame71,images/Karkkila/karkkila_DJI_0020_frame71.jpg,labels/Karkkila/karkkila_DJI_0020_frame71.txt,location,3840,2160,True,1
Karkkila,karkkila_DJI_0020_frame72,images/Karkkila/karkkila_DJI_0020_frame72.jpg,labels/Karkkila/karkkila_DJI_0020_frame72.txt,location,3840,2160,True,1
Karkkila,karkkila_DJI_0020_frame73,images/Karkkila/karkkila_DJI_0020_frame73.jpg,labels/Karkkila/karkkila_DJI_0020_frame73.txt,location,3840,2160,True,1
Karkkila,karkkila_DJI_0020_frame74,images/Karkkila/karkkila_DJI_0020_frame74.jpg,labels/Karkkila/karkkila_DJI_0020_frame74.txt,location,3840,2160,True,1
Karkkila,karkkila_DJI_0020_frame75,images/Karkkila/karkkila_DJI_0020_frame75.jpg,labels/Karkkila/karkkila_DJI_0020_frame75.txt,location,3840,2160,True,1
Karkkila,karkkila_DJI_0020_frame76,images/Karkkila/karkkila_DJI_0020_frame76.jpg,labels/Karkkila/karkkila_DJI_0020_frame76.txt,location,3840,2160,True,1
Karkkila,karkkila_DJI_0020_frame77,images/Karkkila/karkkila_DJI_0020_frame77.jpg,labels/Karkkila/karkkila_DJI_0020_frame77.txt,location,3840,2160,True,1
Karkkila,karkkila_DJI_0020_frame78,images/Karkkila/karkkila_DJI_0020_frame78.jpg,labels/Karkkila/karkkila_DJI_0020_frame78.txt,location,3840,2160,True,1
Karkkila,karkkila_DJI_0020_frame79,images/Karkkila/karkkila_DJI_0020_frame79.jpg,labels/Karkkila/karkkila_DJI_0020_frame79.txt,location,3840,2160,True,1
Karkkila,karkkila_DJI_0020_frame80,images/Karkkila/karkkila_DJI_0020_frame80.jpg,labels/Karkkila/karkkila_DJI_0020_frame80.txt,location,3840,2160,True,1
Karkkila,karkkila_DJI_0020_frame81,images/Karkkila/karkkila_DJI_0020_frame81.jpg,labels/Karkkila/karkkila_DJI_0020_frame81.txt,location,3840,2160,True,1
Karkkila,karkkila_DJI_0020_frame82,images/Karkkila/karkkila_DJI_0020_frame82.jpg,labels/Karkkila/karkkila_DJI_0020_frame82.txt,location,3840,2160,True,1
Karkkila,karkkila_DJI_0020_frame83,images/Karkkila/karkkila_DJI_0020_frame83.jpg,labels/Karkkila/karkkila_DJI_0020_frame83.txt,location,3840,2160,True,1
Karkkila,karkkila_DJI_0020_frame84,images/Karkkila/karkkila_DJI_0020_frame84.jpg,labels/Karkkila/karkkila_DJI_0020_frame84.txt,location,3840,2160,True,1
Karkkila,karkkila_DJI_0020_frame85,images/Karkkila/karkkila_DJI_0020_frame85.jpg,labels/Karkkila/karkkila_DJI_0020_frame85.txt,location,3840,2160,True,1
Karkkila,karkkila_DJI_0020_frame86,images/Karkkila/karkkila_DJI_0020_frame86.jpg,labels/Karkkila/karkkila_DJI_0020_frame86.txt,location,3840,2160,True,1
Karkkila,karkkila_DJI_0020_frame87,images/Karkkila/karkkila_DJI_0020_frame87.jpg,labels/Karkkila/karkkila_DJI_0020_frame87.txt,location,3840,2160,True,1
Karkkila,karkkila_DJI_0020_frame88,images/Karkkila/karkkila_DJI_0020_frame88.jpg,labels/Karkkila/karkkila_DJI_0020_frame88.txt,location,3840,2160,True,1
Karkkila,karkkila_DJI_0020_frame89,images/Karkkila/karkkila_DJI_0020_frame89.jpg,labels/Karkkila/karkkila_DJI_0020_frame89.txt,location,3840,2160,True,1
Karkkila,karkkila_DJI_0020_frame90,images/Karkkila/karkkila_DJI_0020_frame90.jpg,labels/Karkkila/karkkila_DJI_0020_frame90.txt,location,3840,2160,True,1
Karkkila,karkkila_DJI_0020_frame91,images/Karkkila/karkkila_DJI_0020_frame91.jpg,labels/Karkkila/karkkila_DJI_0020_frame91.txt,location,3840,2160,True,1
Karkkila,karkkila_DJI_0020_frame92,images/Karkkila/karkkila_DJI_0020_frame92.jpg,labels/Karkkila/karkkila_DJI_0020_frame92.txt,location,3840,2160,True,1
Karkkila,karkkila_DJI_0020_frame93,images/Karkkila/karkkila_DJI_0020_frame93.jpg,labels/Karkkila/karkkila_DJI_0020_frame93.txt,location,3840,2160,True,1
Karkkila,karkkila_DJI_0020_frame94,images/Karkkila/karkkila_DJI_0020_frame94.jpg,labels/Karkkila/karkkila_DJI_0020_frame94.txt,location,3840,2160,True,1
Karkkila,karkkila_DJI_0020_frame95,images/Karkkila/karkkila_DJI_0020_frame95.jpg,labels/Karkkila/karkkila_DJI_0020_frame95.txt,location,3840,2160,True,1
Karkkila,karkkila_DJI_0020_frame96,images/Karkkila/karkkila_DJI_0020_frame96.jpg,labels/Karkkila/karkkila_DJI_0020_frame96.txt,location,3840,2160,True,1
Karkkila,karkkila_DJI_0020_frame97,images/Karkkila/karkkila_DJI_0020_frame97.jpg,labels/Karkkila/karkkila_DJI_0020_frame97.txt,location,3840,2160,True,1
Karkkila,karkkila_DJI_0020_frame98,images/Karkkila/karkkila_DJI_0020_frame98.jpg,labels/Karkkila/karkkila_DJI_0020_frame98.txt,location,3840,2160,True,1
Karkkila,karkkila_DJI_0020_frame99,images/Karkkila/karkkila_DJI_0020_frame99.jpg,labels/Karkkila/karkkila_DJI_0020_frame99.txt,location,3840,2160,True,1
Ruokolahti,ruokolahti_DJI_0080_frame0,images/Ruokolahti/ruokolahti_DJI_0080_frame0.jpg,labels/Ruokolahti/ruokolahti_DJI_0080_frame0.txt,location,4096,2160,True,1
Ruokolahti,ruokolahti_DJI_0080_frame1,images/Ruokolahti/ruokolahti_DJI_0080_frame1.jpg,labels/Ruokolahti/ruokolahti_DJI_0080_frame1.txt,location,4096,2160,True,1
Ruokolahti,ruokolahti_DJI_0080_frame10,images/Ruokolahti/ruokolahti_DJI_0080_frame10.jpg,labels/Ruokolahti/ruokolahti_DJI_0080_frame10.txt,location,4096,2160,True,1
Ruokolahti,ruokolahti_DJI_0080_frame100,images/Ruokolahti/ruokolahti_DJI_0080_frame100.jpg,labels/Ruokolahti/ruokolahti_DJI_0080_frame100.txt,location,4096,2160,True,1
Ruokolahti,ruokolahti_DJI_0080_frame101,images/Ruokolahti/ruokolahti_DJI_0080_frame101.jpg,labels/Ruokolahti/ruokolahti_DJI_0080_frame101.txt,location,4096,2160,True,1
Ruokolahti,ruokolahti_DJI_0080_frame102,images/Ruokolahti/ruokolahti_DJI_0080_frame102.jpg,labels/Ruokolahti/ruokolahti_DJI_0080_frame102.txt,location,4096,2160,True,1
Ruokolahti,ruokolahti_DJI_0080_frame103,images/Ruokolahti/ruokolahti_DJI_0080_frame103.jpg,labels/Ruokolahti/ruokolahti_DJI_0080_frame103.txt,location,4096,2160,True,1
Ruokolahti,ruokolahti_DJI_0080_frame104,images/Ruokolahti/ruokolahti_DJI_0080_frame104.jpg,labels/Ruokolahti/ruokolahti_DJI_0080_frame104.txt,location,4096,2160,True,1
Ruokolahti,ruokolahti_DJI_0080_frame105,images/Ruokolahti/ruokolahti_DJI_0080_frame105.jpg,labels/Ruokolahti/ruokolahti_DJI_0080_frame105.txt,location,4096,2160,True,1
Ruokolahti,ruokolahti_DJI_0080_frame106,images/Ruokolahti/ruokolahti_DJI_0080_frame106.jpg,labels/Ruokolahti/ruokolahti_DJI_0080_frame106.txt,location,4096,2160,True,1
Ruokolahti,ruokolahti_DJI_0080_frame107,images/Ruokolahti/ruokolahti_DJI_0080_frame107.jpg,labels/Ruokolahti/ruokolahti_DJI_0080_frame107.txt,location,4096,2160,True,1
Ruokolahti,ruokolahti_DJI_0080_frame108,images/Ruokolahti/ruokolahti_DJI_0080_frame108.jpg,labels/Ruokolahti/ruokolahti_DJI_0080_frame108.txt,location,4096,2160,True,1
Ruokolahti,ruokolahti_DJI_0080_frame109,images/Ruokolahti/ruokolahti_DJI_0080_frame109.jpg,labels/Ruokolahti/ruokolahti_DJI_0080_frame109.txt,location,4096,2160,True,1
Ruokolahti,ruokolahti_DJI_0080_frame11,images/Ruokolahti/ruokolahti_DJI_0080_frame11.jpg,labels/Ruokolahti/ruokolahti_DJI_0080_frame11.txt,location,4096,2160,True,1
Ruokolahti,ruokolahti_DJI_0080_frame110,images/Ruokolahti/ruokolahti_DJI_0080_frame110.jpg,labels/Ruokolahti/ruokolahti_DJI_0080_frame110.txt,location,4096,2160,True,1
Ruokolahti,ruokolahti_DJI_0080_frame111,images/Ruokolahti/ruokolahti_DJI_0080_frame111.jpg,labels/Ruokolahti/ruokolahti_DJI_0080_frame111.txt,location,4096,2160,True,1
Ruokolahti,ruokolahti_DJI_0080_frame112,images/Ruokolahti/ruokolahti_DJI_0080_frame112.jpg,labels/Ruokolahti/ruokolahti_DJI_0080_frame112.txt,location,4096,2160,True,1
Ruokolahti,ruokolahti_DJI_0080_frame113,images/Ruokolahti/ruokolahti_DJI_0080_frame113.jpg,labels/Ruokolahti/ruokolahti_DJI_0080_frame113.txt,location,4096,2160,True,1
Ruokolahti,ruokolahti_DJI_0080_frame114,images/Ruokolahti/ruokolahti_DJI_0080_frame114.jpg,labels/Ruokolahti/ruokolahti_DJI_0080_frame114.txt,location,4096,2160,True,1
Ruokolahti,ruokolahti_DJI_0080_frame115,images/Ruokolahti/ruokolahti_DJI_0080_frame115.jpg,labels/Ruokolahti/ruokolahti_DJI_0080_frame115.txt,location,4096,2160,True,1
Ruokolahti,ruokolahti_DJI_0080_frame116,images/Ruokolahti/ruokolahti_DJI_0080_frame116.jpg,labels/Ruokolahti/ruokolahti_DJI_0080_frame116.txt,location,4096,2160,True,1
Ruokolahti,ruokolahti_DJI_0080_frame117,images/Ruokolahti/ruokolahti_DJI_0080_frame117.jpg,labels/Ruokolahti/ruokolahti_DJI_0080_frame117.txt,location,4096,2160,True,1
Ruokolahti,ruokolahti_DJI_0080_frame118,images/Ruokolahti/ruokolahti_DJI_0080_frame118.jpg,labels/Ruokolahti/ruokolahti_DJI_0080_frame118.txt,location,4096,2160,True,1
Ruokolahti,ruokolahti_DJI_0080_frame119,images/Ruokolahti/ruokolahti_DJI_0080_frame119.jpg,labels/Ruokolahti/ruokolahti_DJI_0080_frame119.txt,location,4096,2160,True,1
Ruokolahti,ruokolahti_DJI_0080_frame12,images/Ruokolahti/ruokolahti_DJI_0080_frame12.jpg,labels/Ruokolahti/ruokolahti_DJI_0080_frame12.txt,location,4096,2160,True,1
Ruokolahti,ruokolahti_DJI_0080_frame120,images/Ruokolahti/ruokolahti_DJI_0080_frame120.jpg,labels/Ruokolahti/ruokolahti_DJI_0080_frame120.txt,location,4096,2160,True,1
Ruokolahti,ruokolahti_DJI_0080_frame121,images/Ruokolahti/ruokolahti_DJI_0080_frame121.jpg,labels/Ruokolahti/ruokolahti_DJI_0080_frame121.txt,location,4096,2160,True,1
Ruokolahti,ruokolahti_DJI_0080_frame122,images/Ruokolahti/ruokolahti_DJI_0080_frame122.jpg,labels/Ruokolahti/ruokolahti_DJI_0080_frame122.txt,location,4096,2160,True,1
Ruokolahti,ruokolahti_DJI_0080_frame123,images/Ruokolahti/ruokolahti_DJI_0080_frame123.jpg,labels/Ruokolahti/ruokolahti_DJI_0080_frame123.txt,location,4096,2160,True,1
Ruokolahti,ruokolahti_DJI_0080_frame124,images/Ruokolahti/ruokolahti_DJI_0080_frame124.jpg,labels/Ruokolahti/ruokolahti_DJI_0080_frame124.txt,location,4096,2160,True,1
Ruokolahti,ruokolahti_DJI_0080_frame125,images/Ruokolahti/ruokolahti_DJI_0080_frame125.jpg,labels/Ruokolahti/ruokolahti_DJI_0080_frame125.txt,location,4096,2160,True,1
Ruokolahti,ruokolahti_DJI_0080_frame126,images/Ruokolahti/ruokolahti_DJI_0080_frame126.jpg,labels/Ruokolahti/ruokolahti_DJI_0080_frame126.txt,location,4096,2160,True,1
Ruokolahti,ruokolahti_DJI_0080_frame127,images/Ruokolahti/ruokolahti_DJI_0080_frame127.jpg,labels/Ruokolahti/ruokolahti_DJI_0080_frame127.txt,location,4096,2160,True,1
Ruokolahti,ruokolahti_DJI_0080_frame128,images/Ruokolahti/ruokolahti_DJI_0080_frame128.jpg,labels/Ruokolahti/ruokolahti_DJI_0080_frame128.txt,location,4096,2160,True,1
Ruokolahti,ruokolahti_DJI_0080_frame129,images/Ruokolahti/ruokolahti_DJI_0080_frame129.jpg,labels/Ruokolahti/ruokolahti_DJI_0080_frame129.txt,location,4096,2160,True,1
Ruokolahti,ruokolahti_DJI_0080_frame13,images/Ruokolahti/ruokolahti_DJI_0080_frame13.jpg,labels/Ruokolahti/ruokolahti_DJI_0080_frame13.txt,location,4096,2160,True,1
Ruokolahti,ruokolahti_DJI_0080_frame130,images/Ruokolahti/ruokolahti_DJI_0080_frame130.jpg,labels/Ruokolahti/ruokolahti_DJI_0080_frame130.txt,location,4096,2160,True,1
Ruokolahti,ruokolahti_DJI_0080_frame131,images/Ruokolahti/ruokolahti_DJI_0080_frame131.jpg,labels/Ruokolahti/ruokolahti_DJI_0080_frame131.txt,location,4096,2160,True,1
Ruokolahti,ruokolahti_DJI_0080_frame132,images/Ruokolahti/ruokolahti_DJI_0080_frame132.jpg,labels/Ruokolahti/ruokolahti_DJI_0080_frame132.txt,location,4096,2160,True,1
Ruokolahti,ruokolahti_DJI_0080_frame133,images/Ruokolahti/ruokolahti_DJI_0080_frame133.jpg,labels/Ruokolahti/ruokolahti_DJI_0080_frame133.txt,location,4096,2160,True,1
Ruokolahti,ruokolahti_DJI_0080_frame134,images/Ruokolahti/ruokolahti_DJI_0080_frame134.jpg,labels/Ruokolahti/ruokolahti_DJI_0080_frame134.txt,location,4096,2160,True,1
Ruokolahti,ruokolahti_DJI_0080_frame135,images/Ruokolahti/ruokolahti_DJI_0080_frame135.jpg,labels/Ruokolahti/ruokolahti_DJI_0080_frame135.txt,location,4096,2160,True,1
Ruokolahti,ruokolahti_DJI_0080_frame136,images/Ruokolahti/ruokolahti_DJI_0080_frame136.jpg,labels/Ruokolahti/ruokolahti_DJI_0080_frame136.txt,location,4096,2160,True,1
Ruokolahti,ruokolahti_DJI_0080_frame137,images/Ruokolahti/ruokolahti_DJI_0080_frame137.jpg,labels/Ruokolahti/ruokolahti_DJI_0080_frame137.txt,location,4096,2160,True,1
Ruokolahti,ruokolahti_DJI_0080_frame138,images/Ruokolahti/ruokolahti_DJI_0080_frame138.jpg,labels/Ruokolahti/ruokolahti_DJI_0080_frame138.txt,location,4096,2160,True,1
Ruokolahti,ruokolahti_DJI_0080_frame139,images/Ruokolahti/ruokolahti_DJI_0080_frame139.jpg,labels/Ruokolahti/ruokolahti_DJI_0080_frame139.txt,location,4096,2160,True,1
Ruokolahti,ruokolahti_DJI_0080_frame14,images/Ruokolahti/ruokolahti_DJI_0080_frame14.jpg,labels/Ruokolahti/ruokolahti_DJI_0080_frame14.txt,location,4096,2160,True,1
Ruokolahti,ruokolahti_DJI_0080_frame140,images/Ruokolahti/ruokolahti_DJI_0080_frame140.jpg,labels/Ruokolahti/ruokolahti_DJI_0080_frame140.txt,location,4096,2160,True,1
Ruokolahti,ruokolahti_DJI_0080_frame141,images/Ruokolahti/ruokolahti_DJI_0080_frame141.jpg,labels/Ruokolahti/ruokolahti_DJI_0080_frame141.txt,location,4096,2160,True,1
Ruokolahti,ruokolahti_DJI_0080_frame142,images/Ruokolahti/ruokolahti_DJI_0080_frame142.jpg,labels/Ruokolahti/ruokolahti_DJI_0080_frame142.txt,location,4096,2160,True,1
Ruokolahti,ruokolahti_DJI_0080_frame143,images/Ruokolahti/ruokolahti_DJI_0080_frame143.jpg,labels/Ruokolahti/ruokolahti_DJI_0080_frame143.txt,location,4096,2160,True,1
Ruokolahti,ruokolahti_DJI_0080_frame144,images/Ruokolahti/ruokolahti_DJI_0080_frame144.jpg,labels/Ruokolahti/ruokolahti_DJI_0080_frame144.txt,location,4096,2160,True,1
Ruokolahti,ruokolahti_DJI_0080_frame145,images/Ruokolahti/ruokolahti_DJI_0080_frame145.jpg,labels/Ruokolahti/ruokolahti_DJI_0080_frame145.txt,location,4096,2160,True,1
Ruokolahti,ruokolahti_DJI_0080_frame146,images/Ruokolahti/ruokolahti_DJI_0080_frame146.jpg,labels/Ruokolahti/ruokolahti_DJI_0080_frame146.txt,location,4096,2160,True,1
Ruokolahti,ruokolahti_DJI_0080_frame147,images/Ruokolahti/ruokolahti_DJI_0080_frame147.jpg,labels/Ruokolahti/ruokolahti_DJI_0080_frame147.txt,location,4096,2160,True,1
Ruokolahti,ruokolahti_DJI_0080_frame148,images/Ruokolahti/ruokolahti_DJI_0080_frame148.jpg,labels/Ruokolahti/ruokolahti_DJI_0080_frame148.txt,location,4096,2160,True,1
Ruokolahti,ruokolahti_DJI_0080_frame149,images/Ruokolahti/ruokolahti_DJI_0080_frame149.jpg,labels/Ruokolahti/ruokolahti_DJI_0080_frame149.txt,location,4096,2160,True,1
Ruokolahti,ruokolahti_DJI_0080_frame15,images/Ruokolahti/ruokolahti_DJI_0080_frame15.jpg,labels/Ruokolahti/ruokolahti_DJI_0080_frame15.txt,location,4096,2160,True,1
Ruokolahti,ruokolahti_DJI_0080_frame150,images/Ruokolahti/ruokolahti_DJI_0080_frame150.jpg,labels/Ruokolahti/ruokolahti_DJI_0080_frame150.txt,location,4096,2160,True,1
Ruokolahti,ruokolahti_DJI_0080_frame151,images/Ruokolahti/ruokolahti_DJI_0080_frame151.jpg,labels/Ruokolahti/ruokolahti_DJI_0080_frame151.txt,location,4096,2160,True,1
Ruokolahti,ruokolahti_DJI_0080_frame152,images/Ruokolahti/ruokolahti_DJI_0080_frame152.jpg,labels/Ruokolahti/ruokolahti_DJI_0080_frame152.txt,location,4096,2160,True,1
Ruokolahti,ruokolahti_DJI_0080_frame153,images/Ruokolahti/ruokolahti_DJI_0080_frame153.jpg,labels/Ruokolahti/ruokolahti_DJI_0080_frame153.txt,location,4096,2160,True,1
Ruokolahti,ruokolahti_DJI_0080_frame154,images/Ruokolahti/ruokolahti_DJI_0080_frame154.jpg,labels/Ruokolahti/ruokolahti_DJI_0080_frame154.txt,location,4096,2160,True,1
Ruokolahti,ruokolahti_DJI_0080_frame155,images/Ruokolahti/ruokolahti_DJI_0080_frame155.jpg,labels/Ruokolahti/ruokolahti_DJI_0080_frame155.txt,location,4096,2160,True,1
Ruokolahti,ruokolahti_DJI_0080_frame156,images/Ruokolahti/ruokolahti_DJI_0080_frame156.jpg,labels/Ruokolahti/ruokolahti_DJI_0080_frame156.txt,location,4096,2160,True,1
Ruokolahti,ruokolahti_DJI_0080_frame157,images/Ruokolahti/ruokolahti_DJI_0080_frame157.jpg,labels/Ruokolahti/ruokolahti_DJI_0080_frame157.txt,location,4096,2160,True,1
Ruokolahti,ruokolahti_DJI_0080_frame158,images/Ruokolahti/ruokolahti_DJI_0080_frame158.jpg,labels/Ruokolahti/ruokolahti_DJI_0080_frame158.txt,location,4096,2160,True,1
Ruokolahti,ruokolahti_DJI_0080_frame159,images/Ruokolahti/ruokolahti_DJI_0080_frame159.jpg,labels/Ruokolahti/ruokolahti_DJI_0080_frame159.txt,location,4096,2160,True,1
Ruokolahti,ruokolahti_DJI_0080_frame16,images/Ruokolahti/ruokolahti_DJI_0080_frame16.jpg,labels/Ruokolahti/ruokolahti_DJI_0080_frame16.txt,location,4096,2160,True,1
Ruokolahti,ruokolahti_DJI_0080_frame160,images/Ruokolahti/ruokolahti_DJI_0080_frame160.jpg,labels/Ruokolahti/ruokolahti_DJI_0080_frame160.txt,location,4096,2160,True,1
Ruokolahti,ruokolahti_DJI_0080_frame161,images/Ruokolahti/ruokolahti_DJI_0080_frame161.jpg,labels/Ruokolahti/ruokolahti_DJI_0080_frame161.txt,location,4096,2160,True,1
Ruokolahti,ruokolahti_DJI_0080_frame162,images/Ruokolahti/ruokolahti_DJI_0080_frame162.jpg,labels/Ruokolahti/ruokolahti_DJI_0080_frame162.txt,location,4096,2160,True,1
Ruokolahti,ruokolahti_DJI_0080_frame163,images/Ruokolahti/ruokolahti_DJI_0080_frame163.jpg,labels/Ruokolahti/ruokolahti_DJI_0080_frame163.txt,location,4096,2160,True,1
Ruokolahti,ruokolahti_DJI_0080_frame164,images/Ruokolahti/ruokolahti_DJI_0080_frame164.jpg,labels/Ruokolahti/ruokolahti_DJI_0080_frame164.txt,location,4096,2160,True,1
Ruokolahti,ruokolahti_DJI_0080_frame165,images/Ruokolahti/ruokolahti_DJI_0080_frame165.jpg,labels/Ruokolahti/ruokolahti_DJI_0080_frame165.txt,location,4096,2160,True,1
Ruokolahti,ruokolahti_DJI_0080_frame166,images/Ruokolahti/ruokolahti_DJI_0080_frame166.jpg,labels/Ruokolahti/ruokolahti_DJI_0080_frame166.txt,location,4096,2160,True,1
Ruokolahti,ruokolahti_DJI_0080_frame167,images/Ruokolahti/ruokolahti_DJI_0080_frame167.jpg,labels/Ruokolahti/ruokolahti_DJI_0080_frame167.txt,location,4096,2160,True,1
Ruokolahti,ruokolahti_DJI_0080_frame168,images/Ruokolahti/ruokolahti_DJI_0080_frame168.jpg,labels/Ruokolahti/ruokolahti_DJI_0080_frame168.txt,location,4096,2160,True,1
Ruokolahti,ruokolahti_DJI_0080_frame169,images/Ruokolahti/ruokolahti_DJI_0080_frame169.jpg,labels/Ruokolahti/ruokolahti_DJI_0080_frame169.txt,location,4096,2160,True,1
Ruokolahti,ruokolahti_DJI_0080_frame17,images/Ruokolahti/ruokolahti_DJI_0080_frame17.jpg,labels/Ruokolahti/ruokolahti_DJI_0080_frame17.txt,location,4096,2160,True,1
Ruokolahti,ruokolahti_DJI_0080_frame170,images/Ruokolahti/ruokolahti_DJI_0080_frame170.jpg,labels/Ruokolahti/ruokolahti_DJI_0080_frame170.txt,location,4096,2160,True,1
Ruokolahti,ruokolahti_DJI_0080_frame171,images/Ruokolahti/ruokolahti_DJI_0080_frame171.jpg,labels/Ruokolahti/ruokolahti_DJI_0080_frame171.txt,location,4096,2160,True,1
Ruokolahti,ruokolahti_DJI_0080_frame172,images/Ruokolahti/ruokolahti_DJI_0080_frame172.jpg,labels/Ruokolahti/ruokolahti_DJI_0080_frame172.txt,location,4096,2160,True,1
Ruokolahti,ruokolahti_DJI_0080_frame173,images/Ruokolahti/ruokolahti_DJI_0080_frame173.jpg,labels/Ruokolahti/ruokolahti_DJI_0080_frame173.txt,location,4096,2160,True,1
Ruokolahti,ruokolahti_DJI_0080_frame174,images/Ruokolahti/ruokolahti_DJI_0080_frame174.jpg,labels/Ruokolahti/ruokolahti_DJI_0080_frame174.txt,location,4096,2160,True,1
Ruokolahti,ruokolahti_DJI_0080_frame175,images/Ruokolahti/ruokolahti_DJI_0080_frame175.jpg,labels/Ruokolahti/ruokolahti_DJI_0080_frame175.txt,location,4096,2160,True,1
Ruokolahti,ruokolahti_DJI_0080_frame176,images/Ruokolahti/ruokolahti_DJI_0080_frame176.jpg,labels/Ruokolahti/ruokolahti_DJI_0080_frame176.txt,location,4096,2160,True,1
Ruokolahti,ruokolahti_DJI_0080_frame177,images/Ruokolahti/ruokolahti_DJI_0080_frame177.jpg,labels/Ruokolahti/ruokolahti_DJI_0080_frame177.txt,location,4096,2160,True,1
Ruokolahti,ruokolahti_DJI_0080_frame178,images/Ruokolahti/ruokolahti_DJI_0080_frame178.jpg,labels/Ruokolahti/ruokolahti_DJI_0080_frame178.txt,location,4096,2160,True,1
Ruokolahti,ruokolahti_DJI_0080_frame179,images/Ruokolahti/ruokolahti_DJI_0080_frame179.jpg,labels/Ruokolahti/ruokolahti_DJI_0080_frame179.txt,location,4096,2160,True,1
Ruokolahti,ruokolahti_DJI_0080_frame18,images/Ruokolahti/ruokolahti_DJI_0080_frame18.jpg,labels/Ruokolahti/ruokolahti_DJI_0080_frame18.txt,location,4096,2160,True,1
Ruokolahti,ruokolahti_DJI_0080_frame180,images/Ruokolahti/ruokolahti_DJI_0080_frame180.jpg,labels/Ruokolahti/ruokolahti_DJI_0080_frame180.txt,location,4096,2160,True,1
Ruokolahti,ruokolahti_DJI_0080_frame181,images/Ruokolahti/ruokolahti_DJI_0080_frame181.jpg,labels/Ruokolahti/ruokolahti_DJI_0080_frame181.txt,location,4096,2160,True,1
Ruokolahti,ruokolahti_DJI_0080_frame182,images/Ruokolahti/ruokolahti_DJI_0080_frame182.jpg,labels/Ruokolahti/ruokolahti_DJI_0080_frame182.txt,location,4096,2160,True,1
Ruokolahti,ruokolahti_DJI_0080_frame183,images/Ruokolahti/ruokolahti_DJI_0080_frame183.jpg,labels/Ruokolahti/ruokolahti_DJI_0080_frame183.txt,location,4096,2160,True,1
Ruokolahti,ruokolahti_DJI_0080_frame184,images/Ruokolahti/ruokolahti_DJI_0080_frame184.jpg,labels/Ruokolahti/ruokolahti_DJI_0080_frame184.txt,location,4096,2160,True,1
Ruokolahti,ruokolahti_DJI_0080_frame185,images/Ruokolahti/ruokolahti_DJI_0080_frame185.jpg,labels/Ruokolahti/ruokolahti_DJI_0080_frame185.txt,location,4096,2160,True,1
Ruokolahti,ruokolahti_DJI_0080_frame186,images/Ruokolahti/ruokolahti_DJI_0080_frame186.jpg,labels/Ruokolahti/ruokolahti_DJI_0080_frame186.txt,location,4096,2160,True,1
Ruokolahti,ruokolahti_DJI_0080_frame187,images/Ruokolahti/ruokolahti_DJI_0080_frame187.jpg,labels/Ruokolahti/ruokolahti_DJI_0080_frame187.txt,location,4096,2160,True,1
Ruokolahti,ruokolahti_DJI_0080_frame188,images/Ruokolahti/ruokolahti_DJI_0080_frame188.jpg,labels/Ruokolahti/ruokolahti_DJI_0080_frame188.txt,location,4096,2160,True,1
Ruokolahti,ruokolahti_DJI_0080_frame189,images/Ruokolahti/ruokolahti_DJI_0080_frame189.jpg,labels/Ruokolahti/ruokolahti_DJI_0080_frame189.txt,location,4096,2160,True,1
Ruokolahti,ruokolahti_DJI_0080_frame19,images/Ruokolahti/ruokolahti_DJI_0080_frame19.jpg,labels/Ruokolahti/ruokolahti_DJI_0080_frame19.txt,location,4096,2160,True,1
Ruokolahti,ruokolahti_DJI_0080_frame190,images/Ruokolahti/ruokolahti_DJI_0080_frame190.jpg,labels/Ruokolahti/ruokolahti_DJI_0080_frame190.txt,location,4096,2160,True,1
Ruokolahti,ruokolahti_DJI_0080_frame191,images/Ruokolahti/ruokolahti_DJI_0080_frame191.jpg,labels/Ruokolahti/ruokolahti_DJI_0080_frame191.txt,location,4096,2160,True,1
Ruokolahti,ruokolahti_DJI_0080_frame192,images/Ruokolahti/ruokolahti_DJI_0080_frame192.jpg,labels/Ruokolahti/ruokolahti_DJI_0080_frame192.txt,location,4096,2160,True,1
Ruokolahti,ruokolahti_DJI_0080_frame193,images/Ruokolahti/ruokolahti_DJI_0080_frame193.jpg,labels/Ruokolahti/ruokolahti_DJI_0080_frame193.txt,location,4096,2160,True,1
Ruokolahti,ruokolahti_DJI_0080_frame194,images/Ruokolahti/ruokolahti_DJI_0080_frame194.jpg,labels/Ruokolahti/ruokolahti_DJI_0080_frame194.txt,location,4096,2160,True,1
Ruokolahti,ruokolahti_DJI_0080_frame195,images/Ruokolahti/ruokolahti_DJI_0080_frame195.jpg,labels/Ruokolahti/ruokolahti_DJI_0080_frame195.txt,location,4096,2160,True,1
Ruokolahti,ruokolahti_DJI_0080_frame196,images/Ruokolahti/ruokolahti_DJI_0080_frame196.jpg,labels/Ruokolahti/ruokolahti_DJI_0080_frame196.txt,location,4096,2160,True,1
Ruokolahti,ruokolahti_DJI_0080_frame197,images/Ruokolahti/ruokolahti_DJI_0080_frame197.jpg,labels/Ruokolahti/ruokolahti_DJI_0080_frame197.txt,location,4096,2160,True,1
Ruokolahti,ruokolahti_DJI_0080_frame198,images/Ruokolahti/ruokolahti_DJI_0080_frame198.jpg,labels/Ruokolahti/ruokolahti_DJI_0080_frame198.txt,location,4096,2160,True,1
Ruokolahti,ruokolahti_DJI_0080_frame199,images/Ruokolahti/ruokolahti_DJI_0080_frame199.jpg,labels/Ruokolahti/ruokolahti_DJI_0080_frame199.txt,location,4096,2160,True,1
Ruokolahti,ruokolahti_DJI_0080_frame2,images/Ruokolahti/ruokolahti_DJI_0080_frame2.jpg,labels/Ruokolahti/ruokolahti_DJI_0080_frame2.txt,location,4096,2160,True,1
Ruokolahti,ruokolahti_DJI_0080_frame20,images/Ruokolahti/ruokolahti_DJI_0080_frame20.jpg,labels/Ruokolahti/ruokolahti_DJI_0080_frame20.txt,location,4096,2160,True,1
Ruokolahti,ruokolahti_DJI_0080_frame200,images/Ruokolahti/ruokolahti_DJI_0080_frame200.jpg,labels/Ruokolahti/ruokolahti_DJI_0080_frame200.txt,location,4096,2160,True,1
Ruokolahti,ruokolahti_DJI_0080_frame201,images/Ruokolahti/ruokolahti_DJI_0080_frame201.jpg,labels/Ruokolahti/ruokolahti_DJI_0080_frame201.txt,location,4096,2160,True,1
Ruokolahti,ruokolahti_DJI_0080_frame202,images/Ruokolahti/ruokolahti_DJI_0080_frame202.jpg,labels/Ruokolahti/ruokolahti_DJI_0080_frame202.txt,location,4096,2160,True,1
Ruokolahti,ruokolahti_DJI_0080_frame203,images/Ruokolahti/ruokolahti_DJI_0080_frame203.jpg,labels/Ruokolahti/ruokolahti_DJI_0080_frame203.txt,location,4096,2160,True,1
Ruokolahti,ruokolahti_DJI_0080_frame204,images/Ruokolahti/ruokolahti_DJI_0080_frame204.jpg,labels/Ruokolahti/ruokolahti_DJI_0080_frame204.txt,location,4096,2160,True,1
Ruokolahti,ruokolahti_DJI_0080_frame205,images/Ruokolahti/ruokolahti_DJI_0080_frame205.jpg,labels/Ruokolahti/ruokolahti_DJI_0080_frame205.txt,location,4096,2160,True,1
Ruokolahti,ruokolahti_DJI_0080_frame206,images/Ruokolahti/ruokolahti_DJI_0080_frame206.jpg,labels/Ruokolahti/ruokolahti_DJI_0080_frame206.txt,location,4096,2160,True,1
Ruokolahti,ruokolahti_DJI_0080_frame207,images/Ruokolahti/ruokolahti_DJI_0080_frame207.jpg,labels/Ruokolahti/ruokolahti_DJI_0080_frame207.txt,location,4096,2160,True,1
Ruokolahti,ruokolahti_DJI_0080_frame208,images/Ruokolahti/ruokolahti_DJI_0080_frame208.jpg,labels/Ruokolahti/ruokolahti_DJI_0080_frame208.txt,location,4096,2160,True,1
Ruokolahti,ruokolahti_DJI_0080_frame209,images/Ruokolahti/ruokolahti_DJI_0080_frame209.jpg,labels/Ruokolahti/ruokolahti_DJI_0080_frame209.txt,location,4096,2160,True,1
Ruokolahti,ruokolahti_DJI_0080_frame21,images/Ruokolahti/ruokolahti_DJI_0080_frame21.jpg,labels/Ruokolahti/ruokolahti_DJI_0080_frame21.txt,location,4096,2160,True,1
Ruokolahti,ruokolahti_DJI_0080_frame210,images/Ruokolahti/ruokolahti_DJI_0080_frame210.jpg,labels/Ruokolahti/ruokolahti_DJI_0080_frame210.txt,location,4096,2160,True,1
Ruokolahti,ruokolahti_DJI_0080_frame211,images/Ruokolahti/ruokolahti_DJI_0080_frame211.jpg,labels/Ruokolahti/ruokolahti_DJI_0080_frame211.txt,location,4096,2160,True,1
Ruokolahti,ruokolahti_DJI_0080_frame212,images/Ruokolahti/ruokolahti_DJI_0080_frame212.jpg,labels/Ruokolahti/ruokolahti_DJI_0080_frame212.txt,location,4096,2160,True,1
Ruokolahti,ruokolahti_DJI_0080_frame213,images/Ruokolahti/ruokolahti_DJI_0080_frame213.jpg,labels/Ruokolahti/ruokolahti_DJI_0080_frame213.txt,location,4096,2160,True,1
Ruokolahti,ruokolahti_DJI_0080_frame214,images/Ruokolahti/ruokolahti_DJI_0080_frame214.jpg,labels/Ruokolahti/ruokolahti_DJI_0080_frame214.txt,location,4096,2160,True,1
Ruokolahti,ruokolahti_DJI_0080_frame215,images/Ruokolahti/ruokolahti_DJI_0080_frame215.jpg,labels/Ruokolahti/ruokolahti_DJI_0080_frame215.txt,location,4096,2160,True,1
Ruokolahti,ruokolahti_DJI_0080_frame216,images/Ruokolahti/ruokolahti_DJI_0080_frame216.jpg,labels/Ruokolahti/ruokolahti_DJI_0080_frame216.txt,location,4096,2160,True,1
Ruokolahti,ruokolahti_DJI_0080_frame217,images/Ruokolahti/ruokolahti_DJI_0080_frame217.jpg,labels/Ruokolahti/ruokolahti_DJI_0080_frame217.txt,location,4096,2160,True,1
Ruokolahti,ruokolahti_DJI_0080_frame218,images/Ruokolahti/ruokolahti_DJI_0080_frame218.jpg,labels/Ruokolahti/ruokolahti_DJI_0080_frame218.txt,location,4096,2160,True,1
Ruokolahti,ruokolahti_DJI_0080_frame219,images/Ruokolahti/ruokolahti_DJI_0080_frame219.jpg,labels/Ruokolahti/ruokolahti_DJI_0080_frame219.txt,location,4096,2160,True,1
Ruokolahti,ruokolahti_DJI_0080_frame22,images/Ruokolahti/ruokolahti_DJI_0080_frame22.jpg,labels/Ruokolahti/ruokolahti_DJI_0080_frame22.txt,location,4096,2160,True,1
Ruokolahti,ruokolahti_DJI_0080_frame220,images/Ruokolahti/ruokolahti_DJI_0080_frame220.jpg,labels/Ruokolahti/ruokolahti_DJI_0080_frame220.txt,location,4096,2160,True,1
Ruokolahti,ruokolahti_DJI_0080_frame221,images/Ruokolahti/ruokolahti_DJI_0080_frame221.jpg,labels/Ruokolahti/ruokolahti_DJI_0080_frame221.txt,location,4096,2160,True,1
Ruokolahti,ruokolahti_DJI_0080_frame222,images/Ruokolahti/ruokolahti_DJI_0080_frame222.jpg,labels/Ruokolahti/ruokolahti_DJI_0080_frame222.txt,location,4096,2160,True,1
Ruokolahti,ruokolahti_DJI_0080_frame223,images/Ruokolahti/ruokolahti_DJI_0080_frame223.jpg,labels/Ruokolahti/ruokolahti_DJI_0080_frame223.txt,location,4096,2160,True,1
Ruokolahti,ruokolahti_DJI_0080_frame224,images/Ruokolahti/ruokolahti_DJI_0080_frame224.jpg,labels/Ruokolahti/ruokolahti_DJI_0080_frame224.txt,location,4096,2160,True,1
Ruokolahti,ruokolahti_DJI_0080_frame225,images/Ruokolahti/ruokolahti_DJI_0080_frame225.jpg,labels/Ruokolahti/ruokolahti_DJI_0080_frame225.txt,location,4096,2160,True,1
Ruokolahti,ruokolahti_DJI_0080_frame226,images/Ruokolahti/ruokolahti_DJI_0080_frame226.jpg,labels/Ruokolahti/ruokolahti_DJI_0080_frame226.txt,location,4096,2160,True,1
Ruokolahti,ruokolahti_DJI_0080_frame227,images/Ruokolahti/ruokolahti_DJI_0080_frame227.jpg,labels/Ruokolahti/ruokolahti_DJI_0080_frame227.txt,location,4096,2160,True,1
Ruokolahti,ruokolahti_DJI_0080_frame228,images/Ruokolahti/ruokolahti_DJI_0080_frame228.jpg,labels/Ruokolahti/ruokolahti_DJI_0080_frame228.txt,location,4096,2160,True,1
Ruokolahti,ruokolahti_DJI_0080_frame229,images/Ruokolahti/ruokolahti_DJI_0080_frame229.jpg,labels/Ruokolahti/ruokolahti_DJI_0080_frame229.txt,location,4096,2160,True,1
Ruokolahti,ruokolahti_DJI_0080_frame23,images/Ruokolahti/ruokolahti_DJI_0080_frame23.jpg,labels/Ruokolahti/ruokolahti_DJI_0080_frame23.txt,location,4096,2160,True,1
Ruokolahti,ruokolahti_DJI_0080_frame230,images/Ruokolahti/ruokolahti_DJI_0080_frame230.jpg,labels/Ruokolahti/ruokolahti_DJI_0080_frame230.txt,location,4096,2160,True,1
Ruokolahti,ruokolahti_DJI_0080_frame231,images/Ruokolahti/ruokolahti_DJI_0080_frame231.jpg,labels/Ruokolahti/ruokolahti_DJI_0080_frame231.txt,location,4096,2160,True,1
Ruokolahti,ruokolahti_DJI_0080_frame232,images/Ruokolahti/ruokolahti_DJI_0080_frame232.jpg,labels/Ruokolahti/ruokolahti_DJI_0080_frame232.txt,location,4096,2160,True,1
Ruokolahti,ruokolahti_DJI_0080_frame233,images/Ruokolahti/ruokolahti_DJI_0080_frame233.jpg,labels/Ruokolahti/ruokolahti_DJI_0080_frame233.txt,location,4096,2160,True,1
Ruokolahti,ruokolahti_DJI_0080_frame234,images/Ruokolahti/ruokolahti_DJI_0080_frame234.jpg,labels/Ruokolahti/ruokolahti_DJI_0080_frame234.txt,location,4096,2160,True,1
Ruokolahti,ruokolahti_DJI_0080_frame235,images/Ruokolahti/ruokolahti_DJI_0080_frame235.jpg,labels/Ruokolahti/ruokolahti_DJI_0080_frame235.txt,location,4096,2160,True,1
Ruokolahti,ruokolahti_DJI_0080_frame236,images/Ruokolahti/ruokolahti_DJI_0080_frame236.jpg,labels/Ruokolahti/ruokolahti_DJI_0080_frame236.txt,location,4096,2160,True,1
Ruokolahti,ruokolahti_DJI_0080_frame237,images/Ruokolahti/ruokolahti_DJI_0080_frame237.jpg,labels/Ruokolahti/ruokolahti_DJI_0080_frame237.txt,location,4096,2160,True,1
Ruokolahti,ruokolahti_DJI_0080_frame238,images/Ruokolahti/ruokolahti_DJI_0080_frame238.jpg,labels/Ruokolahti/ruokolahti_DJI_0080_frame238.txt,location,4096,2160,True,1
Ruokolahti,ruokolahti_DJI_0080_frame239,images/Ruokolahti/ruokolahti_DJI_0080_frame239.jpg,labels/Ruokolahti/ruokolahti_DJI_0080_frame239.txt,location,4096,2160,True,1
Ruokolahti,ruokolahti_DJI_0080_frame24,images/Ruokolahti/ruokolahti_DJI_0080_frame24.jpg,labels/Ruokolahti/ruokolahti_DJI_0080_frame24.txt,location,4096,2160,True,1
Ruokolahti,ruokolahti_DJI_0080_frame240,images/Ruokolahti/ruokolahti_DJI_0080_frame240.jpg,labels/Ruokolahti/ruokolahti_DJI_0080_frame240.txt,location,4096,2160,True,1
Ruokolahti,ruokolahti_DJI_0080_frame241,images/Ruokolahti/ruokolahti_DJI_0080_frame241.jpg,labels/Ruokolahti/ruokolahti_DJI_0080_frame241.txt,location,4096,2160,True,1
Ruokolahti,ruokolahti_DJI_0080_frame242,images/Ruokolahti/ruokolahti_DJI_0080_frame242.jpg,labels/Ruokolahti/ruokolahti_DJI_0080_frame242.txt,location,4096,2160,True,1
Ruokolahti,ruokolahti_DJI_0080_frame243,images/Ruokolahti/ruokolahti_DJI_0080_frame243.jpg,labels/Ruokolahti/ruokolahti_DJI_0080_frame243.txt,location,4096,2160,True,1
Ruokolahti,ruokolahti_DJI_0080_frame244,images/Ruokolahti/ruokolahti_DJI_0080_frame244.jpg,labels/Ruokolahti/ruokolahti_DJI_0080_frame244.txt,location,4096,2160,True,1
Ruokolahti,ruokolahti_DJI_0080_frame245,images/Ruokolahti/ruokolahti_DJI_0080_frame245.jpg,labels/Ruokolahti/ruokolahti_DJI_0080_frame245.txt,location,4096,2160,True,1
Ruokolahti,ruokolahti_DJI_0080_frame246,images/Ruokolahti/ruokolahti_DJI_0080_frame246.jpg,labels/Ruokolahti/ruokolahti_DJI_0080_frame246.txt,location,4096,2160,True,1
Ruokolahti,ruokolahti_DJI_0080_frame247,images/Ruokolahti/ruokolahti_DJI_0080_frame247.jpg,labels/Ruokolahti/ruokolahti_DJI_0080_frame247.txt,location,4096,2160,True,1
Ruokolahti,ruokolahti_DJI_0080_frame248,images/Ruokolahti/ruokolahti_DJI_0080_frame248.jpg,labels/Ruokolahti/ruokolahti_DJI_0080_frame248.txt,location,4096,2160,True,1
Ruokolahti,ruokolahti_DJI_0080_frame249,images/Ruokolahti/ruokolahti_DJI_0080_frame249.jpg,labels/Ruokolahti/ruokolahti_DJI_0080_frame249.txt,location,4096,2160,True,1
Ruokolahti,ruokolahti_DJI_0080_frame25,images/Ruokolahti/ruokolahti_DJI_0080_frame25.jpg,labels/Ruokolahti/ruokolahti_DJI_0080_frame25.txt,location,4096,2160,True,1
Ruokolahti,ruokolahti_DJI_0080_frame250,images/Ruokolahti/ruokolahti_DJI_0080_frame250.jpg,labels/Ruokolahti/ruokolahti_DJI_0080_frame250.txt,location,4096,2160,True,1
Ruokolahti,ruokolahti_DJI_0080_frame251,images/Ruokolahti/ruokolahti_DJI_0080_frame251.jpg,labels/Ruokolahti/ruokolahti_DJI_0080_frame251.txt,location,4096,2160,True,1
Ruokolahti,ruokolahti_DJI_0080_frame252,images/Ruokolahti/ruokolahti_DJI_0080_frame252.jpg,labels/Ruokolahti/ruokolahti_DJI_0080_frame252.txt,location,4096,2160,True,11
Ruokolahti,ruokolahti_DJI_0080_frame253,images/Ruokolahti/ruokolahti_DJI_0080_frame253.jpg,labels/Ruokolahti/ruokolahti_DJI_0080_frame253.txt,location,4096,2160,True,1
Ruokolahti,ruokolahti_DJI_0080_frame254,images/Ruokolahti/ruokolahti_DJI_0080_frame254.jpg,labels/Ruokolahti/ruokolahti_DJI_0080_frame254.txt,location,4096,2160,True,1
Ruokolahti,ruokolahti_DJI_0080_frame255,images/Ruokolahti/ruokolahti_DJI_0080_frame255.jpg,labels/Ruokolahti/ruokolahti_DJI_0080_frame255.txt,location,4096,2160,True,1
Ruokolahti,ruokolahti_DJI_0080_frame256,images/Ruokolahti/ruokolahti_DJI_0080_frame256.jpg,labels/Ruokolahti/ruokolahti_DJI_0080_frame256.txt,location,4096,2160,True,1
Ruokolahti,ruokolahti_DJI_0080_frame257,images/Ruokolahti/ruokolahti_DJI_0080_frame257.jpg,labels/Ruokolahti/ruokolahti_DJI_0080_frame257.txt,location,4096,2160,True,1
Ruokolahti,ruokolahti_DJI_0080_frame258,images/Ruokolahti/ruokolahti_DJI_0080_frame258.jpg,labels/Ruokolahti/ruokolahti_DJI_0080_frame258.txt,location,4096,2160,True,1
Ruokolahti,ruokolahti_DJI_0080_frame259,images/Ruokolahti/ruokolahti_DJI_0080_frame259.jpg,labels/Ruokolahti/ruokolahti_DJI_0080_frame259.txt,location,4096,2160,True,1
Ruokolahti,ruokolahti_DJI_0080_frame26,images/Ruokolahti/ruokolahti_DJI_0080_frame26.jpg,labels/Ruokolahti/ruokolahti_DJI_0080_frame26.txt,location,4096,2160,True,1
Ruokolahti,ruokolahti_DJI_0080_frame260,images/Ruokolahti/ruokolahti_DJI_0080_frame260.jpg,labels/Ruokolahti/ruokolahti_DJI_0080_frame260.txt,location,4096,2160,True,7
Ruokolahti,ruokolahti_DJI_0080_frame261,images/Ruokolahti/ruokolahti_DJI_0080_frame261.jpg,labels/Ruokolahti/ruokolahti_DJI_0080_frame261.txt,location,4096,2160,True,1
Ruokolahti,ruokolahti_DJI_0080_frame262,images/Ruokolahti/ruokolahti_DJI_0080_frame262.jpg,labels/Ruokolahti/ruokolahti_DJI_0080_frame262.txt,location,4096,2160,True,1
Ruokolahti,ruokolahti_DJI_0080_frame263,images/Ruokolahti/ruokolahti_DJI_0080_frame263.jpg,labels/Ruokolahti/ruokolahti_DJI_0080_frame263.txt,location,4096,2160,True,1
Ruokolahti,ruokolahti_DJI_0080_frame264,images/Ruokolahti/ruokolahti_DJI_0080_frame264.jpg,labels/Ruokolahti/ruokolahti_DJI_0080_frame264.txt,location,4096,2160,True,1
Ruokolahti,ruokolahti_DJI_0080_frame265,images/Ruokolahti/ruokolahti_DJI_0080_frame265.jpg,labels/Ruokolahti/ruokolahti_DJI_0080_frame265.txt,location,4096,2160,True,1
Ruokolahti,ruokolahti_DJI_0080_frame266,images/Ruokolahti/ruokolahti_DJI_0080_frame266.jpg,labels/Ruokolahti/ruokolahti_DJI_0080_frame266.txt,location,4096,2160,True,1
Ruokolahti,ruokolahti_DJI_0080_frame267,images/Ruokolahti/ruokolahti_DJI_0080_frame267.jpg,labels/Ruokolahti/ruokolahti_DJI_0080_frame267.txt,location,4096,2160,True,1
Ruokolahti,ruokolahti_DJI_0080_frame268,images/Ruokolahti/ruokolahti_DJI_0080_frame268.jpg,labels/Ruokolahti/ruokolahti_DJI_0080_frame268.txt,location,4096,2160,True,1
Ruokolahti,ruokolahti_DJI_0080_frame269,images/Ruokolahti/ruokolahti_DJI_0080_frame269.jpg,labels/Ruokolahti/ruokolahti_DJI_0080_frame269.txt,location,4096,2160,True,1
Ruokolahti,ruokolahti_DJI_0080_frame27,images/Ruokolahti/ruokolahti_DJI_0080_frame27.jpg,labels/Ruokolahti/ruokolahti_DJI_0080_frame27.txt,location,4096,2160,True,1
Ruokolahti,ruokolahti_DJI_0080_frame270,images/Ruokolahti/ruokolahti_DJI_0080_frame270.jpg,labels/Ruokolahti/ruokolahti_DJI_0080_frame270.txt,location,4096,2160,True,1
Ruokolahti,ruokolahti_DJI_0080_frame271,images/Ruokolahti/ruokolahti_DJI_0080_frame271.jpg,labels/Ruokolahti/ruokolahti_DJI_0080_frame271.txt,location,4096,2160,True,1
Ruokolahti,ruokolahti_DJI_0080_frame272,images/Ruokolahti/ruokolahti_DJI_0080_frame272.jpg,labels/Ruokolahti/ruokolahti_DJI_0080_frame272.txt,location,4096,2160,True,1
Ruokolahti,ruokolahti_DJI_0080_frame273,images/Ruokolahti/ruokolahti_DJI_0080_frame273.jpg,labels/Ruokolahti/ruokolahti_DJI_0080_frame273.txt,location,4096,2160,True,1
Ruokolahti,ruokolahti_DJI_0080_frame274,images/Ruokolahti/ruokolahti_DJI_0080_frame274.jpg,labels/Ruokolahti/ruokolahti_DJI_0080_frame274.txt,location,4096,2160,True,1
Ruokolahti,ruokolahti_DJI_0080_frame275,images/Ruokolahti/ruokolahti_DJI_0080_frame275.jpg,labels/Ruokolahti/ruokolahti_DJI_0080_frame275.txt,location,4096,2160,True,1
Ruokolahti,ruokolahti_DJI_0080_frame276,images/Ruokolahti/ruokolahti_DJI_0080_frame276.jpg,labels/Ruokolahti/ruokolahti_DJI_0080_frame276.txt,location,4096,2160,True,1
Ruokolahti,ruokolahti_DJI_0080_frame277,images/Ruokolahti/ruokolahti_DJI_0080_frame277.jpg,labels/Ruokolahti/ruokolahti_DJI_0080_frame277.txt,location,4096,2160,True,1
Ruokolahti,ruokolahti_DJI_0080_frame278,images/Ruokolahti/ruokolahti_DJI_0080_frame278.jpg,labels/Ruokolahti/ruokolahti_DJI_0080_frame278.txt,location,4096,2160,True,1
Ruokolahti,ruokolahti_DJI_0080_frame279,images/Ruokolahti/ruokolahti_DJI_0080_frame279.jpg,labels/Ruokolahti/ruokolahti_DJI_0080_frame279.txt,location,4096,2160,True,1
Ruokolahti,ruokolahti_DJI_0080_frame28,images/Ruokolahti/ruokolahti_DJI_0080_frame28.jpg,labels/Ruokolahti/ruokolahti_DJI_0080_frame28.txt,location,4096,2160,True,1
Ruokolahti,ruokolahti_DJI_0080_frame280,images/Ruokolahti/ruokolahti_DJI_0080_frame280.jpg,labels/Ruokolahti/ruokolahti_DJI_0080_frame280.txt,location,4096,2160,True,1
Ruokolahti,ruokolahti_DJI_0080_frame281,images/Ruokolahti/ruokolahti_DJI_0080_frame281.jpg,labels/Ruokolahti/ruokolahti_DJI_0080_frame281.txt,location,4096,2160,True,1
Ruokolahti,ruokolahti_DJI_0080_frame282,images/Ruokolahti/ruokolahti_DJI_0080_frame282.jpg,labels/Ruokolahti/ruokolahti_DJI_0080_frame282.txt,location,4096,2160,True,1
Ruokolahti,ruokolahti_DJI_0080_frame283,images/Ruokolahti/ruokolahti_DJI_0080_frame283.jpg,labels/Ruokolahti/ruokolahti_DJI_0080_frame283.txt,location,4096,2160,True,1
Ruokolahti,ruokolahti_DJI_0080_frame284,images/Ruokolahti/ruokolahti_DJI_0080_frame284.jpg,labels/Ruokolahti/ruokolahti_DJI_0080_frame284.txt,location,4096,2160,True,1
Ruokolahti,ruokolahti_DJI_0080_frame285,images/Ruokolahti/ruokolahti_DJI_0080_frame285.jpg,labels/Ruokolahti/ruokolahti_DJI_0080_frame285.txt,location,4096,2160,True,1
Ruokolahti,ruokolahti_DJI_0080_frame286,images/Ruokolahti/ruokolahti_DJI_0080_frame286.jpg,labels/Ruokolahti/ruokolahti_DJI_0080_frame286.txt,location,4096,2160,True,1
Ruokolahti,ruokolahti_DJI_0080_frame287,images/Ruokolahti/ruokolahti_DJI_0080_frame287.jpg,labels/Ruokolahti/ruokolahti_DJI_0080_frame287.txt,location,4096,2160,True,1
Ruokolahti,ruokolahti_DJI_0080_frame288,images/Ruokolahti/ruokolahti_DJI_0080_frame288.jpg,labels/Ruokolahti/ruokolahti_DJI_0080_frame288.txt,location,4096,2160,True,1
Ruokolahti,ruokolahti_DJI_0080_frame289,images/Ruokolahti/ruokolahti_DJI_0080_frame289.jpg,labels/Ruokolahti/ruokolahti_DJI_0080_frame289.txt,location,4096,2160,True,1
Ruokolahti,ruokolahti_DJI_0080_frame29,images/Ruokolahti/ruokolahti_DJI_0080_frame29.jpg,labels/Ruokolahti/ruokolahti_DJI_0080_frame29.txt,location,4096,2160,True,1
Ruokolahti,ruokolahti_DJI_0080_frame290,images/Ruokolahti/ruokolahti_DJI_0080_frame290.jpg,labels/Ruokolahti/ruokolahti_DJI_0080_frame290.txt,location,4096,2160,True,1
Ruokolahti,ruokolahti_DJI_0080_frame291,images/Ruokolahti/ruokolahti_DJI_0080_frame291.jpg,labels/Ruokolahti/ruokolahti_DJI_0080_frame291.txt,location,4096,2160,True,1
Ruokolahti,ruokolahti_DJI_0080_frame292,images/Ruokolahti/ruokolahti_DJI_0080_frame292.jpg,labels/Ruokolahti/ruokolahti_DJI_0080_frame292.txt,location,4096,2160,True,1
Ruokolahti,ruokolahti_DJI_0080_frame293,images/Ruokolahti/ruokolahti_DJI_0080_frame293.jpg,labels/Ruokolahti/ruokolahti_DJI_0080_frame293.txt,location,4096,2160,True,1
Ruokolahti,ruokolahti_DJI_0080_frame294,images/Ruokolahti/ruokolahti_DJI_0080_frame294.jpg,labels/Ruokolahti/ruokolahti_DJI_0080_frame294.txt,location,4096,2160,True,11
Ruokolahti,ruokolahti_DJI_0080_frame295,images/Ruokolahti/ruokolahti_DJI_0080_frame295.jpg,labels/Ruokolahti/ruokolahti_DJI_0080_frame295.txt,location,4096,2160,True,1
Ruokolahti,ruokolahti_DJI_0080_frame296,images/Ruokolahti/ruokolahti_DJI_0080_frame296.jpg,labels/Ruokolahti/ruokolahti_DJI_0080_frame296.txt,location,4096,2160,True,1
Ruokolahti,ruokolahti_DJI_0080_frame297,images/Ruokolahti/ruokolahti_DJI_0080_frame297.jpg,labels/Ruokolahti/ruokolahti_DJI_0080_frame297.txt,location,4096,2160,True,1
Ruokolahti,ruokolahti_DJI_0080_frame298,images/Ruokolahti/ruokolahti_DJI_0080_frame298.jpg,labels/Ruokolahti/ruokolahti_DJI_0080_frame298.txt,location,4096,2160,True,1
Ruokolahti,ruokolahti_DJI_0080_frame299,images/Ruokolahti/ruokolahti_DJI_0080_frame299.jpg,labels/Ruokolahti/ruokolahti_DJI_0080_frame299.txt,location,4096,2160,True,1
Ruokolahti,ruokolahti_DJI_0080_frame3,images/Ruokolahti/ruokolahti_DJI_0080_frame3.jpg,labels/Ruokolahti/ruokolahti_DJI_0080_frame3.txt,location,4096,2160,True,1
Ruokolahti,ruokolahti_DJI_0080_frame30,images/Ruokolahti/ruokolahti_DJI_0080_frame30.jpg,labels/Ruokolahti/ruokolahti_DJI_0080_frame30.txt,location,4096,2160,True,1
Ruokolahti,ruokolahti_DJI_0080_frame300,images/Ruokolahti/ruokolahti_DJI_0080_frame300.jpg,labels/Ruokolahti/ruokolahti_DJI_0080_frame300.txt,location,4096,2160,True,9
Ruokolahti,ruokolahti_DJI_0080_frame301,images/Ruokolahti/ruokolahti_DJI_0080_frame301.jpg,labels/Ruokolahti/ruokolahti_DJI_0080_frame301.txt,location,4096,2160,True,1
Ruokolahti,ruokolahti_DJI_0080_frame302,images/Ruokolahti/ruokolahti_DJI_0080_frame302.jpg,labels/Ruokolahti/ruokolahti_DJI_0080_frame302.txt,location,4096,2160,True,8
Ruokolahti,ruokolahti_DJI_0080_frame303,images/Ruokolahti/ruokolahti_DJI_0080_frame303.jpg,labels/Ruokolahti/ruokolahti_DJI_0080_frame303.txt,location,4096,2160,True,1
Ruokolahti,ruokolahti_DJI_0080_frame304,images/Ruokolahti/ruokolahti_DJI_0080_frame304.jpg,labels/Ruokolahti/ruokolahti_DJI_0080_frame304.txt,location,4096,2160,True,1
Ruokolahti,ruokolahti_DJI_0080_frame305,images/Ruokolahti/ruokolahti_DJI_0080_frame305.jpg,labels/Ruokolahti/ruokolahti_DJI_0080_frame305.txt,location,4096,2160,True,1
Ruokolahti,ruokolahti_DJI_0080_frame306,images/Ruokolahti/ruokolahti_DJI_0080_frame306.jpg,labels/Ruokolahti/ruokolahti_DJI_0080_frame306.txt,location,4096,2160,True,1
Ruokolahti,ruokolahti_DJI_0080_frame307,images/Ruokolahti/ruokolahti_DJI_0080_frame307.jpg,labels/Ruokolahti/ruokolahti_DJI_0080_frame307.txt,location,4096,2160,True,1
Ruokolahti,ruokolahti_DJI_0080_frame308,images/Ruokolahti/ruokolahti_DJI_0080_frame308.jpg,labels/Ruokolahti/ruokolahti_DJI_0080_frame308.txt,location,4096,2160,True,1
Ruokolahti,ruokolahti_DJI_0080_frame309,images/Ruokolahti/ruokolahti_DJI_0080_frame309.jpg,labels/Ruokolahti/ruokolahti_DJI_0080_frame309.txt,location,4096,2160,True,1
Ruokolahti,ruokolahti_DJI_0080_frame31,images/Ruokolahti/ruokolahti_DJI_0080_frame31.jpg,labels/Ruokolahti/ruokolahti_DJI_0080_frame31.txt,location,4096,2160,True,1
Ruokolahti,ruokolahti_DJI_0080_frame310,images/Ruokolahti/ruokolahti_DJI_0080_frame310.jpg,labels/Ruokolahti/ruokolahti_DJI_0080_frame310.txt,location,4096,2160,True,1
Ruokolahti,ruokolahti_DJI_0080_frame311,images/Ruokolahti/ruokolahti_DJI_0080_frame311.jpg,labels/Ruokolahti/ruokolahti_DJI_0080_frame311.txt,location,4096,2160,True,1
Ruokolahti,ruokolahti_DJI_0080_frame312,images/Ruokolahti/ruokolahti_DJI_0080_frame312.jpg,labels/Ruokolahti/ruokolahti_DJI_0080_frame312.txt,location,4096,2160,True,1
Ruokolahti,ruokolahti_DJI_0080_frame313,images/Ruokolahti/ruokolahti_DJI_0080_frame313.jpg,labels/Ruokolahti/ruokolahti_DJI_0080_frame313.txt,location,4096,2160,True,1
Ruokolahti,ruokolahti_DJI_0080_frame314,images/Ruokolahti/ruokolahti_DJI_0080_frame314.jpg,labels/Ruokolahti/ruokolahti_DJI_0080_frame314.txt,location,4096,2160,True,1
Ruokolahti,ruokolahti_DJI_0080_frame315,images/Ruokolahti/ruokolahti_DJI_0080_frame315.jpg,labels/Ruokolahti/ruokolahti_DJI_0080_frame315.txt,location,4096,2160,True,1
Ruokolahti,ruokolahti_DJI_0080_frame316,images/Ruokolahti/ruokolahti_DJI_0080_frame316.jpg,labels/Ruokolahti/ruokolahti_DJI_0080_frame316.txt,location,4096,2160,True,1
Ruokolahti,ruokolahti_DJI_0080_frame317,images/Ruokolahti/ruokolahti_DJI_0080_frame317.jpg,labels/Ruokolahti/ruokolahti_DJI_0080_frame317.txt,location,4096,2160,True,1
Ruokolahti,ruokolahti_DJI_0080_frame318,images/Ruokolahti/ruokolahti_DJI_0080_frame318.jpg,labels/Ruokolahti/ruokolahti_DJI_0080_frame318.txt,location,4096,2160,True,1
Ruokolahti,ruokolahti_DJI_0080_frame319,images/Ruokolahti/ruokolahti_DJI_0080_frame319.jpg,labels/Ruokolahti/ruokolahti_DJI_0080_frame319.txt,location,4096,2160,True,1
Ruokolahti,ruokolahti_DJI_0080_frame32,images/Ruokolahti/ruokolahti_DJI_0080_frame32.jpg,labels/Ruokolahti/ruokolahti_DJI_0080_frame32.txt,location,4096,2160,True,1
Ruokolahti,ruokolahti_DJI_0080_frame320,images/Ruokolahti/ruokolahti_DJI_0080_frame320.jpg,labels/Ruokolahti/ruokolahti_DJI_0080_frame320.txt,location,4096,2160,True,1
Ruokolahti,ruokolahti_DJI_0080_frame321,images/Ruokolahti/ruokolahti_DJI_0080_frame321.jpg,labels/Ruokolahti/ruokolahti_DJI_0080_frame321.txt,location,4096,2160,True,1
Ruokolahti,ruokolahti_DJI_0080_frame322,images/Ruokolahti/ruokolahti_DJI_0080_frame322.jpg,labels/Ruokolahti/ruokolahti_DJI_0080_frame322.txt,location,4096,2160,True,1
Ruokolahti,ruokolahti_DJI_0080_frame323,images/Ruokolahti/ruokolahti_DJI_0080_frame323.jpg,labels/Ruokolahti/ruokolahti_DJI_0080_frame323.txt,location,4096,2160,True,1
Ruokolahti,ruokolahti_DJI_0080_frame324,images/Ruokolahti/ruokolahti_DJI_0080_frame324.jpg,labels/Ruokolahti/ruokolahti_DJI_0080_frame324.txt,location,4096,2160,True,1
Ruokolahti,ruokolahti_DJI_0080_frame325,images/Ruokolahti/ruokolahti_DJI_0080_frame325.jpg,labels/Ruokolahti/ruokolahti_DJI_0080_frame325.txt,location,4096,2160,True,1
Ruokolahti,ruokolahti_DJI_0080_frame326,images/Ruokolahti/ruokolahti_DJI_0080_frame326.jpg,labels/Ruokolahti/ruokolahti_DJI_0080_frame326.txt,location,4096,2160,True,1
Ruokolahti,ruokolahti_DJI_0080_frame327,images/Ruokolahti/ruokolahti_DJI_0080_frame327.jpg,labels/Ruokolahti/ruokolahti_DJI_0080_frame327.txt,location,4096,2160,True,1
Ruokolahti,ruokolahti_DJI_0080_frame328,images/Ruokolahti/ruokolahti_DJI_0080_frame328.jpg,labels/Ruokolahti/ruokolahti_DJI_0080_frame328.txt,location,4096,2160,True,1
Ruokolahti,ruokolahti_DJI_0080_frame329,images/Ruokolahti/ruokolahti_DJI_0080_frame329.jpg,labels/Ruokolahti/ruokolahti_DJI_0080_frame329.txt,location,4096,2160,True,1
Ruokolahti,ruokolahti_DJI_0080_frame33,images/Ruokolahti/ruokolahti_DJI_0080_frame33.jpg,labels/Ruokolahti/ruokolahti_DJI_0080_frame33.txt,location,4096,2160,True,1
Ruokolahti,ruokolahti_DJI_0080_frame330,images/Ruokolahti/ruokolahti_DJI_0080_frame330.jpg,labels/Ruokolahti/ruokolahti_DJI_0080_frame330.txt,location,4096,2160,True,1
Ruokolahti,ruokolahti_DJI_0080_frame331,images/Ruokolahti/ruokolahti_DJI_0080_frame331.jpg,labels/Ruokolahti/ruokolahti_DJI_0080_frame331.txt,location,4096,2160,True,1
Ruokolahti,ruokolahti_DJI_0080_frame332,images/Ruokolahti/ruokolahti_DJI_0080_frame332.jpg,labels/Ruokolahti/ruokolahti_DJI_0080_frame332.txt,location,4096,2160,True,1
Ruokolahti,ruokolahti_DJI_0080_frame333,images/Ruokolahti/ruokolahti_DJI_0080_frame333.jpg,labels/Ruokolahti/ruokolahti_DJI_0080_frame333.txt,location,4096,2160,True,1
Ruokolahti,ruokolahti_DJI_0080_frame334,images/Ruokolahti/ruokolahti_DJI_0080_frame334.jpg,labels/Ruokolahti/ruokolahti_DJI_0080_frame334.txt,location,4096,2160,True,1
Ruokolahti,ruokolahti_DJI_0080_frame335,images/Ruokolahti/ruokolahti_DJI_0080_frame335.jpg,labels/Ruokolahti/ruokolahti_DJI_0080_frame335.txt,location,4096,2160,True,1
Ruokolahti,ruokolahti_DJI_0080_frame336,images/Ruokolahti/ruokolahti_DJI_0080_frame336.jpg,labels/Ruokolahti/ruokolahti_DJI_0080_frame336.txt,location,4096,2160,True,1
Ruokolahti,ruokolahti_DJI_0080_frame337,images/Ruokolahti/ruokolahti_DJI_0080_frame337.jpg,labels/Ruokolahti/ruokolahti_DJI_0080_frame337.txt,location,4096,2160,True,1
Ruokolahti,ruokolahti_DJI_0080_frame338,images/Ruokolahti/ruokolahti_DJI_0080_frame338.jpg,labels/Ruokolahti/ruokolahti_DJI_0080_frame338.txt,location,4096,2160,True,1
Ruokolahti,ruokolahti_DJI_0080_frame339,images/Ruokolahti/ruokolahti_DJI_0080_frame339.jpg,labels/Ruokolahti/ruokolahti_DJI_0080_frame339.txt,location,4096,2160,True,1
Ruokolahti,ruokolahti_DJI_0080_frame34,images/Ruokolahti/ruokolahti_DJI_0080_frame34.jpg,labels/Ruokolahti/ruokolahti_DJI_0080_frame34.txt,location,4096,2160,True,1
Ruokolahti,ruokolahti_DJI_0080_frame340,images/Ruokolahti/ruokolahti_DJI_0080_frame340.jpg,labels/Ruokolahti/ruokolahti_DJI_0080_frame340.txt,location,4096,2160,True,1
Ruokolahti,ruokolahti_DJI_0080_frame35,images/Ruokolahti/ruokolahti_DJI_0080_frame35.jpg,labels/Ruokolahti/ruokolahti_DJI_0080_frame35.txt,location,4096,2160,True,1
Ruokolahti,ruokolahti_DJI_0080_frame36,images/Ruokolahti/ruokolahti_DJI_0080_frame36.jpg,labels/Ruokolahti/ruokolahti_DJI_0080_frame36.txt,location,4096,2160,True,1
Ruokolahti,ruokolahti_DJI_0080_frame37,images/Ruokolahti/ruokolahti_DJI_0080_frame37.jpg,labels/Ruokolahti/ruokolahti_DJI_0080_frame37.txt,location,4096,2160,True,1
Ruokolahti,ruokolahti_DJI_0080_frame38,images/Ruokolahti/ruokolahti_DJI_0080_frame38.jpg,labels/Ruokolahti/ruokolahti_DJI_0080_frame38.txt,location,4096,2160,True,1
Ruokolahti,ruokolahti_DJI_0080_frame39,images/Ruokolahti/ruokolahti_DJI_0080_frame39.jpg,labels/Ruokolahti/ruokolahti_DJI_0080_frame39.txt,location,4096,2160,True,1
Ruokolahti,ruokolahti_DJI_0080_frame4,images/Ruokolahti/ruokolahti_DJI_0080_frame4.jpg,labels/Ruokolahti/ruokolahti_DJI_0080_frame4.txt,location,4096,2160,True,1
Ruokolahti,ruokolahti_DJI_0080_frame40,images/Ruokolahti/ruokolahti_DJI_0080_frame40.jpg,labels/Ruokolahti/ruokolahti_DJI_0080_frame40.txt,location,4096,2160,True,1
Ruokolahti,ruokolahti_DJI_0080_frame41,images/Ruokolahti/ruokolahti_DJI_0080_frame41.jpg,labels/Ruokolahti/ruokolahti_DJI_0080_frame41.txt,location,4096,2160,True,1
Ruokolahti,ruokolahti_DJI_0080_frame42,images/Ruokolahti/ruokolahti_DJI_0080_frame42.jpg,labels/Ruokolahti/ruokolahti_DJI_0080_frame42.txt,location,4096,2160,True,1
Ruokolahti,ruokolahti_DJI_0080_frame43,images/Ruokolahti/ruokolahti_DJI_0080_frame43.jpg,labels/Ruokolahti/ruokolahti_DJI_0080_frame43.txt,location,4096,2160,True,1
Ruokolahti,ruokolahti_DJI_0080_frame44,images/Ruokolahti/ruokolahti_DJI_0080_frame44.jpg,labels/Ruokolahti/ruokolahti_DJI_0080_frame44.txt,location,4096,2160,True,1
Ruokolahti,ruokolahti_DJI_0080_frame45,images/Ruokolahti/ruokolahti_DJI_0080_frame45.jpg,labels/Ruokolahti/ruokolahti_DJI_0080_frame45.txt,location,4096,2160,True,1
Ruokolahti,ruokolahti_DJI_0080_frame46,images/Ruokolahti/ruokolahti_DJI_0080_frame46.jpg,labels/Ruokolahti/ruokolahti_DJI_0080_frame46.txt,location,4096,2160,True,1
Ruokolahti,ruokolahti_DJI_0080_frame47,images/Ruokolahti/ruokolahti_DJI_0080_frame47.jpg,labels/Ruokolahti/ruokolahti_DJI_0080_frame47.txt,location,4096,2160,True,1
Ruokolahti,ruokolahti_DJI_0080_frame48,images/Ruokolahti/ruokolahti_DJI_0080_frame48.jpg,labels/Ruokolahti/ruokolahti_DJI_0080_frame48.txt,location,4096,2160,True,1
Ruokolahti,ruokolahti_DJI_0080_frame49,images/Ruokolahti/ruokolahti_DJI_0080_frame49.jpg,labels/Ruokolahti/ruokolahti_DJI_0080_frame49.txt,location,4096,2160,True,1
Ruokolahti,ruokolahti_DJI_0080_frame5,images/Ruokolahti/ruokolahti_DJI_0080_frame5.jpg,labels/Ruokolahti/ruokolahti_DJI_0080_frame5.txt,location,4096,2160,True,1
Ruokolahti,ruokolahti_DJI_0080_frame50,images/Ruokolahti/ruokolahti_DJI_0080_frame50.jpg,labels/Ruokolahti/ruokolahti_DJI_0080_frame50.txt,location,4096,2160,True,1
Ruokolahti,ruokolahti_DJI_0080_frame51,images/Ruokolahti/ruokolahti_DJI_0080_frame51.jpg,labels/Ruokolahti/ruokolahti_DJI_0080_frame51.txt,location,4096,2160,True,1
Ruokolahti,ruokolahti_DJI_0080_frame52,images/Ruokolahti/ruokolahti_DJI_0080_frame52.jpg,labels/Ruokolahti/ruokolahti_DJI_0080_frame52.txt,location,4096,2160,True,1
Ruokolahti,ruokolahti_DJI_0080_frame53,images/Ruokolahti/ruokolahti_DJI_0080_frame53.jpg,labels/Ruokolahti/ruokolahti_DJI_0080_frame53.txt,location,4096,2160,True,1
Ruokolahti,ruokolahti_DJI_0080_frame54,images/Ruokolahti/ruokolahti_DJI_0080_frame54.jpg,labels/Ruokolahti/ruokolahti_DJI_0080_frame54.txt,location,4096,2160,True,1
Ruokolahti,ruokolahti_DJI_0080_frame55,images/Ruokolahti/ruokolahti_DJI_0080_frame55.jpg,labels/Ruokolahti/ruokolahti_DJI_0080_frame55.txt,location,4096,2160,True,1
Ruokolahti,ruokolahti_DJI_0080_frame56,images/Ruokolahti/ruokolahti_DJI_0080_frame56.jpg,labels/Ruokolahti/ruokolahti_DJI_0080_frame56.txt,location,4096,2160,True,1
Ruokolahti,ruokolahti_DJI_0080_frame57,images/Ruokolahti/ruokolahti_DJI_0080_frame57.jpg,labels/Ruokolahti/ruokolahti_DJI_0080_frame57.txt,location,4096,2160,True,1
Ruokolahti,ruokolahti_DJI_0080_frame58,images/Ruokolahti/ruokolahti_DJI_0080_frame58.jpg,labels/Ruokolahti/ruokolahti_DJI_0080_frame58.txt,location,4096,2160,True,1
Ruokolahti,ruokolahti_DJI_0080_frame59,images/Ruokolahti/ruokolahti_DJI_0080_frame59.jpg,labels/Ruokolahti/ruokolahti_DJI_0080_frame59.txt,location,4096,2160,True,1
Ruokolahti,ruokolahti_DJI_0080_frame6,images/Ruokolahti/ruokolahti_DJI_0080_frame6.jpg,labels/Ruokolahti/ruokolahti_DJI_0080_frame6.txt,location,4096,2160,True,4
Ruokolahti,ruokolahti_DJI_0080_frame60,images/Ruokolahti/ruokolahti_DJI_0080_frame60.jpg,labels/Ruokolahti/ruokolahti_DJI_0080_frame60.txt,location,4096,2160,True,1
Ruokolahti,ruokolahti_DJI_0080_frame61,images/Ruokolahti/ruokolahti_DJI_0080_frame61.jpg,labels/Ruokolahti/ruokolahti_DJI_0080_frame61.txt,location,4096,2160,True,1
Ruokolahti,ruokolahti_DJI_0080_frame62,images/Ruokolahti/ruokolahti_DJI_0080_frame62.jpg,labels/Ruokolahti/ruokolahti_DJI_0080_frame62.txt,location,4096,2160,True,1
Ruokolahti,ruokolahti_DJI_0080_frame63,images/Ruokolahti/ruokolahti_DJI_0080_frame63.jpg,labels/Ruokolahti/ruokolahti_DJI_0080_frame63.txt,location,4096,2160,True,1
Ruokolahti,ruokolahti_DJI_0080_frame64,images/Ruokolahti/ruokolahti_DJI_0080_frame64.jpg,labels/Ruokolahti/ruokolahti_DJI_0080_frame64.txt,location,4096,2160,True,1
Ruokolahti,ruokolahti_DJI_0080_frame65,images/Ruokolahti/ruokolahti_DJI_0080_frame65.jpg,labels/Ruokolahti/ruokolahti_DJI_0080_frame65.txt,location,4096,2160,True,1
Ruokolahti,ruokolahti_DJI_0080_frame66,images/Ruokolahti/ruokolahti_DJI_0080_frame66.jpg,labels/Ruokolahti/ruokolahti_DJI_0080_frame66.txt,location,4096,2160,True,1
Ruokolahti,ruokolahti_DJI_0080_frame67,images/Ruokolahti/ruokolahti_DJI_0080_frame67.jpg,labels/Ruokolahti/ruokolahti_DJI_0080_frame67.txt,location,4096,2160,True,1
Ruokolahti,ruokolahti_DJI_0080_frame68,images/Ruokolahti/ruokolahti_DJI_0080_frame68.jpg,labels/Ruokolahti/ruokolahti_DJI_0080_frame68.txt,location,4096,2160,True,1
Ruokolahti,ruokolahti_DJI_0080_frame69,images/Ruokolahti/ruokolahti_DJI_0080_frame69.jpg,labels/Ruokolahti/ruokolahti_DJI_0080_frame69.txt,location,4096,2160,True,1
Ruokolahti,ruokolahti_DJI_0080_frame7,images/Ruokolahti/ruokolahti_DJI_0080_frame7.jpg,labels/Ruokolahti/ruokolahti_DJI_0080_frame7.txt,location,4096,2160,True,1
Ruokolahti,ruokolahti_DJI_0080_frame70,images/Ruokolahti/ruokolahti_DJI_0080_frame70.jpg,labels/Ruokolahti/ruokolahti_DJI_0080_frame70.txt,location,4096,2160,True,1
Ruokolahti,ruokolahti_DJI_0080_frame71,images/Ruokolahti/ruokolahti_DJI_0080_frame71.jpg,labels/Ruokolahti/ruokolahti_DJI_0080_frame71.txt,location,4096,2160,True,1
Ruokolahti,ruokolahti_DJI_0080_frame72,images/Ruokolahti/ruokolahti_DJI_0080_frame72.jpg,labels/Ruokolahti/ruokolahti_DJI_0080_frame72.txt,location,4096,2160,True,1
Ruokolahti,ruokolahti_DJI_0080_frame73,images/Ruokolahti/ruokolahti_DJI_0080_frame73.jpg,labels/Ruokolahti/ruokolahti_DJI_0080_frame73.txt,location,4096,2160,True,1
Ruokolahti,ruokolahti_DJI_0080_frame74,images/Ruokolahti/ruokolahti_DJI_0080_frame74.jpg,labels/Ruokolahti/ruokolahti_DJI_0080_frame74.txt,location,4096,2160,True,1
Ruokolahti,ruokolahti_DJI_0080_frame75,images/Ruokolahti/ruokolahti_DJI_0080_frame75.jpg,labels/Ruokolahti/ruokolahti_DJI_0080_frame75.txt,location,4096,2160,True,1
Ruokolahti,ruokolahti_DJI_0080_frame76,images/Ruokolahti/ruokolahti_DJI_0080_frame76.jpg,labels/Ruokolahti/ruokolahti_DJI_0080_frame76.txt,location,4096,2160,True,1
Ruokolahti,ruokolahti_DJI_0080_frame77,images/Ruokolahti/ruokolahti_DJI_0080_frame77.jpg,labels/Ruokolahti/ruokolahti_DJI_0080_frame77.txt,location,4096,2160,True,1
Ruokolahti,ruokolahti_DJI_0080_frame78,images/Ruokolahti/ruokolahti_DJI_0080_frame78.jpg,labels/Ruokolahti/ruokolahti_DJI_0080_frame78.txt,location,4096,2160,True,1
Ruokolahti,ruokolahti_DJI_0080_frame79,images/Ruokolahti/ruokolahti_DJI_0080_frame79.jpg,labels/Ruokolahti/ruokolahti_DJI_0080_frame79.txt,location,4096,2160,True,1
Ruokolahti,ruokolahti_DJI_0080_frame8,images/Ruokolahti/ruokolahti_DJI_0080_frame8.jpg,labels/Ruokolahti/ruokolahti_DJI_0080_frame8.txt,location,4096,2160,True,1
Ruokolahti,ruokolahti_DJI_0080_frame80,images/Ruokolahti/ruokolahti_DJI_0080_frame80.jpg,labels/Ruokolahti/ruokolahti_DJI_0080_frame80.txt,location,4096,2160,True,1
Ruokolahti,ruokolahti_DJI_0080_frame81,images/Ruokolahti/ruokolahti_DJI_0080_frame81.jpg,labels/Ruokolahti/ruokolahti_DJI_0080_frame81.txt,location,4096,2160,True,1
Ruokolahti,ruokolahti_DJI_0080_frame82,images/Ruokolahti/ruokolahti_DJI_0080_frame82.jpg,labels/Ruokolahti/ruokolahti_DJI_0080_frame82.txt,location,4096,2160,True,1
Ruokolahti,ruokolahti_DJI_0080_frame83,images/Ruokolahti/ruokolahti_DJI_0080_frame83.jpg,labels/Ruokolahti/ruokolahti_DJI_0080_frame83.txt,location,4096,2160,True,1
Ruokolahti,ruokolahti_DJI_0080_frame84,images/Ruokolahti/ruokolahti_DJI_0080_frame84.jpg,labels/Ruokolahti/ruokolahti_DJI_0080_frame84.txt,location,4096,2160,True,1
Ruokolahti,ruokolahti_DJI_0080_frame85,images/Ruokolahti/ruokolahti_DJI_0080_frame85.jpg,labels/Ruokolahti/ruokolahti_DJI_0080_frame85.txt,location,4096,2160,True,1
Ruokolahti,ruokolahti_DJI_0080_frame86,images/Ruokolahti/ruokolahti_DJI_0080_frame86.jpg,labels/Ruokolahti/ruokolahti_DJI_0080_frame86.txt,location,4096,2160,True,1
Ruokolahti,ruokolahti_DJI_0080_frame87,images/Ruokolahti/ruokolahti_DJI_0080_frame87.jpg,labels/Ruokolahti/ruokolahti_DJI_0080_frame87.txt,location,4096,2160,True,1
Ruokolahti,ruokolahti_DJI_0080_frame88,images/Ruokolahti/ruokolahti_DJI_0080_frame88.jpg,labels/Ruokolahti/ruokolahti_DJI_0080_frame88.txt,location,4096,2160,True,1
Ruokolahti,ruokolahti_DJI_0080_frame89,images/Ruokolahti/ruokolahti_DJI_0080_frame89.jpg,labels/Ruokolahti/ruokolahti_DJI_0080_frame89.txt,location,4096,2160,True,1
Ruokolahti,ruokolahti_DJI_0080_frame9,images/Ruokolahti/ruokolahti_DJI_0080_frame9.jpg,labels/Ruokolahti/ruokolahti_DJI_0080_frame9.txt,location,4096,2160,True,1
Ruokolahti,ruokolahti_DJI_0080_frame90,images/Ruokolahti/ruokolahti_DJI_0080_frame90.jpg,labels/Ruokolahti/ruokolahti_DJI_0080_frame90.txt,location,4096,2160,True,1
Ruokolahti,ruokolahti_DJI_0080_frame91,images/Ruokolahti/ruokolahti_DJI_0080_frame91.jpg,labels/Ruokolahti/ruokolahti_DJI_0080_frame91.txt,location,4096,2160,True,1
Ruokolahti,ruokolahti_DJI_0080_frame92,images/Ruokolahti/ruokolahti_DJI_0080_frame92.jpg,labels/Ruokolahti/ruokolahti_DJI_0080_frame92.txt,location,4096,2160,True,9
Ruokolahti,ruokolahti_DJI_0080_frame93,images/Ruokolahti/ruokolahti_DJI_0080_frame93.jpg,labels/Ruokolahti/ruokolahti_DJI_0080_frame93.txt,location,4096,2160,True,1
Ruokolahti,ruokolahti_DJI_0080_frame94,images/Ruokolahti/ruokolahti_DJI_0080_frame94.jpg,labels/Ruokolahti/ruokolahti_DJI_0080_frame94.txt,location,4096,2160,True,1
Ruokolahti,ruokolahti_DJI_0080_frame95,images/Ruokolahti/ruokolahti_DJI_0080_frame95.jpg,labels/Ruokolahti/ruokolahti_DJI_0080_frame95.txt,location,4096,2160,True,1
Ruokolahti,ruokolahti_DJI_0080_frame96,images/Ruokolahti/ruokolahti_DJI_0080_frame96.jpg,labels/Ruokolahti/ruokolahti_DJI_0080_frame96.txt,location,4096,2160,True,1
Ruokolahti,ruokolahti_DJI_0080_frame97,images/Ruokolahti/ruokolahti_DJI_0080_frame97.jpg,labels/Ruokolahti/ruokolahti_DJI_0080_frame97.txt,location,4096,2160,True,1
Ruokolahti,ruokolahti_DJI_0080_frame98,images/Ruokolahti/ruokolahti_DJI_0080_frame98.jpg,labels/Ruokolahti/ruokolahti_DJI_0080_frame98.txt,location,4096,2160,True,1
Ruokolahti,ruokolahti_DJI_0080_frame99,images/Ruokolahti/ruokolahti_DJI_0080_frame99.jpg,labels/Ruokolahti/ruokolahti_DJI_0080_frame99.txt,location,4096,2160,True,1
Ruokolahti,ruokolahti_DJI_0081_frame0,images/Ruokolahti/ruokolahti_DJI_0081_frame0.jpg,labels/Ruokolahti/ruokolahti_DJI_0081_frame0.txt,location,4096,2160,True,1
Ruokolahti,ruokolahti_DJI_0081_frame1,images/Ruokolahti/ruokolahti_DJI_0081_frame1.jpg,labels/Ruokolahti/ruokolahti_DJI_0081_frame1.txt,location,4096,2160,True,1
Ruokolahti,ruokolahti_DJI_0081_frame10,images/Ruokolahti/ruokolahti_DJI_0081_frame10.jpg,labels/Ruokolahti/ruokolahti_DJI_0081_frame10.txt,location,4096,2160,True,1
Ruokolahti,ruokolahti_DJI_0081_frame100,images/Ruokolahti/ruokolahti_DJI_0081_frame100.jpg,labels/Ruokolahti/ruokolahti_DJI_0081_frame100.txt,location,4096,2160,True,1
Ruokolahti,ruokolahti_DJI_0081_frame101,images/Ruokolahti/ruokolahti_DJI_0081_frame101.jpg,labels/Ruokolahti/ruokolahti_DJI_0081_frame101.txt,location,4096,2160,True,1
Ruokolahti,ruokolahti_DJI_0081_frame102,images/Ruokolahti/ruokolahti_DJI_0081_frame102.jpg,labels/Ruokolahti/ruokolahti_DJI_0081_frame102.txt,location,4096,2160,True,1
Ruokolahti,ruokolahti_DJI_0081_frame103,images/Ruokolahti/ruokolahti_DJI_0081_frame103.jpg,labels/Ruokolahti/ruokolahti_DJI_0081_frame103.txt,location,4096,2160,True,1
Ruokolahti,ruokolahti_DJI_0081_frame104,images/Ruokolahti/ruokolahti_DJI_0081_frame104.jpg,labels/Ruokolahti/ruokolahti_DJI_0081_frame104.txt,location,4096,2160,True,1
Ruokolahti,ruokolahti_DJI_0081_frame105,images/Ruokolahti/ruokolahti_DJI_0081_frame105.jpg,labels/Ruokolahti/ruokolahti_DJI_0081_frame105.txt,location,4096,2160,True,1
Ruokolahti,ruokolahti_DJI_0081_frame106,images/Ruokolahti/ruokolahti_DJI_0081_frame106.jpg,labels/Ruokolahti/ruokolahti_DJI_0081_frame106.txt,location,4096,2160,True,1
Ruokolahti,ruokolahti_DJI_0081_frame107,images/Ruokolahti/ruokolahti_DJI_0081_frame107.jpg,labels/Ruokolahti/ruokolahti_DJI_0081_frame107.txt,location,4096,2160,True,1
Ruokolahti,ruokolahti_DJI_0081_frame108,images/Ruokolahti/ruokolahti_DJI_0081_frame108.jpg,labels/Ruokolahti/ruokolahti_DJI_0081_frame108.txt,location,4096,2160,True,1
Ruokolahti,ruokolahti_DJI_0081_frame109,images/Ruokolahti/ruokolahti_DJI_0081_frame109.jpg,labels/Ruokolahti/ruokolahti_DJI_0081_frame109.txt,location,4096,2160,True,1
Ruokolahti,ruokolahti_DJI_0081_frame11,images/Ruokolahti/ruokolahti_DJI_0081_frame11.jpg,labels/Ruokolahti/ruokolahti_DJI_0081_frame11.txt,location,4096,2160,True,1
Ruokolahti,ruokolahti_DJI_0081_frame110,images/Ruokolahti/ruokolahti_DJI_0081_frame110.jpg,labels/Ruokolahti/ruokolahti_DJI_0081_frame110.txt,location,4096,2160,True,1
Ruokolahti,ruokolahti_DJI_0081_frame111,images/Ruokolahti/ruokolahti_DJI_0081_frame111.jpg,labels/Ruokolahti/ruokolahti_DJI_0081_frame111.txt,location,4096,2160,True,1
Ruokolahti,ruokolahti_DJI_0081_frame112,images/Ruokolahti/ruokolahti_DJI_0081_frame112.jpg,labels/Ruokolahti/ruokolahti_DJI_0081_frame112.txt,location,4096,2160,True,1
Ruokolahti,ruokolahti_DJI_0081_frame113,images/Ruokolahti/ruokolahti_DJI_0081_frame113.jpg,labels/Ruokolahti/ruokolahti_DJI_0081_frame113.txt,location,4096,2160,True,1
Ruokolahti,ruokolahti_DJI_0081_frame114,images/Ruokolahti/ruokolahti_DJI_0081_frame114.jpg,labels/Ruokolahti/ruokolahti_DJI_0081_frame114.txt,location,4096,2160,True,1
Ruokolahti,ruokolahti_DJI_0081_frame115,images/Ruokolahti/ruokolahti_DJI_0081_frame115.jpg,labels/Ruokolahti/ruokolahti_DJI_0081_frame115.txt,location,4096,2160,True,1
Ruokolahti,ruokolahti_DJI_0081_frame116,images/Ruokolahti/ruokolahti_DJI_0081_frame116.jpg,labels/Ruokolahti/ruokolahti_DJI_0081_frame116.txt,location,4096,2160,True,1
Ruokolahti,ruokolahti_DJI_0081_frame117,images/Ruokolahti/ruokolahti_DJI_0081_frame117.jpg,labels/Ruokolahti/ruokolahti_DJI_0081_frame117.txt,location,4096,2160,True,1
Ruokolahti,ruokolahti_DJI_0081_frame118,images/Ruokolahti/ruokolahti_DJI_0081_frame118.jpg,labels/Ruokolahti/ruokolahti_DJI_0081_frame118.txt,location,4096,2160,True,1
Ruokolahti,ruokolahti_DJI_0081_frame119,images/Ruokolahti/ruokolahti_DJI_0081_frame119.jpg,labels/Ruokolahti/ruokolahti_DJI_0081_frame119.txt,location,4096,2160,True,8
Ruokolahti,ruokolahti_DJI_0081_frame12,images/Ruokolahti/ruokolahti_DJI_0081_frame12.jpg,labels/Ruokolahti/ruokolahti_DJI_0081_frame12.txt,location,4096,2160,True,1
Ruokolahti,ruokolahti_DJI_0081_frame120,images/Ruokolahti/ruokolahti_DJI_0081_frame120.jpg,labels/Ruokolahti/ruokolahti_DJI_0081_frame120.txt,location,4096,2160,True,1
Ruokolahti,ruokolahti_DJI_0081_frame121,images/Ruokolahti/ruokolahti_DJI_0081_frame121.jpg,labels/Ruokolahti/ruokolahti_DJI_0081_frame121.txt,location,4096,2160,True,1
Ruokolahti,ruokolahti_DJI_0081_frame122,images/Ruokolahti/ruokolahti_DJI_0081_frame122.jpg,labels/Ruokolahti/ruokolahti_DJI_0081_frame122.txt,location,4096,2160,True,1
Ruokolahti,ruokolahti_DJI_0081_frame123,images/Ruokolahti/ruokolahti_DJI_0081_frame123.jpg,labels/Ruokolahti/ruokolahti_DJI_0081_frame123.txt,location,4096,2160,True,1
Ruokolahti,ruokolahti_DJI_0081_frame124,images/Ruokolahti/ruokolahti_DJI_0081_frame124.jpg,labels/Ruokolahti/ruokolahti_DJI_0081_frame124.txt,location,4096,2160,True,1
Ruokolahti,ruokolahti_DJI_0081_frame125,images/Ruokolahti/ruokolahti_DJI_0081_frame125.jpg,labels/Ruokolahti/ruokolahti_DJI_0081_frame125.txt,location,4096,2160,True,1
Ruokolahti,ruokolahti_DJI_0081_frame126,images/Ruokolahti/ruokolahti_DJI_0081_frame126.jpg,labels/Ruokolahti/ruokolahti_DJI_0081_frame126.txt,location,4096,2160,True,1
Ruokolahti,ruokolahti_DJI_0081_frame127,images/Ruokolahti/ruokolahti_DJI_0081_frame127.jpg,labels/Ruokolahti/ruokolahti_DJI_0081_frame127.txt,location,4096,2160,True,1
Ruokolahti,ruokolahti_DJI_0081_frame13,images/Ruokolahti/ruokolahti_DJI_0081_frame13.jpg,labels/Ruokolahti/ruokolahti_DJI_0081_frame13.txt,location,4096,2160,True,1
Ruokolahti,ruokolahti_DJI_0081_frame14,images/Ruokolahti/ruokolahti_DJI_0081_frame14.jpg,labels/Ruokolahti/ruokolahti_DJI_0081_frame14.txt,location,4096,2160,True,1
Ruokolahti,ruokolahti_DJI_0081_frame15,images/Ruokolahti/ruokolahti_DJI_0081_frame15.jpg,labels/Ruokolahti/ruokolahti_DJI_0081_frame15.txt,location,4096,2160,True,1
Ruokolahti,ruokolahti_DJI_0081_frame16,images/Ruokolahti/ruokolahti_DJI_0081_frame16.jpg,labels/Ruokolahti/ruokolahti_DJI_0081_frame16.txt,location,4096,2160,True,1
Ruokolahti,ruokolahti_DJI_0081_frame17,images/Ruokolahti/ruokolahti_DJI_0081_frame17.jpg,labels/Ruokolahti/ruokolahti_DJI_0081_frame17.txt,location,4096,2160,True,1
Ruokolahti,ruokolahti_DJI_0081_frame18,images/Ruokolahti/ruokolahti_DJI_0081_frame18.jpg,labels/Ruokolahti/ruokolahti_DJI_0081_frame18.txt,location,4096,2160,True,1
Ruokolahti,ruokolahti_DJI_0081_frame19,images/Ruokolahti/ruokolahti_DJI_0081_frame19.jpg,labels/Ruokolahti/ruokolahti_DJI_0081_frame19.txt,location,4096,2160,True,1
Ruokolahti,ruokolahti_DJI_0081_frame2,images/Ruokolahti/ruokolahti_DJI_0081_frame2.jpg,labels/Ruokolahti/ruokolahti_DJI_0081_frame2.txt,location,4096,2160,True,1
Ruokolahti,ruokolahti_DJI_0081_frame20,images/Ruokolahti/ruokolahti_DJI_0081_frame20.jpg,labels/Ruokolahti/ruokolahti_DJI_0081_frame20.txt,location,4096,2160,True,1
Ruokolahti,ruokolahti_DJI_0081_frame21,images/Ruokolahti/ruokolahti_DJI_0081_frame21.jpg,labels/Ruokolahti/ruokolahti_DJI_0081_frame21.txt,location,4096,2160,True,1
Ruokolahti,ruokolahti_DJI_0081_frame22,images/Ruokolahti/ruokolahti_DJI_0081_frame22.jpg,labels/Ruokolahti/ruokolahti_DJI_0081_frame22.txt,location,4096,2160,True,1
Ruokolahti,ruokolahti_DJI_0081_frame23,images/Ruokolahti/ruokolahti_DJI_0081_frame23.jpg,labels/Ruokolahti/ruokolahti_DJI_0081_frame23.txt,location,4096,2160,True,1
Ruokolahti,ruokolahti_DJI_0081_frame24,images/Ruokolahti/ruokolahti_DJI_0081_frame24.jpg,labels/Ruokolahti/ruokolahti_DJI_0081_frame24.txt,location,4096,2160,True,1
Ruokolahti,ruokolahti_DJI_0081_frame25,images/Ruokolahti/ruokolahti_DJI_0081_frame25.jpg,labels/Ruokolahti/ruokolahti_DJI_0081_frame25.txt,location,4096,2160,True,1
Ruokolahti,ruokolahti_DJI_0081_frame26,images/Ruokolahti/ruokolahti_DJI_0081_frame26.jpg,labels/Ruokolahti/ruokolahti_DJI_0081_frame26.txt,location,4096,2160,True,1
Ruokolahti,ruokolahti_DJI_0081_frame27,images/Ruokolahti/ruokolahti_DJI_0081_frame27.jpg,labels/Ruokolahti/ruokolahti_DJI_0081_frame27.txt,location,4096,2160,True,1
Ruokolahti,ruokolahti_DJI_0081_frame28,images/Ruokolahti/ruokolahti_DJI_0081_frame28.jpg,labels/Ruokolahti/ruokolahti_DJI_0081_frame28.txt,location,4096,2160,True,1
Ruokolahti,ruokolahti_DJI_0081_frame29,images/Ruokolahti/ruokolahti_DJI_0081_frame29.jpg,labels/Ruokolahti/ruokolahti_DJI_0081_frame29.txt,location,4096,2160,True,1
Ruokolahti,ruokolahti_DJI_0081_frame3,images/Ruokolahti/ruokolahti_DJI_0081_frame3.jpg,labels/Ruokolahti/ruokolahti_DJI_0081_frame3.txt,location,4096,2160,True,1
Ruokolahti,ruokolahti_DJI_0081_frame30,images/Ruokolahti/ruokolahti_DJI_0081_frame30.jpg,labels/Ruokolahti/ruokolahti_DJI_0081_frame30.txt,location,4096,2160,True,1
Ruokolahti,ruokolahti_DJI_0081_frame31,images/Ruokolahti/ruokolahti_DJI_0081_frame31.jpg,labels/Ruokolahti/ruokolahti_DJI_0081_frame31.txt,location,4096,2160,True,1
Ruokolahti,ruokolahti_DJI_0081_frame32,images/Ruokolahti/ruokolahti_DJI_0081_frame32.jpg,labels/Ruokolahti/ruokolahti_DJI_0081_frame32.txt,location,4096,2160,True,1
Ruokolahti,ruokolahti_DJI_0081_frame33,images/Ruokolahti/ruokolahti_DJI_0081_frame33.jpg,labels/Ruokolahti/ruokolahti_DJI_0081_frame33.txt,location,4096,2160,True,1
Ruokolahti,ruokolahti_DJI_0081_frame34,images/Ruokolahti/ruokolahti_DJI_0081_frame34.jpg,labels/Ruokolahti/ruokolahti_DJI_0081_frame34.txt,location,4096,2160,True,1
Ruokolahti,ruokolahti_DJI_0081_frame35,images/Ruokolahti/ruokolahti_DJI_0081_frame35.jpg,labels/Ruokolahti/ruokolahti_DJI_0081_frame35.txt,location,4096,2160,True,1
Ruokolahti,ruokolahti_DJI_0081_frame36,images/Ruokolahti/ruokolahti_DJI_0081_frame36.jpg,labels/Ruokolahti/ruokolahti_DJI_0081_frame36.txt,location,4096,2160,True,1
Ruokolahti,ruokolahti_DJI_0081_frame37,images/Ruokolahti/ruokolahti_DJI_0081_frame37.jpg,labels/Ruokolahti/ruokolahti_DJI_0081_frame37.txt,location,4096,2160,True,1
Ruokolahti,ruokolahti_DJI_0081_frame38,images/Ruokolahti/ruokolahti_DJI_0081_frame38.jpg,labels/Ruokolahti/ruokolahti_DJI_0081_frame38.txt,location,4096,2160,True,1
Ruokolahti,ruokolahti_DJI_0081_frame39,images/Ruokolahti/ruokolahti_DJI_0081_frame39.jpg,labels/Ruokolahti/ruokolahti_DJI_0081_frame39.txt,location,4096,2160,True,1
Ruokolahti,ruokolahti_DJI_0081_frame4,images/Ruokolahti/ruokolahti_DJI_0081_frame4.jpg,labels/Ruokolahti/ruokolahti_DJI_0081_frame4.txt,location,4096,2160,True,1
Ruokolahti,ruokolahti_DJI_0081_frame40,images/Ruokolahti/ruokolahti_DJI_0081_frame40.jpg,labels/Ruokolahti/ruokolahti_DJI_0081_frame40.txt,location,4096,2160,True,1
Ruokolahti,ruokolahti_DJI_0081_frame41,images/Ruokolahti/ruokolahti_DJI_0081_frame41.jpg,labels/Ruokolahti/ruokolahti_DJI_0081_frame41.txt,location,4096,2160,True,1
Ruokolahti,ruokolahti_DJI_0081_frame42,images/Ruokolahti/ruokolahti_DJI_0081_frame42.jpg,labels/Ruokolahti/ruokolahti_DJI_0081_frame42.txt,location,4096,2160,True,1
Ruokolahti,ruokolahti_DJI_0081_frame43,images/Ruokolahti/ruokolahti_DJI_0081_frame43.jpg,labels/Ruokolahti/ruokolahti_DJI_0081_frame43.txt,location,4096,2160,True,1
Ruokolahti,ruokolahti_DJI_0081_frame44,images/Ruokolahti/ruokolahti_DJI_0081_frame44.jpg,labels/Ruokolahti/ruokolahti_DJI_0081_frame44.txt,location,4096,2160,True,1
Ruokolahti,ruokolahti_DJI_0081_frame45,images/Ruokolahti/ruokolahti_DJI_0081_frame45.jpg,labels/Ruokolahti/ruokolahti_DJI_0081_frame45.txt,location,4096,2160,True,1
Ruokolahti,ruokolahti_DJI_0081_frame46,images/Ruokolahti/ruokolahti_DJI_0081_frame46.jpg,labels/Ruokolahti/ruokolahti_DJI_0081_frame46.txt,location,4096,2160,True,1
Ruokolahti,ruokolahti_DJI_0081_frame47,images/Ruokolahti/ruokolahti_DJI_0081_frame47.jpg,labels/Ruokolahti/ruokolahti_DJI_0081_frame47.txt,location,4096,2160,True,1
Ruokolahti,ruokolahti_DJI_0081_frame48,images/Ruokolahti/ruokolahti_DJI_0081_frame48.jpg,labels/Ruokolahti/ruokolahti_DJI_0081_frame48.txt,location,4096,2160,True,1
Ruokolahti,ruokolahti_DJI_0081_frame49,images/Ruokolahti/ruokolahti_DJI_0081_frame49.jpg,labels/Ruokolahti/ruokolahti_DJI_0081_frame49.txt,location,4096,2160,True,1
Ruokolahti,ruokolahti_DJI_0081_frame5,images/Ruokolahti/ruokolahti_DJI_0081_frame5.jpg,labels/Ruokolahti/ruokolahti_DJI_0081_frame5.txt,location,4096,2160,True,1
Ruokolahti,ruokolahti_DJI_0081_frame50,images/Ruokolahti/ruokolahti_DJI_0081_frame50.jpg,labels/Ruokolahti/ruokolahti_DJI_0081_frame50.txt,location,4096,2160,True,1
Ruokolahti,ruokolahti_DJI_0081_frame51,images/Ruokolahti/ruokolahti_DJI_0081_frame51.jpg,labels/Ruokolahti/ruokolahti_DJI_0081_frame51.txt,location,4096,2160,True,1
Ruokolahti,ruokolahti_DJI_0081_frame52,images/Ruokolahti/ruokolahti_DJI_0081_frame52.jpg,labels/Ruokolahti/ruokolahti_DJI_0081_frame52.txt,location,4096,2160,True,1
Ruokolahti,ruokolahti_DJI_0081_frame53,images/Ruokolahti/ruokolahti_DJI_0081_frame53.jpg,labels/Ruokolahti/ruokolahti_DJI_0081_frame53.txt,location,4096,2160,True,1
Ruokolahti,ruokolahti_DJI_0081_frame54,images/Ruokolahti/ruokolahti_DJI_0081_frame54.jpg,labels/Ruokolahti/ruokolahti_DJI_0081_frame54.txt,location,4096,2160,True,1
Ruokolahti,ruokolahti_DJI_0081_frame55,images/Ruokolahti/ruokolahti_DJI_0081_frame55.jpg,labels/Ruokolahti/ruokolahti_DJI_0081_frame55.txt,location,4096,2160,True,1
Ruokolahti,ruokolahti_DJI_0081_frame56,images/Ruokolahti/ruokolahti_DJI_0081_frame56.jpg,labels/Ruokolahti/ruokolahti_DJI_0081_frame56.txt,location,4096,2160,True,1
Ruokolahti,ruokolahti_DJI_0081_frame57,images/Ruokolahti/ruokolahti_DJI_0081_frame57.jpg,labels/Ruokolahti/ruokolahti_DJI_0081_frame57.txt,location,4096,2160,True,1
Ruokolahti,ruokolahti_DJI_0081_frame58,images/Ruokolahti/ruokolahti_DJI_0081_frame58.jpg,labels/Ruokolahti/ruokolahti_DJI_0081_frame58.txt,location,4096,2160,True,1
Ruokolahti,ruokolahti_DJI_0081_frame59,images/Ruokolahti/ruokolahti_DJI_0081_frame59.jpg,labels/Ruokolahti/ruokolahti_DJI_0081_frame59.txt,location,4096,2160,True,1
Ruokolahti,ruokolahti_DJI_0081_frame6,images/Ruokolahti/ruokolahti_DJI_0081_frame6.jpg,labels/Ruokolahti/ruokolahti_DJI_0081_frame6.txt,location,4096,2160,True,1
Ruokolahti,ruokolahti_DJI_0081_frame60,images/Ruokolahti/ruokolahti_DJI_0081_frame60.jpg,labels/Ruokolahti/ruokolahti_DJI_0081_frame60.txt,location,4096,2160,True,1
Ruokolahti,ruokolahti_DJI_0081_frame61,images/Ruokolahti/ruokolahti_DJI_0081_frame61.jpg,labels/Ruokolahti/ruokolahti_DJI_0081_frame61.txt,location,4096,2160,True,1
Ruokolahti,ruokolahti_DJI_0081_frame62,images/Ruokolahti/ruokolahti_DJI_0081_frame62.jpg,labels/Ruokolahti/ruokolahti_DJI_0081_frame62.txt,location,4096,2160,True,1
Ruokolahti,ruokolahti_DJI_0081_frame63,images/Ruokolahti/ruokolahti_DJI_0081_frame63.jpg,labels/Ruokolahti/ruokolahti_DJI_0081_frame63.txt,location,4096,2160,True,1
Ruokolahti,ruokolahti_DJI_0081_frame64,images/Ruokolahti/ruokolahti_DJI_0081_frame64.jpg,labels/Ruokolahti/ruokolahti_DJI_0081_frame64.txt,location,4096,2160,True,1
Ruokolahti,ruokolahti_DJI_0081_frame65,images/Ruokolahti/ruokolahti_DJI_0081_frame65.jpg,labels/Ruokolahti/ruokolahti_DJI_0081_frame65.txt,location,4096,2160,True,1
Ruokolahti,ruokolahti_DJI_0081_frame66,images/Ruokolahti/ruokolahti_DJI_0081_frame66.jpg,labels/Ruokolahti/ruokolahti_DJI_0081_frame66.txt,location,4096,2160,True,1
Ruokolahti,ruokolahti_DJI_0081_frame67,images/Ruokolahti/ruokolahti_DJI_0081_frame67.jpg,labels/Ruokolahti/ruokolahti_DJI_0081_frame67.txt,location,4096,2160,True,1
Ruokolahti,ruokolahti_DJI_0081_frame68,images/Ruokolahti/ruokolahti_DJI_0081_frame68.jpg,labels/Ruokolahti/ruokolahti_DJI_0081_frame68.txt,location,4096,2160,True,1
Ruokolahti,ruokolahti_DJI_0081_frame69,images/Ruokolahti/ruokolahti_DJI_0081_frame69.jpg,labels/Ruokolahti/ruokolahti_DJI_0081_frame69.txt,location,4096,2160,True,1
Ruokolahti,ruokolahti_DJI_0081_frame7,images/Ruokolahti/ruokolahti_DJI_0081_frame7.jpg,labels/Ruokolahti/ruokolahti_DJI_0081_frame7.txt,location,4096,2160,True,1
Ruokolahti,ruokolahti_DJI_0081_frame70,images/Ruokolahti/ruokolahti_DJI_0081_frame70.jpg,labels/Ruokolahti/ruokolahti_DJI_0081_frame70.txt,location,4096,2160,True,1
Ruokolahti,ruokolahti_DJI_0081_frame71,images/Ruokolahti/ruokolahti_DJI_0081_frame71.jpg,labels/Ruokolahti/ruokolahti_DJI_0081_frame71.txt,location,4096,2160,True,1
Ruokolahti,ruokolahti_DJI_0081_frame72,images/Ruokolahti/ruokolahti_DJI_0081_frame72.jpg,labels/Ruokolahti/ruokolahti_DJI_0081_frame72.txt,location,4096,2160,True,1
Ruokolahti,ruokolahti_DJI_0081_frame73,images/Ruokolahti/ruokolahti_DJI_0081_frame73.jpg,labels/Ruokolahti/ruokolahti_DJI_0081_frame73.txt,location,4096,2160,True,1
Ruokolahti,ruokolahti_DJI_0081_frame74,images/Ruokolahti/ruokolahti_DJI_0081_frame74.jpg,labels/Ruokolahti/ruokolahti_DJI_0081_frame74.txt,location,4096,2160,True,1
Ruokolahti,ruokolahti_DJI_0081_frame75,images/Ruokolahti/ruokolahti_DJI_0081_frame75.jpg,labels/Ruokolahti/ruokolahti_DJI_0081_frame75.txt,location,4096,2160,True,1
Ruokolahti,ruokolahti_DJI_0081_frame76,images/Ruokolahti/ruokolahti_DJI_0081_frame76.jpg,labels/Ruokolahti/ruokolahti_DJI_0081_frame76.txt,location,4096,2160,True,1
Ruokolahti,ruokolahti_DJI_0081_frame77,images/Ruokolahti/ruokolahti_DJI_0081_frame77.jpg,labels/Ruokolahti/ruokolahti_DJI_0081_frame77.txt,location,4096,2160,True,1
Ruokolahti,ruokolahti_DJI_0081_frame78,images/Ruokolahti/ruokolahti_DJI_0081_frame78.jpg,labels/Ruokolahti/ruokolahti_DJI_0081_frame78.txt,location,4096,2160,True,1
Ruokolahti,ruokolahti_DJI_0081_frame79,images/Ruokolahti/ruokolahti_DJI_0081_frame79.jpg,labels/Ruokolahti/ruokolahti_DJI_0081_frame79.txt,location,4096,2160,True,1
Ruokolahti,ruokolahti_DJI_0081_frame8,images/Ruokolahti/ruokolahti_DJI_0081_frame8.jpg,labels/Ruokolahti/ruokolahti_DJI_0081_frame8.txt,location,4096,2160,True,1
Ruokolahti,ruokolahti_DJI_0081_frame80,images/Ruokolahti/ruokolahti_DJI_0081_frame80.jpg,labels/Ruokolahti/ruokolahti_DJI_0081_frame80.txt,location,4096,2160,True,1
Ruokolahti,ruokolahti_DJI_0081_frame81,images/Ruokolahti/ruokolahti_DJI_0081_frame81.jpg,labels/Ruokolahti/ruokolahti_DJI_0081_frame81.txt,location,4096,2160,True,1
Ruokolahti,ruokolahti_DJI_0081_frame82,images/Ruokolahti/ruokolahti_DJI_0081_frame82.jpg,labels/Ruokolahti/ruokolahti_DJI_0081_frame82.txt,location,4096,2160,True,1
Ruokolahti,ruokolahti_DJI_0081_frame83,images/Ruokolahti/ruokolahti_DJI_0081_frame83.jpg,labels/Ruokolahti/ruokolahti_DJI_0081_frame83.txt,location,4096,2160,True,1
Ruokolahti,ruokolahti_DJI_0081_frame84,images/Ruokolahti/ruokolahti_DJI_0081_frame84.jpg,labels/Ruokolahti/ruokolahti_DJI_0081_frame84.txt,location,4096,2160,True,1
Ruokolahti,ruokolahti_DJI_0081_frame85,images/Ruokolahti/ruokolahti_DJI_0081_frame85.jpg,labels/Ruokolahti/ruokolahti_DJI_0081_frame85.txt,location,4096,2160,True,1
Ruokolahti,ruokolahti_DJI_0081_frame86,images/Ruokolahti/ruokolahti_DJI_0081_frame86.jpg,labels/Ruokolahti/ruokolahti_DJI_0081_frame86.txt,location,4096,2160,True,1
Ruokolahti,ruokolahti_DJI_0081_frame87,images/Ruokolahti/ruokolahti_DJI_0081_frame87.jpg,labels/Ruokolahti/ruokolahti_DJI_0081_frame87.txt,location,4096,2160,True,1
Ruokolahti,ruokolahti_DJI_0081_frame88,images/Ruokolahti/ruokolahti_DJI_0081_frame88.jpg,labels/Ruokolahti/ruokolahti_DJI_0081_frame88.txt,location,4096,2160,True,1
Ruokolahti,ruokolahti_DJI_0081_frame89,images/Ruokolahti/ruokolahti_DJI_0081_frame89.jpg,labels/Ruokolahti/ruokolahti_DJI_0081_frame89.txt,location,4096,2160,True,1
Ruokolahti,ruokolahti_DJI_0081_frame9,images/Ruokolahti/ruokolahti_DJI_0081_frame9.jpg,labels/Ruokolahti/ruokolahti_DJI_0081_frame9.txt,location,4096,2160,True,1
Ruokolahti,ruokolahti_DJI_0081_frame90,images/Ruokolahti/ruokolahti_DJI_0081_frame90.jpg,labels/Ruokolahti/ruokolahti_DJI_0081_frame90.txt,location,4096,2160,True,1
Ruokolahti,ruokolahti_DJI_0081_frame91,images/Ruokolahti/ruokolahti_DJI_0081_frame91.jpg,labels/Ruokolahti/ruokolahti_DJI_0081_frame91.txt,location,4096,2160,True,1
Ruokolahti,ruokolahti_DJI_0081_frame92,images/Ruokolahti/ruokolahti_DJI_0081_frame92.jpg,labels/Ruokolahti/ruokolahti_DJI_0081_frame92.txt,location,4096,2160,True,1
Ruokolahti,ruokolahti_DJI_0081_frame93,images/Ruokolahti/ruokolahti_DJI_0081_frame93.jpg,labels/Ruokolahti/ruokolahti_DJI_0081_frame93.txt,location,4096,2160,True,1
Ruokolahti,ruokolahti_DJI_0081_frame94,images/Ruokolahti/ruokolahti_DJI_0081_frame94.jpg,labels/Ruokolahti/ruokolahti_DJI_0081_frame94.txt,location,4096,2160,True,1
Ruokolahti,ruokolahti_DJI_0081_frame95,images/Ruokolahti/ruokolahti_DJI_0081_frame95.jpg,labels/Ruokolahti/ruokolahti_DJI_0081_frame95.txt,location,4096,2160,True,1
Ruokolahti,ruokolahti_DJI_0081_frame96,images/Ruokolahti/ruokolahti_DJI_0081_frame96.jpg,labels/Ruokolahti/ruokolahti_DJI_0081_frame96.txt,location,4096,2160,True,1
Ruokolahti,ruokolahti_DJI_0081_frame97,images/Ruokolahti/ruokolahti_DJI_0081_frame97.jpg,labels/Ruokolahti/ruokolahti_DJI_0081_frame97.txt,location,4096,2160,True,1
Ruokolahti,ruokolahti_DJI_0081_frame98,images/Ruokolahti/ruokolahti_DJI_0081_frame98.jpg,labels/Ruokolahti/ruokolahti_DJI_0081_frame98.txt,location,4096,2160,True,1
Ruokolahti,ruokolahti_DJI_0081_frame99,images/Ruokolahti/ruokolahti_DJI_0081_frame99.jpg,labels/Ruokolahti/ruokolahti_DJI_0081_frame99.txt,location,4096,2160,True,1
Ruokolahti,ruokolahti_DJI_0082_frame0,images/Ruokolahti/ruokolahti_DJI_0082_frame0.jpg,labels/Ruokolahti/ruokolahti_DJI_0082_frame0.txt,location,1920,1080,True,1
Ruokolahti,ruokolahti_DJI_0082_frame1,images/Ruokolahti/ruokolahti_DJI_0082_frame1.jpg,labels/Ruokolahti/ruokolahti_DJI_0082_frame1.txt,location,1920,1080,True,1
Ruokolahti,ruokolahti_DJI_0082_frame10,images/Ruokolahti/ruokolahti_DJI_0082_frame10.jpg,labels/Ruokolahti/ruokolahti_DJI_0082_frame10.txt,location,1920,1080,True,1
Ruokolahti,ruokolahti_DJI_0082_frame11,images/Ruokolahti/ruokolahti_DJI_0082_frame11.jpg,labels/Ruokolahti/ruokolahti_DJI_0082_frame11.txt,location,1920,1080,True,1
Ruokolahti,ruokolahti_DJI_0082_frame12,images/Ruokolahti/ruokolahti_DJI_0082_frame12.jpg,labels/Ruokolahti/ruokolahti_DJI_0082_frame12.txt,location,1920,1080,True,1
Ruokolahti,ruokolahti_DJI_0082_frame13,images/Ruokolahti/ruokolahti_DJI_0082_frame13.jpg,labels/Ruokolahti/ruokolahti_DJI_0082_frame13.txt,location,1920,1080,True,1
Ruokolahti,ruokolahti_DJI_0082_frame14,images/Ruokolahti/ruokolahti_DJI_0082_frame14.jpg,labels/Ruokolahti/ruokolahti_DJI_0082_frame14.txt,location,1920,1080,True,1
Ruokolahti,ruokolahti_DJI_0082_frame15,images/Ruokolahti/ruokolahti_DJI_0082_frame15.jpg,labels/Ruokolahti/ruokolahti_DJI_0082_frame15.txt,location,1920,1080,True,1
Ruokolahti,ruokolahti_DJI_0082_frame16,images/Ruokolahti/ruokolahti_DJI_0082_frame16.jpg,labels/Ruokolahti/ruokolahti_DJI_0082_frame16.txt,location,1920,1080,True,1
Ruokolahti,ruokolahti_DJI_0082_frame17,images/Ruokolahti/ruokolahti_DJI_0082_frame17.jpg,labels/Ruokolahti/ruokolahti_DJI_0082_frame17.txt,location,1920,1080,True,1
Ruokolahti,ruokolahti_DJI_0082_frame18,images/Ruokolahti/ruokolahti_DJI_0082_frame18.jpg,labels/Ruokolahti/ruokolahti_DJI_0082_frame18.txt,location,1920,1080,True,1
Ruokolahti,ruokolahti_DJI_0082_frame19,images/Ruokolahti/ruokolahti_DJI_0082_frame19.jpg,labels/Ruokolahti/ruokolahti_DJI_0082_frame19.txt,location,1920,1080,True,1
Ruokolahti,ruokolahti_DJI_0082_frame2,images/Ruokolahti/ruokolahti_DJI_0082_frame2.jpg,labels/Ruokolahti/ruokolahti_DJI_0082_frame2.txt,location,1920,1080,True,1
Ruokolahti,ruokolahti_DJI_0082_frame20,images/Ruokolahti/ruokolahti_DJI_0082_frame20.jpg,labels/Ruokolahti/ruokolahti_DJI_0082_frame20.txt,location,1920,1080,True,1
Ruokolahti,ruokolahti_DJI_0082_frame21,images/Ruokolahti/ruokolahti_DJI_0082_frame21.jpg,labels/Ruokolahti/ruokolahti_DJI_0082_frame21.txt,location,1920,1080,True,1
Ruokolahti,ruokolahti_DJI_0082_frame22,images/Ruokolahti/ruokolahti_DJI_0082_frame22.jpg,labels/Ruokolahti/ruokolahti_DJI_0082_frame22.txt,location,1920,1080,True,1
Ruokolahti,ruokolahti_DJI_0082_frame23,images/Ruokolahti/ruokolahti_DJI_0082_frame23.jpg,labels/Ruokolahti/ruokolahti_DJI_0082_frame23.txt,location,1920,1080,True,1
Ruokolahti,ruokolahti_DJI_0082_frame24,images/Ruokolahti/ruokolahti_DJI_0082_frame24.jpg,labels/Ruokolahti/ruokolahti_DJI_0082_frame24.txt,location,1920,1080,True,1
Ruokolahti,ruokolahti_DJI_0082_frame25,images/Ruokolahti/ruokolahti_DJI_0082_frame25.jpg,labels/Ruokolahti/ruokolahti_DJI_0082_frame25.txt,location,1920,1080,True,1
Ruokolahti,ruokolahti_DJI_0082_frame26,images/Ruokolahti/ruokolahti_DJI_0082_frame26.jpg,labels/Ruokolahti/ruokolahti_DJI_0082_frame26.txt,location,1920,1080,True,1
Ruokolahti,ruokolahti_DJI_0082_frame27,images/Ruokolahti/ruokolahti_DJI_0082_frame27.jpg,labels/Ruokolahti/ruokolahti_DJI_0082_frame27.txt,location,1920,1080,True,1
Ruokolahti,ruokolahti_DJI_0082_frame28,images/Ruokolahti/ruokolahti_DJI_0082_frame28.jpg,labels/Ruokolahti/ruokolahti_DJI_0082_frame28.txt,location,1920,1080,True,1
Ruokolahti,ruokolahti_DJI_0082_frame29,images/Ruokolahti/ruokolahti_DJI_0082_frame29.jpg,labels/Ruokolahti/ruokolahti_DJI_0082_frame29.txt,location,1920,1080,True,1
Ruokolahti,ruokolahti_DJI_0082_frame3,images/Ruokolahti/ruokolahti_DJI_0082_frame3.jpg,labels/Ruokolahti/ruokolahti_DJI_0082_frame3.txt,location,1920,1080,True,1
Ruokolahti,ruokolahti_DJI_0082_frame30,images/Ruokolahti/ruokolahti_DJI_0082_frame30.jpg,labels/Ruokolahti/ruokolahti_DJI_0082_frame30.txt,location,1920,1080,True,1
Ruokolahti,ruokolahti_DJI_0082_frame31,images/Ruokolahti/ruokolahti_DJI_0082_frame31.jpg,labels/Ruokolahti/ruokolahti_DJI_0082_frame31.txt,location,1920,1080,True,1
Ruokolahti,ruokolahti_DJI_0082_frame32,images/Ruokolahti/ruokolahti_DJI_0082_frame32.jpg,labels/Ruokolahti/ruokolahti_DJI_0082_frame32.txt,location,1920,1080,True,1
Ruokolahti,ruokolahti_DJI_0082_frame33,images/Ruokolahti/ruokolahti_DJI_0082_frame33.jpg,labels/Ruokolahti/ruokolahti_DJI_0082_frame33.txt,location,1920,1080,True,1
Ruokolahti,ruokolahti_DJI_0082_frame34,images/Ruokolahti/ruokolahti_DJI_0082_frame34.jpg,labels/Ruokolahti/ruokolahti_DJI_0082_frame34.txt,location,1920,1080,True,1
Ruokolahti,ruokolahti_DJI_0082_frame35,images/Ruokolahti/ruokolahti_DJI_0082_frame35.jpg,labels/Ruokolahti/ruokolahti_DJI_0082_frame35.txt,location,1920,1080,True,1
Ruokolahti,ruokolahti_DJI_0082_frame36,images/Ruokolahti/ruokolahti_DJI_0082_frame36.jpg,labels/Ruokolahti/ruokolahti_DJI_0082_frame36.txt,location,1920,1080,True,1
Ruokolahti,ruokolahti_DJI_0082_frame37,images/Ruokolahti/ruokolahti_DJI_0082_frame37.jpg,labels/Ruokolahti/ruokolahti_DJI_0082_frame37.txt,location,1920,1080,True,1
Ruokolahti,ruokolahti_DJI_0082_frame38,images/Ruokolahti/ruokolahti_DJI_0082_frame38.jpg,labels/Ruokolahti/ruokolahti_DJI_0082_frame38.txt,location,1920,1080,True,1
Ruokolahti,ruokolahti_DJI_0082_frame39,images/Ruokolahti/ruokolahti_DJI_0082_frame39.jpg,labels/Ruokolahti/ruokolahti_DJI_0082_frame39.txt,location,1920,1080,True,1
Ruokolahti,ruokolahti_DJI_0082_frame4,images/Ruokolahti/ruokolahti_DJI_0082_frame4.jpg,labels/Ruokolahti/ruokolahti_DJI_0082_frame4.txt,location,1920,1080,True,1
Ruokolahti,ruokolahti_DJI_0082_frame40,images/Ruokolahti/ruokolahti_DJI_0082_frame40.jpg,labels/Ruokolahti/ruokolahti_DJI_0082_frame40.txt,location,1920,1080,True,1
Ruokolahti,ruokolahti_DJI_0082_frame41,images/Ruokolahti/ruokolahti_DJI_0082_frame41.jpg,labels/Ruokolahti/ruokolahti_DJI_0082_frame41.txt,location,1920,1080,True,1
Ruokolahti,ruokolahti_DJI_0082_frame42,images/Ruokolahti/ruokolahti_DJI_0082_frame42.jpg,labels/Ruokolahti/ruokolahti_DJI_0082_frame42.txt,location,1920,1080,True,1
Ruokolahti,ruokolahti_DJI_0082_frame43,images/Ruokolahti/ruokolahti_DJI_0082_frame43.jpg,labels/Ruokolahti/ruokolahti_DJI_0082_frame43.txt,location,1920,1080,True,1
Ruokolahti,ruokolahti_DJI_0082_frame44,images/Ruokolahti/ruokolahti_DJI_0082_frame44.jpg,labels/Ruokolahti/ruokolahti_DJI_0082_frame44.txt,location,1920,1080,True,1
Ruokolahti,ruokolahti_DJI_0082_frame45,images/Ruokolahti/ruokolahti_DJI_0082_frame45.jpg,labels/Ruokolahti/ruokolahti_DJI_0082_frame45.txt,location,1920,1080,True,1
Ruokolahti,ruokolahti_DJI_0082_frame46,images/Ruokolahti/ruokolahti_DJI_0082_frame46.jpg,labels/Ruokolahti/ruokolahti_DJI_0082_frame46.txt,location,1920,1080,True,1
Ruokolahti,ruokolahti_DJI_0082_frame47,images/Ruokolahti/ruokolahti_DJI_0082_frame47.jpg,labels/Ruokolahti/ruokolahti_DJI_0082_frame47.txt,location,1920,1080,True,1
Ruokolahti,ruokolahti_DJI_0082_frame48,images/Ruokolahti/ruokolahti_DJI_0082_frame48.jpg,labels/Ruokolahti/ruokolahti_DJI_0082_frame48.txt,location,1920,1080,True,1
Ruokolahti,ruokolahti_DJI_0082_frame49,images/Ruokolahti/ruokolahti_DJI_0082_frame49.jpg,labels/Ruokolahti/ruokolahti_DJI_0082_frame49.txt,location,1920,1080,True,1
Ruokolahti,ruokolahti_DJI_0082_frame5,images/Ruokolahti/ruokolahti_DJI_0082_frame5.jpg,labels/Ruokolahti/ruokolahti_DJI_0082_frame5.txt,location,1920,1080,True,1
Ruokolahti,ruokolahti_DJI_0082_frame50,images/Ruokolahti/ruokolahti_DJI_0082_frame50.jpg,labels/Ruokolahti/ruokolahti_DJI_0082_frame50.txt,location,1920,1080,True,1
Ruokolahti,ruokolahti_DJI_0082_frame51,images/Ruokolahti/ruokolahti_DJI_0082_frame51.jpg,labels/Ruokolahti/ruokolahti_DJI_0082_frame51.txt,location,1920,1080,True,1
Ruokolahti,ruokolahti_DJI_0082_frame52,images/Ruokolahti/ruokolahti_DJI_0082_frame52.jpg,labels/Ruokolahti/ruokolahti_DJI_0082_frame52.txt,location,1920,1080,True,1
Ruokolahti,ruokolahti_DJI_0082_frame53,images/Ruokolahti/ruokolahti_DJI_0082_frame53.jpg,labels/Ruokolahti/ruokolahti_DJI_0082_frame53.txt,location,1920,1080,True,1
Ruokolahti,ruokolahti_DJI_0082_frame54,images/Ruokolahti/ruokolahti_DJI_0082_frame54.jpg,labels/Ruokolahti/ruokolahti_DJI_0082_frame54.txt,location,1920,1080,True,1
Ruokolahti,ruokolahti_DJI_0082_frame55,images/Ruokolahti/ruokolahti_DJI_0082_frame55.jpg,labels/Ruokolahti/ruokolahti_DJI_0082_frame55.txt,location,1920,1080,True,1
Ruokolahti,ruokolahti_DJI_0082_frame56,images/Ruokolahti/ruokolahti_DJI_0082_frame56.jpg,labels/Ruokolahti/ruokolahti_DJI_0082_frame56.txt,location,1920,1080,True,1
Ruokolahti,ruokolahti_DJI_0082_frame57,images/Ruokolahti/ruokolahti_DJI_0082_frame57.jpg,labels/Ruokolahti/ruokolahti_DJI_0082_frame57.txt,location,1920,1080,True,1
Ruokolahti,ruokolahti_DJI_0082_frame58,images/Ruokolahti/ruokolahti_DJI_0082_frame58.jpg,labels/Ruokolahti/ruokolahti_DJI_0082_frame58.txt,location,1920,1080,True,1
Ruokolahti,ruokolahti_DJI_0082_frame59,images/Ruokolahti/ruokolahti_DJI_0082_frame59.jpg,labels/Ruokolahti/ruokolahti_DJI_0082_frame59.txt,location,1920,1080,True,1
Ruokolahti,ruokolahti_DJI_0082_frame6,images/Ruokolahti/ruokolahti_DJI_0082_frame6.jpg,labels/Ruokolahti/ruokolahti_DJI_0082_frame6.txt,location,1920,1080,True,1
Ruokolahti,ruokolahti_DJI_0082_frame60,images/Ruokolahti/ruokolahti_DJI_0082_frame60.jpg,labels/Ruokolahti/ruokolahti_DJI_0082_frame60.txt,location,1920,1080,True,1
Ruokolahti,ruokolahti_DJI_0082_frame61,images/Ruokolahti/ruokolahti_DJI_0082_frame61.jpg,labels/Ruokolahti/ruokolahti_DJI_0082_frame61.txt,location,1920,1080,True,1
Ruokolahti,ruokolahti_DJI_0082_frame62,images/Ruokolahti/ruokolahti_DJI_0082_frame62.jpg,labels/Ruokolahti/ruokolahti_DJI_0082_frame62.txt,location,1920,1080,True,1
Ruokolahti,ruokolahti_DJI_0082_frame63,images/Ruokolahti/ruokolahti_DJI_0082_frame63.jpg,labels/Ruokolahti/ruokolahti_DJI_0082_frame63.txt,location,1920,1080,True,1
Ruokolahti,ruokolahti_DJI_0082_frame64,images/Ruokolahti/ruokolahti_DJI_0082_frame64.jpg,labels/Ruokolahti/ruokolahti_DJI_0082_frame64.txt,location,1920,1080,True,1
Ruokolahti,ruokolahti_DJI_0082_frame65,images/Ruokolahti/ruokolahti_DJI_0082_frame65.jpg,labels/Ruokolahti/ruokolahti_DJI_0082_frame65.txt,location,1920,1080,True,1
Ruokolahti,ruokolahti_DJI_0082_frame66,images/Ruokolahti/ruokolahti_DJI_0082_frame66.jpg,labels/Ruokolahti/ruokolahti_DJI_0082_frame66.txt,location,1920,1080,True,1
Ruokolahti,ruokolahti_DJI_0082_frame67,images/Ruokolahti/ruokolahti_DJI_0082_frame67.jpg,labels/Ruokolahti/ruokolahti_DJI_0082_frame67.txt,location,1920,1080,True,1
Ruokolahti,ruokolahti_DJI_0082_frame68,images/Ruokolahti/ruokolahti_DJI_0082_frame68.jpg,labels/Ruokolahti/ruokolahti_DJI_0082_frame68.txt,location,1920,1080,True,1
Ruokolahti,ruokolahti_DJI_0082_frame69,images/Ruokolahti/ruokolahti_DJI_0082_frame69.jpg,labels/Ruokolahti/ruokolahti_DJI_0082_frame69.txt,location,1920,1080,True,1
Ruokolahti,ruokolahti_DJI_0082_frame7,images/Ruokolahti/ruokolahti_DJI_0082_frame7.jpg,labels/Ruokolahti/ruokolahti_DJI_0082_frame7.txt,location,1920,1080,True,1
Ruokolahti,ruokolahti_DJI_0082_frame8,images/Ruokolahti/ruokolahti_DJI_0082_frame8.jpg,labels/Ruokolahti/ruokolahti_DJI_0082_frame8.txt,location,1920,1080,True,1
Ruokolahti,ruokolahti_DJI_0082_frame9,images/Ruokolahti/ruokolahti_DJI_0082_frame9.jpg,labels/Ruokolahti/ruokolahti_DJI_0082_frame9.txt,location,1920,1080,True,1
Ruokolahti,ruokolahti_DJI_0084_frame0,images/Ruokolahti/ruokolahti_DJI_0084_frame0.jpg,labels/Ruokolahti/ruokolahti_DJI_0084_frame0.txt,location,1920,1080,True,1
Ruokolahti,ruokolahti_DJI_0084_frame1,images/Ruokolahti/ruokolahti_DJI_0084_frame1.jpg,labels/Ruokolahti/ruokolahti_DJI_0084_frame1.txt,location,1920,1080,True,1
Ruokolahti,ruokolahti_DJI_0084_frame10,images/Ruokolahti/ruokolahti_DJI_0084_frame10.jpg,labels/Ruokolahti/ruokolahti_DJI_0084_frame10.txt,location,1920,1080,True,1
Ruokolahti,ruokolahti_DJI_0084_frame11,images/Ruokolahti/ruokolahti_DJI_0084_frame11.jpg,labels/Ruokolahti/ruokolahti_DJI_0084_frame11.txt,location,1920,1080,True,1
Ruokolahti,ruokolahti_DJI_0084_frame12,images/Ruokolahti/ruokolahti_DJI_0084_frame12.jpg,labels/Ruokolahti/ruokolahti_DJI_0084_frame12.txt,location,1920,1080,True,1
Ruokolahti,ruokolahti_DJI_0084_frame13,images/Ruokolahti/ruokolahti_DJI_0084_frame13.jpg,labels/Ruokolahti/ruokolahti_DJI_0084_frame13.txt,location,1920,1080,True,1
Ruokolahti,ruokolahti_DJI_0084_frame14,images/Ruokolahti/ruokolahti_DJI_0084_frame14.jpg,labels/Ruokolahti/ruokolahti_DJI_0084_frame14.txt,location,1920,1080,True,1
Ruokolahti,ruokolahti_DJI_0084_frame15,images/Ruokolahti/ruokolahti_DJI_0084_frame15.jpg,labels/Ruokolahti/ruokolahti_DJI_0084_frame15.txt,location,1920,1080,True,1
Ruokolahti,ruokolahti_DJI_0084_frame16,images/Ruokolahti/ruokolahti_DJI_0084_frame16.jpg,labels/Ruokolahti/ruokolahti_DJI_0084_frame16.txt,location,1920,1080,True,1
Ruokolahti,ruokolahti_DJI_0084_frame17,images/Ruokolahti/ruokolahti_DJI_0084_frame17.jpg,labels/Ruokolahti/ruokolahti_DJI_0084_frame17.txt,location,1920,1080,True,1
Ruokolahti,ruokolahti_DJI_0084_frame18,images/Ruokolahti/ruokolahti_DJI_0084_frame18.jpg,labels/Ruokolahti/ruokolahti_DJI_0084_frame18.txt,location,1920,1080,True,1
Ruokolahti,ruokolahti_DJI_0084_frame19,images/Ruokolahti/ruokolahti_DJI_0084_frame19.jpg,labels/Ruokolahti/ruokolahti_DJI_0084_frame19.txt,location,1920,1080,True,1
Ruokolahti,ruokolahti_DJI_0084_frame2,images/Ruokolahti/ruokolahti_DJI_0084_frame2.jpg,labels/Ruokolahti/ruokolahti_DJI_0084_frame2.txt,location,1920,1080,True,1
Ruokolahti,ruokolahti_DJI_0084_frame20,images/Ruokolahti/ruokolahti_DJI_0084_frame20.jpg,labels/Ruokolahti/ruokolahti_DJI_0084_frame20.txt,location,1920,1080,True,1
Ruokolahti,ruokolahti_DJI_0084_frame21,images/Ruokolahti/ruokolahti_DJI_0084_frame21.jpg,labels/Ruokolahti/ruokolahti_DJI_0084_frame21.txt,location,1920,1080,True,1
Ruokolahti,ruokolahti_DJI_0084_frame22,images/Ruokolahti/ruokolahti_DJI_0084_frame22.jpg,labels/Ruokolahti/ruokolahti_DJI_0084_frame22.txt,location,1920,1080,True,1
Ruokolahti,ruokolahti_DJI_0084_frame3,images/Ruokolahti/ruokolahti_DJI_0084_frame3.jpg,labels/Ruokolahti/ruokolahti_DJI_0084_frame3.txt,location,1920,1080,True,1
Ruokolahti,ruokolahti_DJI_0084_frame4,images/Ruokolahti/ruokolahti_DJI_0084_frame4.jpg,labels/Ruokolahti/ruokolahti_DJI_0084_frame4.txt,location,1920,1080,True,1
Ruokolahti,ruokolahti_DJI_0084_frame5,images/Ruokolahti/ruokolahti_DJI_0084_frame5.jpg,labels/Ruokolahti/ruokolahti_DJI_0084_frame5.txt,location,1920,1080,True,1
Ruokolahti,ruokolahti_DJI_0084_frame6,images/Ruokolahti/ruokolahti_DJI_0084_frame6.jpg,labels/Ruokolahti/ruokolahti_DJI_0084_frame6.txt,location,1920,1080,True,1
Ruokolahti,ruokolahti_DJI_0084_frame7,images/Ruokolahti/ruokolahti_DJI_0084_frame7.jpg,labels/Ruokolahti/ruokolahti_DJI_0084_frame7.txt,location,1920,1080,True,1
Ruokolahti,ruokolahti_DJI_0084_frame8,images/Ruokolahti/ruokolahti_DJI_0084_frame8.jpg,labels/Ruokolahti/ruokolahti_DJI_0084_frame8.txt,location,1920,1080,True,1
Ruokolahti,ruokolahti_DJI_0084_frame9,images/Ruokolahti/ruokolahti_DJI_0084_frame9.jpg,labels/Ruokolahti/ruokolahti_DJI_0084_frame9.txt,location,1920,1080,True,1
Ruokolahti,ruokolahti_DJI_0085_frame0,images/Ruokolahti/ruokolahti_DJI_0085_frame0.jpg,labels/Ruokolahti/ruokolahti_DJI_0085_frame0.txt,location,4096,2160,True,1
Ruokolahti,ruokolahti_DJI_0085_frame1,images/Ruokolahti/ruokolahti_DJI_0085_frame1.jpg,labels/Ruokolahti/ruokolahti_DJI_0085_frame1.txt,location,4096,2160,True,1
Ruokolahti,ruokolahti_DJI_0085_frame10,images/Ruokolahti/ruokolahti_DJI_0085_frame10.jpg,labels/Ruokolahti/ruokolahti_DJI_0085_frame10.txt,location,4096,2160,True,1
Ruokolahti,ruokolahti_DJI_0085_frame100,images/Ruokolahti/ruokolahti_DJI_0085_frame100.jpg,labels/Ruokolahti/ruokolahti_DJI_0085_frame100.txt,location,4096,2160,True,1
Ruokolahti,ruokolahti_DJI_0085_frame101,images/Ruokolahti/ruokolahti_DJI_0085_frame101.jpg,labels/Ruokolahti/ruokolahti_DJI_0085_frame101.txt,location,4096,2160,True,1
Ruokolahti,ruokolahti_DJI_0085_frame102,images/Ruokolahti/ruokolahti_DJI_0085_frame102.jpg,labels/Ruokolahti/ruokolahti_DJI_0085_frame102.txt,location,4096,2160,True,1
Ruokolahti,ruokolahti_DJI_0085_frame103,images/Ruokolahti/ruokolahti_DJI_0085_frame103.jpg,labels/Ruokolahti/ruokolahti_DJI_0085_frame103.txt,location,4096,2160,True,1
Ruokolahti,ruokolahti_DJI_0085_frame104,images/Ruokolahti/ruokolahti_DJI_0085_frame104.jpg,labels/Ruokolahti/ruokolahti_DJI_0085_frame104.txt,location,4096,2160,True,1
Ruokolahti,ruokolahti_DJI_0085_frame105,images/Ruokolahti/ruokolahti_DJI_0085_frame105.jpg,labels/Ruokolahti/ruokolahti_DJI_0085_frame105.txt,location,4096,2160,True,1
Ruokolahti,ruokolahti_DJI_0085_frame106,images/Ruokolahti/ruokolahti_DJI_0085_frame106.jpg,labels/Ruokolahti/ruokolahti_DJI_0085_frame106.txt,location,4096,2160,True,1
Ruokolahti,ruokolahti_DJI_0085_frame107,images/Ruokolahti/ruokolahti_DJI_0085_frame107.jpg,labels/Ruokolahti/ruokolahti_DJI_0085_frame107.txt,location,4096,2160,True,1
Ruokolahti,ruokolahti_DJI_0085_frame108,images/Ruokolahti/ruokolahti_DJI_0085_frame108.jpg,labels/Ruokolahti/ruokolahti_DJI_0085_frame108.txt,location,4096,2160,True,1
Ruokolahti,ruokolahti_DJI_0085_frame109,images/Ruokolahti/ruokolahti_DJI_0085_frame109.jpg,labels/Ruokolahti/ruokolahti_DJI_0085_frame109.txt,location,4096,2160,True,1
Ruokolahti,ruokolahti_DJI_0085_frame11,images/Ruokolahti/ruokolahti_DJI_0085_frame11.jpg,labels/Ruokolahti/ruokolahti_DJI_0085_frame11.txt,location,4096,2160,True,1
Ruokolahti,ruokolahti_DJI_0085_frame110,images/Ruokolahti/ruokolahti_DJI_0085_frame110.jpg,labels/Ruokolahti/ruokolahti_DJI_0085_frame110.txt,location,4096,2160,True,1
Ruokolahti,ruokolahti_DJI_0085_frame111,images/Ruokolahti/ruokolahti_DJI_0085_frame111.jpg,labels/Ruokolahti/ruokolahti_DJI_0085_frame111.txt,location,4096,2160,True,1
Ruokolahti,ruokolahti_DJI_0085_frame112,images/Ruokolahti/ruokolahti_DJI_0085_frame112.jpg,labels/Ruokolahti/ruokolahti_DJI_0085_frame112.txt,location,4096,2160,True,1
Ruokolahti,ruokolahti_DJI_0085_frame113,images/Ruokolahti/ruokolahti_DJI_0085_frame113.jpg,labels/Ruokolahti/ruokolahti_DJI_0085_frame113.txt,location,4096,2160,True,1
Ruokolahti,ruokolahti_DJI_0085_frame114,images/Ruokolahti/ruokolahti_DJI_0085_frame114.jpg,labels/Ruokolahti/ruokolahti_DJI_0085_frame114.txt,location,4096,2160,True,1
Ruokolahti,ruokolahti_DJI_0085_frame115,images/Ruokolahti/ruokolahti_DJI_0085_frame115.jpg,labels/Ruokolahti/ruokolahti_DJI_0085_frame115.txt,location,4096,2160,True,1
Ruokolahti,ruokolahti_DJI_0085_frame116,images/Ruokolahti/ruokolahti_DJI_0085_frame116.jpg,labels/Ruokolahti/ruokolahti_DJI_0085_frame116.txt,location,4096,2160,True,1
Ruokolahti,ruokolahti_DJI_0085_frame117,images/Ruokolahti/ruokolahti_DJI_0085_frame117.jpg,labels/Ruokolahti/ruokolahti_DJI_0085_frame117.txt,location,4096,2160,True,1
Ruokolahti,ruokolahti_DJI_0085_frame118,images/Ruokolahti/ruokolahti_DJI_0085_frame118.jpg,labels/Ruokolahti/ruokolahti_DJI_0085_frame118.txt,location,4096,2160,True,1
Ruokolahti,ruokolahti_DJI_0085_frame119,images/Ruokolahti/ruokolahti_DJI_0085_frame119.jpg,labels/Ruokolahti/ruokolahti_DJI_0085_frame119.txt,location,4096,2160,True,1
Ruokolahti,ruokolahti_DJI_0085_frame12,images/Ruokolahti/ruokolahti_DJI_0085_frame12.jpg,labels/Ruokolahti/ruokolahti_DJI_0085_frame12.txt,location,4096,2160,True,1
Ruokolahti,ruokolahti_DJI_0085_frame120,images/Ruokolahti/ruokolahti_DJI_0085_frame120.jpg,labels/Ruokolahti/ruokolahti_DJI_0085_frame120.txt,location,4096,2160,True,1
Ruokolahti,ruokolahti_DJI_0085_frame121,images/Ruokolahti/ruokolahti_DJI_0085_frame121.jpg,labels/Ruokolahti/ruokolahti_DJI_0085_frame121.txt,location,4096,2160,True,1
Ruokolahti,ruokolahti_DJI_0085_frame122,images/Ruokolahti/ruokolahti_DJI_0085_frame122.jpg,labels/Ruokolahti/ruokolahti_DJI_0085_frame122.txt,location,4096,2160,True,1
Ruokolahti,ruokolahti_DJI_0085_frame123,images/Ruokolahti/ruokolahti_DJI_0085_frame123.jpg,labels/Ruokolahti/ruokolahti_DJI_0085_frame123.txt,location,4096,2160,True,1
Ruokolahti,ruokolahti_DJI_0085_frame124,images/Ruokolahti/ruokolahti_DJI_0085_frame124.jpg,labels/Ruokolahti/ruokolahti_DJI_0085_frame124.txt,location,4096,2160,True,1
Ruokolahti,ruokolahti_DJI_0085_frame125,images/Ruokolahti/ruokolahti_DJI_0085_frame125.jpg,labels/Ruokolahti/ruokolahti_DJI_0085_frame125.txt,location,4096,2160,True,1
Ruokolahti,ruokolahti_DJI_0085_frame126,images/Ruokolahti/ruokolahti_DJI_0085_frame126.jpg,labels/Ruokolahti/ruokolahti_DJI_0085_frame126.txt,location,4096,2160,True,1
Ruokolahti,ruokolahti_DJI_0085_frame127,images/Ruokolahti/ruokolahti_DJI_0085_frame127.jpg,labels/Ruokolahti/ruokolahti_DJI_0085_frame127.txt,location,4096,2160,True,1
Ruokolahti,ruokolahti_DJI_0085_frame128,images/Ruokolahti/ruokolahti_DJI_0085_frame128.jpg,labels/Ruokolahti/ruokolahti_DJI_0085_frame128.txt,location,4096,2160,True,1
Ruokolahti,ruokolahti_DJI_0085_frame129,images/Ruokolahti/ruokolahti_DJI_0085_frame129.jpg,labels/Ruokolahti/ruokolahti_DJI_0085_frame129.txt,location,4096,2160,True,1
Ruokolahti,ruokolahti_DJI_0085_frame13,images/Ruokolahti/ruokolahti_DJI_0085_frame13.jpg,labels/Ruokolahti/ruokolahti_DJI_0085_frame13.txt,location,4096,2160,True,1
Ruokolahti,ruokolahti_DJI_0085_frame130,images/Ruokolahti/ruokolahti_DJI_0085_frame130.jpg,labels/Ruokolahti/ruokolahti_DJI_0085_frame130.txt,location,4096,2160,True,1
Ruokolahti,ruokolahti_DJI_0085_frame131,images/Ruokolahti/ruokolahti_DJI_0085_frame131.jpg,labels/Ruokolahti/ruokolahti_DJI_0085_frame131.txt,location,4096,2160,True,1
Ruokolahti,ruokolahti_DJI_0085_frame132,images/Ruokolahti/ruokolahti_DJI_0085_frame132.jpg,labels/Ruokolahti/ruokolahti_DJI_0085_frame132.txt,location,4096,2160,True,1
Ruokolahti,ruokolahti_DJI_0085_frame133,images/Ruokolahti/ruokolahti_DJI_0085_frame133.jpg,labels/Ruokolahti/ruokolahti_DJI_0085_frame133.txt,location,4096,2160,True,1
Ruokolahti,ruokolahti_DJI_0085_frame134,images/Ruokolahti/ruokolahti_DJI_0085_frame134.jpg,labels/Ruokolahti/ruokolahti_DJI_0085_frame134.txt,location,4096,2160,True,1
Ruokolahti,ruokolahti_DJI_0085_frame135,images/Ruokolahti/ruokolahti_DJI_0085_frame135.jpg,labels/Ruokolahti/ruokolahti_DJI_0085_frame135.txt,location,4096,2160,True,1
Ruokolahti,ruokolahti_DJI_0085_frame136,images/Ruokolahti/ruokolahti_DJI_0085_frame136.jpg,labels/Ruokolahti/ruokolahti_DJI_0085_frame136.txt,location,4096,2160,True,1
Ruokolahti,ruokolahti_DJI_0085_frame137,images/Ruokolahti/ruokolahti_DJI_0085_frame137.jpg,labels/Ruokolahti/ruokolahti_DJI_0085_frame137.txt,location,4096,2160,True,1
Ruokolahti,ruokolahti_DJI_0085_frame138,images/Ruokolahti/ruokolahti_DJI_0085_frame138.jpg,labels/Ruokolahti/ruokolahti_DJI_0085_frame138.txt,location,4096,2160,True,1
Ruokolahti,ruokolahti_DJI_0085_frame139,images/Ruokolahti/ruokolahti_DJI_0085_frame139.jpg,labels/Ruokolahti/ruokolahti_DJI_0085_frame139.txt,location,4096,2160,True,1
Ruokolahti,ruokolahti_DJI_0085_frame14,images/Ruokolahti/ruokolahti_DJI_0085_frame14.jpg,labels/Ruokolahti/ruokolahti_DJI_0085_frame14.txt,location,4096,2160,True,1
Ruokolahti,ruokolahti_DJI_0085_frame140,images/Ruokolahti/ruokolahti_DJI_0085_frame140.jpg,labels/Ruokolahti/ruokolahti_DJI_0085_frame140.txt,location,4096,2160,True,1
Ruokolahti,ruokolahti_DJI_0085_frame141,images/Ruokolahti/ruokolahti_DJI_0085_frame141.jpg,labels/Ruokolahti/ruokolahti_DJI_0085_frame141.txt,location,4096,2160,True,1
Ruokolahti,ruokolahti_DJI_0085_frame142,images/Ruokolahti/ruokolahti_DJI_0085_frame142.jpg,labels/Ruokolahti/ruokolahti_DJI_0085_frame142.txt,location,4096,2160,True,1
Ruokolahti,ruokolahti_DJI_0085_frame143,images/Ruokolahti/ruokolahti_DJI_0085_frame143.jpg,labels/Ruokolahti/ruokolahti_DJI_0085_frame143.txt,location,4096,2160,True,1
Ruokolahti,ruokolahti_DJI_0085_frame144,images/Ruokolahti/ruokolahti_DJI_0085_frame144.jpg,labels/Ruokolahti/ruokolahti_DJI_0085_frame144.txt,location,4096,2160,True,1
Ruokolahti,ruokolahti_DJI_0085_frame145,images/Ruokolahti/ruokolahti_DJI_0085_frame145.jpg,labels/Ruokolahti/ruokolahti_DJI_0085_frame145.txt,location,4096,2160,True,1
Ruokolahti,ruokolahti_DJI_0085_frame146,images/Ruokolahti/ruokolahti_DJI_0085_frame146.jpg,labels/Ruokolahti/ruokolahti_DJI_0085_frame146.txt,location,4096,2160,True,1
Ruokolahti,ruokolahti_DJI_0085_frame147,images/Ruokolahti/ruokolahti_DJI_0085_frame147.jpg,labels/Ruokolahti/ruokolahti_DJI_0085_frame147.txt,location,4096,2160,True,1
Ruokolahti,ruokolahti_DJI_0085_frame148,images/Ruokolahti/ruokolahti_DJI_0085_frame148.jpg,labels/Ruokolahti/ruokolahti_DJI_0085_frame148.txt,location,4096,2160,True,1
Ruokolahti,ruokolahti_DJI_0085_frame149,images/Ruokolahti/ruokolahti_DJI_0085_frame149.jpg,labels/Ruokolahti/ruokolahti_DJI_0085_frame149.txt,location,4096,2160,True,1
Ruokolahti,ruokolahti_DJI_0085_frame15,images/Ruokolahti/ruokolahti_DJI_0085_frame15.jpg,labels/Ruokolahti/ruokolahti_DJI_0085_frame15.txt,location,4096,2160,True,1
Ruokolahti,ruokolahti_DJI_0085_frame150,images/Ruokolahti/ruokolahti_DJI_0085_frame150.jpg,labels/Ruokolahti/ruokolahti_DJI_0085_frame150.txt,location,4096,2160,True,1
Ruokolahti,ruokolahti_DJI_0085_frame151,images/Ruokolahti/ruokolahti_DJI_0085_frame151.jpg,labels/Ruokolahti/ruokolahti_DJI_0085_frame151.txt,location,4096,2160,True,1
Ruokolahti,ruokolahti_DJI_0085_frame152,images/Ruokolahti/ruokolahti_DJI_0085_frame152.jpg,labels/Ruokolahti/ruokolahti_DJI_0085_frame152.txt,location,4096,2160,True,1
Ruokolahti,ruokolahti_DJI_0085_frame153,images/Ruokolahti/ruokolahti_DJI_0085_frame153.jpg,labels/Ruokolahti/ruokolahti_DJI_0085_frame153.txt,location,4096,2160,True,1
Ruokolahti,ruokolahti_DJI_0085_frame154,images/Ruokolahti/ruokolahti_DJI_0085_frame154.jpg,labels/Ruokolahti/ruokolahti_DJI_0085_frame154.txt,location,4096,2160,True,1
Ruokolahti,ruokolahti_DJI_0085_frame155,images/Ruokolahti/ruokolahti_DJI_0085_frame155.jpg,labels/Ruokolahti/ruokolahti_DJI_0085_frame155.txt,location,4096,2160,True,1
Ruokolahti,ruokolahti_DJI_0085_frame156,images/Ruokolahti/ruokolahti_DJI_0085_frame156.jpg,labels/Ruokolahti/ruokolahti_DJI_0085_frame156.txt,location,4096,2160,True,1
Ruokolahti,ruokolahti_DJI_0085_frame157,images/Ruokolahti/ruokolahti_DJI_0085_frame157.jpg,labels/Ruokolahti/ruokolahti_DJI_0085_frame157.txt,location,4096,2160,True,1
Ruokolahti,ruokolahti_DJI_0085_frame158,images/Ruokolahti/ruokolahti_DJI_0085_frame158.jpg,labels/Ruokolahti/ruokolahti_DJI_0085_frame158.txt,location,4096,2160,True,1
Ruokolahti,ruokolahti_DJI_0085_frame159,images/Ruokolahti/ruokolahti_DJI_0085_frame159.jpg,labels/Ruokolahti/ruokolahti_DJI_0085_frame159.txt,location,4096,2160,True,1
Ruokolahti,ruokolahti_DJI_0085_frame16,images/Ruokolahti/ruokolahti_DJI_0085_frame16.jpg,labels/Ruokolahti/ruokolahti_DJI_0085_frame16.txt,location,4096,2160,True,1
Ruokolahti,ruokolahti_DJI_0085_frame160,images/Ruokolahti/ruokolahti_DJI_0085_frame160.jpg,labels/Ruokolahti/ruokolahti_DJI_0085_frame160.txt,location,4096,2160,True,1
Ruokolahti,ruokolahti_DJI_0085_frame161,images/Ruokolahti/ruokolahti_DJI_0085_frame161.jpg,labels/Ruokolahti/ruokolahti_DJI_0085_frame161.txt,location,4096,2160,True,1
Ruokolahti,ruokolahti_DJI_0085_frame162,images/Ruokolahti/ruokolahti_DJI_0085_frame162.jpg,labels/Ruokolahti/ruokolahti_DJI_0085_frame162.txt,location,4096,2160,True,1
Ruokolahti,ruokolahti_DJI_0085_frame163,images/Ruokolahti/ruokolahti_DJI_0085_frame163.jpg,labels/Ruokolahti/ruokolahti_DJI_0085_frame163.txt,location,4096,2160,True,1
Ruokolahti,ruokolahti_DJI_0085_frame164,images/Ruokolahti/ruokolahti_DJI_0085_frame164.jpg,labels/Ruokolahti/ruokolahti_DJI_0085_frame164.txt,location,4096,2160,True,1
Ruokolahti,ruokolahti_DJI_0085_frame165,images/Ruokolahti/ruokolahti_DJI_0085_frame165.jpg,labels/Ruokolahti/ruokolahti_DJI_0085_frame165.txt,location,4096,2160,True,1
Ruokolahti,ruokolahti_DJI_0085_frame166,images/Ruokolahti/ruokolahti_DJI_0085_frame166.jpg,labels/Ruokolahti/ruokolahti_DJI_0085_frame166.txt,location,4096,2160,True,1
Ruokolahti,ruokolahti_DJI_0085_frame167,images/Ruokolahti/ruokolahti_DJI_0085_frame167.jpg,labels/Ruokolahti/ruokolahti_DJI_0085_frame167.txt,location,4096,2160,True,1
Ruokolahti,ruokolahti_DJI_0085_frame168,images/Ruokolahti/ruokolahti_DJI_0085_frame168.jpg,labels/Ruokolahti/ruokolahti_DJI_0085_frame168.txt,location,4096,2160,True,1
Ruokolahti,ruokolahti_DJI_0085_frame169,images/Ruokolahti/ruokolahti_DJI_0085_frame169.jpg,labels/Ruokolahti/ruokolahti_DJI_0085_frame169.txt,location,4096,2160,True,1
Ruokolahti,ruokolahti_DJI_0085_frame17,images/Ruokolahti/ruokolahti_DJI_0085_frame17.jpg,labels/Ruokolahti/ruokolahti_DJI_0085_frame17.txt,location,4096,2160,True,1
Ruokolahti,ruokolahti_DJI_0085_frame170,images/Ruokolahti/ruokolahti_DJI_0085_frame170.jpg,labels/Ruokolahti/ruokolahti_DJI_0085_frame170.txt,location,4096,2160,True,1
Ruokolahti,ruokolahti_DJI_0085_frame171,images/Ruokolahti/ruokolahti_DJI_0085_frame171.jpg,labels/Ruokolahti/ruokolahti_DJI_0085_frame171.txt,location,4096,2160,True,1
Ruokolahti,ruokolahti_DJI_0085_frame172,images/Ruokolahti/ruokolahti_DJI_0085_frame172.jpg,labels/Ruokolahti/ruokolahti_DJI_0085_frame172.txt,location,4096,2160,True,1
Ruokolahti,ruokolahti_DJI_0085_frame173,images/Ruokolahti/ruokolahti_DJI_0085_frame173.jpg,labels/Ruokolahti/ruokolahti_DJI_0085_frame173.txt,location,4096,2160,True,1
Ruokolahti,ruokolahti_DJI_0085_frame174,images/Ruokolahti/ruokolahti_DJI_0085_frame174.jpg,labels/Ruokolahti/ruokolahti_DJI_0085_frame174.txt,location,4096,2160,True,1
Ruokolahti,ruokolahti_DJI_0085_frame175,images/Ruokolahti/ruokolahti_DJI_0085_frame175.jpg,labels/Ruokolahti/ruokolahti_DJI_0085_frame175.txt,location,4096,2160,True,1
Ruokolahti,ruokolahti_DJI_0085_frame18,images/Ruokolahti/ruokolahti_DJI_0085_frame18.jpg,labels/Ruokolahti/ruokolahti_DJI_0085_frame18.txt,location,4096,2160,True,1
Ruokolahti,ruokolahti_DJI_0085_frame19,images/Ruokolahti/ruokolahti_DJI_0085_frame19.jpg,labels/Ruokolahti/ruokolahti_DJI_0085_frame19.txt,location,4096,2160,True,1
Ruokolahti,ruokolahti_DJI_0085_frame2,images/Ruokolahti/ruokolahti_DJI_0085_frame2.jpg,labels/Ruokolahti/ruokolahti_DJI_0085_frame2.txt,location,4096,2160,True,1
Ruokolahti,ruokolahti_DJI_0085_frame20,images/Ruokolahti/ruokolahti_DJI_0085_frame20.jpg,labels/Ruokolahti/ruokolahti_DJI_0085_frame20.txt,location,4096,2160,True,1
Ruokolahti,ruokolahti_DJI_0085_frame21,images/Ruokolahti/ruokolahti_DJI_0085_frame21.jpg,labels/Ruokolahti/ruokolahti_DJI_0085_frame21.txt,location,4096,2160,True,1
Ruokolahti,ruokolahti_DJI_0085_frame22,images/Ruokolahti/ruokolahti_DJI_0085_frame22.jpg,labels/Ruokolahti/ruokolahti_DJI_0085_frame22.txt,location,4096,2160,True,1
Ruokolahti,ruokolahti_DJI_0085_frame23,images/Ruokolahti/ruokolahti_DJI_0085_frame23.jpg,labels/Ruokolahti/ruokolahti_DJI_0085_frame23.txt,location,4096,2160,True,1
Ruokolahti,ruokolahti_DJI_0085_frame24,images/Ruokolahti/ruokolahti_DJI_0085_frame24.jpg,labels/Ruokolahti/ruokolahti_DJI_0085_frame24.txt,location,4096,2160,True,1
Ruokolahti,ruokolahti_DJI_0085_frame25,images/Ruokolahti/ruokolahti_DJI_0085_frame25.jpg,labels/Ruokolahti/ruokolahti_DJI_0085_frame25.txt,location,4096,2160,True,1
Ruokolahti,ruokolahti_DJI_0085_frame26,images/Ruokolahti/ruokolahti_DJI_0085_frame26.jpg,labels/Ruokolahti/ruokolahti_DJI_0085_frame26.txt,location,4096,2160,True,1
Ruokolahti,ruokolahti_DJI_0085_frame27,images/Ruokolahti/ruokolahti_DJI_0085_frame27.jpg,labels/Ruokolahti/ruokolahti_DJI_0085_frame27.txt,location,4096,2160,True,1
Ruokolahti,ruokolahti_DJI_0085_frame28,images/Ruokolahti/ruokolahti_DJI_0085_frame28.jpg,labels/Ruokolahti/ruokolahti_DJI_0085_frame28.txt,location,4096,2160,True,1
Ruokolahti,ruokolahti_DJI_0085_frame29,images/Ruokolahti/ruokolahti_DJI_0085_frame29.jpg,labels/Ruokolahti/ruokolahti_DJI_0085_frame29.txt,location,4096,2160,True,1
Ruokolahti,ruokolahti_DJI_0085_frame3,images/Ruokolahti/ruokolahti_DJI_0085_frame3.jpg,labels/Ruokolahti/ruokolahti_DJI_0085_frame3.txt,location,4096,2160,True,1
Ruokolahti,ruokolahti_DJI_0085_frame30,images/Ruokolahti/ruokolahti_DJI_0085_frame30.jpg,labels/Ruokolahti/ruokolahti_DJI_0085_frame30.txt,location,4096,2160,True,1
Ruokolahti,ruokolahti_DJI_0085_frame31,images/Ruokolahti/ruokolahti_DJI_0085_frame31.jpg,labels/Ruokolahti/ruokolahti_DJI_0085_frame31.txt,location,4096,2160,True,1
Ruokolahti,ruokolahti_DJI_0085_frame32,images/Ruokolahti/ruokolahti_DJI_0085_frame32.jpg,labels/Ruokolahti/ruokolahti_DJI_0085_frame32.txt,location,4096,2160,True,1
Ruokolahti,ruokolahti_DJI_0085_frame33,images/Ruokolahti/ruokolahti_DJI_0085_frame33.jpg,labels/Ruokolahti/ruokolahti_DJI_0085_frame33.txt,location,4096,2160,True,1
Ruokolahti,ruokolahti_DJI_0085_frame34,images/Ruokolahti/ruokolahti_DJI_0085_frame34.jpg,labels/Ruokolahti/ruokolahti_DJI_0085_frame34.txt,location,4096,2160,True,1
Ruokolahti,ruokolahti_DJI_0085_frame35,images/Ruokolahti/ruokolahti_DJI_0085_frame35.jpg,labels/Ruokolahti/ruokolahti_DJI_0085_frame35.txt,location,4096,2160,True,1
Ruokolahti,ruokolahti_DJI_0085_frame36,images/Ruokolahti/ruokolahti_DJI_0085_frame36.jpg,labels/Ruokolahti/ruokolahti_DJI_0085_frame36.txt,location,4096,2160,True,1
Ruokolahti,ruokolahti_DJI_0085_frame37,images/Ruokolahti/ruokolahti_DJI_0085_frame37.jpg,labels/Ruokolahti/ruokolahti_DJI_0085_frame37.txt,location,4096,2160,True,1
Ruokolahti,ruokolahti_DJI_0085_frame38,images/Ruokolahti/ruokolahti_DJI_0085_frame38.jpg,labels/Ruokolahti/ruokolahti_DJI_0085_frame38.txt,location,4096,2160,True,1
Ruokolahti,ruokolahti_DJI_0085_frame39,images/Ruokolahti/ruokolahti_DJI_0085_frame39.jpg,labels/Ruokolahti/ruokolahti_DJI_0085_frame39.txt,location,4096,2160,True,1
Ruokolahti,ruokolahti_DJI_0085_frame4,images/Ruokolahti/ruokolahti_DJI_0085_frame4.jpg,labels/Ruokolahti/ruokolahti_DJI_0085_frame4.txt,location,4096,2160,True,1
Ruokolahti,ruokolahti_DJI_0085_frame40,images/Ruokolahti/ruokolahti_DJI_0085_frame40.jpg,labels/Ruokolahti/ruokolahti_DJI_0085_frame40.txt,location,4096,2160,True,1
Ruokolahti,ruokolahti_DJI_0085_frame41,images/Ruokolahti/ruokolahti_DJI_0085_frame41.jpg,labels/Ruokolahti/ruokolahti_DJI_0085_frame41.txt,location,4096,2160,True,1
Ruokolahti,ruokolahti_DJI_0085_frame42,images/Ruokolahti/ruokolahti_DJI_0085_frame42.jpg,labels/Ruokolahti/ruokolahti_DJI_0085_frame42.txt,location,4096,2160,True,1
Ruokolahti,ruokolahti_DJI_0085_frame43,images/Ruokolahti/ruokolahti_DJI_0085_frame43.jpg,labels/Ruokolahti/ruokolahti_DJI_0085_frame43.txt,location,4096,2160,True,1
Ruokolahti,ruokolahti_DJI_0085_frame44,images/Ruokolahti/ruokolahti_DJI_0085_frame44.jpg,labels/Ruokolahti/ruokolahti_DJI_0085_frame44.txt,location,4096,2160,True,1
Ruokolahti,ruokolahti_DJI_0085_frame45,images/Ruokolahti/ruokolahti_DJI_0085_frame45.jpg,labels/Ruokolahti/ruokolahti_DJI_0085_frame45.txt,location,4096,2160,True,1
Ruokolahti,ruokolahti_DJI_0085_frame46,images/Ruokolahti/ruokolahti_DJI_0085_frame46.jpg,labels/Ruokolahti/ruokolahti_DJI_0085_frame46.txt,location,4096,2160,True,1
Ruokolahti,ruokolahti_DJI_0085_frame47,images/Ruokolahti/ruokolahti_DJI_0085_frame47.jpg,labels/Ruokolahti/ruokolahti_DJI_0085_frame47.txt,location,4096,2160,True,1
Ruokolahti,ruokolahti_DJI_0085_frame48,images/Ruokolahti/ruokolahti_DJI_0085_frame48.jpg,labels/Ruokolahti/ruokolahti_DJI_0085_frame48.txt,location,4096,2160,True,1
Ruokolahti,ruokolahti_DJI_0085_frame49,images/Ruokolahti/ruokolahti_DJI_0085_frame49.jpg,labels/Ruokolahti/ruokolahti_DJI_0085_frame49.txt,location,4096,2160,True,1
Ruokolahti,ruokolahti_DJI_0085_frame5,images/Ruokolahti/ruokolahti_DJI_0085_frame5.jpg,labels/Ruokolahti/ruokolahti_DJI_0085_frame5.txt,location,4096,2160,True,1
Ruokolahti,ruokolahti_DJI_0085_frame50,images/Ruokolahti/ruokolahti_DJI_0085_frame50.jpg,labels/Ruokolahti/ruokolahti_DJI_0085_frame50.txt,location,4096,2160,True,1
Ruokolahti,ruokolahti_DJI_0085_frame51,images/Ruokolahti/ruokolahti_DJI_0085_frame51.jpg,labels/Ruokolahti/ruokolahti_DJI_0085_frame51.txt,location,4096,2160,True,1
Ruokolahti,ruokolahti_DJI_0085_frame52,images/Ruokolahti/ruokolahti_DJI_0085_frame52.jpg,labels/Ruokolahti/ruokolahti_DJI_0085_frame52.txt,location,4096,2160,True,1
Ruokolahti,ruokolahti_DJI_0085_frame53,images/Ruokolahti/ruokolahti_DJI_0085_frame53.jpg,labels/Ruokolahti/ruokolahti_DJI_0085_frame53.txt,location,4096,2160,True,1
Ruokolahti,ruokolahti_DJI_0085_frame54,images/Ruokolahti/ruokolahti_DJI_0085_frame54.jpg,labels/Ruokolahti/ruokolahti_DJI_0085_frame54.txt,location,4096,2160,True,1
Ruokolahti,ruokolahti_DJI_0085_frame55,images/Ruokolahti/ruokolahti_DJI_0085_frame55.jpg,labels/Ruokolahti/ruokolahti_DJI_0085_frame55.txt,location,4096,2160,True,1
Ruokolahti,ruokolahti_DJI_0085_frame56,images/Ruokolahti/ruokolahti_DJI_0085_frame56.jpg,labels/Ruokolahti/ruokolahti_DJI_0085_frame56.txt,location,4096,2160,True,1
Ruokolahti,ruokolahti_DJI_0085_frame57,images/Ruokolahti/ruokolahti_DJI_0085_frame57.jpg,labels/Ruokolahti/ruokolahti_DJI_0085_frame57.txt,location,4096,2160,True,1
Ruokolahti,ruokolahti_DJI_0085_frame58,images/Ruokolahti/ruokolahti_DJI_0085_frame58.jpg,labels/Ruokolahti/ruokolahti_DJI_0085_frame58.txt,location,4096,2160,True,1
Ruokolahti,ruokolahti_DJI_0085_frame59,images/Ruokolahti/ruokolahti_DJI_0085_frame59.jpg,labels/Ruokolahti/ruokolahti_DJI_0085_frame59.txt,location,4096,2160,True,1
Ruokolahti,ruokolahti_DJI_0085_frame6,images/Ruokolahti/ruokolahti_DJI_0085_frame6.jpg,labels/Ruokolahti/ruokolahti_DJI_0085_frame6.txt,location,4096,2160,True,1
Ruokolahti,ruokolahti_DJI_0085_frame60,images/Ruokolahti/ruokolahti_DJI_0085_frame60.jpg,labels/Ruokolahti/ruokolahti_DJI_0085_frame60.txt,location,4096,2160,True,1
Ruokolahti,ruokolahti_DJI_0085_frame61,images/Ruokolahti/ruokolahti_DJI_0085_frame61.jpg,labels/Ruokolahti/ruokolahti_DJI_0085_frame61.txt,location,4096,2160,True,1
Ruokolahti,ruokolahti_DJI_0085_frame62,images/Ruokolahti/ruokolahti_DJI_0085_frame62.jpg,labels/Ruokolahti/ruokolahti_DJI_0085_frame62.txt,location,4096,2160,True,1
Ruokolahti,ruokolahti_DJI_0085_frame63,images/Ruokolahti/ruokolahti_DJI_0085_frame63.jpg,labels/Ruokolahti/ruokolahti_DJI_0085_frame63.txt,location,4096,2160,True,1
Ruokolahti,ruokolahti_DJI_0085_frame64,images/Ruokolahti/ruokolahti_DJI_0085_frame64.jpg,labels/Ruokolahti/ruokolahti_DJI_0085_frame64.txt,location,4096,2160,True,1
Ruokolahti,ruokolahti_DJI_0085_frame65,images/Ruokolahti/ruokolahti_DJI_0085_frame65.jpg,labels/Ruokolahti/ruokolahti_DJI_0085_frame65.txt,location,4096,2160,True,1
Ruokolahti,ruokolahti_DJI_0085_frame66,images/Ruokolahti/ruokolahti_DJI_0085_frame66.jpg,labels/Ruokolahti/ruokolahti_DJI_0085_frame66.txt,location,4096,2160,True,1
Ruokolahti,ruokolahti_DJI_0085_frame67,images/Ruokolahti/ruokolahti_DJI_0085_frame67.jpg,labels/Ruokolahti/ruokolahti_DJI_0085_frame67.txt,location,4096,2160,True,1
Ruokolahti,ruokolahti_DJI_0085_frame68,images/Ruokolahti/ruokolahti_DJI_0085_frame68.jpg,labels/Ruokolahti/ruokolahti_DJI_0085_frame68.txt,location,4096,2160,True,1
Ruokolahti,ruokolahti_DJI_0085_frame69,images/Ruokolahti/ruokolahti_DJI_0085_frame69.jpg,labels/Ruokolahti/ruokolahti_DJI_0085_frame69.txt,location,4096,2160,True,1
Ruokolahti,ruokolahti_DJI_0085_frame7,images/Ruokolahti/ruokolahti_DJI_0085_frame7.jpg,labels/Ruokolahti/ruokolahti_DJI_0085_frame7.txt,location,4096,2160,True,1
Ruokolahti,ruokolahti_DJI_0085_frame70,images/Ruokolahti/ruokolahti_DJI_0085_frame70.jpg,labels/Ruokolahti/ruokolahti_DJI_0085_frame70.txt,location,4096,2160,True,1
Ruokolahti,ruokolahti_DJI_0085_frame71,images/Ruokolahti/ruokolahti_DJI_0085_frame71.jpg,labels/Ruokolahti/ruokolahti_DJI_0085_frame71.txt,location,4096,2160,True,1
Ruokolahti,ruokolahti_DJI_0085_frame72,images/Ruokolahti/ruokolahti_DJI_0085_frame72.jpg,labels/Ruokolahti/ruokolahti_DJI_0085_frame72.txt,location,4096,2160,True,1
Ruokolahti,ruokolahti_DJI_0085_frame73,images/Ruokolahti/ruokolahti_DJI_0085_frame73.jpg,labels/Ruokolahti/ruokolahti_DJI_0085_frame73.txt,location,4096,2160,True,1
Ruokolahti,ruokolahti_DJI_0085_frame74,images/Ruokolahti/ruokolahti_DJI_0085_frame74.jpg,labels/Ruokolahti/ruokolahti_DJI_0085_frame74.txt,location,4096,2160,True,1
Ruokolahti,ruokolahti_DJI_0085_frame75,images/Ruokolahti/ruokolahti_DJI_0085_frame75.jpg,labels/Ruokolahti/ruokolahti_DJI_0085_frame75.txt,location,4096,2160,True,1
Ruokolahti,ruokolahti_DJI_0085_frame76,images/Ruokolahti/ruokolahti_DJI_0085_frame76.jpg,labels/Ruokolahti/ruokolahti_DJI_0085_frame76.txt,location,4096,2160,True,1
Ruokolahti,ruokolahti_DJI_0085_frame77,images/Ruokolahti/ruokolahti_DJI_0085_frame77.jpg,labels/Ruokolahti/ruokolahti_DJI_0085_frame77.txt,location,4096,2160,True,1
Ruokolahti,ruokolahti_DJI_0085_frame78,images/Ruokolahti/ruokolahti_DJI_0085_frame78.jpg,labels/Ruokolahti/ruokolahti_DJI_0085_frame78.txt,location,4096,2160,True,1
Ruokolahti,ruokolahti_DJI_0085_frame79,images/Ruokolahti/ruokolahti_DJI_0085_frame79.jpg,labels/Ruokolahti/ruokolahti_DJI_0085_frame79.txt,location,4096,2160,True,1
Ruokolahti,ruokolahti_DJI_0085_frame8,images/Ruokolahti/ruokolahti_DJI_0085_frame8.jpg,labels/Ruokolahti/ruokolahti_DJI_0085_frame8.txt,location,4096,2160,True,1
Ruokolahti,ruokolahti_DJI_0085_frame80,images/Ruokolahti/ruokolahti_DJI_0085_frame80.jpg,labels/Ruokolahti/ruokolahti_DJI_0085_frame80.txt,location,4096,2160,True,1
Ruokolahti,ruokolahti_DJI_0085_frame81,images/Ruokolahti/ruokolahti_DJI_0085_frame81.jpg,labels/Ruokolahti/ruokolahti_DJI_0085_frame81.txt,location,4096,2160,True,1
Ruokolahti,ruokolahti_DJI_0085_frame82,images/Ruokolahti/ruokolahti_DJI_0085_frame82.jpg,labels/Ruokolahti/ruokolahti_DJI_0085_frame82.txt,location,4096,2160,True,1
Ruokolahti,ruokolahti_DJI_0085_frame83,images/Ruokolahti/ruokolahti_DJI_0085_frame83.jpg,labels/Ruokolahti/ruokolahti_DJI_0085_frame83.txt,location,4096,2160,True,1
Ruokolahti,ruokolahti_DJI_0085_frame84,images/Ruokolahti/ruokolahti_DJI_0085_frame84.jpg,labels/Ruokolahti/ruokolahti_DJI_0085_frame84.txt,location,4096,2160,True,1
Ruokolahti,ruokolahti_DJI_0085_frame85,images/Ruokolahti/ruokolahti_DJI_0085_frame85.jpg,labels/Ruokolahti/ruokolahti_DJI_0085_frame85.txt,location,4096,2160,True,1
Ruokolahti,ruokolahti_DJI_0085_frame86,images/Ruokolahti/ruokolahti_DJI_0085_frame86.jpg,labels/Ruokolahti/ruokolahti_DJI_0085_frame86.txt,location,4096,2160,True,1
Ruokolahti,ruokolahti_DJI_0085_frame87,images/Ruokolahti/ruokolahti_DJI_0085_frame87.jpg,labels/Ruokolahti/ruokolahti_DJI_0085_frame87.txt,location,4096,2160,True,1
Ruokolahti,ruokolahti_DJI_0085_frame88,images/Ruokolahti/ruokolahti_DJI_0085_frame88.jpg,labels/Ruokolahti/ruokolahti_DJI_0085_frame88.txt,location,4096,2160,True,1
Ruokolahti,ruokolahti_DJI_0085_frame89,images/Ruokolahti/ruokolahti_DJI_0085_frame89.jpg,labels/Ruokolahti/ruokolahti_DJI_0085_frame89.txt,location,4096,2160,True,1
Ruokolahti,ruokolahti_DJI_0085_frame9,images/Ruokolahti/ruokolahti_DJI_0085_frame9.jpg,labels/Ruokolahti/ruokolahti_DJI_0085_frame9.txt,location,4096,2160,True,1
Ruokolahti,ruokolahti_DJI_0085_frame90,images/Ruokolahti/ruokolahti_DJI_0085_frame90.jpg,labels/Ruokolahti/ruokolahti_DJI_0085_frame90.txt,location,4096,2160,True,1
Ruokolahti,ruokolahti_DJI_0085_frame91,images/Ruokolahti/ruokolahti_DJI_0085_frame91.jpg,labels/Ruokolahti/ruokolahti_DJI_0085_frame91.txt,location,4096,2160,True,1
Ruokolahti,ruokolahti_DJI_0085_frame92,images/Ruokolahti/ruokolahti_DJI_0085_frame92.jpg,labels/Ruokolahti/ruokolahti_DJI_0085_frame92.txt,location,4096,2160,True,1
Ruokolahti,ruokolahti_DJI_0085_frame93,images/Ruokolahti/ruokolahti_DJI_0085_frame93.jpg,labels/Ruokolahti/ruokolahti_DJI_0085_frame93.txt,location,4096,2160,True,1
Ruokolahti,ruokolahti_DJI_0085_frame94,images/Ruokolahti/ruokolahti_DJI_0085_frame94.jpg,labels/Ruokolahti/ruokolahti_DJI_0085_frame94.txt,location,4096,2160,True,1
Ruokolahti,ruokolahti_DJI_0085_frame95,images/Ruokolahti/ruokolahti_DJI_0085_frame95.jpg,labels/Ruokolahti/ruokolahti_DJI_0085_frame95.txt,location,4096,2160,True,1
Ruokolahti,ruokolahti_DJI_0085_frame96,images/Ruokolahti/ruokolahti_DJI_0085_frame96.jpg,labels/Ruokolahti/ruokolahti_DJI_0085_frame96.txt,location,4096,2160,True,1
Ruokolahti,ruokolahti_DJI_0085_frame97,images/Ruokolahti/ruokolahti_DJI_0085_frame97.jpg,labels/Ruokolahti/ruokolahti_DJI_0085_frame97.txt,location,4096,2160,True,1
Ruokolahti,ruokolahti_DJI_0085_frame98,images/Ruokolahti/ruokolahti_DJI_0085_frame98.jpg,labels/Ruokolahti/ruokolahti_DJI_0085_frame98.txt,location,4096,2160,True,1
Ruokolahti,ruokolahti_DJI_0085_frame99,images/Ruokolahti/ruokolahti_DJI_0085_frame99.jpg,labels/Ruokolahti/ruokolahti_DJI_0085_frame99.txt,location,4096,2160,True,1
Ruokolahti,ruokolahti_DJI_0086_frame0,images/Ruokolahti/ruokolahti_DJI_0086_frame0.jpg,labels/Ruokolahti/ruokolahti_DJI_0086_frame0.txt,location,4096,2160,True,1
Ruokolahti,ruokolahti_DJI_0086_frame1,images/Ruokolahti/ruokolahti_DJI_0086_frame1.jpg,labels/Ruokolahti/ruokolahti_DJI_0086_frame1.txt,location,4096,2160,True,1
Ruokolahti,ruokolahti_DJI_0086_frame10,images/Ruokolahti/ruokolahti_DJI_0086_frame10.jpg,labels/Ruokolahti/ruokolahti_DJI_0086_frame10.txt,location,4096,2160,True,1
Ruokolahti,ruokolahti_DJI_0086_frame100,images/Ruokolahti/ruokolahti_DJI_0086_frame100.jpg,labels/Ruokolahti/ruokolahti_DJI_0086_frame100.txt,location,4096,2160,True,1
Ruokolahti,ruokolahti_DJI_0086_frame101,images/Ruokolahti/ruokolahti_DJI_0086_frame101.jpg,labels/Ruokolahti/ruokolahti_DJI_0086_frame101.txt,location,4096,2160,True,1
Ruokolahti,ruokolahti_DJI_0086_frame102,images/Ruokolahti/ruokolahti_DJI_0086_frame102.jpg,labels/Ruokolahti/ruokolahti_DJI_0086_frame102.txt,location,4096,2160,True,1
Ruokolahti,ruokolahti_DJI_0086_frame103,images/Ruokolahti/ruokolahti_DJI_0086_frame103.jpg,labels/Ruokolahti/ruokolahti_DJI_0086_frame103.txt,location,4096,2160,True,1
Ruokolahti,ruokolahti_DJI_0086_frame104,images/Ruokolahti/ruokolahti_DJI_0086_frame104.jpg,labels/Ruokolahti/ruokolahti_DJI_0086_frame104.txt,location,4096,2160,True,1
Ruokolahti,ruokolahti_DJI_0086_frame105,images/Ruokolahti/ruokolahti_DJI_0086_frame105.jpg,labels/Ruokolahti/ruokolahti_DJI_0086_frame105.txt,location,4096,2160,True,1
Ruokolahti,ruokolahti_DJI_0086_frame106,images/Ruokolahti/ruokolahti_DJI_0086_frame106.jpg,labels/Ruokolahti/ruokolahti_DJI_0086_frame106.txt,location,4096,2160,True,1
Ruokolahti,ruokolahti_DJI_0086_frame107,images/Ruokolahti/ruokolahti_DJI_0086_frame107.jpg,labels/Ruokolahti/ruokolahti_DJI_0086_frame107.txt,location,4096,2160,True,1
Ruokolahti,ruokolahti_DJI_0086_frame108,images/Ruokolahti/ruokolahti_DJI_0086_frame108.jpg,labels/Ruokolahti/ruokolahti_DJI_0086_frame108.txt,location,4096,2160,True,1
Ruokolahti,ruokolahti_DJI_0086_frame109,images/Ruokolahti/ruokolahti_DJI_0086_frame109.jpg,labels/Ruokolahti/ruokolahti_DJI_0086_frame109.txt,location,4096,2160,True,1
Ruokolahti,ruokolahti_DJI_0086_frame11,images/Ruokolahti/ruokolahti_DJI_0086_frame11.jpg,labels/Ruokolahti/ruokolahti_DJI_0086_frame11.txt,location,4096,2160,True,1
Ruokolahti,ruokolahti_DJI_0086_frame110,images/Ruokolahti/ruokolahti_DJI_0086_frame110.jpg,labels/Ruokolahti/ruokolahti_DJI_0086_frame110.txt,location,4096,2160,True,1
Ruokolahti,ruokolahti_DJI_0086_frame111,images/Ruokolahti/ruokolahti_DJI_0086_frame111.jpg,labels/Ruokolahti/ruokolahti_DJI_0086_frame111.txt,location,4096,2160,True,1
Ruokolahti,ruokolahti_DJI_0086_frame112,images/Ruokolahti/ruokolahti_DJI_0086_frame112.jpg,labels/Ruokolahti/ruokolahti_DJI_0086_frame112.txt,location,4096,2160,True,1
Ruokolahti,ruokolahti_DJI_0086_frame113,images/Ruokolahti/ruokolahti_DJI_0086_frame113.jpg,labels/Ruokolahti/ruokolahti_DJI_0086_frame113.txt,location,4096,2160,True,1
Ruokolahti,ruokolahti_DJI_0086_frame114,images/Ruokolahti/ruokolahti_DJI_0086_frame114.jpg,labels/Ruokolahti/ruokolahti_DJI_0086_frame114.txt,location,4096,2160,True,1
Ruokolahti,ruokolahti_DJI_0086_frame115,images/Ruokolahti/ruokolahti_DJI_0086_frame115.jpg,labels/Ruokolahti/ruokolahti_DJI_0086_frame115.txt,location,4096,2160,True,1
Ruokolahti,ruokolahti_DJI_0086_frame116,images/Ruokolahti/ruokolahti_DJI_0086_frame116.jpg,labels/Ruokolahti/ruokolahti_DJI_0086_frame116.txt,location,4096,2160,True,1
Ruokolahti,ruokolahti_DJI_0086_frame117,images/Ruokolahti/ruokolahti_DJI_0086_frame117.jpg,labels/Ruokolahti/ruokolahti_DJI_0086_frame117.txt,location,4096,2160,True,1
Ruokolahti,ruokolahti_DJI_0086_frame118,images/Ruokolahti/ruokolahti_DJI_0086_frame118.jpg,labels/Ruokolahti/ruokolahti_DJI_0086_frame118.txt,location,4096,2160,True,1
Ruokolahti,ruokolahti_DJI_0086_frame119,images/Ruokolahti/ruokolahti_DJI_0086_frame119.jpg,labels/Ruokolahti/ruokolahti_DJI_0086_frame119.txt,location,4096,2160,True,1
Ruokolahti,ruokolahti_DJI_0086_frame12,images/Ruokolahti/ruokolahti_DJI_0086_frame12.jpg,labels/Ruokolahti/ruokolahti_DJI_0086_frame12.txt,location,4096,2160,True,1
Ruokolahti,ruokolahti_DJI_0086_frame120,images/Ruokolahti/ruokolahti_DJI_0086_frame120.jpg,labels/Ruokolahti/ruokolahti_DJI_0086_frame120.txt,location,4096,2160,True,1
Ruokolahti,ruokolahti_DJI_0086_frame121,images/Ruokolahti/ruokolahti_DJI_0086_frame121.jpg,labels/Ruokolahti/ruokolahti_DJI_0086_frame121.txt,location,4096,2160,True,1
Ruokolahti,ruokolahti_DJI_0086_frame122,images/Ruokolahti/ruokolahti_DJI_0086_frame122.jpg,labels/Ruokolahti/ruokolahti_DJI_0086_frame122.txt,location,4096,2160,True,1
Ruokolahti,ruokolahti_DJI_0086_frame123,images/Ruokolahti/ruokolahti_DJI_0086_frame123.jpg,labels/Ruokolahti/ruokolahti_DJI_0086_frame123.txt,location,4096,2160,True,1
Ruokolahti,ruokolahti_DJI_0086_frame124,images/Ruokolahti/ruokolahti_DJI_0086_frame124.jpg,labels/Ruokolahti/ruokolahti_DJI_0086_frame124.txt,location,4096,2160,True,1
Ruokolahti,ruokolahti_DJI_0086_frame125,images/Ruokolahti/ruokolahti_DJI_0086_frame125.jpg,labels/Ruokolahti/ruokolahti_DJI_0086_frame125.txt,location,4096,2160,True,1
Ruokolahti,ruokolahti_DJI_0086_frame126,images/Ruokolahti/ruokolahti_DJI_0086_frame126.jpg,labels/Ruokolahti/ruokolahti_DJI_0086_frame126.txt,location,4096,2160,True,1
Ruokolahti,ruokolahti_DJI_0086_frame127,images/Ruokolahti/ruokolahti_DJI_0086_frame127.jpg,labels/Ruokolahti/ruokolahti_DJI_0086_frame127.txt,location,4096,2160,True,1
Ruokolahti,ruokolahti_DJI_0086_frame128,images/Ruokolahti/ruokolahti_DJI_0086_frame128.jpg,labels/Ruokolahti/ruokolahti_DJI_0086_frame128.txt,location,4096,2160,True,1
Ruokolahti,ruokolahti_DJI_0086_frame129,images/Ruokolahti/ruokolahti_DJI_0086_frame129.jpg,labels/Ruokolahti/ruokolahti_DJI_0086_frame129.txt,location,4096,2160,True,1
Ruokolahti,ruokolahti_DJI_0086_frame13,images/Ruokolahti/ruokolahti_DJI_0086_frame13.jpg,labels/Ruokolahti/ruokolahti_DJI_0086_frame13.txt,location,4096,2160,True,1
Ruokolahti,ruokolahti_DJI_0086_frame130,images/Ruokolahti/ruokolahti_DJI_0086_frame130.jpg,labels/Ruokolahti/ruokolahti_DJI_0086_frame130.txt,location,4096,2160,True,1
Ruokolahti,ruokolahti_DJI_0086_frame131,images/Ruokolahti/ruokolahti_DJI_0086_frame131.jpg,labels/Ruokolahti/ruokolahti_DJI_0086_frame131.txt,location,4096,2160,True,1
Ruokolahti,ruokolahti_DJI_0086_frame132,images/Ruokolahti/ruokolahti_DJI_0086_frame132.jpg,labels/Ruokolahti/ruokolahti_DJI_0086_frame132.txt,location,4096,2160,True,1
Ruokolahti,ruokolahti_DJI_0086_frame133,images/Ruokolahti/ruokolahti_DJI_0086_frame133.jpg,labels/Ruokolahti/ruokolahti_DJI_0086_frame133.txt,location,4096,2160,True,1
Ruokolahti,ruokolahti_DJI_0086_frame134,images/Ruokolahti/ruokolahti_DJI_0086_frame134.jpg,labels/Ruokolahti/ruokolahti_DJI_0086_frame134.txt,location,4096,2160,True,1
Ruokolahti,ruokolahti_DJI_0086_frame135,images/Ruokolahti/ruokolahti_DJI_0086_frame135.jpg,labels/Ruokolahti/ruokolahti_DJI_0086_frame135.txt,location,4096,2160,True,1
Ruokolahti,ruokolahti_DJI_0086_frame136,images/Ruokolahti/ruokolahti_DJI_0086_frame136.jpg,labels/Ruokolahti/ruokolahti_DJI_0086_frame136.txt,location,4096,2160,True,1
Ruokolahti,ruokolahti_DJI_0086_frame137,images/Ruokolahti/ruokolahti_DJI_0086_frame137.jpg,labels/Ruokolahti/ruokolahti_DJI_0086_frame137.txt,location,4096,2160,True,1
Ruokolahti,ruokolahti_DJI_0086_frame138,images/Ruokolahti/ruokolahti_DJI_0086_frame138.jpg,labels/Ruokolahti/ruokolahti_DJI_0086_frame138.txt,location,4096,2160,True,1
Ruokolahti,ruokolahti_DJI_0086_frame139,images/Ruokolahti/ruokolahti_DJI_0086_frame139.jpg,labels/Ruokolahti/ruokolahti_DJI_0086_frame139.txt,location,4096,2160,True,1
Ruokolahti,ruokolahti_DJI_0086_frame14,images/Ruokolahti/ruokolahti_DJI_0086_frame14.jpg,labels/Ruokolahti/ruokolahti_DJI_0086_frame14.txt,location,4096,2160,True,1
Ruokolahti,ruokolahti_DJI_0086_frame140,images/Ruokolahti/ruokolahti_DJI_0086_frame140.jpg,labels/Ruokolahti/ruokolahti_DJI_0086_frame140.txt,location,4096,2160,True,1
Ruokolahti,ruokolahti_DJI_0086_frame141,images/Ruokolahti/ruokolahti_DJI_0086_frame141.jpg,labels/Ruokolahti/ruokolahti_DJI_0086_frame141.txt,location,4096,2160,True,1
Ruokolahti,ruokolahti_DJI_0086_frame142,images/Ruokolahti/ruokolahti_DJI_0086_frame142.jpg,labels/Ruokolahti/ruokolahti_DJI_0086_frame142.txt,location,4096,2160,True,1
Ruokolahti,ruokolahti_DJI_0086_frame143,images/Ruokolahti/ruokolahti_DJI_0086_frame143.jpg,labels/Ruokolahti/ruokolahti_DJI_0086_frame143.txt,location,4096,2160,True,1
Ruokolahti,ruokolahti_DJI_0086_frame144,images/Ruokolahti/ruokolahti_DJI_0086_frame144.jpg,labels/Ruokolahti/ruokolahti_DJI_0086_frame144.txt,location,4096,2160,True,1
Ruokolahti,ruokolahti_DJI_0086_frame145,images/Ruokolahti/ruokolahti_DJI_0086_frame145.jpg,labels/Ruokolahti/ruokolahti_DJI_0086_frame145.txt,location,4096,2160,True,1
Ruokolahti,ruokolahti_DJI_0086_frame146,images/Ruokolahti/ruokolahti_DJI_0086_frame146.jpg,labels/Ruokolahti/ruokolahti_DJI_0086_frame146.txt,location,4096,2160,True,1
Ruokolahti,ruokolahti_DJI_0086_frame147,images/Ruokolahti/ruokolahti_DJI_0086_frame147.jpg,labels/Ruokolahti/ruokolahti_DJI_0086_frame147.txt,location,4096,2160,True,1
Ruokolahti,ruokolahti_DJI_0086_frame148,images/Ruokolahti/ruokolahti_DJI_0086_frame148.jpg,labels/Ruokolahti/ruokolahti_DJI_0086_frame148.txt,location,4096,2160,True,1
Ruokolahti,ruokolahti_DJI_0086_frame149,images/Ruokolahti/ruokolahti_DJI_0086_frame149.jpg,labels/Ruokolahti/ruokolahti_DJI_0086_frame149.txt,location,4096,2160,True,1
Ruokolahti,ruokolahti_DJI_0086_frame15,images/Ruokolahti/ruokolahti_DJI_0086_frame15.jpg,labels/Ruokolahti/ruokolahti_DJI_0086_frame15.txt,location,4096,2160,True,1
Ruokolahti,ruokolahti_DJI_0086_frame150,images/Ruokolahti/ruokolahti_DJI_0086_frame150.jpg,labels/Ruokolahti/ruokolahti_DJI_0086_frame150.txt,location,4096,2160,True,1
Ruokolahti,ruokolahti_DJI_0086_frame151,images/Ruokolahti/ruokolahti_DJI_0086_frame151.jpg,labels/Ruokolahti/ruokolahti_DJI_0086_frame151.txt,location,4096,2160,True,1
Ruokolahti,ruokolahti_DJI_0086_frame152,images/Ruokolahti/ruokolahti_DJI_0086_frame152.jpg,labels/Ruokolahti/ruokolahti_DJI_0086_frame152.txt,location,4096,2160,True,1
Ruokolahti,ruokolahti_DJI_0086_frame153,images/Ruokolahti/ruokolahti_DJI_0086_frame153.jpg,labels/Ruokolahti/ruokolahti_DJI_0086_frame153.txt,location,4096,2160,True,1
Ruokolahti,ruokolahti_DJI_0086_frame154,images/Ruokolahti/ruokolahti_DJI_0086_frame154.jpg,labels/Ruokolahti/ruokolahti_DJI_0086_frame154.txt,location,4096,2160,True,1
Ruokolahti,ruokolahti_DJI_0086_frame155,images/Ruokolahti/ruokolahti_DJI_0086_frame155.jpg,labels/Ruokolahti/ruokolahti_DJI_0086_frame155.txt,location,4096,2160,True,1
Ruokolahti,ruokolahti_DJI_0086_frame156,images/Ruokolahti/ruokolahti_DJI_0086_frame156.jpg,labels/Ruokolahti/ruokolahti_DJI_0086_frame156.txt,location,4096,2160,True,1
Ruokolahti,ruokolahti_DJI_0086_frame157,images/Ruokolahti/ruokolahti_DJI_0086_frame157.jpg,labels/Ruokolahti/ruokolahti_DJI_0086_frame157.txt,location,4096,2160,True,1
Ruokolahti,ruokolahti_DJI_0086_frame158,images/Ruokolahti/ruokolahti_DJI_0086_frame158.jpg,labels/Ruokolahti/ruokolahti_DJI_0086_frame158.txt,location,4096,2160,True,1
Ruokolahti,ruokolahti_DJI_0086_frame159,images/Ruokolahti/ruokolahti_DJI_0086_frame159.jpg,labels/Ruokolahti/ruokolahti_DJI_0086_frame159.txt,location,4096,2160,True,1
Ruokolahti,ruokolahti_DJI_0086_frame16,images/Ruokolahti/ruokolahti_DJI_0086_frame16.jpg,labels/Ruokolahti/ruokolahti_DJI_0086_frame16.txt,location,4096,2160,True,1
Ruokolahti,ruokolahti_DJI_0086_frame160,images/Ruokolahti/ruokolahti_DJI_0086_frame160.jpg,labels/Ruokolahti/ruokolahti_DJI_0086_frame160.txt,location,4096,2160,True,1
Ruokolahti,ruokolahti_DJI_0086_frame161,images/Ruokolahti/ruokolahti_DJI_0086_frame161.jpg,labels/Ruokolahti/ruokolahti_DJI_0086_frame161.txt,location,4096,2160,True,1
Ruokolahti,ruokolahti_DJI_0086_frame162,images/Ruokolahti/ruokolahti_DJI_0086_frame162.jpg,labels/Ruokolahti/ruokolahti_DJI_0086_frame162.txt,location,4096,2160,True,1
Ruokolahti,ruokolahti_DJI_0086_frame163,images/Ruokolahti/ruokolahti_DJI_0086_frame163.jpg,labels/Ruokolahti/ruokolahti_DJI_0086_frame163.txt,location,4096,2160,True,1
Ruokolahti,ruokolahti_DJI_0086_frame164,images/Ruokolahti/ruokolahti_DJI_0086_frame164.jpg,labels/Ruokolahti/ruokolahti_DJI_0086_frame164.txt,location,4096,2160,True,1
Ruokolahti,ruokolahti_DJI_0086_frame165,images/Ruokolahti/ruokolahti_DJI_0086_frame165.jpg,labels/Ruokolahti/ruokolahti_DJI_0086_frame165.txt,location,4096,2160,True,1
Ruokolahti,ruokolahti_DJI_0086_frame166,images/Ruokolahti/ruokolahti_DJI_0086_frame166.jpg,labels/Ruokolahti/ruokolahti_DJI_0086_frame166.txt,location,4096,2160,True,1
Ruokolahti,ruokolahti_DJI_0086_frame167,images/Ruokolahti/ruokolahti_DJI_0086_frame167.jpg,labels/Ruokolahti/ruokolahti_DJI_0086_frame167.txt,location,4096,2160,True,1
Ruokolahti,ruokolahti_DJI_0086_frame168,images/Ruokolahti/ruokolahti_DJI_0086_frame168.jpg,labels/Ruokolahti/ruokolahti_DJI_0086_frame168.txt,location,4096,2160,True,1
Ruokolahti,ruokolahti_DJI_0086_frame169,images/Ruokolahti/ruokolahti_DJI_0086_frame169.jpg,labels/Ruokolahti/ruokolahti_DJI_0086_frame169.txt,location,4096,2160,True,6
Ruokolahti,ruokolahti_DJI_0086_frame17,images/Ruokolahti/ruokolahti_DJI_0086_frame17.jpg,labels/Ruokolahti/ruokolahti_DJI_0086_frame17.txt,location,4096,2160,True,1
Ruokolahti,ruokolahti_DJI_0086_frame170,images/Ruokolahti/ruokolahti_DJI_0086_frame170.jpg,labels/Ruokolahti/ruokolahti_DJI_0086_frame170.txt,location,4096,2160,True,1
Ruokolahti,ruokolahti_DJI_0086_frame171,images/Ruokolahti/ruokolahti_DJI_0086_frame171.jpg,labels/Ruokolahti/ruokolahti_DJI_0086_frame171.txt,location,4096,2160,True,1
Ruokolahti,ruokolahti_DJI_0086_frame172,images/Ruokolahti/ruokolahti_DJI_0086_frame172.jpg,labels/Ruokolahti/ruokolahti_DJI_0086_frame172.txt,location,4096,2160,True,1
Ruokolahti,ruokolahti_DJI_0086_frame173,images/Ruokolahti/ruokolahti_DJI_0086_frame173.jpg,labels/Ruokolahti/ruokolahti_DJI_0086_frame173.txt,location,4096,2160,True,1
Ruokolahti,ruokolahti_DJI_0086_frame174,images/Ruokolahti/ruokolahti_DJI_0086_frame174.jpg,labels/Ruokolahti/ruokolahti_DJI_0086_frame174.txt,location,4096,2160,True,1
Ruokolahti,ruokolahti_DJI_0086_frame175,images/Ruokolahti/ruokolahti_DJI_0086_frame175.jpg,labels/Ruokolahti/ruokolahti_DJI_0086_frame175.txt,location,4096,2160,True,1
Ruokolahti,ruokolahti_DJI_0086_frame176,images/Ruokolahti/ruokolahti_DJI_0086_frame176.jpg,labels/Ruokolahti/ruokolahti_DJI_0086_frame176.txt,location,4096,2160,True,1
Ruokolahti,ruokolahti_DJI_0086_frame177,images/Ruokolahti/ruokolahti_DJI_0086_frame177.jpg,labels/Ruokolahti/ruokolahti_DJI_0086_frame177.txt,location,4096,2160,True,1
Ruokolahti,ruokolahti_DJI_0086_frame178,images/Ruokolahti/ruokolahti_DJI_0086_frame178.jpg,labels/Ruokolahti/ruokolahti_DJI_0086_frame178.txt,location,4096,2160,True,1
Ruokolahti,ruokolahti_DJI_0086_frame179,images/Ruokolahti/ruokolahti_DJI_0086_frame179.jpg,labels/Ruokolahti/ruokolahti_DJI_0086_frame179.txt,location,4096,2160,True,1
Ruokolahti,ruokolahti_DJI_0086_frame18,images/Ruokolahti/ruokolahti_DJI_0086_frame18.jpg,labels/Ruokolahti/ruokolahti_DJI_0086_frame18.txt,location,4096,2160,True,1
Ruokolahti,ruokolahti_DJI_0086_frame180,images/Ruokolahti/ruokolahti_DJI_0086_frame180.jpg,labels/Ruokolahti/ruokolahti_DJI_0086_frame180.txt,location,4096,2160,True,1
Ruokolahti,ruokolahti_DJI_0086_frame181,images/Ruokolahti/ruokolahti_DJI_0086_frame181.jpg,labels/Ruokolahti/ruokolahti_DJI_0086_frame181.txt,location,4096,2160,True,1
Ruokolahti,ruokolahti_DJI_0086_frame182,images/Ruokolahti/ruokolahti_DJI_0086_frame182.jpg,labels/Ruokolahti/ruokolahti_DJI_0086_frame182.txt,location,4096,2160,True,1
Ruokolahti,ruokolahti_DJI_0086_frame183,images/Ruokolahti/ruokolahti_DJI_0086_frame183.jpg,labels/Ruokolahti/ruokolahti_DJI_0086_frame183.txt,location,4096,2160,True,1
Ruokolahti,ruokolahti_DJI_0086_frame184,images/Ruokolahti/ruokolahti_DJI_0086_frame184.jpg,labels/Ruokolahti/ruokolahti_DJI_0086_frame184.txt,location,4096,2160,True,1
Ruokolahti,ruokolahti_DJI_0086_frame185,images/Ruokolahti/ruokolahti_DJI_0086_frame185.jpg,labels/Ruokolahti/ruokolahti_DJI_0086_frame185.txt,location,4096,2160,True,1
Ruokolahti,ruokolahti_DJI_0086_frame186,images/Ruokolahti/ruokolahti_DJI_0086_frame186.jpg,labels/Ruokolahti/ruokolahti_DJI_0086_frame186.txt,location,4096,2160,True,1
Ruokolahti,ruokolahti_DJI_0086_frame187,images/Ruokolahti/ruokolahti_DJI_0086_frame187.jpg,labels/Ruokolahti/ruokolahti_DJI_0086_frame187.txt,location,4096,2160,True,1
Ruokolahti,ruokolahti_DJI_0086_frame188,images/Ruokolahti/ruokolahti_DJI_0086_frame188.jpg,labels/Ruokolahti/ruokolahti_DJI_0086_frame188.txt,location,4096,2160,True,1
Ruokolahti,ruokolahti_DJI_0086_frame189,images/Ruokolahti/ruokolahti_DJI_0086_frame189.jpg,labels/Ruokolahti/ruokolahti_DJI_0086_frame189.txt,location,4096,2160,True,1
Ruokolahti,ruokolahti_DJI_0086_frame19,images/Ruokolahti/ruokolahti_DJI_0086_frame19.jpg,labels/Ruokolahti/ruokolahti_DJI_0086_frame19.txt,location,4096,2160,True,1
Ruokolahti,ruokolahti_DJI_0086_frame190,images/Ruokolahti/ruokolahti_DJI_0086_frame190.jpg,labels/Ruokolahti/ruokolahti_DJI_0086_frame190.txt,location,4096,2160,True,1
Ruokolahti,ruokolahti_DJI_0086_frame191,images/Ruokolahti/ruokolahti_DJI_0086_frame191.jpg,labels/Ruokolahti/ruokolahti_DJI_0086_frame191.txt,location,4096,2160,True,1
Ruokolahti,ruokolahti_DJI_0086_frame192,images/Ruokolahti/ruokolahti_DJI_0086_frame192.jpg,labels/Ruokolahti/ruokolahti_DJI_0086_frame192.txt,location,4096,2160,True,1
Ruokolahti,ruokolahti_DJI_0086_frame193,images/Ruokolahti/ruokolahti_DJI_0086_frame193.jpg,labels/Ruokolahti/ruokolahti_DJI_0086_frame193.txt,location,4096,2160,True,1
Ruokolahti,ruokolahti_DJI_0086_frame194,images/Ruokolahti/ruokolahti_DJI_0086_frame194.jpg,labels/Ruokolahti/ruokolahti_DJI_0086_frame194.txt,location,4096,2160,True,1
Ruokolahti,ruokolahti_DJI_0086_frame195,images/Ruokolahti/ruokolahti_DJI_0086_frame195.jpg,labels/Ruokolahti/ruokolahti_DJI_0086_frame195.txt,location,4096,2160,True,1
Ruokolahti,ruokolahti_DJI_0086_frame196,images/Ruokolahti/ruokolahti_DJI_0086_frame196.jpg,labels/Ruokolahti/ruokolahti_DJI_0086_frame196.txt,location,4096,2160,True,1
Ruokolahti,ruokolahti_DJI_0086_frame197,images/Ruokolahti/ruokolahti_DJI_0086_frame197.jpg,labels/Ruokolahti/ruokolahti_DJI_0086_frame197.txt,location,4096,2160,True,1
Ruokolahti,ruokolahti_DJI_0086_frame198,images/Ruokolahti/ruokolahti_DJI_0086_frame198.jpg,labels/Ruokolahti/ruokolahti_DJI_0086_frame198.txt,location,4096,2160,True,1
Ruokolahti,ruokolahti_DJI_0086_frame199,images/Ruokolahti/ruokolahti_DJI_0086_frame199.jpg,labels/Ruokolahti/ruokolahti_DJI_0086_frame199.txt,location,4096,2160,True,1
Ruokolahti,ruokolahti_DJI_0086_frame2,images/Ruokolahti/ruokolahti_DJI_0086_frame2.jpg,labels/Ruokolahti/ruokolahti_DJI_0086_frame2.txt,location,4096,2160,True,1
Ruokolahti,ruokolahti_DJI_0086_frame20,images/Ruokolahti/ruokolahti_DJI_0086_frame20.jpg,labels/Ruokolahti/ruokolahti_DJI_0086_frame20.txt,location,4096,2160,True,1
Ruokolahti,ruokolahti_DJI_0086_frame200,images/Ruokolahti/ruokolahti_DJI_0086_frame200.jpg,labels/Ruokolahti/ruokolahti_DJI_0086_frame200.txt,location,4096,2160,True,1
Ruokolahti,ruokolahti_DJI_0086_frame201,images/Ruokolahti/ruokolahti_DJI_0086_frame201.jpg,labels/Ruokolahti/ruokolahti_DJI_0086_frame201.txt,location,4096,2160,True,1
Ruokolahti,ruokolahti_DJI_0086_frame202,images/Ruokolahti/ruokolahti_DJI_0086_frame202.jpg,labels/Ruokolahti/ruokolahti_DJI_0086_frame202.txt,location,4096,2160,True,1
Ruokolahti,ruokolahti_DJI_0086_frame203,images/Ruokolahti/ruokolahti_DJI_0086_frame203.jpg,labels/Ruokolahti/ruokolahti_DJI_0086_frame203.txt,location,4096,2160,True,1
Ruokolahti,ruokolahti_DJI_0086_frame204,images/Ruokolahti/ruokolahti_DJI_0086_frame204.jpg,labels/Ruokolahti/ruokolahti_DJI_0086_frame204.txt,location,4096,2160,True,1
Ruokolahti,ruokolahti_DJI_0086_frame205,images/Ruokolahti/ruokolahti_DJI_0086_frame205.jpg,labels/Ruokolahti/ruokolahti_DJI_0086_frame205.txt,location,4096,2160,True,1
Ruokolahti,ruokolahti_DJI_0086_frame206,images/Ruokolahti/ruokolahti_DJI_0086_frame206.jpg,labels/Ruokolahti/ruokolahti_DJI_0086_frame206.txt,location,4096,2160,True,1
Ruokolahti,ruokolahti_DJI_0086_frame207,images/Ruokolahti/ruokolahti_DJI_0086_frame207.jpg,labels/Ruokolahti/ruokolahti_DJI_0086_frame207.txt,location,4096,2160,True,1
Ruokolahti,ruokolahti_DJI_0086_frame208,images/Ruokolahti/ruokolahti_DJI_0086_frame208.jpg,labels/Ruokolahti/ruokolahti_DJI_0086_frame208.txt,location,4096,2160,True,1
Ruokolahti,ruokolahti_DJI_0086_frame209,images/Ruokolahti/ruokolahti_DJI_0086_frame209.jpg,labels/Ruokolahti/ruokolahti_DJI_0086_frame209.txt,location,4096,2160,True,10
Ruokolahti,ruokolahti_DJI_0086_frame21,images/Ruokolahti/ruokolahti_DJI_0086_frame21.jpg,labels/Ruokolahti/ruokolahti_DJI_0086_frame21.txt,location,4096,2160,True,1
Ruokolahti,ruokolahti_DJI_0086_frame210,images/Ruokolahti/ruokolahti_DJI_0086_frame210.jpg,labels/Ruokolahti/ruokolahti_DJI_0086_frame210.txt,location,4096,2160,True,1
Ruokolahti,ruokolahti_DJI_0086_frame211,images/Ruokolahti/ruokolahti_DJI_0086_frame211.jpg,labels/Ruokolahti/ruokolahti_DJI_0086_frame211.txt,location,4096,2160,True,1
Ruokolahti,ruokolahti_DJI_0086_frame212,images/Ruokolahti/ruokolahti_DJI_0086_frame212.jpg,labels/Ruokolahti/ruokolahti_DJI_0086_frame212.txt,location,4096,2160,True,1
Ruokolahti,ruokolahti_DJI_0086_frame213,images/Ruokolahti/ruokolahti_DJI_0086_frame213.jpg,labels/Ruokolahti/ruokolahti_DJI_0086_frame213.txt,location,4096,2160,True,1
Ruokolahti,ruokolahti_DJI_0086_frame214,images/Ruokolahti/ruokolahti_DJI_0086_frame214.jpg,labels/Ruokolahti/ruokolahti_DJI_0086_frame214.txt,location,4096,2160,True,1
Ruokolahti,ruokolahti_DJI_0086_frame215,images/Ruokolahti/ruokolahti_DJI_0086_frame215.jpg,labels/Ruokolahti/ruokolahti_DJI_0086_frame215.txt,location,4096,2160,True,1
Ruokolahti,ruokolahti_DJI_0086_frame216,images/Ruokolahti/ruokolahti_DJI_0086_frame216.jpg,labels/Ruokolahti/ruokolahti_DJI_0086_frame216.txt,location,4096,2160,True,1
Ruokolahti,ruokolahti_DJI_0086_frame217,images/Ruokolahti/ruokolahti_DJI_0086_frame217.jpg,labels/Ruokolahti/ruokolahti_DJI_0086_frame217.txt,location,4096,2160,True,1
Ruokolahti,ruokolahti_DJI_0086_frame218,images/Ruokolahti/ruokolahti_DJI_0086_frame218.jpg,labels/Ruokolahti/ruokolahti_DJI_0086_frame218.txt,location,4096,2160,True,1
Ruokolahti,ruokolahti_DJI_0086_frame219,images/Ruokolahti/ruokolahti_DJI_0086_frame219.jpg,labels/Ruokolahti/ruokolahti_DJI_0086_frame219.txt,location,4096,2160,True,1
Ruokolahti,ruokolahti_DJI_0086_frame22,images/Ruokolahti/ruokolahti_DJI_0086_frame22.jpg,labels/Ruokolahti/ruokolahti_DJI_0086_frame22.txt,location,4096,2160,True,1
Ruokolahti,ruokolahti_DJI_0086_frame220,images/Ruokolahti/ruokolahti_DJI_0086_frame220.jpg,labels/Ruokolahti/ruokolahti_DJI_0086_frame220.txt,location,4096,2160,True,1
Ruokolahti,ruokolahti_DJI_0086_frame221,images/Ruokolahti/ruokolahti_DJI_0086_frame221.jpg,labels/Ruokolahti/ruokolahti_DJI_0086_frame221.txt,location,4096,2160,True,1
Ruokolahti,ruokolahti_DJI_0086_frame222,images/Ruokolahti/ruokolahti_DJI_0086_frame222.jpg,labels/Ruokolahti/ruokolahti_DJI_0086_frame222.txt,location,4096,2160,True,1
Ruokolahti,ruokolahti_DJI_0086_frame223,images/Ruokolahti/ruokolahti_DJI_0086_frame223.jpg,labels/Ruokolahti/ruokolahti_DJI_0086_frame223.txt,location,4096,2160,True,1
Ruokolahti,ruokolahti_DJI_0086_frame224,images/Ruokolahti/ruokolahti_DJI_0086_frame224.jpg,labels/Ruokolahti/ruokolahti_DJI_0086_frame224.txt,location,4096,2160,True,1
Ruokolahti,ruokolahti_DJI_0086_frame225,images/Ruokolahti/ruokolahti_DJI_0086_frame225.jpg,labels/Ruokolahti/ruokolahti_DJI_0086_frame225.txt,location,4096,2160,True,1
Ruokolahti,ruokolahti_DJI_0086_frame226,images/Ruokolahti/ruokolahti_DJI_0086_frame226.jpg,labels/Ruokolahti/ruokolahti_DJI_0086_frame226.txt,location,4096,2160,True,1
Ruokolahti,ruokolahti_DJI_0086_frame227,images/Ruokolahti/ruokolahti_DJI_0086_frame227.jpg,labels/Ruokolahti/ruokolahti_DJI_0086_frame227.txt,location,4096,2160,True,1
Ruokolahti,ruokolahti_DJI_0086_frame228,images/Ruokolahti/ruokolahti_DJI_0086_frame228.jpg,labels/Ruokolahti/ruokolahti_DJI_0086_frame228.txt,location,4096,2160,True,1
Ruokolahti,ruokolahti_DJI_0086_frame229,images/Ruokolahti/ruokolahti_DJI_0086_frame229.jpg,labels/Ruokolahti/ruokolahti_DJI_0086_frame229.txt,location,4096,2160,True,1
Ruokolahti,ruokolahti_DJI_0086_frame23,images/Ruokolahti/ruokolahti_DJI_0086_frame23.jpg,labels/Ruokolahti/ruokolahti_DJI_0086_frame23.txt,location,4096,2160,True,1
Ruokolahti,ruokolahti_DJI_0086_frame230,images/Ruokolahti/ruokolahti_DJI_0086_frame230.jpg,labels/Ruokolahti/ruokolahti_DJI_0086_frame230.txt,location,4096,2160,True,1
Ruokolahti,ruokolahti_DJI_0086_frame231,images/Ruokolahti/ruokolahti_DJI_0086_frame231.jpg,labels/Ruokolahti/ruokolahti_DJI_0086_frame231.txt,location,4096,2160,True,1
Ruokolahti,ruokolahti_DJI_0086_frame232,images/Ruokolahti/ruokolahti_DJI_0086_frame232.jpg,labels/Ruokolahti/ruokolahti_DJI_0086_frame232.txt,location,4096,2160,True,1
Ruokolahti,ruokolahti_DJI_0086_frame233,images/Ruokolahti/ruokolahti_DJI_0086_frame233.jpg,labels/Ruokolahti/ruokolahti_DJI_0086_frame233.txt,location,4096,2160,True,1
Ruokolahti,ruokolahti_DJI_0086_frame234,images/Ruokolahti/ruokolahti_DJI_0086_frame234.jpg,labels/Ruokolahti/ruokolahti_DJI_0086_frame234.txt,location,4096,2160,True,1
Ruokolahti,ruokolahti_DJI_0086_frame235,images/Ruokolahti/ruokolahti_DJI_0086_frame235.jpg,labels/Ruokolahti/ruokolahti_DJI_0086_frame235.txt,location,4096,2160,True,1
Ruokolahti,ruokolahti_DJI_0086_frame236,images/Ruokolahti/ruokolahti_DJI_0086_frame236.jpg,labels/Ruokolahti/ruokolahti_DJI_0086_frame236.txt,location,4096,2160,True,1
Ruokolahti,ruokolahti_DJI_0086_frame237,images/Ruokolahti/ruokolahti_DJI_0086_frame237.jpg,labels/Ruokolahti/ruokolahti_DJI_0086_frame237.txt,location,4096,2160,True,11
Ruokolahti,ruokolahti_DJI_0086_frame238,images/Ruokolahti/ruokolahti_DJI_0086_frame238.jpg,labels/Ruokolahti/ruokolahti_DJI_0086_frame238.txt,location,4096,2160,True,12
Ruokolahti,ruokolahti_DJI_0086_frame239,images/Ruokolahti/ruokolahti_DJI_0086_frame239.jpg,labels/Ruokolahti/ruokolahti_DJI_0086_frame239.txt,location,4096,2160,True,1
Ruokolahti,ruokolahti_DJI_0086_frame24,images/Ruokolahti/ruokolahti_DJI_0086_frame24.jpg,labels/Ruokolahti/ruokolahti_DJI_0086_frame24.txt,location,4096,2160,True,1
Ruokolahti,ruokolahti_DJI_0086_frame240,images/Ruokolahti/ruokolahti_DJI_0086_frame240.jpg,labels/Ruokolahti/ruokolahti_DJI_0086_frame240.txt,location,4096,2160,True,1
Ruokolahti,ruokolahti_DJI_0086_frame241,images/Ruokolahti/ruokolahti_DJI_0086_frame241.jpg,labels/Ruokolahti/ruokolahti_DJI_0086_frame241.txt,location,4096,2160,True,1
Ruokolahti,ruokolahti_DJI_0086_frame242,images/Ruokolahti/ruokolahti_DJI_0086_frame242.jpg,labels/Ruokolahti/ruokolahti_DJI_0086_frame242.txt,location,4096,2160,True,1
Ruokolahti,ruokolahti_DJI_0086_frame243,images/Ruokolahti/ruokolahti_DJI_0086_frame243.jpg,labels/Ruokolahti/ruokolahti_DJI_0086_frame243.txt,location,4096,2160,True,1
Ruokolahti,ruokolahti_DJI_0086_frame244,images/Ruokolahti/ruokolahti_DJI_0086_frame244.jpg,labels/Ruokolahti/ruokolahti_DJI_0086_frame244.txt,location,4096,2160,True,1
Ruokolahti,ruokolahti_DJI_0086_frame245,images/Ruokolahti/ruokolahti_DJI_0086_frame245.jpg,labels/Ruokolahti/ruokolahti_DJI_0086_frame245.txt,location,4096,2160,True,1
Ruokolahti,ruokolahti_DJI_0086_frame246,images/Ruokolahti/ruokolahti_DJI_0086_frame246.jpg,labels/Ruokolahti/ruokolahti_DJI_0086_frame246.txt,location,4096,2160,True,1
Ruokolahti,ruokolahti_DJI_0086_frame247,images/Ruokolahti/ruokolahti_DJI_0086_frame247.jpg,labels/Ruokolahti/ruokolahti_DJI_0086_frame247.txt,location,4096,2160,True,1
Ruokolahti,ruokolahti_DJI_0086_frame248,images/Ruokolahti/ruokolahti_DJI_0086_frame248.jpg,labels/Ruokolahti/ruokolahti_DJI_0086_frame248.txt,location,4096,2160,True,1
Ruokolahti,ruokolahti_DJI_0086_frame249,images/Ruokolahti/ruokolahti_DJI_0086_frame249.jpg,labels/Ruokolahti/ruokolahti_DJI_0086_frame249.txt,location,4096,2160,True,1
Ruokolahti,ruokolahti_DJI_0086_frame25,images/Ruokolahti/ruokolahti_DJI_0086_frame25.jpg,labels/Ruokolahti/ruokolahti_DJI_0086_frame25.txt,location,4096,2160,True,1
Ruokolahti,ruokolahti_DJI_0086_frame250,images/Ruokolahti/ruokolahti_DJI_0086_frame250.jpg,labels/Ruokolahti/ruokolahti_DJI_0086_frame250.txt,location,4096,2160,True,1
Ruokolahti,ruokolahti_DJI_0086_frame251,images/Ruokolahti/ruokolahti_DJI_0086_frame251.jpg,labels/Ruokolahti/ruokolahti_DJI_0086_frame251.txt,location,4096,2160,True,1
Ruokolahti,ruokolahti_DJI_0086_frame252,images/Ruokolahti/ruokolahti_DJI_0086_frame252.jpg,labels/Ruokolahti/ruokolahti_DJI_0086_frame252.txt,location,4096,2160,True,1
Ruokolahti,ruokolahti_DJI_0086_frame253,images/Ruokolahti/ruokolahti_DJI_0086_frame253.jpg,labels/Ruokolahti/ruokolahti_DJI_0086_frame253.txt,location,4096,2160,True,1
Ruokolahti,ruokolahti_DJI_0086_frame254,images/Ruokolahti/ruokolahti_DJI_0086_frame254.jpg,labels/Ruokolahti/ruokolahti_DJI_0086_frame254.txt,location,4096,2160,True,1
Ruokolahti,ruokolahti_DJI_0086_frame255,images/Ruokolahti/ruokolahti_DJI_0086_frame255.jpg,labels/Ruokolahti/ruokolahti_DJI_0086_frame255.txt,location,4096,2160,True,1
Ruokolahti,ruokolahti_DJI_0086_frame256,images/Ruokolahti/ruokolahti_DJI_0086_frame256.jpg,labels/Ruokolahti/ruokolahti_DJI_0086_frame256.txt,location,4096,2160,True,1
Ruokolahti,ruokolahti_DJI_0086_frame257,images/Ruokolahti/ruokolahti_DJI_0086_frame257.jpg,labels/Ruokolahti/ruokolahti_DJI_0086_frame257.txt,location,4096,2160,True,1
Ruokolahti,ruokolahti_DJI_0086_frame258,images/Ruokolahti/ruokolahti_DJI_0086_frame258.jpg,labels/Ruokolahti/ruokolahti_DJI_0086_frame258.txt,location,4096,2160,True,1
Ruokolahti,ruokolahti_DJI_0086_frame259,images/Ruokolahti/ruokolahti_DJI_0086_frame259.jpg,labels/Ruokolahti/ruokolahti_DJI_0086_frame259.txt,location,4096,2160,True,1
Ruokolahti,ruokolahti_DJI_0086_frame26,images/Ruokolahti/ruokolahti_DJI_0086_frame26.jpg,labels/Ruokolahti/ruokolahti_DJI_0086_frame26.txt,location,4096,2160,True,1
Ruokolahti,ruokolahti_DJI_0086_frame260,images/Ruokolahti/ruokolahti_DJI_0086_frame260.jpg,labels/Ruokolahti/ruokolahti_DJI_0086_frame260.txt,location,4096,2160,True,1
Ruokolahti,ruokolahti_DJI_0086_frame261,images/Ruokolahti/ruokolahti_DJI_0086_frame261.jpg,labels/Ruokolahti/ruokolahti_DJI_0086_frame261.txt,location,4096,2160,True,1
Ruokolahti,ruokolahti_DJI_0086_frame262,images/Ruokolahti/ruokolahti_DJI_0086_frame262.jpg,labels/Ruokolahti/ruokolahti_DJI_0086_frame262.txt,location,4096,2160,True,1
Ruokolahti,ruokolahti_DJI_0086_frame263,images/Ruokolahti/ruokolahti_DJI_0086_frame263.jpg,labels/Ruokolahti/ruokolahti_DJI_0086_frame263.txt,location,4096,2160,True,1
Ruokolahti,ruokolahti_DJI_0086_frame264,images/Ruokolahti/ruokolahti_DJI_0086_frame264.jpg,labels/Ruokolahti/ruokolahti_DJI_0086_frame264.txt,location,4096,2160,True,1
Ruokolahti,ruokolahti_DJI_0086_frame265,images/Ruokolahti/ruokolahti_DJI_0086_frame265.jpg,labels/Ruokolahti/ruokolahti_DJI_0086_frame265.txt,location,4096,2160,True,1
Ruokolahti,ruokolahti_DJI_0086_frame266,images/Ruokolahti/ruokolahti_DJI_0086_frame266.jpg,labels/Ruokolahti/ruokolahti_DJI_0086_frame266.txt,location,4096,2160,True,1
Ruokolahti,ruokolahti_DJI_0086_frame267,images/Ruokolahti/ruokolahti_DJI_0086_frame267.jpg,labels/Ruokolahti/ruokolahti_DJI_0086_frame267.txt,location,4096,2160,True,1
Ruokolahti,ruokolahti_DJI_0086_frame268,images/Ruokolahti/ruokolahti_DJI_0086_frame268.jpg,labels/Ruokolahti/ruokolahti_DJI_0086_frame268.txt,location,4096,2160,True,1
Ruokolahti,ruokolahti_DJI_0086_frame269,images/Ruokolahti/ruokolahti_DJI_0086_frame269.jpg,labels/Ruokolahti/ruokolahti_DJI_0086_frame269.txt,location,4096,2160,True,1
Ruokolahti,ruokolahti_DJI_0086_frame27,images/Ruokolahti/ruokolahti_DJI_0086_frame27.jpg,labels/Ruokolahti/ruokolahti_DJI_0086_frame27.txt,location,4096,2160,True,1
Ruokolahti,ruokolahti_DJI_0086_frame270,images/Ruokolahti/ruokolahti_DJI_0086_frame270.jpg,labels/Ruokolahti/ruokolahti_DJI_0086_frame270.txt,location,4096,2160,True,1
Ruokolahti,ruokolahti_DJI_0086_frame271,images/Ruokolahti/ruokolahti_DJI_0086_frame271.jpg,labels/Ruokolahti/ruokolahti_DJI_0086_frame271.txt,location,4096,2160,True,1
Ruokolahti,ruokolahti_DJI_0086_frame272,images/Ruokolahti/ruokolahti_DJI_0086_frame272.jpg,labels/Ruokolahti/ruokolahti_DJI_0086_frame272.txt,location,4096,2160,True,1
Ruokolahti,ruokolahti_DJI_0086_frame273,images/Ruokolahti/ruokolahti_DJI_0086_frame273.jpg,labels/Ruokolahti/ruokolahti_DJI_0086_frame273.txt,location,4096,2160,True,1
Ruokolahti,ruokolahti_DJI_0086_frame274,images/Ruokolahti/ruokolahti_DJI_0086_frame274.jpg,labels/Ruokolahti/ruokolahti_DJI_0086_frame274.txt,location,4096,2160,True,1
Ruokolahti,ruokolahti_DJI_0086_frame275,images/Ruokolahti/ruokolahti_DJI_0086_frame275.jpg,labels/Ruokolahti/ruokolahti_DJI_0086_frame275.txt,location,4096,2160,True,1
Ruokolahti,ruokolahti_DJI_0086_frame276,images/Ruokolahti/ruokolahti_DJI_0086_frame276.jpg,labels/Ruokolahti/ruokolahti_DJI_0086_frame276.txt,location,4096,2160,True,1
Ruokolahti,ruokolahti_DJI_0086_frame277,images/Ruokolahti/ruokolahti_DJI_0086_frame277.jpg,labels/Ruokolahti/ruokolahti_DJI_0086_frame277.txt,location,4096,2160,True,1
Ruokolahti,ruokolahti_DJI_0086_frame278,images/Ruokolahti/ruokolahti_DJI_0086_frame278.jpg,labels/Ruokolahti/ruokolahti_DJI_0086_frame278.txt,location,4096,2160,True,1
Ruokolahti,ruokolahti_DJI_0086_frame279,images/Ruokolahti/ruokolahti_DJI_0086_frame279.jpg,labels/Ruokolahti/ruokolahti_DJI_0086_frame279.txt,location,4096,2160,True,1
Ruokolahti,ruokolahti_DJI_0086_frame28,images/Ruokolahti/ruokolahti_DJI_0086_frame28.jpg,labels/Ruokolahti/ruokolahti_DJI_0086_frame28.txt,location,4096,2160,True,1
Ruokolahti,ruokolahti_DJI_0086_frame280,images/Ruokolahti/ruokolahti_DJI_0086_frame280.jpg,labels/Ruokolahti/ruokolahti_DJI_0086_frame280.txt,location,4096,2160,True,1
Ruokolahti,ruokolahti_DJI_0086_frame281,images/Ruokolahti/ruokolahti_DJI_0086_frame281.jpg,labels/Ruokolahti/ruokolahti_DJI_0086_frame281.txt,location,4096,2160,True,1
Ruokolahti,ruokolahti_DJI_0086_frame282,images/Ruokolahti/ruokolahti_DJI_0086_frame282.jpg,labels/Ruokolahti/ruokolahti_DJI_0086_frame282.txt,location,4096,2160,True,1
Ruokolahti,ruokolahti_DJI_0086_frame283,images/Ruokolahti/ruokolahti_DJI_0086_frame283.jpg,labels/Ruokolahti/ruokolahti_DJI_0086_frame283.txt,location,4096,2160,True,1
Ruokolahti,ruokolahti_DJI_0086_frame284,images/Ruokolahti/ruokolahti_DJI_0086_frame284.jpg,labels/Ruokolahti/ruokolahti_DJI_0086_frame284.txt,location,4096,2160,True,1
Ruokolahti,ruokolahti_DJI_0086_frame285,images/Ruokolahti/ruokolahti_DJI_0086_frame285.jpg,labels/Ruokolahti/ruokolahti_DJI_0086_frame285.txt,location,4096,2160,True,1
Ruokolahti,ruokolahti_DJI_0086_frame286,images/Ruokolahti/ruokolahti_DJI_0086_frame286.jpg,labels/Ruokolahti/ruokolahti_DJI_0086_frame286.txt,location,4096,2160,True,1
Ruokolahti,ruokolahti_DJI_0086_frame287,images/Ruokolahti/ruokolahti_DJI_0086_frame287.jpg,labels/Ruokolahti/ruokolahti_DJI_0086_frame287.txt,location,4096,2160,True,1
Ruokolahti,ruokolahti_DJI_0086_frame288,images/Ruokolahti/ruokolahti_DJI_0086_frame288.jpg,labels/Ruokolahti/ruokolahti_DJI_0086_frame288.txt,location,4096,2160,True,1
Ruokolahti,ruokolahti_DJI_0086_frame289,images/Ruokolahti/ruokolahti_DJI_0086_frame289.jpg,labels/Ruokolahti/ruokolahti_DJI_0086_frame289.txt,location,4096,2160,True,1
Ruokolahti,ruokolahti_DJI_0086_frame29,images/Ruokolahti/ruokolahti_DJI_0086_frame29.jpg,labels/Ruokolahti/ruokolahti_DJI_0086_frame29.txt,location,4096,2160,True,1
Ruokolahti,ruokolahti_DJI_0086_frame290,images/Ruokolahti/ruokolahti_DJI_0086_frame290.jpg,labels/Ruokolahti/ruokolahti_DJI_0086_frame290.txt,location,4096,2160,True,1
Ruokolahti,ruokolahti_DJI_0086_frame291,images/Ruokolahti/ruokolahti_DJI_0086_frame291.jpg,labels/Ruokolahti/ruokolahti_DJI_0086_frame291.txt,location,4096,2160,True,1
Ruokolahti,ruokolahti_DJI_0086_frame292,images/Ruokolahti/ruokolahti_DJI_0086_frame292.jpg,labels/Ruokolahti/ruokolahti_DJI_0086_frame292.txt,location,4096,2160,True,1
Ruokolahti,ruokolahti_DJI_0086_frame293,images/Ruokolahti/ruokolahti_DJI_0086_frame293.jpg,labels/Ruokolahti/ruokolahti_DJI_0086_frame293.txt,location,4096,2160,True,1
Ruokolahti,ruokolahti_DJI_0086_frame294,images/Ruokolahti/ruokolahti_DJI_0086_frame294.jpg,labels/Ruokolahti/ruokolahti_DJI_0086_frame294.txt,location,4096,2160,True,11
Ruokolahti,ruokolahti_DJI_0086_frame295,images/Ruokolahti/ruokolahti_DJI_0086_frame295.jpg,labels/Ruokolahti/ruokolahti_DJI_0086_frame295.txt,location,4096,2160,True,11
Ruokolahti,ruokolahti_DJI_0086_frame296,images/Ruokolahti/ruokolahti_DJI_0086_frame296.jpg,labels/Ruokolahti/ruokolahti_DJI_0086_frame296.txt,location,4096,2160,True,1
Ruokolahti,ruokolahti_DJI_0086_frame297,images/Ruokolahti/ruokolahti_DJI_0086_frame297.jpg,labels/Ruokolahti/ruokolahti_DJI_0086_frame297.txt,location,4096,2160,True,1
Ruokolahti,ruokolahti_DJI_0086_frame298,images/Ruokolahti/ruokolahti_DJI_0086_frame298.jpg,labels/Ruokolahti/ruokolahti_DJI_0086_frame298.txt,location,4096,2160,True,1
Ruokolahti,ruokolahti_DJI_0086_frame299,images/Ruokolahti/ruokolahti_DJI_0086_frame299.jpg,labels/Ruokolahti/ruokolahti_DJI_0086_frame299.txt,location,4096,2160,True,1
Ruokolahti,ruokolahti_DJI_0086_frame3,images/Ruokolahti/ruokolahti_DJI_0086_frame3.jpg,labels/Ruokolahti/ruokolahti_DJI_0086_frame3.txt,location,4096,2160,True,1
Ruokolahti,ruokolahti_DJI_0086_frame30,images/Ruokolahti/ruokolahti_DJI_0086_frame30.jpg,labels/Ruokolahti/ruokolahti_DJI_0086_frame30.txt,location,4096,2160,True,1
Ruokolahti,ruokolahti_DJI_0086_frame300,images/Ruokolahti/ruokolahti_DJI_0086_frame300.jpg,labels/Ruokolahti/ruokolahti_DJI_0086_frame300.txt,location,4096,2160,True,1
Ruokolahti,ruokolahti_DJI_0086_frame301,images/Ruokolahti/ruokolahti_DJI_0086_frame301.jpg,labels/Ruokolahti/ruokolahti_DJI_0086_frame301.txt,location,4096,2160,True,1
Ruokolahti,ruokolahti_DJI_0086_frame302,images/Ruokolahti/ruokolahti_DJI_0086_frame302.jpg,labels/Ruokolahti/ruokolahti_DJI_0086_frame302.txt,location,4096,2160,True,1
Ruokolahti,ruokolahti_DJI_0086_frame303,images/Ruokolahti/ruokolahti_DJI_0086_frame303.jpg,labels/Ruokolahti/ruokolahti_DJI_0086_frame303.txt,location,4096,2160,True,1
Ruokolahti,ruokolahti_DJI_0086_frame304,images/Ruokolahti/ruokolahti_DJI_0086_frame304.jpg,labels/Ruokolahti/ruokolahti_DJI_0086_frame304.txt,location,4096,2160,True,1
Ruokolahti,ruokolahti_DJI_0086_frame305,images/Ruokolahti/ruokolahti_DJI_0086_frame305.jpg,labels/Ruokolahti/ruokolahti_DJI_0086_frame305.txt,location,4096,2160,True,1
Ruokolahti,ruokolahti_DJI_0086_frame306,images/Ruokolahti/ruokolahti_DJI_0086_frame306.jpg,labels/Ruokolahti/ruokolahti_DJI_0086_frame306.txt,location,4096,2160,True,1
Ruokolahti,ruokolahti_DJI_0086_frame307,images/Ruokolahti/ruokolahti_DJI_0086_frame307.jpg,labels/Ruokolahti/ruokolahti_DJI_0086_frame307.txt,location,4096,2160,True,1
Ruokolahti,ruokolahti_DJI_0086_frame308,images/Ruokolahti/ruokolahti_DJI_0086_frame308.jpg,labels/Ruokolahti/ruokolahti_DJI_0086_frame308.txt,location,4096,2160,True,1
Ruokolahti,ruokolahti_DJI_0086_frame309,images/Ruokolahti/ruokolahti_DJI_0086_frame309.jpg,labels/Ruokolahti/ruokolahti_DJI_0086_frame309.txt,location,4096,2160,True,1
Ruokolahti,ruokolahti_DJI_0086_frame31,images/Ruokolahti/ruokolahti_DJI_0086_frame31.jpg,labels/Ruokolahti/ruokolahti_DJI_0086_frame31.txt,location,4096,2160,True,1
Ruokolahti,ruokolahti_DJI_0086_frame310,images/Ruokolahti/ruokolahti_DJI_0086_frame310.jpg,labels/Ruokolahti/ruokolahti_DJI_0086_frame310.txt,location,4096,2160,True,1
Ruokolahti,ruokolahti_DJI_0086_frame311,images/Ruokolahti/ruokolahti_DJI_0086_frame311.jpg,labels/Ruokolahti/ruokolahti_DJI_0086_frame311.txt,location,4096,2160,True,1
Ruokolahti,ruokolahti_DJI_0086_frame312,images/Ruokolahti/ruokolahti_DJI_0086_frame312.jpg,labels/Ruokolahti/ruokolahti_DJI_0086_frame312.txt,location,4096,2160,True,1
Ruokolahti,ruokolahti_DJI_0086_frame313,images/Ruokolahti/ruokolahti_DJI_0086_frame313.jpg,labels/Ruokolahti/ruokolahti_DJI_0086_frame313.txt,location,4096,2160,True,1
Ruokolahti,ruokolahti_DJI_0086_frame314,images/Ruokolahti/ruokolahti_DJI_0086_frame314.jpg,labels/Ruokolahti/ruokolahti_DJI_0086_frame314.txt,location,4096,2160,True,1
Ruokolahti,ruokolahti_DJI_0086_frame315,images/Ruokolahti/ruokolahti_DJI_0086_frame315.jpg,labels/Ruokolahti/ruokolahti_DJI_0086_frame315.txt,location,4096,2160,True,1
Ruokolahti,ruokolahti_DJI_0086_frame316,images/Ruokolahti/ruokolahti_DJI_0086_frame316.jpg,labels/Ruokolahti/ruokolahti_DJI_0086_frame316.txt,location,4096,2160,True,1
Ruokolahti,ruokolahti_DJI_0086_frame317,images/Ruokolahti/ruokolahti_DJI_0086_frame317.jpg,labels/Ruokolahti/ruokolahti_DJI_0086_frame317.txt,location,4096,2160,True,1
Ruokolahti,ruokolahti_DJI_0086_frame318,images/Ruokolahti/ruokolahti_DJI_0086_frame318.jpg,labels/Ruokolahti/ruokolahti_DJI_0086_frame318.txt,location,4096,2160,True,1
Ruokolahti,ruokolahti_DJI_0086_frame319,images/Ruokolahti/ruokolahti_DJI_0086_frame319.jpg,labels/Ruokolahti/ruokolahti_DJI_0086_frame319.txt,location,4096,2160,True,1
Ruokolahti,ruokolahti_DJI_0086_frame32,images/Ruokolahti/ruokolahti_DJI_0086_frame32.jpg,labels/Ruokolahti/ruokolahti_DJI_0086_frame32.txt,location,4096,2160,True,1
Ruokolahti,ruokolahti_DJI_0086_frame320,images/Ruokolahti/ruokolahti_DJI_0086_frame320.jpg,labels/Ruokolahti/ruokolahti_DJI_0086_frame320.txt,location,4096,2160,True,1
Ruokolahti,ruokolahti_DJI_0086_frame321,images/Ruokolahti/ruokolahti_DJI_0086_frame321.jpg,labels/Ruokolahti/ruokolahti_DJI_0086_frame321.txt,location,4096,2160,True,1
Ruokolahti,ruokolahti_DJI_0086_frame322,images/Ruokolahti/ruokolahti_DJI_0086_frame322.jpg,labels/Ruokolahti/ruokolahti_DJI_0086_frame322.txt,location,4096,2160,True,1
Ruokolahti,ruokolahti_DJI_0086_frame323,images/Ruokolahti/ruokolahti_DJI_0086_frame323.jpg,labels/Ruokolahti/ruokolahti_DJI_0086_frame323.txt,location,4096,2160,True,1
Ruokolahti,ruokolahti_DJI_0086_frame324,images/Ruokolahti/ruokolahti_DJI_0086_frame324.jpg,labels/Ruokolahti/ruokolahti_DJI_0086_frame324.txt,location,4096,2160,True,1
Ruokolahti,ruokolahti_DJI_0086_frame325,images/Ruokolahti/ruokolahti_DJI_0086_frame325.jpg,labels/Ruokolahti/ruokolahti_DJI_0086_frame325.txt,location,4096,2160,True,1
Ruokolahti,ruokolahti_DJI_0086_frame326,images/Ruokolahti/ruokolahti_DJI_0086_frame326.jpg,labels/Ruokolahti/ruokolahti_DJI_0086_frame326.txt,location,4096,2160,True,1
Ruokolahti,ruokolahti_DJI_0086_frame327,images/Ruokolahti/ruokolahti_DJI_0086_frame327.jpg,labels/Ruokolahti/ruokolahti_DJI_0086_frame327.txt,location,4096,2160,True,1
Ruokolahti,ruokolahti_DJI_0086_frame33,images/Ruokolahti/ruokolahti_DJI_0086_frame33.jpg,labels/Ruokolahti/ruokolahti_DJI_0086_frame33.txt,location,4096,2160,True,1
Ruokolahti,ruokolahti_DJI_0086_frame34,images/Ruokolahti/ruokolahti_DJI_0086_frame34.jpg,labels/Ruokolahti/ruokolahti_DJI_0086_frame34.txt,location,4096,2160,True,1
Ruokolahti,ruokolahti_DJI_0086_frame35,images/Ruokolahti/ruokolahti_DJI_0086_frame35.jpg,labels/Ruokolahti/ruokolahti_DJI_0086_frame35.txt,location,4096,2160,True,1
Ruokolahti,ruokolahti_DJI_0086_frame36,images/Ruokolahti/ruokolahti_DJI_0086_frame36.jpg,labels/Ruokolahti/ruokolahti_DJI_0086_frame36.txt,location,4096,2160,True,1
Ruokolahti,ruokolahti_DJI_0086_frame37,images/Ruokolahti/ruokolahti_DJI_0086_frame37.jpg,labels/Ruokolahti/ruokolahti_DJI_0086_frame37.txt,location,4096,2160,True,1
Ruokolahti,ruokolahti_DJI_0086_frame38,images/Ruokolahti/ruokolahti_DJI_0086_frame38.jpg,labels/Ruokolahti/ruokolahti_DJI_0086_frame38.txt,location,4096,2160,True,1
Ruokolahti,ruokolahti_DJI_0086_frame39,images/Ruokolahti/ruokolahti_DJI_0086_frame39.jpg,labels/Ruokolahti/ruokolahti_DJI_0086_frame39.txt,location,4096,2160,True,1
Ruokolahti,ruokolahti_DJI_0086_frame4,images/Ruokolahti/ruokolahti_DJI_0086_frame4.jpg,labels/Ruokolahti/ruokolahti_DJI_0086_frame4.txt,location,4096,2160,True,1
Ruokolahti,ruokolahti_DJI_0086_frame40,images/Ruokolahti/ruokolahti_DJI_0086_frame40.jpg,labels/Ruokolahti/ruokolahti_DJI_0086_frame40.txt,location,4096,2160,True,1
Ruokolahti,ruokolahti_DJI_0086_frame41,images/Ruokolahti/ruokolahti_DJI_0086_frame41.jpg,labels/Ruokolahti/ruokolahti_DJI_0086_frame41.txt,location,4096,2160,True,1
Ruokolahti,ruokolahti_DJI_0086_frame42,images/Ruokolahti/ruokolahti_DJI_0086_frame42.jpg,labels/Ruokolahti/ruokolahti_DJI_0086_frame42.txt,location,4096,2160,True,1
Ruokolahti,ruokolahti_DJI_0086_frame43,images/Ruokolahti/ruokolahti_DJI_0086_frame43.jpg,labels/Ruokolahti/ruokolahti_DJI_0086_frame43.txt,location,4096,2160,True,1
Ruokolahti,ruokolahti_DJI_0086_frame44,images/Ruokolahti/ruokolahti_DJI_0086_frame44.jpg,labels/Ruokolahti/ruokolahti_DJI_0086_frame44.txt,location,4096,2160,True,1
Ruokolahti,ruokolahti_DJI_0086_frame45,images/Ruokolahti/ruokolahti_DJI_0086_frame45.jpg,labels/Ruokolahti/ruokolahti_DJI_0086_frame45.txt,location,4096,2160,True,1
Ruokolahti,ruokolahti_DJI_0086_frame46,images/Ruokolahti/ruokolahti_DJI_0086_frame46.jpg,labels/Ruokolahti/ruokolahti_DJI_0086_frame46.txt,location,4096,2160,True,1
Ruokolahti,ruokolahti_DJI_0086_frame47,images/Ruokolahti/ruokolahti_DJI_0086_frame47.jpg,labels/Ruokolahti/ruokolahti_DJI_0086_frame47.txt,location,4096,2160,True,1
Ruokolahti,ruokolahti_DJI_0086_frame48,images/Ruokolahti/ruokolahti_DJI_0086_frame48.jpg,labels/Ruokolahti/ruokolahti_DJI_0086_frame48.txt,location,4096,2160,True,1
Ruokolahti,ruokolahti_DJI_0086_frame49,images/Ruokolahti/ruokolahti_DJI_0086_frame49.jpg,labels/Ruokolahti/ruokolahti_DJI_0086_frame49.txt,location,4096,2160,True,1
Ruokolahti,ruokolahti_DJI_0086_frame5,images/Ruokolahti/ruokolahti_DJI_0086_frame5.jpg,labels/Ruokolahti/ruokolahti_DJI_0086_frame5.txt,location,4096,2160,True,1
Ruokolahti,ruokolahti_DJI_0086_frame50,images/Ruokolahti/ruokolahti_DJI_0086_frame50.jpg,labels/Ruokolahti/ruokolahti_DJI_0086_frame50.txt,location,4096,2160,True,1
Ruokolahti,ruokolahti_DJI_0086_frame51,images/Ruokolahti/ruokolahti_DJI_0086_frame51.jpg,labels/Ruokolahti/ruokolahti_DJI_0086_frame51.txt,location,4096,2160,True,1
Ruokolahti,ruokolahti_DJI_0086_frame52,images/Ruokolahti/ruokolahti_DJI_0086_frame52.jpg,labels/Ruokolahti/ruokolahti_DJI_0086_frame52.txt,location,4096,2160,True,1
Ruokolahti,ruokolahti_DJI_0086_frame53,images/Ruokolahti/ruokolahti_DJI_0086_frame53.jpg,labels/Ruokolahti/ruokolahti_DJI_0086_frame53.txt,location,4096,2160,True,1
Ruokolahti,ruokolahti_DJI_0086_frame54,images/Ruokolahti/ruokolahti_DJI_0086_frame54.jpg,labels/Ruokolahti/ruokolahti_DJI_0086_frame54.txt,location,4096,2160,True,1
Ruokolahti,ruokolahti_DJI_0086_frame55,images/Ruokolahti/ruokolahti_DJI_0086_frame55.jpg,labels/Ruokolahti/ruokolahti_DJI_0086_frame55.txt,location,4096,2160,True,1
Ruokolahti,ruokolahti_DJI_0086_frame56,images/Ruokolahti/ruokolahti_DJI_0086_frame56.jpg,labels/Ruokolahti/ruokolahti_DJI_0086_frame56.txt,location,4096,2160,True,1
Ruokolahti,ruokolahti_DJI_0086_frame57,images/Ruokolahti/ruokolahti_DJI_0086_frame57.jpg,labels/Ruokolahti/ruokolahti_DJI_0086_frame57.txt,location,4096,2160,True,1
Ruokolahti,ruokolahti_DJI_0086_frame58,images/Ruokolahti/ruokolahti_DJI_0086_frame58.jpg,labels/Ruokolahti/ruokolahti_DJI_0086_frame58.txt,location,4096,2160,True,1
Ruokolahti,ruokolahti_DJI_0086_frame59,images/Ruokolahti/ruokolahti_DJI_0086_frame59.jpg,labels/Ruokolahti/ruokolahti_DJI_0086_frame59.txt,location,4096,2160,True,1
Ruokolahti,ruokolahti_DJI_0086_frame6,images/Ruokolahti/ruokolahti_DJI_0086_frame6.jpg,labels/Ruokolahti/ruokolahti_DJI_0086_frame6.txt,location,4096,2160,True,1
Ruokolahti,ruokolahti_DJI_0086_frame60,images/Ruokolahti/ruokolahti_DJI_0086_frame60.jpg,labels/Ruokolahti/ruokolahti_DJI_0086_frame60.txt,location,4096,2160,True,1
Ruokolahti,ruokolahti_DJI_0086_frame61,images/Ruokolahti/ruokolahti_DJI_0086_frame61.jpg,labels/Ruokolahti/ruokolahti_DJI_0086_frame61.txt,location,4096,2160,True,1
Ruokolahti,ruokolahti_DJI_0086_frame62,images/Ruokolahti/ruokolahti_DJI_0086_frame62.jpg,labels/Ruokolahti/ruokolahti_DJI_0086_frame62.txt,location,4096,2160,True,1
Ruokolahti,ruokolahti_DJI_0086_frame63,images/Ruokolahti/ruokolahti_DJI_0086_frame63.jpg,labels/Ruokolahti/ruokolahti_DJI_0086_frame63.txt,location,4096,2160,True,1
Ruokolahti,ruokolahti_DJI_0086_frame64,images/Ruokolahti/ruokolahti_DJI_0086_frame64.jpg,labels/Ruokolahti/ruokolahti_DJI_0086_frame64.txt,location,4096,2160,True,1
Ruokolahti,ruokolahti_DJI_0086_frame65,images/Ruokolahti/ruokolahti_DJI_0086_frame65.jpg,labels/Ruokolahti/ruokolahti_DJI_0086_frame65.txt,location,4096,2160,True,1
Ruokolahti,ruokolahti_DJI_0086_frame66,images/Ruokolahti/ruokolahti_DJI_0086_frame66.jpg,labels/Ruokolahti/ruokolahti_DJI_0086_frame66.txt,location,4096,2160,True,1
Ruokolahti,ruokolahti_DJI_0086_frame67,images/Ruokolahti/ruokolahti_DJI_0086_frame67.jpg,labels/Ruokolahti/ruokolahti_DJI_0086_frame67.txt,location,4096,2160,True,1
Ruokolahti,ruokolahti_DJI_0086_frame68,images/Ruokolahti/ruokolahti_DJI_0086_frame68.jpg,labels/Ruokolahti/ruokolahti_DJI_0086_frame68.txt,location,4096,2160,True,1
Ruokolahti,ruokolahti_DJI_0086_frame69,images/Ruokolahti/ruokolahti_DJI_0086_frame69.jpg,labels/Ruokolahti/ruokolahti_DJI_0086_frame69.txt,location,4096,2160,True,1
Ruokolahti,ruokolahti_DJI_0086_frame7,images/Ruokolahti/ruokolahti_DJI_0086_frame7.jpg,labels/Ruokolahti/ruokolahti_DJI_0086_frame7.txt,location,4096,2160,True,1
Ruokolahti,ruokolahti_DJI_0086_frame70,images/Ruokolahti/ruokolahti_DJI_0086_frame70.jpg,labels/Ruokolahti/ruokolahti_DJI_0086_frame70.txt,location,4096,2160,True,1
Ruokolahti,ruokolahti_DJI_0086_frame71,images/Ruokolahti/ruokolahti_DJI_0086_frame71.jpg,labels/Ruokolahti/ruokolahti_DJI_0086_frame71.txt,location,4096,2160,True,1
Ruokolahti,ruokolahti_DJI_0086_frame72,images/Ruokolahti/ruokolahti_DJI_0086_frame72.jpg,labels/Ruokolahti/ruokolahti_DJI_0086_frame72.txt,location,4096,2160,True,1
Ruokolahti,ruokolahti_DJI_0086_frame73,images/Ruokolahti/ruokolahti_DJI_0086_frame73.jpg,labels/Ruokolahti/ruokolahti_DJI_0086_frame73.txt,location,4096,2160,True,1
Ruokolahti,ruokolahti_DJI_0086_frame74,images/Ruokolahti/ruokolahti_DJI_0086_frame74.jpg,labels/Ruokolahti/ruokolahti_DJI_0086_frame74.txt,location,4096,2160,True,1
Ruokolahti,ruokolahti_DJI_0086_frame75,images/Ruokolahti/ruokolahti_DJI_0086_frame75.jpg,labels/Ruokolahti/ruokolahti_DJI_0086_frame75.txt,location,4096,2160,True,1
Ruokolahti,ruokolahti_DJI_0086_frame76,images/Ruokolahti/ruokolahti_DJI_0086_frame76.jpg,labels/Ruokolahti/ruokolahti_DJI_0086_frame76.txt,location,4096,2160,True,1
Ruokolahti,ruokolahti_DJI_0086_frame77,images/Ruokolahti/ruokolahti_DJI_0086_frame77.jpg,labels/Ruokolahti/ruokolahti_DJI_0086_frame77.txt,location,4096,2160,True,1
Ruokolahti,ruokolahti_DJI_0086_frame78,images/Ruokolahti/ruokolahti_DJI_0086_frame78.jpg,labels/Ruokolahti/ruokolahti_DJI_0086_frame78.txt,location,4096,2160,True,1
Ruokolahti,ruokolahti_DJI_0086_frame79,images/Ruokolahti/ruokolahti_DJI_0086_frame79.jpg,labels/Ruokolahti/ruokolahti_DJI_0086_frame79.txt,location,4096,2160,True,1
Ruokolahti,ruokolahti_DJI_0086_frame8,images/Ruokolahti/ruokolahti_DJI_0086_frame8.jpg,labels/Ruokolahti/ruokolahti_DJI_0086_frame8.txt,location,4096,2160,True,1
Ruokolahti,ruokolahti_DJI_0086_frame80,images/Ruokolahti/ruokolahti_DJI_0086_frame80.jpg,labels/Ruokolahti/ruokolahti_DJI_0086_frame80.txt,location,4096,2160,True,1
Ruokolahti,ruokolahti_DJI_0086_frame81,images/Ruokolahti/ruokolahti_DJI_0086_frame81.jpg,labels/Ruokolahti/ruokolahti_DJI_0086_frame81.txt,location,4096,2160,True,1
Ruokolahti,ruokolahti_DJI_0086_frame82,images/Ruokolahti/ruokolahti_DJI_0086_frame82.jpg,labels/Ruokolahti/ruokolahti_DJI_0086_frame82.txt,location,4096,2160,True,1
Ruokolahti,ruokolahti_DJI_0086_frame83,images/Ruokolahti/ruokolahti_DJI_0086_frame83.jpg,labels/Ruokolahti/ruokolahti_DJI_0086_frame83.txt,location,4096,2160,True,1
Ruokolahti,ruokolahti_DJI_0086_frame84,images/Ruokolahti/ruokolahti_DJI_0086_frame84.jpg,labels/Ruokolahti/ruokolahti_DJI_0086_frame84.txt,location,4096,2160,True,1
Ruokolahti,ruokolahti_DJI_0086_frame85,images/Ruokolahti/ruokolahti_DJI_0086_frame85.jpg,labels/Ruokolahti/ruokolahti_DJI_0086_frame85.txt,location,4096,2160,True,1
Ruokolahti,ruokolahti_DJI_0086_frame86,images/Ruokolahti/ruokolahti_DJI_0086_frame86.jpg,labels/Ruokolahti/ruokolahti_DJI_0086_frame86.txt,location,4096,2160,True,1
Ruokolahti,ruokolahti_DJI_0086_frame87,images/Ruokolahti/ruokolahti_DJI_0086_frame87.jpg,labels/Ruokolahti/ruokolahti_DJI_0086_frame87.txt,location,4096,2160,True,1
Ruokolahti,ruokolahti_DJI_0086_frame88,images/Ruokolahti/ruokolahti_DJI_0086_frame88.jpg,labels/Ruokolahti/ruokolahti_DJI_0086_frame88.txt,location,4096,2160,True,1
Ruokolahti,ruokolahti_DJI_0086_frame89,images/Ruokolahti/ruokolahti_DJI_0086_frame89.jpg,labels/Ruokolahti/ruokolahti_DJI_0086_frame89.txt,location,4096,2160,True,1
Ruokolahti,ruokolahti_DJI_0086_frame9,images/Ruokolahti/ruokolahti_DJI_0086_frame9.jpg,labels/Ruokolahti/ruokolahti_DJI_0086_frame9.txt,location,4096,2160,True,1
Ruokolahti,ruokolahti_DJI_0086_frame90,images/Ruokolahti/ruokolahti_DJI_0086_frame90.jpg,labels/Ruokolahti/ruokolahti_DJI_0086_frame90.txt,location,4096,2160,True,1
Ruokolahti,ruokolahti_DJI_0086_frame91,images/Ruokolahti/ruokolahti_DJI_0086_frame91.jpg,labels/Ruokolahti/ruokolahti_DJI_0086_frame91.txt,location,4096,2160,True,1
Ruokolahti,ruokolahti_DJI_0086_frame92,images/Ruokolahti/ruokolahti_DJI_0086_frame92.jpg,labels/Ruokolahti/ruokolahti_DJI_0086_frame92.txt,location,4096,2160,True,1
Ruokolahti,ruokolahti_DJI_0086_frame93,images/Ruokolahti/ruokolahti_DJI_0086_frame93.jpg,labels/Ruokolahti/ruokolahti_DJI_0086_frame93.txt,location,4096,2160,True,1
Ruokolahti,ruokolahti_DJI_0086_frame94,images/Ruokolahti/ruokolahti_DJI_0086_frame94.jpg,labels/Ruokolahti/ruokolahti_DJI_0086_frame94.txt,location,4096,2160,True,1
Ruokolahti,ruokolahti_DJI_0086_frame95,images/Ruokolahti/ruokolahti_DJI_0086_frame95.jpg,labels/Ruokolahti/ruokolahti_DJI_0086_frame95.txt,location,4096,2160,True,1
Ruokolahti,ruokolahti_DJI_0086_frame96,images/Ruokolahti/ruokolahti_DJI_0086_frame96.jpg,labels/Ruokolahti/ruokolahti_DJI_0086_frame96.txt,location,4096,2160,True,1
Ruokolahti,ruokolahti_DJI_0086_frame97,images/Ruokolahti/ruokolahti_DJI_0086_frame97.jpg,labels/Ruokolahti/ruokolahti_DJI_0086_frame97.txt,location,4096,2160,True,1
Ruokolahti,ruokolahti_DJI_0086_frame98,images/Ruokolahti/ruokolahti_DJI_0086_frame98.jpg,labels/Ruokolahti/ruokolahti_DJI_0086_frame98.txt,location,4096,2160,True,1
Ruokolahti,ruokolahti_DJI_0086_frame99,images/Ruokolahti/ruokolahti_DJI_0086_frame99.jpg,labels/Ruokolahti/ruokolahti_DJI_0086_frame99.txt,location,4096,2160,True,1
Ruokolahti,ruokolahti_DJI_0087_frame0,images/Ruokolahti/ruokolahti_DJI_0087_frame0.jpg,labels/Ruokolahti/ruokolahti_DJI_0087_frame0.txt,location,4096,2160,True,1
Ruokolahti,ruokolahti_DJI_0087_frame1,images/Ruokolahti/ruokolahti_DJI_0087_frame1.jpg,labels/Ruokolahti/ruokolahti_DJI_0087_frame1.txt,location,4096,2160,True,1
Ruokolahti,ruokolahti_DJI_0087_frame10,images/Ruokolahti/ruokolahti_DJI_0087_frame10.jpg,labels/Ruokolahti/ruokolahti_DJI_0087_frame10.txt,location,4096,2160,True,1
Ruokolahti,ruokolahti_DJI_0087_frame100,images/Ruokolahti/ruokolahti_DJI_0087_frame100.jpg,labels/Ruokolahti/ruokolahti_DJI_0087_frame100.txt,location,4096,2160,True,1
Ruokolahti,ruokolahti_DJI_0087_frame101,images/Ruokolahti/ruokolahti_DJI_0087_frame101.jpg,labels/Ruokolahti/ruokolahti_DJI_0087_frame101.txt,location,4096,2160,True,1
Ruokolahti,ruokolahti_DJI_0087_frame102,images/Ruokolahti/ruokolahti_DJI_0087_frame102.jpg,labels/Ruokolahti/ruokolahti_DJI_0087_frame102.txt,location,4096,2160,True,1
Ruokolahti,ruokolahti_DJI_0087_frame103,images/Ruokolahti/ruokolahti_DJI_0087_frame103.jpg,labels/Ruokolahti/ruokolahti_DJI_0087_frame103.txt,location,4096,2160,True,1
Ruokolahti,ruokolahti_DJI_0087_frame104,images/Ruokolahti/ruokolahti_DJI_0087_frame104.jpg,labels/Ruokolahti/ruokolahti_DJI_0087_frame104.txt,location,4096,2160,True,1
Ruokolahti,ruokolahti_DJI_0087_frame105,images/Ruokolahti/ruokolahti_DJI_0087_frame105.jpg,labels/Ruokolahti/ruokolahti_DJI_0087_frame105.txt,location,4096,2160,True,1
Ruokolahti,ruokolahti_DJI_0087_frame106,images/Ruokolahti/ruokolahti_DJI_0087_frame106.jpg,labels/Ruokolahti/ruokolahti_DJI_0087_frame106.txt,location,4096,2160,True,1
Ruokolahti,ruokolahti_DJI_0087_frame107,images/Ruokolahti/ruokolahti_DJI_0087_frame107.jpg,labels/Ruokolahti/ruokolahti_DJI_0087_frame107.txt,location,4096,2160,True,1
Ruokolahti,ruokolahti_DJI_0087_frame108,images/Ruokolahti/ruokolahti_DJI_0087_frame108.jpg,labels/Ruokolahti/ruokolahti_DJI_0087_frame108.txt,location,4096,2160,True,1
Ruokolahti,ruokolahti_DJI_0087_frame109,images/Ruokolahti/ruokolahti_DJI_0087_frame109.jpg,labels/Ruokolahti/ruokolahti_DJI_0087_frame109.txt,location,4096,2160,True,1
Ruokolahti,ruokolahti_DJI_0087_frame11,images/Ruokolahti/ruokolahti_DJI_0087_frame11.jpg,labels/Ruokolahti/ruokolahti_DJI_0087_frame11.txt,location,4096,2160,True,1
Ruokolahti,ruokolahti_DJI_0087_frame110,images/Ruokolahti/ruokolahti_DJI_0087_frame110.jpg,labels/Ruokolahti/ruokolahti_DJI_0087_frame110.txt,location,4096,2160,True,1
Ruokolahti,ruokolahti_DJI_0087_frame111,images/Ruokolahti/ruokolahti_DJI_0087_frame111.jpg,labels/Ruokolahti/ruokolahti_DJI_0087_frame111.txt,location,4096,2160,True,1
Ruokolahti,ruokolahti_DJI_0087_frame112,images/Ruokolahti/ruokolahti_DJI_0087_frame112.jpg,labels/Ruokolahti/ruokolahti_DJI_0087_frame112.txt,location,4096,2160,True,1
Ruokolahti,ruokolahti_DJI_0087_frame113,images/Ruokolahti/ruokolahti_DJI_0087_frame113.jpg,labels/Ruokolahti/ruokolahti_DJI_0087_frame113.txt,location,4096,2160,True,1
Ruokolahti,ruokolahti_DJI_0087_frame114,images/Ruokolahti/ruokolahti_DJI_0087_frame114.jpg,labels/Ruokolahti/ruokolahti_DJI_0087_frame114.txt,location,4096,2160,True,1
Ruokolahti,ruokolahti_DJI_0087_frame115,images/Ruokolahti/ruokolahti_DJI_0087_frame115.jpg,labels/Ruokolahti/ruokolahti_DJI_0087_frame115.txt,location,4096,2160,True,1
Ruokolahti,ruokolahti_DJI_0087_frame116,images/Ruokolahti/ruokolahti_DJI_0087_frame116.jpg,labels/Ruokolahti/ruokolahti_DJI_0087_frame116.txt,location,4096,2160,True,1
Ruokolahti,ruokolahti_DJI_0087_frame117,images/Ruokolahti/ruokolahti_DJI_0087_frame117.jpg,labels/Ruokolahti/ruokolahti_DJI_0087_frame117.txt,location,4096,2160,True,1
Ruokolahti,ruokolahti_DJI_0087_frame118,images/Ruokolahti/ruokolahti_DJI_0087_frame118.jpg,labels/Ruokolahti/ruokolahti_DJI_0087_frame118.txt,location,4096,2160,True,1
Ruokolahti,ruokolahti_DJI_0087_frame119,images/Ruokolahti/ruokolahti_DJI_0087_frame119.jpg,labels/Ruokolahti/ruokolahti_DJI_0087_frame119.txt,location,4096,2160,True,1
Ruokolahti,ruokolahti_DJI_0087_frame12,images/Ruokolahti/ruokolahti_DJI_0087_frame12.jpg,labels/Ruokolahti/ruokolahti_DJI_0087_frame12.txt,location,4096,2160,True,1
Ruokolahti,ruokolahti_DJI_0087_frame120,images/Ruokolahti/ruokolahti_DJI_0087_frame120.jpg,labels/Ruokolahti/ruokolahti_DJI_0087_frame120.txt,location,4096,2160,True,1
Ruokolahti,ruokolahti_DJI_0087_frame121,images/Ruokolahti/ruokolahti_DJI_0087_frame121.jpg,labels/Ruokolahti/ruokolahti_DJI_0087_frame121.txt,location,4096,2160,True,1
Ruokolahti,ruokolahti_DJI_0087_frame122,images/Ruokolahti/ruokolahti_DJI_0087_frame122.jpg,labels/Ruokolahti/ruokolahti_DJI_0087_frame122.txt,location,4096,2160,True,1
Ruokolahti,ruokolahti_DJI_0087_frame123,images/Ruokolahti/ruokolahti_DJI_0087_frame123.jpg,labels/Ruokolahti/ruokolahti_DJI_0087_frame123.txt,location,4096,2160,True,1
Ruokolahti,ruokolahti_DJI_0087_frame124,images/Ruokolahti/ruokolahti_DJI_0087_frame124.jpg,labels/Ruokolahti/ruokolahti_DJI_0087_frame124.txt,location,4096,2160,True,1
Ruokolahti,ruokolahti_DJI_0087_frame125,images/Ruokolahti/ruokolahti_DJI_0087_frame125.jpg,labels/Ruokolahti/ruokolahti_DJI_0087_frame125.txt,location,4096,2160,True,1
Ruokolahti,ruokolahti_DJI_0087_frame126,images/Ruokolahti/ruokolahti_DJI_0087_frame126.jpg,labels/Ruokolahti/ruokolahti_DJI_0087_frame126.txt,location,4096,2160,True,1
Ruokolahti,ruokolahti_DJI_0087_frame127,images/Ruokolahti/ruokolahti_DJI_0087_frame127.jpg,labels/Ruokolahti/ruokolahti_DJI_0087_frame127.txt,location,4096,2160,True,1
Ruokolahti,ruokolahti_DJI_0087_frame128,images/Ruokolahti/ruokolahti_DJI_0087_frame128.jpg,labels/Ruokolahti/ruokolahti_DJI_0087_frame128.txt,location,4096,2160,True,1
Ruokolahti,ruokolahti_DJI_0087_frame129,images/Ruokolahti/ruokolahti_DJI_0087_frame129.jpg,labels/Ruokolahti/ruokolahti_DJI_0087_frame129.txt,location,4096,2160,True,1
Ruokolahti,ruokolahti_DJI_0087_frame13,images/Ruokolahti/ruokolahti_DJI_0087_frame13.jpg,labels/Ruokolahti/ruokolahti_DJI_0087_frame13.txt,location,4096,2160,True,1
Ruokolahti,ruokolahti_DJI_0087_frame130,images/Ruokolahti/ruokolahti_DJI_0087_frame130.jpg,labels/Ruokolahti/ruokolahti_DJI_0087_frame130.txt,location,4096,2160,True,1
Ruokolahti,ruokolahti_DJI_0087_frame131,images/Ruokolahti/ruokolahti_DJI_0087_frame131.jpg,labels/Ruokolahti/ruokolahti_DJI_0087_frame131.txt,location,4096,2160,True,1
Ruokolahti,ruokolahti_DJI_0087_frame132,images/Ruokolahti/ruokolahti_DJI_0087_frame132.jpg,labels/Ruokolahti/ruokolahti_DJI_0087_frame132.txt,location,4096,2160,True,1
Ruokolahti,ruokolahti_DJI_0087_frame133,images/Ruokolahti/ruokolahti_DJI_0087_frame133.jpg,labels/Ruokolahti/ruokolahti_DJI_0087_frame133.txt,location,4096,2160,True,1
Ruokolahti,ruokolahti_DJI_0087_frame134,images/Ruokolahti/ruokolahti_DJI_0087_frame134.jpg,labels/Ruokolahti/ruokolahti_DJI_0087_frame134.txt,location,4096,2160,True,1
Ruokolahti,ruokolahti_DJI_0087_frame135,images/Ruokolahti/ruokolahti_DJI_0087_frame135.jpg,labels/Ruokolahti/ruokolahti_DJI_0087_frame135.txt,location,4096,2160,True,1
Ruokolahti,ruokolahti_DJI_0087_frame136,images/Ruokolahti/ruokolahti_DJI_0087_frame136.jpg,labels/Ruokolahti/ruokolahti_DJI_0087_frame136.txt,location,4096,2160,True,1
Ruokolahti,ruokolahti_DJI_0087_frame137,images/Ruokolahti/ruokolahti_DJI_0087_frame137.jpg,labels/Ruokolahti/ruokolahti_DJI_0087_frame137.txt,location,4096,2160,True,1
Ruokolahti,ruokolahti_DJI_0087_frame138,images/Ruokolahti/ruokolahti_DJI_0087_frame138.jpg,labels/Ruokolahti/ruokolahti_DJI_0087_frame138.txt,location,4096,2160,True,1
Ruokolahti,ruokolahti_DJI_0087_frame139,images/Ruokolahti/ruokolahti_DJI_0087_frame139.jpg,labels/Ruokolahti/ruokolahti_DJI_0087_frame139.txt,location,4096,2160,True,1
Ruokolahti,ruokolahti_DJI_0087_frame14,images/Ruokolahti/ruokolahti_DJI_0087_frame14.jpg,labels/Ruokolahti/ruokolahti_DJI_0087_frame14.txt,location,4096,2160,True,1
Ruokolahti,ruokolahti_DJI_0087_frame140,images/Ruokolahti/ruokolahti_DJI_0087_frame140.jpg,labels/Ruokolahti/ruokolahti_DJI_0087_frame140.txt,location,4096,2160,True,1
Ruokolahti,ruokolahti_DJI_0087_frame141,images/Ruokolahti/ruokolahti_DJI_0087_frame141.jpg,labels/Ruokolahti/ruokolahti_DJI_0087_frame141.txt,location,4096,2160,True,1
Ruokolahti,ruokolahti_DJI_0087_frame142,images/Ruokolahti/ruokolahti_DJI_0087_frame142.jpg,labels/Ruokolahti/ruokolahti_DJI_0087_frame142.txt,location,4096,2160,True,1
Ruokolahti,ruokolahti_DJI_0087_frame143,images/Ruokolahti/ruokolahti_DJI_0087_frame143.jpg,labels/Ruokolahti/ruokolahti_DJI_0087_frame143.txt,location,4096,2160,True,1
Ruokolahti,ruokolahti_DJI_0087_frame144,images/Ruokolahti/ruokolahti_DJI_0087_frame144.jpg,labels/Ruokolahti/ruokolahti_DJI_0087_frame144.txt,location,4096,2160,True,1
Ruokolahti,ruokolahti_DJI_0087_frame145,images/Ruokolahti/ruokolahti_DJI_0087_frame145.jpg,labels/Ruokolahti/ruokolahti_DJI_0087_frame145.txt,location,4096,2160,True,1
Ruokolahti,ruokolahti_DJI_0087_frame146,images/Ruokolahti/ruokolahti_DJI_0087_frame146.jpg,labels/Ruokolahti/ruokolahti_DJI_0087_frame146.txt,location,4096,2160,True,1
Ruokolahti,ruokolahti_DJI_0087_frame147,images/Ruokolahti/ruokolahti_DJI_0087_frame147.jpg,labels/Ruokolahti/ruokolahti_DJI_0087_frame147.txt,location,4096,2160,True,1
Ruokolahti,ruokolahti_DJI_0087_frame148,images/Ruokolahti/ruokolahti_DJI_0087_frame148.jpg,labels/Ruokolahti/ruokolahti_DJI_0087_frame148.txt,location,4096,2160,True,1
Ruokolahti,ruokolahti_DJI_0087_frame149,images/Ruokolahti/ruokolahti_DJI_0087_frame149.jpg,labels/Ruokolahti/ruokolahti_DJI_0087_frame149.txt,location,4096,2160,True,1
Ruokolahti,ruokolahti_DJI_0087_frame15,images/Ruokolahti/ruokolahti_DJI_0087_frame15.jpg,labels/Ruokolahti/ruokolahti_DJI_0087_frame15.txt,location,4096,2160,True,1
Ruokolahti,ruokolahti_DJI_0087_frame150,images/Ruokolahti/ruokolahti_DJI_0087_frame150.jpg,labels/Ruokolahti/ruokolahti_DJI_0087_frame150.txt,location,4096,2160,True,1
Ruokolahti,ruokolahti_DJI_0087_frame151,images/Ruokolahti/ruokolahti_DJI_0087_frame151.jpg,labels/Ruokolahti/ruokolahti_DJI_0087_frame151.txt,location,4096,2160,True,1
Ruokolahti,ruokolahti_DJI_0087_frame152,images/Ruokolahti/ruokolahti_DJI_0087_frame152.jpg,labels/Ruokolahti/ruokolahti_DJI_0087_frame152.txt,location,4096,2160,True,1
Ruokolahti,ruokolahti_DJI_0087_frame153,images/Ruokolahti/ruokolahti_DJI_0087_frame153.jpg,labels/Ruokolahti/ruokolahti_DJI_0087_frame153.txt,location,4096,2160,True,1
Ruokolahti,ruokolahti_DJI_0087_frame154,images/Ruokolahti/ruokolahti_DJI_0087_frame154.jpg,labels/Ruokolahti/ruokolahti_DJI_0087_frame154.txt,location,4096,2160,True,1
Ruokolahti,ruokolahti_DJI_0087_frame155,images/Ruokolahti/ruokolahti_DJI_0087_frame155.jpg,labels/Ruokolahti/ruokolahti_DJI_0087_frame155.txt,location,4096,2160,True,1
Ruokolahti,ruokolahti_DJI_0087_frame156,images/Ruokolahti/ruokolahti_DJI_0087_frame156.jpg,labels/Ruokolahti/ruokolahti_DJI_0087_frame156.txt,location,4096,2160,True,1
Ruokolahti,ruokolahti_DJI_0087_frame157,images/Ruokolahti/ruokolahti_DJI_0087_frame157.jpg,labels/Ruokolahti/ruokolahti_DJI_0087_frame157.txt,location,4096,2160,True,1
Ruokolahti,ruokolahti_DJI_0087_frame158,images/Ruokolahti/ruokolahti_DJI_0087_frame158.jpg,labels/Ruokolahti/ruokolahti_DJI_0087_frame158.txt,location,4096,2160,True,1
Ruokolahti,ruokolahti_DJI_0087_frame159,images/Ruokolahti/ruokolahti_DJI_0087_frame159.jpg,labels/Ruokolahti/ruokolahti_DJI_0087_frame159.txt,location,4096,2160,True,1
Ruokolahti,ruokolahti_DJI_0087_frame16,images/Ruokolahti/ruokolahti_DJI_0087_frame16.jpg,labels/Ruokolahti/ruokolahti_DJI_0087_frame16.txt,location,4096,2160,True,1
Ruokolahti,ruokolahti_DJI_0087_frame160,images/Ruokolahti/ruokolahti_DJI_0087_frame160.jpg,labels/Ruokolahti/ruokolahti_DJI_0087_frame160.txt,location,4096,2160,True,1
Ruokolahti,ruokolahti_DJI_0087_frame161,images/Ruokolahti/ruokolahti_DJI_0087_frame161.jpg,labels/Ruokolahti/ruokolahti_DJI_0087_frame161.txt,location,4096,2160,True,1
Ruokolahti,ruokolahti_DJI_0087_frame162,images/Ruokolahti/ruokolahti_DJI_0087_frame162.jpg,labels/Ruokolahti/ruokolahti_DJI_0087_frame162.txt,location,4096,2160,True,1
Ruokolahti,ruokolahti_DJI_0087_frame163,images/Ruokolahti/ruokolahti_DJI_0087_frame163.jpg,labels/Ruokolahti/ruokolahti_DJI_0087_frame163.txt,location,4096,2160,True,1
Ruokolahti,ruokolahti_DJI_0087_frame164,images/Ruokolahti/ruokolahti_DJI_0087_frame164.jpg,labels/Ruokolahti/ruokolahti_DJI_0087_frame164.txt,location,4096,2160,True,1
Ruokolahti,ruokolahti_DJI_0087_frame165,images/Ruokolahti/ruokolahti_DJI_0087_frame165.jpg,labels/Ruokolahti/ruokolahti_DJI_0087_frame165.txt,location,4096,2160,True,1
Ruokolahti,ruokolahti_DJI_0087_frame166,images/Ruokolahti/ruokolahti_DJI_0087_frame166.jpg,labels/Ruokolahti/ruokolahti_DJI_0087_frame166.txt,location,4096,2160,True,1
Ruokolahti,ruokolahti_DJI_0087_frame167,images/Ruokolahti/ruokolahti_DJI_0087_frame167.jpg,labels/Ruokolahti/ruokolahti_DJI_0087_frame167.txt,location,4096,2160,True,1
Ruokolahti,ruokolahti_DJI_0087_frame168,images/Ruokolahti/ruokolahti_DJI_0087_frame168.jpg,labels/Ruokolahti/ruokolahti_DJI_0087_frame168.txt,location,4096,2160,True,1
Ruokolahti,ruokolahti_DJI_0087_frame169,images/Ruokolahti/ruokolahti_DJI_0087_frame169.jpg,labels/Ruokolahti/ruokolahti_DJI_0087_frame169.txt,location,4096,2160,True,1
Ruokolahti,ruokolahti_DJI_0087_frame17,images/Ruokolahti/ruokolahti_DJI_0087_frame17.jpg,labels/Ruokolahti/ruokolahti_DJI_0087_frame17.txt,location,4096,2160,True,1
Ruokolahti,ruokolahti_DJI_0087_frame170,images/Ruokolahti/ruokolahti_DJI_0087_frame170.jpg,labels/Ruokolahti/ruokolahti_DJI_0087_frame170.txt,location,4096,2160,True,1
Ruokolahti,ruokolahti_DJI_0087_frame171,images/Ruokolahti/ruokolahti_DJI_0087_frame171.jpg,labels/Ruokolahti/ruokolahti_DJI_0087_frame171.txt,location,4096,2160,True,1
Ruokolahti,ruokolahti_DJI_0087_frame172,images/Ruokolahti/ruokolahti_DJI_0087_frame172.jpg,labels/Ruokolahti/ruokolahti_DJI_0087_frame172.txt,location,4096,2160,True,1
Ruokolahti,ruokolahti_DJI_0087_frame173,images/Ruokolahti/ruokolahti_DJI_0087_frame173.jpg,labels/Ruokolahti/ruokolahti_DJI_0087_frame173.txt,location,4096,2160,True,1
Ruokolahti,ruokolahti_DJI_0087_frame174,images/Ruokolahti/ruokolahti_DJI_0087_frame174.jpg,labels/Ruokolahti/ruokolahti_DJI_0087_frame174.txt,location,4096,2160,True,1
Ruokolahti,ruokolahti_DJI_0087_frame175,images/Ruokolahti/ruokolahti_DJI_0087_frame175.jpg,labels/Ruokolahti/ruokolahti_DJI_0087_frame175.txt,location,4096,2160,True,1
Ruokolahti,ruokolahti_DJI_0087_frame176,images/Ruokolahti/ruokolahti_DJI_0087_frame176.jpg,labels/Ruokolahti/ruokolahti_DJI_0087_frame176.txt,location,4096,2160,True,1
Ruokolahti,ruokolahti_DJI_0087_frame177,images/Ruokolahti/ruokolahti_DJI_0087_frame177.jpg,labels/Ruokolahti/ruokolahti_DJI_0087_frame177.txt,location,4096,2160,True,1
Ruokolahti,ruokolahti_DJI_0087_frame178,images/Ruokolahti/ruokolahti_DJI_0087_frame178.jpg,labels/Ruokolahti/ruokolahti_DJI_0087_frame178.txt,location,4096,2160,True,1
Ruokolahti,ruokolahti_DJI_0087_frame179,images/Ruokolahti/ruokolahti_DJI_0087_frame179.jpg,labels/Ruokolahti/ruokolahti_DJI_0087_frame179.txt,location,4096,2160,True,1
Ruokolahti,ruokolahti_DJI_0087_frame18,images/Ruokolahti/ruokolahti_DJI_0087_frame18.jpg,labels/Ruokolahti/ruokolahti_DJI_0087_frame18.txt,location,4096,2160,True,1
Ruokolahti,ruokolahti_DJI_0087_frame180,images/Ruokolahti/ruokolahti_DJI_0087_frame180.jpg,labels/Ruokolahti/ruokolahti_DJI_0087_frame180.txt,location,4096,2160,True,1
Ruokolahti,ruokolahti_DJI_0087_frame181,images/Ruokolahti/ruokolahti_DJI_0087_frame181.jpg,labels/Ruokolahti/ruokolahti_DJI_0087_frame181.txt,location,4096,2160,True,1
Ruokolahti,ruokolahti_DJI_0087_frame182,images/Ruokolahti/ruokolahti_DJI_0087_frame182.jpg,labels/Ruokolahti/ruokolahti_DJI_0087_frame182.txt,location,4096,2160,True,1
Ruokolahti,ruokolahti_DJI_0087_frame183,images/Ruokolahti/ruokolahti_DJI_0087_frame183.jpg,labels/Ruokolahti/ruokolahti_DJI_0087_frame183.txt,location,4096,2160,True,1
Ruokolahti,ruokolahti_DJI_0087_frame184,images/Ruokolahti/ruokolahti_DJI_0087_frame184.jpg,labels/Ruokolahti/ruokolahti_DJI_0087_frame184.txt,location,4096,2160,True,1
Ruokolahti,ruokolahti_DJI_0087_frame185,images/Ruokolahti/ruokolahti_DJI_0087_frame185.jpg,labels/Ruokolahti/ruokolahti_DJI_0087_frame185.txt,location,4096,2160,True,1
Ruokolahti,ruokolahti_DJI_0087_frame186,images/Ruokolahti/ruokolahti_DJI_0087_frame186.jpg,labels/Ruokolahti/ruokolahti_DJI_0087_frame186.txt,location,4096,2160,True,1
Ruokolahti,ruokolahti_DJI_0087_frame187,images/Ruokolahti/ruokolahti_DJI_0087_frame187.jpg,labels/Ruokolahti/ruokolahti_DJI_0087_frame187.txt,location,4096,2160,True,1
Ruokolahti,ruokolahti_DJI_0087_frame188,images/Ruokolahti/ruokolahti_DJI_0087_frame188.jpg,labels/Ruokolahti/ruokolahti_DJI_0087_frame188.txt,location,4096,2160,True,1
Ruokolahti,ruokolahti_DJI_0087_frame189,images/Ruokolahti/ruokolahti_DJI_0087_frame189.jpg,labels/Ruokolahti/ruokolahti_DJI_0087_frame189.txt,location,4096,2160,True,1
Ruokolahti,ruokolahti_DJI_0087_frame19,images/Ruokolahti/ruokolahti_DJI_0087_frame19.jpg,labels/Ruokolahti/ruokolahti_DJI_0087_frame19.txt,location,4096,2160,True,1
Ruokolahti,ruokolahti_DJI_0087_frame190,images/Ruokolahti/ruokolahti_DJI_0087_frame190.jpg,labels/Ruokolahti/ruokolahti_DJI_0087_frame190.txt,location,4096,2160,True,1
Ruokolahti,ruokolahti_DJI_0087_frame191,images/Ruokolahti/ruokolahti_DJI_0087_frame191.jpg,labels/Ruokolahti/ruokolahti_DJI_0087_frame191.txt,location,4096,2160,True,1
Ruokolahti,ruokolahti_DJI_0087_frame192,images/Ruokolahti/ruokolahti_DJI_0087_frame192.jpg,labels/Ruokolahti/ruokolahti_DJI_0087_frame192.txt,location,4096,2160,True,1
Ruokolahti,ruokolahti_DJI_0087_frame193,images/Ruokolahti/ruokolahti_DJI_0087_frame193.jpg,labels/Ruokolahti/ruokolahti_DJI_0087_frame193.txt,location,4096,2160,True,1
Ruokolahti,ruokolahti_DJI_0087_frame194,images/Ruokolahti/ruokolahti_DJI_0087_frame194.jpg,labels/Ruokolahti/ruokolahti_DJI_0087_frame194.txt,location,4096,2160,True,1
Ruokolahti,ruokolahti_DJI_0087_frame195,images/Ruokolahti/ruokolahti_DJI_0087_frame195.jpg,labels/Ruokolahti/ruokolahti_DJI_0087_frame195.txt,location,4096,2160,True,1
Ruokolahti,ruokolahti_DJI_0087_frame196,images/Ruokolahti/ruokolahti_DJI_0087_frame196.jpg,labels/Ruokolahti/ruokolahti_DJI_0087_frame196.txt,location,4096,2160,True,1
Ruokolahti,ruokolahti_DJI_0087_frame197,images/Ruokolahti/ruokolahti_DJI_0087_frame197.jpg,labels/Ruokolahti/ruokolahti_DJI_0087_frame197.txt,location,4096,2160,True,1
Ruokolahti,ruokolahti_DJI_0087_frame198,images/Ruokolahti/ruokolahti_DJI_0087_frame198.jpg,labels/Ruokolahti/ruokolahti_DJI_0087_frame198.txt,location,4096,2160,True,1
Ruokolahti,ruokolahti_DJI_0087_frame199,images/Ruokolahti/ruokolahti_DJI_0087_frame199.jpg,labels/Ruokolahti/ruokolahti_DJI_0087_frame199.txt,location,4096,2160,True,1
Ruokolahti,ruokolahti_DJI_0087_frame2,images/Ruokolahti/ruokolahti_DJI_0087_frame2.jpg,labels/Ruokolahti/ruokolahti_DJI_0087_frame2.txt,location,4096,2160,True,1
Ruokolahti,ruokolahti_DJI_0087_frame20,images/Ruokolahti/ruokolahti_DJI_0087_frame20.jpg,labels/Ruokolahti/ruokolahti_DJI_0087_frame20.txt,location,4096,2160,True,1
Ruokolahti,ruokolahti_DJI_0087_frame200,images/Ruokolahti/ruokolahti_DJI_0087_frame200.jpg,labels/Ruokolahti/ruokolahti_DJI_0087_frame200.txt,location,4096,2160,True,1
Ruokolahti,ruokolahti_DJI_0087_frame201,images/Ruokolahti/ruokolahti_DJI_0087_frame201.jpg,labels/Ruokolahti/ruokolahti_DJI_0087_frame201.txt,location,4096,2160,True,1
Ruokolahti,ruokolahti_DJI_0087_frame202,images/Ruokolahti/ruokolahti_DJI_0087_frame202.jpg,labels/Ruokolahti/ruokolahti_DJI_0087_frame202.txt,location,4096,2160,True,1
Ruokolahti,ruokolahti_DJI_0087_frame203,images/Ruokolahti/ruokolahti_DJI_0087_frame203.jpg,labels/Ruokolahti/ruokolahti_DJI_0087_frame203.txt,location,4096,2160,True,1
Ruokolahti,ruokolahti_DJI_0087_frame204,images/Ruokolahti/ruokolahti_DJI_0087_frame204.jpg,labels/Ruokolahti/ruokolahti_DJI_0087_frame204.txt,location,4096,2160,True,1
Ruokolahti,ruokolahti_DJI_0087_frame205,images/Ruokolahti/ruokolahti_DJI_0087_frame205.jpg,labels/Ruokolahti/ruokolahti_DJI_0087_frame205.txt,location,4096,2160,True,1
Ruokolahti,ruokolahti_DJI_0087_frame206,images/Ruokolahti/ruokolahti_DJI_0087_frame206.jpg,labels/Ruokolahti/ruokolahti_DJI_0087_frame206.txt,location,4096,2160,True,1
Ruokolahti,ruokolahti_DJI_0087_frame207,images/Ruokolahti/ruokolahti_DJI_0087_frame207.jpg,labels/Ruokolahti/ruokolahti_DJI_0087_frame207.txt,location,4096,2160,True,1
Ruokolahti,ruokolahti_DJI_0087_frame208,images/Ruokolahti/ruokolahti_DJI_0087_frame208.jpg,labels/Ruokolahti/ruokolahti_DJI_0087_frame208.txt,location,4096,2160,True,1
Ruokolahti,ruokolahti_DJI_0087_frame209,images/Ruokolahti/ruokolahti_DJI_0087_frame209.jpg,labels/Ruokolahti/ruokolahti_DJI_0087_frame209.txt,location,4096,2160,True,1
Ruokolahti,ruokolahti_DJI_0087_frame21,images/Ruokolahti/ruokolahti_DJI_0087_frame21.jpg,labels/Ruokolahti/ruokolahti_DJI_0087_frame21.txt,location,4096,2160,True,1
Ruokolahti,ruokolahti_DJI_0087_frame210,images/Ruokolahti/ruokolahti_DJI_0087_frame210.jpg,labels/Ruokolahti/ruokolahti_DJI_0087_frame210.txt,location,4096,2160,True,1
Ruokolahti,ruokolahti_DJI_0087_frame211,images/Ruokolahti/ruokolahti_DJI_0087_frame211.jpg,labels/Ruokolahti/ruokolahti_DJI_0087_frame211.txt,location,4096,2160,True,1
Ruokolahti,ruokolahti_DJI_0087_frame212,images/Ruokolahti/ruokolahti_DJI_0087_frame212.jpg,labels/Ruokolahti/ruokolahti_DJI_0087_frame212.txt,location,4096,2160,True,1
Ruokolahti,ruokolahti_DJI_0087_frame213,images/Ruokolahti/ruokolahti_DJI_0087_frame213.jpg,labels/Ruokolahti/ruokolahti_DJI_0087_frame213.txt,location,4096,2160,True,1
Ruokolahti,ruokolahti_DJI_0087_frame214,images/Ruokolahti/ruokolahti_DJI_0087_frame214.jpg,labels/Ruokolahti/ruokolahti_DJI_0087_frame214.txt,location,4096,2160,True,1
Ruokolahti,ruokolahti_DJI_0087_frame215,images/Ruokolahti/ruokolahti_DJI_0087_frame215.jpg,labels/Ruokolahti/ruokolahti_DJI_0087_frame215.txt,location,4096,2160,True,1
Ruokolahti,ruokolahti_DJI_0087_frame216,images/Ruokolahti/ruokolahti_DJI_0087_frame216.jpg,labels/Ruokolahti/ruokolahti_DJI_0087_frame216.txt,location,4096,2160,True,1
Ruokolahti,ruokolahti_DJI_0087_frame217,images/Ruokolahti/ruokolahti_DJI_0087_frame217.jpg,labels/Ruokolahti/ruokolahti_DJI_0087_frame217.txt,location,4096,2160,True,1
Ruokolahti,ruokolahti_DJI_0087_frame218,images/Ruokolahti/ruokolahti_DJI_0087_frame218.jpg,labels/Ruokolahti/ruokolahti_DJI_0087_frame218.txt,location,4096,2160,True,1
Ruokolahti,ruokolahti_DJI_0087_frame219,images/Ruokolahti/ruokolahti_DJI_0087_frame219.jpg,labels/Ruokolahti/ruokolahti_DJI_0087_frame219.txt,location,4096,2160,True,1
Ruokolahti,ruokolahti_DJI_0087_frame22,images/Ruokolahti/ruokolahti_DJI_0087_frame22.jpg,labels/Ruokolahti/ruokolahti_DJI_0087_frame22.txt,location,4096,2160,True,1
Ruokolahti,ruokolahti_DJI_0087_frame220,images/Ruokolahti/ruokolahti_DJI_0087_frame220.jpg,labels/Ruokolahti/ruokolahti_DJI_0087_frame220.txt,location,4096,2160,True,1
Ruokolahti,ruokolahti_DJI_0087_frame221,images/Ruokolahti/ruokolahti_DJI_0087_frame221.jpg,labels/Ruokolahti/ruokolahti_DJI_0087_frame221.txt,location,4096,2160,True,1
Ruokolahti,ruokolahti_DJI_0087_frame222,images/Ruokolahti/ruokolahti_DJI_0087_frame222.jpg,labels/Ruokolahti/ruokolahti_DJI_0087_frame222.txt,location,4096,2160,True,1
Ruokolahti,ruokolahti_DJI_0087_frame223,images/Ruokolahti/ruokolahti_DJI_0087_frame223.jpg,labels/Ruokolahti/ruokolahti_DJI_0087_frame223.txt,location,4096,2160,True,1
Ruokolahti,ruokolahti_DJI_0087_frame224,images/Ruokolahti/ruokolahti_DJI_0087_frame224.jpg,labels/Ruokolahti/ruokolahti_DJI_0087_frame224.txt,location,4096,2160,True,1
Ruokolahti,ruokolahti_DJI_0087_frame225,images/Ruokolahti/ruokolahti_DJI_0087_frame225.jpg,labels/Ruokolahti/ruokolahti_DJI_0087_frame225.txt,location,4096,2160,True,1
Ruokolahti,ruokolahti_DJI_0087_frame226,images/Ruokolahti/ruokolahti_DJI_0087_frame226.jpg,labels/Ruokolahti/ruokolahti_DJI_0087_frame226.txt,location,4096,2160,True,1
Ruokolahti,ruokolahti_DJI_0087_frame227,images/Ruokolahti/ruokolahti_DJI_0087_frame227.jpg,labels/Ruokolahti/ruokolahti_DJI_0087_frame227.txt,location,4096,2160,True,1
Ruokolahti,ruokolahti_DJI_0087_frame228,images/Ruokolahti/ruokolahti_DJI_0087_frame228.jpg,labels/Ruokolahti/ruokolahti_DJI_0087_frame228.txt,location,4096,2160,True,1
Ruokolahti,ruokolahti_DJI_0087_frame229,images/Ruokolahti/ruokolahti_DJI_0087_frame229.jpg,labels/Ruokolahti/ruokolahti_DJI_0087_frame229.txt,location,4096,2160,True,1
Ruokolahti,ruokolahti_DJI_0087_frame23,images/Ruokolahti/ruokolahti_DJI_0087_frame23.jpg,labels/Ruokolahti/ruokolahti_DJI_0087_frame23.txt,location,4096,2160,True,1
Ruokolahti,ruokolahti_DJI_0087_frame230,images/Ruokolahti/ruokolahti_DJI_0087_frame230.jpg,labels/Ruokolahti/ruokolahti_DJI_0087_frame230.txt,location,4096,2160,True,1
Ruokolahti,ruokolahti_DJI_0087_frame231,images/Ruokolahti/ruokolahti_DJI_0087_frame231.jpg,labels/Ruokolahti/ruokolahti_DJI_0087_frame231.txt,location,4096,2160,True,1
Ruokolahti,ruokolahti_DJI_0087_frame232,images/Ruokolahti/ruokolahti_DJI_0087_frame232.jpg,labels/Ruokolahti/ruokolahti_DJI_0087_frame232.txt,location,4096,2160,True,1
Ruokolahti,ruokolahti_DJI_0087_frame233,images/Ruokolahti/ruokolahti_DJI_0087_frame233.jpg,labels/Ruokolahti/ruokolahti_DJI_0087_frame233.txt,location,4096,2160,True,1
Ruokolahti,ruokolahti_DJI_0087_frame234,images/Ruokolahti/ruokolahti_DJI_0087_frame234.jpg,labels/Ruokolahti/ruokolahti_DJI_0087_frame234.txt,location,4096,2160,True,1
Ruokolahti,ruokolahti_DJI_0087_frame235,images/Ruokolahti/ruokolahti_DJI_0087_frame235.jpg,labels/Ruokolahti/ruokolahti_DJI_0087_frame235.txt,location,4096,2160,True,1
Ruokolahti,ruokolahti_DJI_0087_frame236,images/Ruokolahti/ruokolahti_DJI_0087_frame236.jpg,labels/Ruokolahti/ruokolahti_DJI_0087_frame236.txt,location,4096,2160,True,1
Ruokolahti,ruokolahti_DJI_0087_frame237,images/Ruokolahti/ruokolahti_DJI_0087_frame237.jpg,labels/Ruokolahti/ruokolahti_DJI_0087_frame237.txt,location,4096,2160,True,1
Ruokolahti,ruokolahti_DJI_0087_frame238,images/Ruokolahti/ruokolahti_DJI_0087_frame238.jpg,labels/Ruokolahti/ruokolahti_DJI_0087_frame238.txt,location,4096,2160,True,1
Ruokolahti,ruokolahti_DJI_0087_frame239,images/Ruokolahti/ruokolahti_DJI_0087_frame239.jpg,labels/Ruokolahti/ruokolahti_DJI_0087_frame239.txt,location,4096,2160,True,1
Ruokolahti,ruokolahti_DJI_0087_frame24,images/Ruokolahti/ruokolahti_DJI_0087_frame24.jpg,labels/Ruokolahti/ruokolahti_DJI_0087_frame24.txt,location,4096,2160,True,1
Ruokolahti,ruokolahti_DJI_0087_frame240,images/Ruokolahti/ruokolahti_DJI_0087_frame240.jpg,labels/Ruokolahti/ruokolahti_DJI_0087_frame240.txt,location,4096,2160,True,1
Ruokolahti,ruokolahti_DJI_0087_frame241,images/Ruokolahti/ruokolahti_DJI_0087_frame241.jpg,labels/Ruokolahti/ruokolahti_DJI_0087_frame241.txt,location,4096,2160,True,1
Ruokolahti,ruokolahti_DJI_0087_frame242,images/Ruokolahti/ruokolahti_DJI_0087_frame242.jpg,labels/Ruokolahti/ruokolahti_DJI_0087_frame242.txt,location,4096,2160,True,1
Ruokolahti,ruokolahti_DJI_0087_frame243,images/Ruokolahti/ruokolahti_DJI_0087_frame243.jpg,labels/Ruokolahti/ruokolahti_DJI_0087_frame243.txt,location,4096,2160,True,1
Ruokolahti,ruokolahti_DJI_0087_frame244,images/Ruokolahti/ruokolahti_DJI_0087_frame244.jpg,labels/Ruokolahti/ruokolahti_DJI_0087_frame244.txt,location,4096,2160,True,1
Ruokolahti,ruokolahti_DJI_0087_frame245,images/Ruokolahti/ruokolahti_DJI_0087_frame245.jpg,labels/Ruokolahti/ruokolahti_DJI_0087_frame245.txt,location,4096,2160,True,1
Ruokolahti,ruokolahti_DJI_0087_frame246,images/Ruokolahti/ruokolahti_DJI_0087_frame246.jpg,labels/Ruokolahti/ruokolahti_DJI_0087_frame246.txt,location,4096,2160,True,1
Ruokolahti,ruokolahti_DJI_0087_frame247,images/Ruokolahti/ruokolahti_DJI_0087_frame247.jpg,labels/Ruokolahti/ruokolahti_DJI_0087_frame247.txt,location,4096,2160,True,1
Ruokolahti,ruokolahti_DJI_0087_frame248,images/Ruokolahti/ruokolahti_DJI_0087_frame248.jpg,labels/Ruokolahti/ruokolahti_DJI_0087_frame248.txt,location,4096,2160,True,1
Ruokolahti,ruokolahti_DJI_0087_frame249,images/Ruokolahti/ruokolahti_DJI_0087_frame249.jpg,labels/Ruokolahti/ruokolahti_DJI_0087_frame249.txt,location,4096,2160,False,0
Ruokolahti,ruokolahti_DJI_0087_frame25,images/Ruokolahti/ruokolahti_DJI_0087_frame25.jpg,labels/Ruokolahti/ruokolahti_DJI_0087_frame25.txt,location,4096,2160,True,1
Ruokolahti,ruokolahti_DJI_0087_frame250,images/Ruokolahti/ruokolahti_DJI_0087_frame250.jpg,labels/Ruokolahti/ruokolahti_DJI_0087_frame250.txt,location,4096,2160,True,1
Ruokolahti,ruokolahti_DJI_0087_frame251,images/Ruokolahti/ruokolahti_DJI_0087_frame251.jpg,labels/Ruokolahti/ruokolahti_DJI_0087_frame251.txt,location,4096,2160,True,1
Ruokolahti,ruokolahti_DJI_0087_frame252,images/Ruokolahti/ruokolahti_DJI_0087_frame252.jpg,labels/Ruokolahti/ruokolahti_DJI_0087_frame252.txt,location,4096,2160,True,1
Ruokolahti,ruokolahti_DJI_0087_frame253,images/Ruokolahti/ruokolahti_DJI_0087_frame253.jpg,labels/Ruokolahti/ruokolahti_DJI_0087_frame253.txt,location,4096,2160,True,1
Ruokolahti,ruokolahti_DJI_0087_frame254,images/Ruokolahti/ruokolahti_DJI_0087_frame254.jpg,labels/Ruokolahti/ruokolahti_DJI_0087_frame254.txt,location,4096,2160,True,1
Ruokolahti,ruokolahti_DJI_0087_frame255,images/Ruokolahti/ruokolahti_DJI_0087_frame255.jpg,labels/Ruokolahti/ruokolahti_DJI_0087_frame255.txt,location,4096,2160,True,1
Ruokolahti,ruokolahti_DJI_0087_frame256,images/Ruokolahti/ruokolahti_DJI_0087_frame256.jpg,labels/Ruokolahti/ruokolahti_DJI_0087_frame256.txt,location,4096,2160,True,1
Ruokolahti,ruokolahti_DJI_0087_frame257,images/Ruokolahti/ruokolahti_DJI_0087_frame257.jpg,labels/Ruokolahti/ruokolahti_DJI_0087_frame257.txt,location,4096,2160,True,1
Ruokolahti,ruokolahti_DJI_0087_frame258,images/Ruokolahti/ruokolahti_DJI_0087_frame258.jpg,labels/Ruokolahti/ruokolahti_DJI_0087_frame258.txt,location,4096,2160,True,1
Ruokolahti,ruokolahti_DJI_0087_frame259,images/Ruokolahti/ruokolahti_DJI_0087_frame259.jpg,labels/Ruokolahti/ruokolahti_DJI_0087_frame259.txt,location,4096,2160,False,0
Ruokolahti,ruokolahti_DJI_0087_frame26,images/Ruokolahti/ruokolahti_DJI_0087_frame26.jpg,labels/Ruokolahti/ruokolahti_DJI_0087_frame26.txt,location,4096,2160,True,1
Ruokolahti,ruokolahti_DJI_0087_frame260,images/Ruokolahti/ruokolahti_DJI_0087_frame260.jpg,labels/Ruokolahti/ruokolahti_DJI_0087_frame260.txt,location,4096,2160,True,1
Ruokolahti,ruokolahti_DJI_0087_frame261,images/Ruokolahti/ruokolahti_DJI_0087_frame261.jpg,labels/Ruokolahti/ruokolahti_DJI_0087_frame261.txt,location,4096,2160,True,1
Ruokolahti,ruokolahti_DJI_0087_frame262,images/Ruokolahti/ruokolahti_DJI_0087_frame262.jpg,labels/Ruokolahti/ruokolahti_DJI_0087_frame262.txt,location,4096,2160,True,1
Ruokolahti,ruokolahti_DJI_0087_frame263,images/Ruokolahti/ruokolahti_DJI_0087_frame263.jpg,labels/Ruokolahti/ruokolahti_DJI_0087_frame263.txt,location,4096,2160,True,1
Ruokolahti,ruokolahti_DJI_0087_frame264,images/Ruokolahti/ruokolahti_DJI_0087_frame264.jpg,labels/Ruokolahti/ruokolahti_DJI_0087_frame264.txt,location,4096,2160,True,1
Ruokolahti,ruokolahti_DJI_0087_frame265,images/Ruokolahti/ruokolahti_DJI_0087_frame265.jpg,labels/Ruokolahti/ruokolahti_DJI_0087_frame265.txt,location,4096,2160,True,1
Ruokolahti,ruokolahti_DJI_0087_frame266,images/Ruokolahti/ruokolahti_DJI_0087_frame266.jpg,labels/Ruokolahti/ruokolahti_DJI_0087_frame266.txt,location,4096,2160,True,1
Ruokolahti,ruokolahti_DJI_0087_frame267,images/Ruokolahti/ruokolahti_DJI_0087_frame267.jpg,labels/Ruokolahti/ruokolahti_DJI_0087_frame267.txt,location,4096,2160,True,1
Ruokolahti,ruokolahti_DJI_0087_frame268,images/Ruokolahti/ruokolahti_DJI_0087_frame268.jpg,labels/Ruokolahti/ruokolahti_DJI_0087_frame268.txt,location,4096,2160,True,1
Ruokolahti,ruokolahti_DJI_0087_frame269,images/Ruokolahti/ruokolahti_DJI_0087_frame269.jpg,labels/Ruokolahti/ruokolahti_DJI_0087_frame269.txt,location,4096,2160,True,1
Ruokolahti,ruokolahti_DJI_0087_frame27,images/Ruokolahti/ruokolahti_DJI_0087_frame27.jpg,labels/Ruokolahti/ruokolahti_DJI_0087_frame27.txt,location,4096,2160,True,1
Ruokolahti,ruokolahti_DJI_0087_frame270,images/Ruokolahti/ruokolahti_DJI_0087_frame270.jpg,labels/Ruokolahti/ruokolahti_DJI_0087_frame270.txt,location,4096,2160,True,1
Ruokolahti,ruokolahti_DJI_0087_frame271,images/Ruokolahti/ruokolahti_DJI_0087_frame271.jpg,labels/Ruokolahti/ruokolahti_DJI_0087_frame271.txt,location,4096,2160,True,1
Ruokolahti,ruokolahti_DJI_0087_frame272,images/Ruokolahti/ruokolahti_DJI_0087_frame272.jpg,labels/Ruokolahti/ruokolahti_DJI_0087_frame272.txt,location,4096,2160,True,1
Ruokolahti,ruokolahti_DJI_0087_frame273,images/Ruokolahti/ruokolahti_DJI_0087_frame273.jpg,labels/Ruokolahti/ruokolahti_DJI_0087_frame273.txt,location,4096,2160,True,1
Ruokolahti,ruokolahti_DJI_0087_frame274,images/Ruokolahti/ruokolahti_DJI_0087_frame274.jpg,labels/Ruokolahti/ruokolahti_DJI_0087_frame274.txt,location,4096,2160,True,1
Ruokolahti,ruokolahti_DJI_0087_frame275,images/Ruokolahti/ruokolahti_DJI_0087_frame275.jpg,labels/Ruokolahti/ruokolahti_DJI_0087_frame275.txt,location,4096,2160,True,1
Ruokolahti,ruokolahti_DJI_0087_frame276,images/Ruokolahti/ruokolahti_DJI_0087_frame276.jpg,labels/Ruokolahti/ruokolahti_DJI_0087_frame276.txt,location,4096,2160,True,1
Ruokolahti,ruokolahti_DJI_0087_frame277,images/Ruokolahti/ruokolahti_DJI_0087_frame277.jpg,labels/Ruokolahti/ruokolahti_DJI_0087_frame277.txt,location,4096,2160,True,1
Ruokolahti,ruokolahti_DJI_0087_frame278,images/Ruokolahti/ruokolahti_DJI_0087_frame278.jpg,labels/Ruokolahti/ruokolahti_DJI_0087_frame278.txt,location,4096,2160,True,1
Ruokolahti,ruokolahti_DJI_0087_frame279,images/Ruokolahti/ruokolahti_DJI_0087_frame279.jpg,labels/Ruokolahti/ruokolahti_DJI_0087_frame279.txt,location,4096,2160,True,1
Ruokolahti,ruokolahti_DJI_0087_frame28,images/Ruokolahti/ruokolahti_DJI_0087_frame28.jpg,labels/Ruokolahti/ruokolahti_DJI_0087_frame28.txt,location,4096,2160,True,1
Ruokolahti,ruokolahti_DJI_0087_frame280,images/Ruokolahti/ruokolahti_DJI_0087_frame280.jpg,labels/Ruokolahti/ruokolahti_DJI_0087_frame280.txt,location,4096,2160,True,1
Ruokolahti,ruokolahti_DJI_0087_frame281,images/Ruokolahti/ruokolahti_DJI_0087_frame281.jpg,labels/Ruokolahti/ruokolahti_DJI_0087_frame281.txt,location,4096,2160,True,1
Ruokolahti,ruokolahti_DJI_0087_frame282,images/Ruokolahti/ruokolahti_DJI_0087_frame282.jpg,labels/Ruokolahti/ruokolahti_DJI_0087_frame282.txt,location,4096,2160,True,1
Ruokolahti,ruokolahti_DJI_0087_frame283,images/Ruokolahti/ruokolahti_DJI_0087_frame283.jpg,labels/Ruokolahti/ruokolahti_DJI_0087_frame283.txt,location,4096,2160,True,1
Ruokolahti,ruokolahti_DJI_0087_frame284,images/Ruokolahti/ruokolahti_DJI_0087_frame284.jpg,labels/Ruokolahti/ruokolahti_DJI_0087_frame284.txt,location,4096,2160,True,1
Ruokolahti,ruokolahti_DJI_0087_frame285,images/Ruokolahti/ruokolahti_DJI_0087_frame285.jpg,labels/Ruokolahti/ruokolahti_DJI_0087_frame285.txt,location,4096,2160,True,1
Ruokolahti,ruokolahti_DJI_0087_frame286,images/Ruokolahti/ruokolahti_DJI_0087_frame286.jpg,labels/Ruokolahti/ruokolahti_DJI_0087_frame286.txt,location,4096,2160,True,1
Ruokolahti,ruokolahti_DJI_0087_frame287,images/Ruokolahti/ruokolahti_DJI_0087_frame287.jpg,labels/Ruokolahti/ruokolahti_DJI_0087_frame287.txt,location,4096,2160,True,1
Ruokolahti,ruokolahti_DJI_0087_frame288,images/Ruokolahti/ruokolahti_DJI_0087_frame288.jpg,labels/Ruokolahti/ruokolahti_DJI_0087_frame288.txt,location,4096,2160,True,1
Ruokolahti,ruokolahti_DJI_0087_frame289,images/Ruokolahti/ruokolahti_DJI_0087_frame289.jpg,labels/Ruokolahti/ruokolahti_DJI_0087_frame289.txt,location,4096,2160,True,1
Ruokolahti,ruokolahti_DJI_0087_frame29,images/Ruokolahti/ruokolahti_DJI_0087_frame29.jpg,labels/Ruokolahti/ruokolahti_DJI_0087_frame29.txt,location,4096,2160,True,1
Ruokolahti,ruokolahti_DJI_0087_frame290,images/Ruokolahti/ruokolahti_DJI_0087_frame290.jpg,labels/Ruokolahti/ruokolahti_DJI_0087_frame290.txt,location,4096,2160,True,1
Ruokolahti,ruokolahti_DJI_0087_frame291,images/Ruokolahti/ruokolahti_DJI_0087_frame291.jpg,labels/Ruokolahti/ruokolahti_DJI_0087_frame291.txt,location,4096,2160,True,1
Ruokolahti,ruokolahti_DJI_0087_frame292,images/Ruokolahti/ruokolahti_DJI_0087_frame292.jpg,labels/Ruokolahti/ruokolahti_DJI_0087_frame292.txt,location,4096,2160,True,1
Ruokolahti,ruokolahti_DJI_0087_frame293,images/Ruokolahti/ruokolahti_DJI_0087_frame293.jpg,labels/Ruokolahti/ruokolahti_DJI_0087_frame293.txt,location,4096,2160,True,1
Ruokolahti,ruokolahti_DJI_0087_frame294,images/Ruokolahti/ruokolahti_DJI_0087_frame294.jpg,labels/Ruokolahti/ruokolahti_DJI_0087_frame294.txt,location,4096,2160,True,1
Ruokolahti,ruokolahti_DJI_0087_frame295,images/Ruokolahti/ruokolahti_DJI_0087_frame295.jpg,labels/Ruokolahti/ruokolahti_DJI_0087_frame295.txt,location,4096,2160,True,1
Ruokolahti,ruokolahti_DJI_0087_frame296,images/Ruokolahti/ruokolahti_DJI_0087_frame296.jpg,labels/Ruokolahti/ruokolahti_DJI_0087_frame296.txt,location,4096,2160,True,1
Ruokolahti,ruokolahti_DJI_0087_frame297,images/Ruokolahti/ruokolahti_DJI_0087_frame297.jpg,labels/Ruokolahti/ruokolahti_DJI_0087_frame297.txt,location,4096,2160,True,1
Ruokolahti,ruokolahti_DJI_0087_frame298,images/Ruokolahti/ruokolahti_DJI_0087_frame298.jpg,labels/Ruokolahti/ruokolahti_DJI_0087_frame298.txt,location,4096,2160,True,1
Ruokolahti,ruokolahti_DJI_0087_frame299,images/Ruokolahti/ruokolahti_DJI_0087_frame299.jpg,labels/Ruokolahti/ruokolahti_DJI_0087_frame299.txt,location,4096,2160,True,1
Ruokolahti,ruokolahti_DJI_0087_frame3,images/Ruokolahti/ruokolahti_DJI_0087_frame3.jpg,labels/Ruokolahti/ruokolahti_DJI_0087_frame3.txt,location,4096,2160,True,1
Ruokolahti,ruokolahti_DJI_0087_frame30,images/Ruokolahti/ruokolahti_DJI_0087_frame30.jpg,labels/Ruokolahti/ruokolahti_DJI_0087_frame30.txt,location,4096,2160,True,1
Ruokolahti,ruokolahti_DJI_0087_frame300,images/Ruokolahti/ruokolahti_DJI_0087_frame300.jpg,labels/Ruokolahti/ruokolahti_DJI_0087_frame300.txt,location,4096,2160,True,1
Ruokolahti,ruokolahti_DJI_0087_frame301,images/Ruokolahti/ruokolahti_DJI_0087_frame301.jpg,labels/Ruokolahti/ruokolahti_DJI_0087_frame301.txt,location,4096,2160,True,1
Ruokolahti,ruokolahti_DJI_0087_frame302,images/Ruokolahti/ruokolahti_DJI_0087_frame302.jpg,labels/Ruokolahti/ruokolahti_DJI_0087_frame302.txt,location,4096,2160,True,1
Ruokolahti,ruokolahti_DJI_0087_frame303,images/Ruokolahti/ruokolahti_DJI_0087_frame303.jpg,labels/Ruokolahti/ruokolahti_DJI_0087_frame303.txt,location,4096,2160,True,1
Ruokolahti,ruokolahti_DJI_0087_frame304,images/Ruokolahti/ruokolahti_DJI_0087_frame304.jpg,labels/Ruokolahti/ruokolahti_DJI_0087_frame304.txt,location,4096,2160,True,1
Ruokolahti,ruokolahti_DJI_0087_frame305,images/Ruokolahti/ruokolahti_DJI_0087_frame305.jpg,labels/Ruokolahti/ruokolahti_DJI_0087_frame305.txt,location,4096,2160,True,1
Ruokolahti,ruokolahti_DJI_0087_frame306,images/Ruokolahti/ruokolahti_DJI_0087_frame306.jpg,labels/Ruokolahti/ruokolahti_DJI_0087_frame306.txt,location,4096,2160,True,1
Ruokolahti,ruokolahti_DJI_0087_frame307,images/Ruokolahti/ruokolahti_DJI_0087_frame307.jpg,labels/Ruokolahti/ruokolahti_DJI_0087_frame307.txt,location,4096,2160,True,1
Ruokolahti,ruokolahti_DJI_0087_frame308,images/Ruokolahti/ruokolahti_DJI_0087_frame308.jpg,labels/Ruokolahti/ruokolahti_DJI_0087_frame308.txt,location,4096,2160,True,1
Ruokolahti,ruokolahti_DJI_0087_frame309,images/Ruokolahti/ruokolahti_DJI_0087_frame309.jpg,labels/Ruokolahti/ruokolahti_DJI_0087_frame309.txt,location,4096,2160,True,1
Ruokolahti,ruokolahti_DJI_0087_frame31,images/Ruokolahti/ruokolahti_DJI_0087_frame31.jpg,labels/Ruokolahti/ruokolahti_DJI_0087_frame31.txt,location,4096,2160,True,1
Ruokolahti,ruokolahti_DJI_0087_frame310,images/Ruokolahti/ruokolahti_DJI_0087_frame310.jpg,labels/Ruokolahti/ruokolahti_DJI_0087_frame310.txt,location,4096,2160,True,1
Ruokolahti,ruokolahti_DJI_0087_frame311,images/Ruokolahti/ruokolahti_DJI_0087_frame311.jpg,labels/Ruokolahti/ruokolahti_DJI_0087_frame311.txt,location,4096,2160,True,1
Ruokolahti,ruokolahti_DJI_0087_frame312,images/Ruokolahti/ruokolahti_DJI_0087_frame312.jpg,labels/Ruokolahti/ruokolahti_DJI_0087_frame312.txt,location,4096,2160,True,1
Ruokolahti,ruokolahti_DJI_0087_frame313,images/Ruokolahti/ruokolahti_DJI_0087_frame313.jpg,labels/Ruokolahti/ruokolahti_DJI_0087_frame313.txt,location,4096,2160,True,1
Ruokolahti,ruokolahti_DJI_0087_frame314,images/Ruokolahti/ruokolahti_DJI_0087_frame314.jpg,labels/Ruokolahti/ruokolahti_DJI_0087_frame314.txt,location,4096,2160,True,1
Ruokolahti,ruokolahti_DJI_0087_frame315,images/Ruokolahti/ruokolahti_DJI_0087_frame315.jpg,labels/Ruokolahti/ruokolahti_DJI_0087_frame315.txt,location,4096,2160,True,1
Ruokolahti,ruokolahti_DJI_0087_frame316,images/Ruokolahti/ruokolahti_DJI_0087_frame316.jpg,labels/Ruokolahti/ruokolahti_DJI_0087_frame316.txt,location,4096,2160,True,1
Ruokolahti,ruokolahti_DJI_0087_frame317,images/Ruokolahti/ruokolahti_DJI_0087_frame317.jpg,labels/Ruokolahti/ruokolahti_DJI_0087_frame317.txt,location,4096,2160,True,1
Ruokolahti,ruokolahti_DJI_0087_frame318,images/Ruokolahti/ruokolahti_DJI_0087_frame318.jpg,labels/Ruokolahti/ruokolahti_DJI_0087_frame318.txt,location,4096,2160,True,1
Ruokolahti,ruokolahti_DJI_0087_frame319,images/Ruokolahti/ruokolahti_DJI_0087_frame319.jpg,labels/Ruokolahti/ruokolahti_DJI_0087_frame319.txt,location,4096,2160,True,1
Ruokolahti,ruokolahti_DJI_0087_frame32,images/Ruokolahti/ruokolahti_DJI_0087_frame32.jpg,labels/Ruokolahti/ruokolahti_DJI_0087_frame32.txt,location,4096,2160,True,1
Ruokolahti,ruokolahti_DJI_0087_frame320,images/Ruokolahti/ruokolahti_DJI_0087_frame320.jpg,labels/Ruokolahti/ruokolahti_DJI_0087_frame320.txt,location,4096,2160,True,1
Ruokolahti,ruokolahti_DJI_0087_frame321,images/Ruokolahti/ruokolahti_DJI_0087_frame321.jpg,labels/Ruokolahti/ruokolahti_DJI_0087_frame321.txt,location,4096,2160,True,1
Ruokolahti,ruokolahti_DJI_0087_frame322,images/Ruokolahti/ruokolahti_DJI_0087_frame322.jpg,labels/Ruokolahti/ruokolahti_DJI_0087_frame322.txt,location,4096,2160,True,1
Ruokolahti,ruokolahti_DJI_0087_frame323,images/Ruokolahti/ruokolahti_DJI_0087_frame323.jpg,labels/Ruokolahti/ruokolahti_DJI_0087_frame323.txt,location,4096,2160,True,1
Ruokolahti,ruokolahti_DJI_0087_frame324,images/Ruokolahti/ruokolahti_DJI_0087_frame324.jpg,labels/Ruokolahti/ruokolahti_DJI_0087_frame324.txt,location,4096,2160,True,1
Ruokolahti,ruokolahti_DJI_0087_frame325,images/Ruokolahti/ruokolahti_DJI_0087_frame325.jpg,labels/Ruokolahti/ruokolahti_DJI_0087_frame325.txt,location,4096,2160,True,1
Ruokolahti,ruokolahti_DJI_0087_frame326,images/Ruokolahti/ruokolahti_DJI_0087_frame326.jpg,labels/Ruokolahti/ruokolahti_DJI_0087_frame326.txt,location,4096,2160,True,1
Ruokolahti,ruokolahti_DJI_0087_frame327,images/Ruokolahti/ruokolahti_DJI_0087_frame327.jpg,labels/Ruokolahti/ruokolahti_DJI_0087_frame327.txt,location,4096,2160,True,1
Ruokolahti,ruokolahti_DJI_0087_frame33,images/Ruokolahti/ruokolahti_DJI_0087_frame33.jpg,labels/Ruokolahti/ruokolahti_DJI_0087_frame33.txt,location,4096,2160,True,1
Ruokolahti,ruokolahti_DJI_0087_frame34,images/Ruokolahti/ruokolahti_DJI_0087_frame34.jpg,labels/Ruokolahti/ruokolahti_DJI_0087_frame34.txt,location,4096,2160,True,1
Ruokolahti,ruokolahti_DJI_0087_frame35,images/Ruokolahti/ruokolahti_DJI_0087_frame35.jpg,labels/Ruokolahti/ruokolahti_DJI_0087_frame35.txt,location,4096,2160,True,1
Ruokolahti,ruokolahti_DJI_0087_frame36,images/Ruokolahti/ruokolahti_DJI_0087_frame36.jpg,labels/Ruokolahti/ruokolahti_DJI_0087_frame36.txt,location,4096,2160,True,1
Ruokolahti,ruokolahti_DJI_0087_frame37,images/Ruokolahti/ruokolahti_DJI_0087_frame37.jpg,labels/Ruokolahti/ruokolahti_DJI_0087_frame37.txt,location,4096,2160,True,1
Ruokolahti,ruokolahti_DJI_0087_frame38,images/Ruokolahti/ruokolahti_DJI_0087_frame38.jpg,labels/Ruokolahti/ruokolahti_DJI_0087_frame38.txt,location,4096,2160,True,1
Ruokolahti,ruokolahti_DJI_0087_frame39,images/Ruokolahti/ruokolahti_DJI_0087_frame39.jpg,labels/Ruokolahti/ruokolahti_DJI_0087_frame39.txt,location,4096,2160,True,1
Ruokolahti,ruokolahti_DJI_0087_frame4,images/Ruokolahti/ruokolahti_DJI_0087_frame4.jpg,labels/Ruokolahti/ruokolahti_DJI_0087_frame4.txt,location,4096,2160,True,1
Ruokolahti,ruokolahti_DJI_0087_frame40,images/Ruokolahti/ruokolahti_DJI_0087_frame40.jpg,labels/Ruokolahti/ruokolahti_DJI_0087_frame40.txt,location,4096,2160,True,1
Ruokolahti,ruokolahti_DJI_0087_frame41,images/Ruokolahti/ruokolahti_DJI_0087_frame41.jpg,labels/Ruokolahti/ruokolahti_DJI_0087_frame41.txt,location,4096,2160,True,1
Ruokolahti,ruokolahti_DJI_0087_frame42,images/Ruokolahti/ruokolahti_DJI_0087_frame42.jpg,labels/Ruokolahti/ruokolahti_DJI_0087_frame42.txt,location,4096,2160,True,1
Ruokolahti,ruokolahti_DJI_0087_frame43,images/Ruokolahti/ruokolahti_DJI_0087_frame43.jpg,labels/Ruokolahti/ruokolahti_DJI_0087_frame43.txt,location,4096,2160,True,1
Ruokolahti,ruokolahti_DJI_0087_frame44,images/Ruokolahti/ruokolahti_DJI_0087_frame44.jpg,labels/Ruokolahti/ruokolahti_DJI_0087_frame44.txt,location,4096,2160,True,1
Ruokolahti,ruokolahti_DJI_0087_frame45,images/Ruokolahti/ruokolahti_DJI_0087_frame45.jpg,labels/Ruokolahti/ruokolahti_DJI_0087_frame45.txt,location,4096,2160,True,1
Ruokolahti,ruokolahti_DJI_0087_frame46,images/Ruokolahti/ruokolahti_DJI_0087_frame46.jpg,labels/Ruokolahti/ruokolahti_DJI_0087_frame46.txt,location,4096,2160,False,0
Ruokolahti,ruokolahti_DJI_0087_frame47,images/Ruokolahti/ruokolahti_DJI_0087_frame47.jpg,labels/Ruokolahti/ruokolahti_DJI_0087_frame47.txt,location,4096,2160,True,1
Ruokolahti,ruokolahti_DJI_0087_frame49,images/Ruokolahti/ruokolahti_DJI_0087_frame49.jpg,labels/Ruokolahti/ruokolahti_DJI_0087_frame49.txt,location,4096,2160,True,1
Ruokolahti,ruokolahti_DJI_0087_frame50,images/Ruokolahti/ruokolahti_DJI_0087_frame50.jpg,labels/Ruokolahti/ruokolahti_DJI_0087_frame50.txt,location,4096,2160,True,1
Ruokolahti,ruokolahti_DJI_0087_frame51,images/Ruokolahti/ruokolahti_DJI_0087_frame51.jpg,labels/Ruokolahti/ruokolahti_DJI_0087_frame51.txt,location,4096,2160,True,1
Ruokolahti,ruokolahti_DJI_0087_frame52,images/Ruokolahti/ruokolahti_DJI_0087_frame52.jpg,labels/Ruokolahti/ruokolahti_DJI_0087_frame52.txt,location,4096,2160,True,1
Ruokolahti,ruokolahti_DJI_0087_frame53,images/Ruokolahti/ruokolahti_DJI_0087_frame53.jpg,labels/Ruokolahti/ruokolahti_DJI_0087_frame53.txt,location,4096,2160,True,1
Ruokolahti,ruokolahti_DJI_0087_frame54,images/Ruokolahti/ruokolahti_DJI_0087_frame54.jpg,labels/Ruokolahti/ruokolahti_DJI_0087_frame54.txt,location,4096,2160,True,1
Ruokolahti,ruokolahti_DJI_0087_frame55,images/Ruokolahti/ruokolahti_DJI_0087_frame55.jpg,labels/Ruokolahti/ruokolahti_DJI_0087_frame55.txt,location,4096,2160,True,1
Ruokolahti,ruokolahti_DJI_0087_frame56,images/Ruokolahti/ruokolahti_DJI_0087_frame56.jpg,labels/Ruokolahti/ruokolahti_DJI_0087_frame56.txt,location,4096,2160,True,1
Ruokolahti,ruokolahti_DJI_0087_frame57,images/Ruokolahti/ruokolahti_DJI_0087_frame57.jpg,labels/Ruokolahti/ruokolahti_DJI_0087_frame57.txt,location,4096,2160,True,1
Ruokolahti,ruokolahti_DJI_0087_frame58,images/Ruokolahti/ruokolahti_DJI_0087_frame58.jpg,labels/Ruokolahti/ruokolahti_DJI_0087_frame58.txt,location,4096,2160,True,1
Ruokolahti,ruokolahti_DJI_0087_frame59,images/Ruokolahti/ruokolahti_DJI_0087_frame59.jpg,labels/Ruokolahti/ruokolahti_DJI_0087_frame59.txt,location,4096,2160,True,1
Ruokolahti,ruokolahti_DJI_0088_frame0,images/Ruokolahti/ruokolahti_DJI_0088_frame0.jpg,labels/Ruokolahti/ruokolahti_DJI_0088_frame0.txt,location,4096,2160,True,1
Ruokolahti,ruokolahti_DJI_0088_frame1,images/Ruokolahti/ruokolahti_DJI_0088_frame1.jpg,labels/Ruokolahti/ruokolahti_DJI_0088_frame1.txt,location,4096,2160,True,1
Ruokolahti,ruokolahti_DJI_0088_frame10,images/Ruokolahti/ruokolahti_DJI_0088_frame10.jpg,labels/Ruokolahti/ruokolahti_DJI_0088_frame10.txt,location,4096,2160,True,1
Ruokolahti,ruokolahti_DJI_0088_frame100,images/Ruokolahti/ruokolahti_DJI_0088_frame100.jpg,labels/Ruokolahti/ruokolahti_DJI_0088_frame100.txt,location,4096,2160,True,1
Ruokolahti,ruokolahti_DJI_0088_frame101,images/Ruokolahti/ruokolahti_DJI_0088_frame101.jpg,labels/Ruokolahti/ruokolahti_DJI_0088_frame101.txt,location,4096,2160,True,1
Ruokolahti,ruokolahti_DJI_0088_frame102,images/Ruokolahti/ruokolahti_DJI_0088_frame102.jpg,labels/Ruokolahti/ruokolahti_DJI_0088_frame102.txt,location,4096,2160,True,1
Ruokolahti,ruokolahti_DJI_0088_frame103,images/Ruokolahti/ruokolahti_DJI_0088_frame103.jpg,labels/Ruokolahti/ruokolahti_DJI_0088_frame103.txt,location,4096,2160,True,1
Ruokolahti,ruokolahti_DJI_0088_frame104,images/Ruokolahti/ruokolahti_DJI_0088_frame104.jpg,labels/Ruokolahti/ruokolahti_DJI_0088_frame104.txt,location,4096,2160,True,1
Ruokolahti,ruokolahti_DJI_0088_frame105,images/Ruokolahti/ruokolahti_DJI_0088_frame105.jpg,labels/Ruokolahti/ruokolahti_DJI_0088_frame105.txt,location,4096,2160,True,1
Ruokolahti,ruokolahti_DJI_0088_frame106,images/Ruokolahti/ruokolahti_DJI_0088_frame106.jpg,labels/Ruokolahti/ruokolahti_DJI_0088_frame106.txt,location,4096,2160,True,1
Ruokolahti,ruokolahti_DJI_0088_frame107,images/Ruokolahti/ruokolahti_DJI_0088_frame107.jpg,labels/Ruokolahti/ruokolahti_DJI_0088_frame107.txt,location,4096,2160,True,1
Ruokolahti,ruokolahti_DJI_0088_frame108,images/Ruokolahti/ruokolahti_DJI_0088_frame108.jpg,labels/Ruokolahti/ruokolahti_DJI_0088_frame108.txt,location,4096,2160,True,1
Ruokolahti,ruokolahti_DJI_0088_frame109,images/Ruokolahti/ruokolahti_DJI_0088_frame109.jpg,labels/Ruokolahti/ruokolahti_DJI_0088_frame109.txt,location,4096,2160,True,1
Ruokolahti,ruokolahti_DJI_0088_frame11,images/Ruokolahti/ruokolahti_DJI_0088_frame11.jpg,labels/Ruokolahti/ruokolahti_DJI_0088_frame11.txt,location,4096,2160,True,1
Ruokolahti,ruokolahti_DJI_0088_frame110,images/Ruokolahti/ruokolahti_DJI_0088_frame110.jpg,labels/Ruokolahti/ruokolahti_DJI_0088_frame110.txt,location,4096,2160,True,1
Ruokolahti,ruokolahti_DJI_0088_frame111,images/Ruokolahti/ruokolahti_DJI_0088_frame111.jpg,labels/Ruokolahti/ruokolahti_DJI_0088_frame111.txt,location,4096,2160,True,1
Ruokolahti,ruokolahti_DJI_0088_frame112,images/Ruokolahti/ruokolahti_DJI_0088_frame112.jpg,labels/Ruokolahti/ruokolahti_DJI_0088_frame112.txt,location,4096,2160,True,1
Ruokolahti,ruokolahti_DJI_0088_frame113,images/Ruokolahti/ruokolahti_DJI_0088_frame113.jpg,labels/Ruokolahti/ruokolahti_DJI_0088_frame113.txt,location,4096,2160,True,1
Ruokolahti,ruokolahti_DJI_0088_frame114,images/Ruokolahti/ruokolahti_DJI_0088_frame114.jpg,labels/Ruokolahti/ruokolahti_DJI_0088_frame114.txt,location,4096,2160,True,1
Ruokolahti,ruokolahti_DJI_0088_frame115,images/Ruokolahti/ruokolahti_DJI_0088_frame115.jpg,labels/Ruokolahti/ruokolahti_DJI_0088_frame115.txt,location,4096,2160,True,1
Ruokolahti,ruokolahti_DJI_0088_frame116,images/Ruokolahti/ruokolahti_DJI_0088_frame116.jpg,labels/Ruokolahti/ruokolahti_DJI_0088_frame116.txt,location,4096,2160,True,1
Ruokolahti,ruokolahti_DJI_0088_frame117,images/Ruokolahti/ruokolahti_DJI_0088_frame117.jpg,labels/Ruokolahti/ruokolahti_DJI_0088_frame117.txt,location,4096,2160,True,1
Ruokolahti,ruokolahti_DJI_0088_frame118,images/Ruokolahti/ruokolahti_DJI_0088_frame118.jpg,labels/Ruokolahti/ruokolahti_DJI_0088_frame118.txt,location,4096,2160,True,1
Ruokolahti,ruokolahti_DJI_0088_frame119,images/Ruokolahti/ruokolahti_DJI_0088_frame119.jpg,labels/Ruokolahti/ruokolahti_DJI_0088_frame119.txt,location,4096,2160,True,1
Ruokolahti,ruokolahti_DJI_0088_frame12,images/Ruokolahti/ruokolahti_DJI_0088_frame12.jpg,labels/Ruokolahti/ruokolahti_DJI_0088_frame12.txt,location,4096,2160,True,1
Ruokolahti,ruokolahti_DJI_0088_frame120,images/Ruokolahti/ruokolahti_DJI_0088_frame120.jpg,labels/Ruokolahti/ruokolahti_DJI_0088_frame120.txt,location,4096,2160,True,1
Ruokolahti,ruokolahti_DJI_0088_frame121,images/Ruokolahti/ruokolahti_DJI_0088_frame121.jpg,labels/Ruokolahti/ruokolahti_DJI_0088_frame121.txt,location,4096,2160,True,1
Ruokolahti,ruokolahti_DJI_0088_frame122,images/Ruokolahti/ruokolahti_DJI_0088_frame122.jpg,labels/Ruokolahti/ruokolahti_DJI_0088_frame122.txt,location,4096,2160,True,1
Ruokolahti,ruokolahti_DJI_0088_frame123,images/Ruokolahti/ruokolahti_DJI_0088_frame123.jpg,labels/Ruokolahti/ruokolahti_DJI_0088_frame123.txt,location,4096,2160,True,1
Ruokolahti,ruokolahti_DJI_0088_frame124,images/Ruokolahti/ruokolahti_DJI_0088_frame124.jpg,labels/Ruokolahti/ruokolahti_DJI_0088_frame124.txt,location,4096,2160,True,1
Ruokolahti,ruokolahti_DJI_0088_frame125,images/Ruokolahti/ruokolahti_DJI_0088_frame125.jpg,labels/Ruokolahti/ruokolahti_DJI_0088_frame125.txt,location,4096,2160,True,1
Ruokolahti,ruokolahti_DJI_0088_frame126,images/Ruokolahti/ruokolahti_DJI_0088_frame126.jpg,labels/Ruokolahti/ruokolahti_DJI_0088_frame126.txt,location,4096,2160,True,1
Ruokolahti,ruokolahti_DJI_0088_frame127,images/Ruokolahti/ruokolahti_DJI_0088_frame127.jpg,labels/Ruokolahti/ruokolahti_DJI_0088_frame127.txt,location,4096,2160,True,1
Ruokolahti,ruokolahti_DJI_0088_frame128,images/Ruokolahti/ruokolahti_DJI_0088_frame128.jpg,labels/Ruokolahti/ruokolahti_DJI_0088_frame128.txt,location,4096,2160,True,1
Ruokolahti,ruokolahti_DJI_0088_frame129,images/Ruokolahti/ruokolahti_DJI_0088_frame129.jpg,labels/Ruokolahti/ruokolahti_DJI_0088_frame129.txt,location,4096,2160,True,1
Ruokolahti,ruokolahti_DJI_0088_frame13,images/Ruokolahti/ruokolahti_DJI_0088_frame13.jpg,labels/Ruokolahti/ruokolahti_DJI_0088_frame13.txt,location,4096,2160,True,1
Ruokolahti,ruokolahti_DJI_0088_frame130,images/Ruokolahti/ruokolahti_DJI_0088_frame130.jpg,labels/Ruokolahti/ruokolahti_DJI_0088_frame130.txt,location,4096,2160,True,1
Ruokolahti,ruokolahti_DJI_0088_frame131,images/Ruokolahti/ruokolahti_DJI_0088_frame131.jpg,labels/Ruokolahti/ruokolahti_DJI_0088_frame131.txt,location,4096,2160,True,1
Ruokolahti,ruokolahti_DJI_0088_frame132,images/Ruokolahti/ruokolahti_DJI_0088_frame132.jpg,labels/Ruokolahti/ruokolahti_DJI_0088_frame132.txt,location,4096,2160,True,1
Ruokolahti,ruokolahti_DJI_0088_frame133,images/Ruokolahti/ruokolahti_DJI_0088_frame133.jpg,labels/Ruokolahti/ruokolahti_DJI_0088_frame133.txt,location,4096,2160,True,1
Ruokolahti,ruokolahti_DJI_0088_frame134,images/Ruokolahti/ruokolahti_DJI_0088_frame134.jpg,labels/Ruokolahti/ruokolahti_DJI_0088_frame134.txt,location,4096,2160,True,1
Ruokolahti,ruokolahti_DJI_0088_frame135,images/Ruokolahti/ruokolahti_DJI_0088_frame135.jpg,labels/Ruokolahti/ruokolahti_DJI_0088_frame135.txt,location,4096,2160,True,1
Ruokolahti,ruokolahti_DJI_0088_frame136,images/Ruokolahti/ruokolahti_DJI_0088_frame136.jpg,labels/Ruokolahti/ruokolahti_DJI_0088_frame136.txt,location,4096,2160,True,1
Ruokolahti,ruokolahti_DJI_0088_frame137,images/Ruokolahti/ruokolahti_DJI_0088_frame137.jpg,labels/Ruokolahti/ruokolahti_DJI_0088_frame137.txt,location,4096,2160,True,1
Ruokolahti,ruokolahti_DJI_0088_frame138,images/Ruokolahti/ruokolahti_DJI_0088_frame138.jpg,labels/Ruokolahti/ruokolahti_DJI_0088_frame138.txt,location,4096,2160,True,1
Ruokolahti,ruokolahti_DJI_0088_frame139,images/Ruokolahti/ruokolahti_DJI_0088_frame139.jpg,labels/Ruokolahti/ruokolahti_DJI_0088_frame139.txt,location,4096,2160,True,1
Ruokolahti,ruokolahti_DJI_0088_frame14,images/Ruokolahti/ruokolahti_DJI_0088_frame14.jpg,labels/Ruokolahti/ruokolahti_DJI_0088_frame14.txt,location,4096,2160,True,1
Ruokolahti,ruokolahti_DJI_0088_frame140,images/Ruokolahti/ruokolahti_DJI_0088_frame140.jpg,labels/Ruokolahti/ruokolahti_DJI_0088_frame140.txt,location,4096,2160,True,1
Ruokolahti,ruokolahti_DJI_0088_frame141,images/Ruokolahti/ruokolahti_DJI_0088_frame141.jpg,labels/Ruokolahti/ruokolahti_DJI_0088_frame141.txt,location,4096,2160,True,1
Ruokolahti,ruokolahti_DJI_0088_frame142,images/Ruokolahti/ruokolahti_DJI_0088_frame142.jpg,labels/Ruokolahti/ruokolahti_DJI_0088_frame142.txt,location,4096,2160,True,1
Ruokolahti,ruokolahti_DJI_0088_frame143,images/Ruokolahti/ruokolahti_DJI_0088_frame143.jpg,labels/Ruokolahti/ruokolahti_DJI_0088_frame143.txt,location,4096,2160,True,1
Ruokolahti,ruokolahti_DJI_0088_frame144,images/Ruokolahti/ruokolahti_DJI_0088_frame144.jpg,labels/Ruokolahti/ruokolahti_DJI_0088_frame144.txt,location,4096,2160,True,1
Ruokolahti,ruokolahti_DJI_0088_frame145,images/Ruokolahti/ruokolahti_DJI_0088_frame145.jpg,labels/Ruokolahti/ruokolahti_DJI_0088_frame145.txt,location,4096,2160,True,1
Ruokolahti,ruokolahti_DJI_0088_frame146,images/Ruokolahti/ruokolahti_DJI_0088_frame146.jpg,labels/Ruokolahti/ruokolahti_DJI_0088_frame146.txt,location,4096,2160,True,1
Ruokolahti,ruokolahti_DJI_0088_frame147,images/Ruokolahti/ruokolahti_DJI_0088_frame147.jpg,labels/Ruokolahti/ruokolahti_DJI_0088_frame147.txt,location,4096,2160,True,1
Ruokolahti,ruokolahti_DJI_0088_frame148,images/Ruokolahti/ruokolahti_DJI_0088_frame148.jpg,labels/Ruokolahti/ruokolahti_DJI_0088_frame148.txt,location,4096,2160,True,1
Ruokolahti,ruokolahti_DJI_0088_frame149,images/Ruokolahti/ruokolahti_DJI_0088_frame149.jpg,labels/Ruokolahti/ruokolahti_DJI_0088_frame149.txt,location,4096,2160,True,1
Ruokolahti,ruokolahti_DJI_0088_frame15,images/Ruokolahti/ruokolahti_DJI_0088_frame15.jpg,labels/Ruokolahti/ruokolahti_DJI_0088_frame15.txt,location,4096,2160,True,1
Ruokolahti,ruokolahti_DJI_0088_frame150,images/Ruokolahti/ruokolahti_DJI_0088_frame150.jpg,labels/Ruokolahti/ruokolahti_DJI_0088_frame150.txt,location,4096,2160,True,1
Ruokolahti,ruokolahti_DJI_0088_frame151,images/Ruokolahti/ruokolahti_DJI_0088_frame151.jpg,labels/Ruokolahti/ruokolahti_DJI_0088_frame151.txt,location,4096,2160,True,1
Ruokolahti,ruokolahti_DJI_0088_frame152,images/Ruokolahti/ruokolahti_DJI_0088_frame152.jpg,labels/Ruokolahti/ruokolahti_DJI_0088_frame152.txt,location,4096,2160,True,1
Ruokolahti,ruokolahti_DJI_0088_frame153,images/Ruokolahti/ruokolahti_DJI_0088_frame153.jpg,labels/Ruokolahti/ruokolahti_DJI_0088_frame153.txt,location,4096,2160,True,1
Ruokolahti,ruokolahti_DJI_0088_frame154,images/Ruokolahti/ruokolahti_DJI_0088_frame154.jpg,labels/Ruokolahti/ruokolahti_DJI_0088_frame154.txt,location,4096,2160,True,1
Ruokolahti,ruokolahti_DJI_0088_frame155,images/Ruokolahti/ruokolahti_DJI_0088_frame155.jpg,labels/Ruokolahti/ruokolahti_DJI_0088_frame155.txt,location,4096,2160,True,1
Ruokolahti,ruokolahti_DJI_0088_frame156,images/Ruokolahti/ruokolahti_DJI_0088_frame156.jpg,labels/Ruokolahti/ruokolahti_DJI_0088_frame156.txt,location,4096,2160,True,1
Ruokolahti,ruokolahti_DJI_0088_frame157,images/Ruokolahti/ruokolahti_DJI_0088_frame157.jpg,labels/Ruokolahti/ruokolahti_DJI_0088_frame157.txt,location,4096,2160,True,1
Ruokolahti,ruokolahti_DJI_0088_frame158,images/Ruokolahti/ruokolahti_DJI_0088_frame158.jpg,labels/Ruokolahti/ruokolahti_DJI_0088_frame158.txt,location,4096,2160,True,1
Ruokolahti,ruokolahti_DJI_0088_frame159,images/Ruokolahti/ruokolahti_DJI_0088_frame159.jpg,labels/Ruokolahti/ruokolahti_DJI_0088_frame159.txt,location,4096,2160,True,1
Ruokolahti,ruokolahti_DJI_0088_frame16,images/Ruokolahti/ruokolahti_DJI_0088_frame16.jpg,labels/Ruokolahti/ruokolahti_DJI_0088_frame16.txt,location,4096,2160,True,1
Ruokolahti,ruokolahti_DJI_0088_frame160,images/Ruokolahti/ruokolahti_DJI_0088_frame160.jpg,labels/Ruokolahti/ruokolahti_DJI_0088_frame160.txt,location,4096,2160,True,1
Ruokolahti,ruokolahti_DJI_0088_frame161,images/Ruokolahti/ruokolahti_DJI_0088_frame161.jpg,labels/Ruokolahti/ruokolahti_DJI_0088_frame161.txt,location,4096,2160,True,1
Ruokolahti,ruokolahti_DJI_0088_frame162,images/Ruokolahti/ruokolahti_DJI_0088_frame162.jpg,labels/Ruokolahti/ruokolahti_DJI_0088_frame162.txt,location,4096,2160,True,1
Ruokolahti,ruokolahti_DJI_0088_frame163,images/Ruokolahti/ruokolahti_DJI_0088_frame163.jpg,labels/Ruokolahti/ruokolahti_DJI_0088_frame163.txt,location,4096,2160,True,1
Ruokolahti,ruokolahti_DJI_0088_frame164,images/Ruokolahti/ruokolahti_DJI_0088_frame164.jpg,labels/Ruokolahti/ruokolahti_DJI_0088_frame164.txt,location,4096,2160,True,1
Ruokolahti,ruokolahti_DJI_0088_frame165,images/Ruokolahti/ruokolahti_DJI_0088_frame165.jpg,labels/Ruokolahti/ruokolahti_DJI_0088_frame165.txt,location,4096,2160,True,1
Ruokolahti,ruokolahti_DJI_0088_frame166,images/Ruokolahti/ruokolahti_DJI_0088_frame166.jpg,labels/Ruokolahti/ruokolahti_DJI_0088_frame166.txt,location,4096,2160,True,1
Ruokolahti,ruokolahti_DJI_0088_frame167,images/Ruokolahti/ruokolahti_DJI_0088_frame167.jpg,labels/Ruokolahti/ruokolahti_DJI_0088_frame167.txt,location,4096,2160,True,1
Ruokolahti,ruokolahti_DJI_0088_frame168,images/Ruokolahti/ruokolahti_DJI_0088_frame168.jpg,labels/Ruokolahti/ruokolahti_DJI_0088_frame168.txt,location,4096,2160,True,1
Ruokolahti,ruokolahti_DJI_0088_frame169,images/Ruokolahti/ruokolahti_DJI_0088_frame169.jpg,labels/Ruokolahti/ruokolahti_DJI_0088_frame169.txt,location,4096,2160,True,1
Ruokolahti,ruokolahti_DJI_0088_frame17,images/Ruokolahti/ruokolahti_DJI_0088_frame17.jpg,labels/Ruokolahti/ruokolahti_DJI_0088_frame17.txt,location,4096,2160,True,1
Ruokolahti,ruokolahti_DJI_0088_frame170,images/Ruokolahti/ruokolahti_DJI_0088_frame170.jpg,labels/Ruokolahti/ruokolahti_DJI_0088_frame170.txt,location,4096,2160,True,1
Ruokolahti,ruokolahti_DJI_0088_frame171,images/Ruokolahti/ruokolahti_DJI_0088_frame171.jpg,labels/Ruokolahti/ruokolahti_DJI_0088_frame171.txt,location,4096,2160,True,1
Ruokolahti,ruokolahti_DJI_0088_frame172,images/Ruokolahti/ruokolahti_DJI_0088_frame172.jpg,labels/Ruokolahti/ruokolahti_DJI_0088_frame172.txt,location,4096,2160,True,1
Ruokolahti,ruokolahti_DJI_0088_frame173,images/Ruokolahti/ruokolahti_DJI_0088_frame173.jpg,labels/Ruokolahti/ruokolahti_DJI_0088_frame173.txt,location,4096,2160,True,1
Ruokolahti,ruokolahti_DJI_0088_frame174,images/Ruokolahti/ruokolahti_DJI_0088_frame174.jpg,labels/Ruokolahti/ruokolahti_DJI_0088_frame174.txt,location,4096,2160,True,1
Ruokolahti,ruokolahti_DJI_0088_frame175,images/Ruokolahti/ruokolahti_DJI_0088_frame175.jpg,labels/Ruokolahti/ruokolahti_DJI_0088_frame175.txt,location,4096,2160,True,1
Ruokolahti,ruokolahti_DJI_0088_frame176,images/Ruokolahti/ruokolahti_DJI_0088_frame176.jpg,labels/Ruokolahti/ruokolahti_DJI_0088_frame176.txt,location,4096,2160,True,1
Ruokolahti,ruokolahti_DJI_0088_frame177,images/Ruokolahti/ruokolahti_DJI_0088_frame177.jpg,labels/Ruokolahti/ruokolahti_DJI_0088_frame177.txt,location,4096,2160,True,1
Ruokolahti,ruokolahti_DJI_0088_frame178,images/Ruokolahti/ruokolahti_DJI_0088_frame178.jpg,labels/Ruokolahti/ruokolahti_DJI_0088_frame178.txt,location,4096,2160,True,1
Ruokolahti,ruokolahti_DJI_0088_frame179,images/Ruokolahti/ruokolahti_DJI_0088_frame179.jpg,labels/Ruokolahti/ruokolahti_DJI_0088_frame179.txt,location,4096,2160,True,1
Ruokolahti,ruokolahti_DJI_0088_frame18,images/Ruokolahti/ruokolahti_DJI_0088_frame18.jpg,labels/Ruokolahti/ruokolahti_DJI_0088_frame18.txt,location,4096,2160,True,1
Ruokolahti,ruokolahti_DJI_0088_frame180,images/Ruokolahti/ruokolahti_DJI_0088_frame180.jpg,labels/Ruokolahti/ruokolahti_DJI_0088_frame180.txt,location,4096,2160,True,1
Ruokolahti,ruokolahti_DJI_0088_frame181,images/Ruokolahti/ruokolahti_DJI_0088_frame181.jpg,labels/Ruokolahti/ruokolahti_DJI_0088_frame181.txt,location,4096,2160,True,1
Ruokolahti,ruokolahti_DJI_0088_frame182,images/Ruokolahti/ruokolahti_DJI_0088_frame182.jpg,labels/Ruokolahti/ruokolahti_DJI_0088_frame182.txt,location,4096,2160,True,1
Ruokolahti,ruokolahti_DJI_0088_frame183,images/Ruokolahti/ruokolahti_DJI_0088_frame183.jpg,labels/Ruokolahti/ruokolahti_DJI_0088_frame183.txt,location,4096,2160,True,1
Ruokolahti,ruokolahti_DJI_0088_frame184,images/Ruokolahti/ruokolahti_DJI_0088_frame184.jpg,labels/Ruokolahti/ruokolahti_DJI_0088_frame184.txt,location,4096,2160,True,1
Ruokolahti,ruokolahti_DJI_0088_frame185,images/Ruokolahti/ruokolahti_DJI_0088_frame185.jpg,labels/Ruokolahti/ruokolahti_DJI_0088_frame185.txt,location,4096,2160,True,1
Ruokolahti,ruokolahti_DJI_0088_frame186,images/Ruokolahti/ruokolahti_DJI_0088_frame186.jpg,labels/Ruokolahti/ruokolahti_DJI_0088_frame186.txt,location,4096,2160,True,1
Ruokolahti,ruokolahti_DJI_0088_frame187,images/Ruokolahti/ruokolahti_DJI_0088_frame187.jpg,labels/Ruokolahti/ruokolahti_DJI_0088_frame187.txt,location,4096,2160,True,1
Ruokolahti,ruokolahti_DJI_0088_frame188,images/Ruokolahti/ruokolahti_DJI_0088_frame188.jpg,labels/Ruokolahti/ruokolahti_DJI_0088_frame188.txt,location,4096,2160,True,1
Ruokolahti,ruokolahti_DJI_0088_frame189,images/Ruokolahti/ruokolahti_DJI_0088_frame189.jpg,labels/Ruokolahti/ruokolahti_DJI_0088_frame189.txt,location,4096,2160,True,1
Ruokolahti,ruokolahti_DJI_0088_frame19,images/Ruokolahti/ruokolahti_DJI_0088_frame19.jpg,labels/Ruokolahti/ruokolahti_DJI_0088_frame19.txt,location,4096,2160,True,1
Ruokolahti,ruokolahti_DJI_0088_frame190,images/Ruokolahti/ruokolahti_DJI_0088_frame190.jpg,labels/Ruokolahti/ruokolahti_DJI_0088_frame190.txt,location,4096,2160,True,1
Ruokolahti,ruokolahti_DJI_0088_frame191,images/Ruokolahti/ruokolahti_DJI_0088_frame191.jpg,labels/Ruokolahti/ruokolahti_DJI_0088_frame191.txt,location,4096,2160,True,1
Ruokolahti,ruokolahti_DJI_0088_frame192,images/Ruokolahti/ruokolahti_DJI_0088_frame192.jpg,labels/Ruokolahti/ruokolahti_DJI_0088_frame192.txt,location,4096,2160,True,1
Ruokolahti,ruokolahti_DJI_0088_frame193,images/Ruokolahti/ruokolahti_DJI_0088_frame193.jpg,labels/Ruokolahti/ruokolahti_DJI_0088_frame193.txt,location,4096,2160,True,1
Ruokolahti,ruokolahti_DJI_0088_frame194,images/Ruokolahti/ruokolahti_DJI_0088_frame194.jpg,labels/Ruokolahti/ruokolahti_DJI_0088_frame194.txt,location,4096,2160,True,1
Ruokolahti,ruokolahti_DJI_0088_frame195,images/Ruokolahti/ruokolahti_DJI_0088_frame195.jpg,labels/Ruokolahti/ruokolahti_DJI_0088_frame195.txt,location,4096,2160,True,1
Ruokolahti,ruokolahti_DJI_0088_frame196,images/Ruokolahti/ruokolahti_DJI_0088_frame196.jpg,labels/Ruokolahti/ruokolahti_DJI_0088_frame196.txt,location,4096,2160,True,1
Ruokolahti,ruokolahti_DJI_0088_frame197,images/Ruokolahti/ruokolahti_DJI_0088_frame197.jpg,labels/Ruokolahti/ruokolahti_DJI_0088_frame197.txt,location,4096,2160,True,1
Ruokolahti,ruokolahti_DJI_0088_frame198,images/Ruokolahti/ruokolahti_DJI_0088_frame198.jpg,labels/Ruokolahti/ruokolahti_DJI_0088_frame198.txt,location,4096,2160,True,1
Ruokolahti,ruokolahti_DJI_0088_frame199,images/Ruokolahti/ruokolahti_DJI_0088_frame199.jpg,labels/Ruokolahti/ruokolahti_DJI_0088_frame199.txt,location,4096,2160,True,1
Ruokolahti,ruokolahti_DJI_0088_frame2,images/Ruokolahti/ruokolahti_DJI_0088_frame2.jpg,labels/Ruokolahti/ruokolahti_DJI_0088_frame2.txt,location,4096,2160,True,1
Ruokolahti,ruokolahti_DJI_0088_frame20,images/Ruokolahti/ruokolahti_DJI_0088_frame20.jpg,labels/Ruokolahti/ruokolahti_DJI_0088_frame20.txt,location,4096,2160,True,1
Ruokolahti,ruokolahti_DJI_0088_frame200,images/Ruokolahti/ruokolahti_DJI_0088_frame200.jpg,labels/Ruokolahti/ruokolahti_DJI_0088_frame200.txt,location,4096,2160,True,1
Ruokolahti,ruokolahti_DJI_0088_frame201,images/Ruokolahti/ruokolahti_DJI_0088_frame201.jpg,labels/Ruokolahti/ruokolahti_DJI_0088_frame201.txt,location,4096,2160,True,1
Ruokolahti,ruokolahti_DJI_0088_frame202,images/Ruokolahti/ruokolahti_DJI_0088_frame202.jpg,labels/Ruokolahti/ruokolahti_DJI_0088_frame202.txt,location,4096,2160,True,1
Ruokolahti,ruokolahti_DJI_0088_frame203,images/Ruokolahti/ruokolahti_DJI_0088_frame203.jpg,labels/Ruokolahti/ruokolahti_DJI_0088_frame203.txt,location,4096,2160,True,1
Ruokolahti,ruokolahti_DJI_0088_frame204,images/Ruokolahti/ruokolahti_DJI_0088_frame204.jpg,labels/Ruokolahti/ruokolahti_DJI_0088_frame204.txt,location,4096,2160,True,1
Ruokolahti,ruokolahti_DJI_0088_frame205,images/Ruokolahti/ruokolahti_DJI_0088_frame205.jpg,labels/Ruokolahti/ruokolahti_DJI_0088_frame205.txt,location,4096,2160,True,1
Ruokolahti,ruokolahti_DJI_0088_frame206,images/Ruokolahti/ruokolahti_DJI_0088_frame206.jpg,labels/Ruokolahti/ruokolahti_DJI_0088_frame206.txt,location,4096,2160,True,1
Ruokolahti,ruokolahti_DJI_0088_frame207,images/Ruokolahti/ruokolahti_DJI_0088_frame207.jpg,labels/Ruokolahti/ruokolahti_DJI_0088_frame207.txt,location,4096,2160,True,1
Ruokolahti,ruokolahti_DJI_0088_frame208,images/Ruokolahti/ruokolahti_DJI_0088_frame208.jpg,labels/Ruokolahti/ruokolahti_DJI_0088_frame208.txt,location,4096,2160,True,1
Ruokolahti,ruokolahti_DJI_0088_frame209,images/Ruokolahti/ruokolahti_DJI_0088_frame209.jpg,labels/Ruokolahti/ruokolahti_DJI_0088_frame209.txt,location,4096,2160,True,1
Ruokolahti,ruokolahti_DJI_0088_frame21,images/Ruokolahti/ruokolahti_DJI_0088_frame21.jpg,labels/Ruokolahti/ruokolahti_DJI_0088_frame21.txt,location,4096,2160,True,1
Ruokolahti,ruokolahti_DJI_0088_frame210,images/Ruokolahti/ruokolahti_DJI_0088_frame210.jpg,labels/Ruokolahti/ruokolahti_DJI_0088_frame210.txt,location,4096,2160,True,1
Ruokolahti,ruokolahti_DJI_0088_frame211,images/Ruokolahti/ruokolahti_DJI_0088_frame211.jpg,labels/Ruokolahti/ruokolahti_DJI_0088_frame211.txt,location,4096,2160,True,1
Ruokolahti,ruokolahti_DJI_0088_frame212,images/Ruokolahti/ruokolahti_DJI_0088_frame212.jpg,labels/Ruokolahti/ruokolahti_DJI_0088_frame212.txt,location,4096,2160,True,1
Ruokolahti,ruokolahti_DJI_0088_frame213,images/Ruokolahti/ruokolahti_DJI_0088_frame213.jpg,labels/Ruokolahti/ruokolahti_DJI_0088_frame213.txt,location,4096,2160,True,1
Ruokolahti,ruokolahti_DJI_0088_frame214,images/Ruokolahti/ruokolahti_DJI_0088_frame214.jpg,labels/Ruokolahti/ruokolahti_DJI_0088_frame214.txt,location,4096,2160,True,1
Ruokolahti,ruokolahti_DJI_0088_frame215,images/Ruokolahti/ruokolahti_DJI_0088_frame215.jpg,labels/Ruokolahti/ruokolahti_DJI_0088_frame215.txt,location,4096,2160,True,1
Ruokolahti,ruokolahti_DJI_0088_frame216,images/Ruokolahti/ruokolahti_DJI_0088_frame216.jpg,labels/Ruokolahti/ruokolahti_DJI_0088_frame216.txt,location,4096,2160,True,1
Ruokolahti,ruokolahti_DJI_0088_frame217,images/Ruokolahti/ruokolahti_DJI_0088_frame217.jpg,labels/Ruokolahti/ruokolahti_DJI_0088_frame217.txt,location,4096,2160,True,1
Ruokolahti,ruokolahti_DJI_0088_frame218,images/Ruokolahti/ruokolahti_DJI_0088_frame218.jpg,labels/Ruokolahti/ruokolahti_DJI_0088_frame218.txt,location,4096,2160,True,1
Ruokolahti,ruokolahti_DJI_0088_frame219,images/Ruokolahti/ruokolahti_DJI_0088_frame219.jpg,labels/Ruokolahti/ruokolahti_DJI_0088_frame219.txt,location,4096,2160,True,1
Ruokolahti,ruokolahti_DJI_0088_frame22,images/Ruokolahti/ruokolahti_DJI_0088_frame22.jpg,labels/Ruokolahti/ruokolahti_DJI_0088_frame22.txt,location,4096,2160,True,1
Ruokolahti,ruokolahti_DJI_0088_frame220,images/Ruokolahti/ruokolahti_DJI_0088_frame220.jpg,labels/Ruokolahti/ruokolahti_DJI_0088_frame220.txt,location,4096,2160,True,1
Ruokolahti,ruokolahti_DJI_0088_frame221,images/Ruokolahti/ruokolahti_DJI_0088_frame221.jpg,labels/Ruokolahti/ruokolahti_DJI_0088_frame221.txt,location,4096,2160,True,1
Ruokolahti,ruokolahti_DJI_0088_frame222,images/Ruokolahti/ruokolahti_DJI_0088_frame222.jpg,labels/Ruokolahti/ruokolahti_DJI_0088_frame222.txt,location,4096,2160,True,1
Ruokolahti,ruokolahti_DJI_0088_frame223,images/Ruokolahti/ruokolahti_DJI_0088_frame223.jpg,labels/Ruokolahti/ruokolahti_DJI_0088_frame223.txt,location,4096,2160,True,1
Ruokolahti,ruokolahti_DJI_0088_frame224,images/Ruokolahti/ruokolahti_DJI_0088_frame224.jpg,labels/Ruokolahti/ruokolahti_DJI_0088_frame224.txt,location,4096,2160,True,1
Ruokolahti,ruokolahti_DJI_0088_frame225,images/Ruokolahti/ruokolahti_DJI_0088_frame225.jpg,labels/Ruokolahti/ruokolahti_DJI_0088_frame225.txt,location,4096,2160,True,1
Ruokolahti,ruokolahti_DJI_0088_frame226,images/Ruokolahti/ruokolahti_DJI_0088_frame226.jpg,labels/Ruokolahti/ruokolahti_DJI_0088_frame226.txt,location,4096,2160,True,1
Ruokolahti,ruokolahti_DJI_0088_frame227,images/Ruokolahti/ruokolahti_DJI_0088_frame227.jpg,labels/Ruokolahti/ruokolahti_DJI_0088_frame227.txt,location,4096,2160,True,1
Ruokolahti,ruokolahti_DJI_0088_frame228,images/Ruokolahti/ruokolahti_DJI_0088_frame228.jpg,labels/Ruokolahti/ruokolahti_DJI_0088_frame228.txt,location,4096,2160,True,1
Ruokolahti,ruokolahti_DJI_0088_frame229,images/Ruokolahti/ruokolahti_DJI_0088_frame229.jpg,labels/Ruokolahti/ruokolahti_DJI_0088_frame229.txt,location,4096,2160,True,1
Ruokolahti,ruokolahti_DJI_0088_frame23,images/Ruokolahti/ruokolahti_DJI_0088_frame23.jpg,labels/Ruokolahti/ruokolahti_DJI_0088_frame23.txt,location,4096,2160,True,1
Ruokolahti,ruokolahti_DJI_0088_frame230,images/Ruokolahti/ruokolahti_DJI_0088_frame230.jpg,labels/Ruokolahti/ruokolahti_DJI_0088_frame230.txt,location,4096,2160,True,1
Ruokolahti,ruokolahti_DJI_0088_frame231,images/Ruokolahti/ruokolahti_DJI_0088_frame231.jpg,labels/Ruokolahti/ruokolahti_DJI_0088_frame231.txt,location,4096,2160,True,1
Ruokolahti,ruokolahti_DJI_0088_frame232,images/Ruokolahti/ruokolahti_DJI_0088_frame232.jpg,labels/Ruokolahti/ruokolahti_DJI_0088_frame232.txt,location,4096,2160,True,1
Ruokolahti,ruokolahti_DJI_0088_frame233,images/Ruokolahti/ruokolahti_DJI_0088_frame233.jpg,labels/Ruokolahti/ruokolahti_DJI_0088_frame233.txt,location,4096,2160,True,1
Ruokolahti,ruokolahti_DJI_0088_frame234,images/Ruokolahti/ruokolahti_DJI_0088_frame234.jpg,labels/Ruokolahti/ruokolahti_DJI_0088_frame234.txt,location,4096,2160,True,1
Ruokolahti,ruokolahti_DJI_0088_frame235,images/Ruokolahti/ruokolahti_DJI_0088_frame235.jpg,labels/Ruokolahti/ruokolahti_DJI_0088_frame235.txt,location,4096,2160,True,1
Ruokolahti,ruokolahti_DJI_0088_frame236,images/Ruokolahti/ruokolahti_DJI_0088_frame236.jpg,labels/Ruokolahti/ruokolahti_DJI_0088_frame236.txt,location,4096,2160,True,1
Ruokolahti,ruokolahti_DJI_0088_frame237,images/Ruokolahti/ruokolahti_DJI_0088_frame237.jpg,labels/Ruokolahti/ruokolahti_DJI_0088_frame237.txt,location,4096,2160,True,1
Ruokolahti,ruokolahti_DJI_0088_frame238,images/Ruokolahti/ruokolahti_DJI_0088_frame238.jpg,labels/Ruokolahti/ruokolahti_DJI_0088_frame238.txt,location,4096,2160,True,1
Ruokolahti,ruokolahti_DJI_0088_frame239,images/Ruokolahti/ruokolahti_DJI_0088_frame239.jpg,labels/Ruokolahti/ruokolahti_DJI_0088_frame239.txt,location,4096,2160,True,1
Ruokolahti,ruokolahti_DJI_0088_frame24,images/Ruokolahti/ruokolahti_DJI_0088_frame24.jpg,labels/Ruokolahti/ruokolahti_DJI_0088_frame24.txt,location,4096,2160,True,1
Ruokolahti,ruokolahti_DJI_0088_frame240,images/Ruokolahti/ruokolahti_DJI_0088_frame240.jpg,labels/Ruokolahti/ruokolahti_DJI_0088_frame240.txt,location,4096,2160,True,1
Ruokolahti,ruokolahti_DJI_0088_frame241,images/Ruokolahti/ruokolahti_DJI_0088_frame241.jpg,labels/Ruokolahti/ruokolahti_DJI_0088_frame241.txt,location,4096,2160,True,1
Ruokolahti,ruokolahti_DJI_0088_frame242,images/Ruokolahti/ruokolahti_DJI_0088_frame242.jpg,labels/Ruokolahti/ruokolahti_DJI_0088_frame242.txt,location,4096,2160,True,1
Ruokolahti,ruokolahti_DJI_0088_frame243,images/Ruokolahti/ruokolahti_DJI_0088_frame243.jpg,labels/Ruokolahti/ruokolahti_DJI_0088_frame243.txt,location,4096,2160,True,1
Ruokolahti,ruokolahti_DJI_0088_frame244,images/Ruokolahti/ruokolahti_DJI_0088_frame244.jpg,labels/Ruokolahti/ruokolahti_DJI_0088_frame244.txt,location,4096,2160,True,1
Ruokolahti,ruokolahti_DJI_0088_frame245,images/Ruokolahti/ruokolahti_DJI_0088_frame245.jpg,labels/Ruokolahti/ruokolahti_DJI_0088_frame245.txt,location,4096,2160,True,1
Ruokolahti,ruokolahti_DJI_0088_frame246,images/Ruokolahti/ruokolahti_DJI_0088_frame246.jpg,labels/Ruokolahti/ruokolahti_DJI_0088_frame246.txt,location,4096,2160,True,1
Ruokolahti,ruokolahti_DJI_0088_frame247,images/Ruokolahti/ruokolahti_DJI_0088_frame247.jpg,labels/Ruokolahti/ruokolahti_DJI_0088_frame247.txt,location,4096,2160,True,1
Ruokolahti,ruokolahti_DJI_0088_frame248,images/Ruokolahti/ruokolahti_DJI_0088_frame248.jpg,labels/Ruokolahti/ruokolahti_DJI_0088_frame248.txt,location,4096,2160,True,1
Ruokolahti,ruokolahti_DJI_0088_frame249,images/Ruokolahti/ruokolahti_DJI_0088_frame249.jpg,labels/Ruokolahti/ruokolahti_DJI_0088_frame249.txt,location,4096,2160,True,1
Ruokolahti,ruokolahti_DJI_0088_frame25,images/Ruokolahti/ruokolahti_DJI_0088_frame25.jpg,labels/Ruokolahti/ruokolahti_DJI_0088_frame25.txt,location,4096,2160,True,1
Ruokolahti,ruokolahti_DJI_0088_frame250,images/Ruokolahti/ruokolahti_DJI_0088_frame250.jpg,labels/Ruokolahti/ruokolahti_DJI_0088_frame250.txt,location,4096,2160,True,1
Ruokolahti,ruokolahti_DJI_0088_frame251,images/Ruokolahti/ruokolahti_DJI_0088_frame251.jpg,labels/Ruokolahti/ruokolahti_DJI_0088_frame251.txt,location,4096,2160,True,1
Ruokolahti,ruokolahti_DJI_0088_frame252,images/Ruokolahti/ruokolahti_DJI_0088_frame252.jpg,labels/Ruokolahti/ruokolahti_DJI_0088_frame252.txt,location,4096,2160,True,1
Ruokolahti,ruokolahti_DJI_0088_frame253,images/Ruokolahti/ruokolahti_DJI_0088_frame253.jpg,labels/Ruokolahti/ruokolahti_DJI_0088_frame253.txt,location,4096,2160,True,1
Ruokolahti,ruokolahti_DJI_0088_frame254,images/Ruokolahti/ruokolahti_DJI_0088_frame254.jpg,labels/Ruokolahti/ruokolahti_DJI_0088_frame254.txt,location,4096,2160,True,1
Ruokolahti,ruokolahti_DJI_0088_frame255,images/Ruokolahti/ruokolahti_DJI_0088_frame255.jpg,labels/Ruokolahti/ruokolahti_DJI_0088_frame255.txt,location,4096,2160,True,1
Ruokolahti,ruokolahti_DJI_0088_frame256,images/Ruokolahti/ruokolahti_DJI_0088_frame256.jpg,labels/Ruokolahti/ruokolahti_DJI_0088_frame256.txt,location,4096,2160,True,1
Ruokolahti,ruokolahti_DJI_0088_frame257,images/Ruokolahti/ruokolahti_DJI_0088_frame257.jpg,labels/Ruokolahti/ruokolahti_DJI_0088_frame257.txt,location,4096,2160,True,9
Ruokolahti,ruokolahti_DJI_0088_frame258,images/Ruokolahti/ruokolahti_DJI_0088_frame258.jpg,labels/Ruokolahti/ruokolahti_DJI_0088_frame258.txt,location,4096,2160,True,1
Ruokolahti,ruokolahti_DJI_0088_frame259,images/Ruokolahti/ruokolahti_DJI_0088_frame259.jpg,labels/Ruokolahti/ruokolahti_DJI_0088_frame259.txt,location,4096,2160,True,1
Ruokolahti,ruokolahti_DJI_0088_frame26,images/Ruokolahti/ruokolahti_DJI_0088_frame26.jpg,labels/Ruokolahti/ruokolahti_DJI_0088_frame26.txt,location,4096,2160,True,1
Ruokolahti,ruokolahti_DJI_0088_frame260,images/Ruokolahti/ruokolahti_DJI_0088_frame260.jpg,labels/Ruokolahti/ruokolahti_DJI_0088_frame260.txt,location,4096,2160,True,1
Ruokolahti,ruokolahti_DJI_0088_frame261,images/Ruokolahti/ruokolahti_DJI_0088_frame261.jpg,labels/Ruokolahti/ruokolahti_DJI_0088_frame261.txt,location,4096,2160,True,1
Ruokolahti,ruokolahti_DJI_0088_frame262,images/Ruokolahti/ruokolahti_DJI_0088_frame262.jpg,labels/Ruokolahti/ruokolahti_DJI_0088_frame262.txt,location,4096,2160,True,1
Ruokolahti,ruokolahti_DJI_0088_frame263,images/Ruokolahti/ruokolahti_DJI_0088_frame263.jpg,labels/Ruokolahti/ruokolahti_DJI_0088_frame263.txt,location,4096,2160,True,1
Ruokolahti,ruokolahti_DJI_0088_frame264,images/Ruokolahti/ruokolahti_DJI_0088_frame264.jpg,labels/Ruokolahti/ruokolahti_DJI_0088_frame264.txt,location,4096,2160,True,1
Ruokolahti,ruokolahti_DJI_0088_frame265,images/Ruokolahti/ruokolahti_DJI_0088_frame265.jpg,labels/Ruokolahti/ruokolahti_DJI_0088_frame265.txt,location,4096,2160,True,1
Ruokolahti,ruokolahti_DJI_0088_frame266,images/Ruokolahti/ruokolahti_DJI_0088_frame266.jpg,labels/Ruokolahti/ruokolahti_DJI_0088_frame266.txt,location,4096,2160,True,1
Ruokolahti,ruokolahti_DJI_0088_frame267,images/Ruokolahti/ruokolahti_DJI_0088_frame267.jpg,labels/Ruokolahti/ruokolahti_DJI_0088_frame267.txt,location,4096,2160,True,1
Ruokolahti,ruokolahti_DJI_0088_frame268,images/Ruokolahti/ruokolahti_DJI_0088_frame268.jpg,labels/Ruokolahti/ruokolahti_DJI_0088_frame268.txt,location,4096,2160,True,1
Ruokolahti,ruokolahti_DJI_0088_frame269,images/Ruokolahti/ruokolahti_DJI_0088_frame269.jpg,labels/Ruokolahti/ruokolahti_DJI_0088_frame269.txt,location,4096,2160,True,1
Ruokolahti,ruokolahti_DJI_0088_frame27,images/Ruokolahti/ruokolahti_DJI_0088_frame27.jpg,labels/Ruokolahti/ruokolahti_DJI_0088_frame27.txt,location,4096,2160,True,1
Ruokolahti,ruokolahti_DJI_0088_frame270,images/Ruokolahti/ruokolahti_DJI_0088_frame270.jpg,labels/Ruokolahti/ruokolahti_DJI_0088_frame270.txt,location,4096,2160,True,1
Ruokolahti,ruokolahti_DJI_0088_frame271,images/Ruokolahti/ruokolahti_DJI_0088_frame271.jpg,labels/Ruokolahti/ruokolahti_DJI_0088_frame271.txt,location,4096,2160,True,1
Ruokolahti,ruokolahti_DJI_0088_frame272,images/Ruokolahti/ruokolahti_DJI_0088_frame272.jpg,labels/Ruokolahti/ruokolahti_DJI_0088_frame272.txt,location,4096,2160,True,1
Ruokolahti,ruokolahti_DJI_0088_frame273,images/Ruokolahti/ruokolahti_DJI_0088_frame273.jpg,labels/Ruokolahti/ruokolahti_DJI_0088_frame273.txt,location,4096,2160,True,1
Ruokolahti,ruokolahti_DJI_0088_frame274,images/Ruokolahti/ruokolahti_DJI_0088_frame274.jpg,labels/Ruokolahti/ruokolahti_DJI_0088_frame274.txt,location,4096,2160,True,1
Ruokolahti,ruokolahti_DJI_0088_frame275,images/Ruokolahti/ruokolahti_DJI_0088_frame275.jpg,labels/Ruokolahti/ruokolahti_DJI_0088_frame275.txt,location,4096,2160,True,1
Ruokolahti,ruokolahti_DJI_0088_frame276,images/Ruokolahti/ruokolahti_DJI_0088_frame276.jpg,labels/Ruokolahti/ruokolahti_DJI_0088_frame276.txt,location,4096,2160,True,1
Ruokolahti,ruokolahti_DJI_0088_frame277,images/Ruokolahti/ruokolahti_DJI_0088_frame277.jpg,labels/Ruokolahti/ruokolahti_DJI_0088_frame277.txt,location,4096,2160,True,1
Ruokolahti,ruokolahti_DJI_0088_frame278,images/Ruokolahti/ruokolahti_DJI_0088_frame278.jpg,labels/Ruokolahti/ruokolahti_DJI_0088_frame278.txt,location,4096,2160,True,1
Ruokolahti,ruokolahti_DJI_0088_frame279,images/Ruokolahti/ruokolahti_DJI_0088_frame279.jpg,labels/Ruokolahti/ruokolahti_DJI_0088_frame279.txt,location,4096,2160,True,1
Ruokolahti,ruokolahti_DJI_0088_frame28,images/Ruokolahti/ruokolahti_DJI_0088_frame28.jpg,labels/Ruokolahti/ruokolahti_DJI_0088_frame28.txt,location,4096,2160,True,1
Ruokolahti,ruokolahti_DJI_0088_frame280,images/Ruokolahti/ruokolahti_DJI_0088_frame280.jpg,labels/Ruokolahti/ruokolahti_DJI_0088_frame280.txt,location,4096,2160,True,1
Ruokolahti,ruokolahti_DJI_0088_frame281,images/Ruokolahti/ruokolahti_DJI_0088_frame281.jpg,labels/Ruokolahti/ruokolahti_DJI_0088_frame281.txt,location,4096,2160,True,1
Ruokolahti,ruokolahti_DJI_0088_frame282,images/Ruokolahti/ruokolahti_DJI_0088_frame282.jpg,labels/Ruokolahti/ruokolahti_DJI_0088_frame282.txt,location,4096,2160,True,1
Ruokolahti,ruokolahti_DJI_0088_frame283,images/Ruokolahti/ruokolahti_DJI_0088_frame283.jpg,labels/Ruokolahti/ruokolahti_DJI_0088_frame283.txt,location,4096,2160,True,1
Ruokolahti,ruokolahti_DJI_0088_frame284,images/Ruokolahti/ruokolahti_DJI_0088_frame284.jpg,labels/Ruokolahti/ruokolahti_DJI_0088_frame284.txt,location,4096,2160,True,1
Ruokolahti,ruokolahti_DJI_0088_frame285,images/Ruokolahti/ruokolahti_DJI_0088_frame285.jpg,labels/Ruokolahti/ruokolahti_DJI_0088_frame285.txt,location,4096,2160,True,1
Ruokolahti,ruokolahti_DJI_0088_frame286,images/Ruokolahti/ruokolahti_DJI_0088_frame286.jpg,labels/Ruokolahti/ruokolahti_DJI_0088_frame286.txt,location,4096,2160,True,1
Ruokolahti,ruokolahti_DJI_0088_frame287,images/Ruokolahti/ruokolahti_DJI_0088_frame287.jpg,labels/Ruokolahti/ruokolahti_DJI_0088_frame287.txt,location,4096,2160,True,1
Ruokolahti,ruokolahti_DJI_0088_frame288,images/Ruokolahti/ruokolahti_DJI_0088_frame288.jpg,labels/Ruokolahti/ruokolahti_DJI_0088_frame288.txt,location,4096,2160,True,1
Ruokolahti,ruokolahti_DJI_0088_frame289,images/Ruokolahti/ruokolahti_DJI_0088_frame289.jpg,labels/Ruokolahti/ruokolahti_DJI_0088_frame289.txt,location,4096,2160,True,1
Ruokolahti,ruokolahti_DJI_0088_frame29,images/Ruokolahti/ruokolahti_DJI_0088_frame29.jpg,labels/Ruokolahti/ruokolahti_DJI_0088_frame29.txt,location,4096,2160,True,1
Ruokolahti,ruokolahti_DJI_0088_frame290,images/Ruokolahti/ruokolahti_DJI_0088_frame290.jpg,labels/Ruokolahti/ruokolahti_DJI_0088_frame290.txt,location,4096,2160,True,1
Ruokolahti,ruokolahti_DJI_0088_frame291,images/Ruokolahti/ruokolahti_DJI_0088_frame291.jpg,labels/Ruokolahti/ruokolahti_DJI_0088_frame291.txt,location,4096,2160,True,1
Ruokolahti,ruokolahti_DJI_0088_frame292,images/Ruokolahti/ruokolahti_DJI_0088_frame292.jpg,labels/Ruokolahti/ruokolahti_DJI_0088_frame292.txt,location,4096,2160,True,1
Ruokolahti,ruokolahti_DJI_0088_frame293,images/Ruokolahti/ruokolahti_DJI_0088_frame293.jpg,labels/Ruokolahti/ruokolahti_DJI_0088_frame293.txt,location,4096,2160,True,1
Ruokolahti,ruokolahti_DJI_0088_frame294,images/Ruokolahti/ruokolahti_DJI_0088_frame294.jpg,labels/Ruokolahti/ruokolahti_DJI_0088_frame294.txt,location,4096,2160,True,1
Ruokolahti,ruokolahti_DJI_0088_frame295,images/Ruokolahti/ruokolahti_DJI_0088_frame295.jpg,labels/Ruokolahti/ruokolahti_DJI_0088_frame295.txt,location,4096,2160,True,1
Ruokolahti,ruokolahti_DJI_0088_frame296,images/Ruokolahti/ruokolahti_DJI_0088_frame296.jpg,labels/Ruokolahti/ruokolahti_DJI_0088_frame296.txt,location,4096,2160,True,1
Ruokolahti,ruokolahti_DJI_0088_frame297,images/Ruokolahti/ruokolahti_DJI_0088_frame297.jpg,labels/Ruokolahti/ruokolahti_DJI_0088_frame297.txt,location,4096,2160,True,1
Ruokolahti,ruokolahti_DJI_0088_frame298,images/Ruokolahti/ruokolahti_DJI_0088_frame298.jpg,labels/Ruokolahti/ruokolahti_DJI_0088_frame298.txt,location,4096,2160,True,1
Ruokolahti,ruokolahti_DJI_0088_frame299,images/Ruokolahti/ruokolahti_DJI_0088_frame299.jpg,labels/Ruokolahti/ruokolahti_DJI_0088_frame299.txt,location,4096,2160,True,1
Ruokolahti,ruokolahti_DJI_0088_frame3,images/Ruokolahti/ruokolahti_DJI_0088_frame3.jpg,labels/Ruokolahti/ruokolahti_DJI_0088_frame3.txt,location,4096,2160,True,1
Ruokolahti,ruokolahti_DJI_0088_frame30,images/Ruokolahti/ruokolahti_DJI_0088_frame30.jpg,labels/Ruokolahti/ruokolahti_DJI_0088_frame30.txt,location,4096,2160,True,1
Ruokolahti,ruokolahti_DJI_0088_frame300,images/Ruokolahti/ruokolahti_DJI_0088_frame300.jpg,labels/Ruokolahti/ruokolahti_DJI_0088_frame300.txt,location,4096,2160,True,1
Ruokolahti,ruokolahti_DJI_0088_frame301,images/Ruokolahti/ruokolahti_DJI_0088_frame301.jpg,labels/Ruokolahti/ruokolahti_DJI_0088_frame301.txt,location,4096,2160,True,1
Ruokolahti,ruokolahti_DJI_0088_frame302,images/Ruokolahti/ruokolahti_DJI_0088_frame302.jpg,labels/Ruokolahti/ruokolahti_DJI_0088_frame302.txt,location,4096,2160,True,1
Ruokolahti,ruokolahti_DJI_0088_frame303,images/Ruokolahti/ruokolahti_DJI_0088_frame303.jpg,labels/Ruokolahti/ruokolahti_DJI_0088_frame303.txt,location,4096,2160,True,1
Ruokolahti,ruokolahti_DJI_0088_frame304,images/Ruokolahti/ruokolahti_DJI_0088_frame304.jpg,labels/Ruokolahti/ruokolahti_DJI_0088_frame304.txt,location,4096,2160,True,1
Ruokolahti,ruokolahti_DJI_0088_frame305,images/Ruokolahti/ruokolahti_DJI_0088_frame305.jpg,labels/Ruokolahti/ruokolahti_DJI_0088_frame305.txt,location,4096,2160,True,1
Ruokolahti,ruokolahti_DJI_0088_frame306,images/Ruokolahti/ruokolahti_DJI_0088_frame306.jpg,labels/Ruokolahti/ruokolahti_DJI_0088_frame306.txt,location,4096,2160,True,1
Ruokolahti,ruokolahti_DJI_0088_frame307,images/Ruokolahti/ruokolahti_DJI_0088_frame307.jpg,labels/Ruokolahti/ruokolahti_DJI_0088_frame307.txt,location,4096,2160,True,1
Ruokolahti,ruokolahti_DJI_0088_frame308,images/Ruokolahti/ruokolahti_DJI_0088_frame308.jpg,labels/Ruokolahti/ruokolahti_DJI_0088_frame308.txt,location,4096,2160,True,1
Ruokolahti,ruokolahti_DJI_0088_frame309,images/Ruokolahti/ruokolahti_DJI_0088_frame309.jpg,labels/Ruokolahti/ruokolahti_DJI_0088_frame309.txt,location,4096,2160,True,1
Ruokolahti,ruokolahti_DJI_0088_frame31,images/Ruokolahti/ruokolahti_DJI_0088_frame31.jpg,labels/Ruokolahti/ruokolahti_DJI_0088_frame31.txt,location,4096,2160,True,1
Ruokolahti,ruokolahti_DJI_0088_frame310,images/Ruokolahti/ruokolahti_DJI_0088_frame310.jpg,labels/Ruokolahti/ruokolahti_DJI_0088_frame310.txt,location,4096,2160,True,1
Ruokolahti,ruokolahti_DJI_0088_frame311,images/Ruokolahti/ruokolahti_DJI_0088_frame311.jpg,labels/Ruokolahti/ruokolahti_DJI_0088_frame311.txt,location,4096,2160,True,1
Ruokolahti,ruokolahti_DJI_0088_frame312,images/Ruokolahti/ruokolahti_DJI_0088_frame312.jpg,labels/Ruokolahti/ruokolahti_DJI_0088_frame312.txt,location,4096,2160,True,1
Ruokolahti,ruokolahti_DJI_0088_frame313,images/Ruokolahti/ruokolahti_DJI_0088_frame313.jpg,labels/Ruokolahti/ruokolahti_DJI_0088_frame313.txt,location,4096,2160,True,1
Ruokolahti,ruokolahti_DJI_0088_frame314,images/Ruokolahti/ruokolahti_DJI_0088_frame314.jpg,labels/Ruokolahti/ruokolahti_DJI_0088_frame314.txt,location,4096,2160,True,1
Ruokolahti,ruokolahti_DJI_0088_frame315,images/Ruokolahti/ruokolahti_DJI_0088_frame315.jpg,labels/Ruokolahti/ruokolahti_DJI_0088_frame315.txt,location,4096,2160,True,1
Ruokolahti,ruokolahti_DJI_0088_frame316,images/Ruokolahti/ruokolahti_DJI_0088_frame316.jpg,labels/Ruokolahti/ruokolahti_DJI_0088_frame316.txt,location,4096,2160,True,1
Ruokolahti,ruokolahti_DJI_0088_frame317,images/Ruokolahti/ruokolahti_DJI_0088_frame317.jpg,labels/Ruokolahti/ruokolahti_DJI_0088_frame317.txt,location,4096,2160,True,1
Ruokolahti,ruokolahti_DJI_0088_frame318,images/Ruokolahti/ruokolahti_DJI_0088_frame318.jpg,labels/Ruokolahti/ruokolahti_DJI_0088_frame318.txt,location,4096,2160,True,1
Ruokolahti,ruokolahti_DJI_0088_frame319,images/Ruokolahti/ruokolahti_DJI_0088_frame319.jpg,labels/Ruokolahti/ruokolahti_DJI_0088_frame319.txt,location,4096,2160,True,1
Ruokolahti,ruokolahti_DJI_0088_frame32,images/Ruokolahti/ruokolahti_DJI_0088_frame32.jpg,labels/Ruokolahti/ruokolahti_DJI_0088_frame32.txt,location,4096,2160,True,1
Ruokolahti,ruokolahti_DJI_0088_frame320,images/Ruokolahti/ruokolahti_DJI_0088_frame320.jpg,labels/Ruokolahti/ruokolahti_DJI_0088_frame320.txt,location,4096,2160,True,1
Ruokolahti,ruokolahti_DJI_0088_frame321,images/Ruokolahti/ruokolahti_DJI_0088_frame321.jpg,labels/Ruokolahti/ruokolahti_DJI_0088_frame321.txt,location,4096,2160,True,1
Ruokolahti,ruokolahti_DJI_0088_frame322,images/Ruokolahti/ruokolahti_DJI_0088_frame322.jpg,labels/Ruokolahti/ruokolahti_DJI_0088_frame322.txt,location,4096,2160,True,1
Ruokolahti,ruokolahti_DJI_0088_frame323,images/Ruokolahti/ruokolahti_DJI_0088_frame323.jpg,labels/Ruokolahti/ruokolahti_DJI_0088_frame323.txt,location,4096,2160,True,1
Ruokolahti,ruokolahti_DJI_0088_frame324,images/Ruokolahti/ruokolahti_DJI_0088_frame324.jpg,labels/Ruokolahti/ruokolahti_DJI_0088_frame324.txt,location,4096,2160,True,1
Ruokolahti,ruokolahti_DJI_0088_frame325,images/Ruokolahti/ruokolahti_DJI_0088_frame325.jpg,labels/Ruokolahti/ruokolahti_DJI_0088_frame325.txt,location,4096,2160,True,1
Ruokolahti,ruokolahti_DJI_0088_frame326,images/Ruokolahti/ruokolahti_DJI_0088_frame326.jpg,labels/Ruokolahti/ruokolahti_DJI_0088_frame326.txt,location,4096,2160,True,1
Ruokolahti,ruokolahti_DJI_0088_frame327,images/Ruokolahti/ruokolahti_DJI_0088_frame327.jpg,labels/Ruokolahti/ruokolahti_DJI_0088_frame327.txt,location,4096,2160,True,1
Ruokolahti,ruokolahti_DJI_0088_frame33,images/Ruokolahti/ruokolahti_DJI_0088_frame33.jpg,labels/Ruokolahti/ruokolahti_DJI_0088_frame33.txt,location,4096,2160,True,1
Ruokolahti,ruokolahti_DJI_0088_frame34,images/Ruokolahti/ruokolahti_DJI_0088_frame34.jpg,labels/Ruokolahti/ruokolahti_DJI_0088_frame34.txt,location,4096,2160,True,1
Ruokolahti,ruokolahti_DJI_0088_frame35,images/Ruokolahti/ruokolahti_DJI_0088_frame35.jpg,labels/Ruokolahti/ruokolahti_DJI_0088_frame35.txt,location,4096,2160,True,1
Ruokolahti,ruokolahti_DJI_0088_frame36,images/Ruokolahti/ruokolahti_DJI_0088_frame36.jpg,labels/Ruokolahti/ruokolahti_DJI_0088_frame36.txt,location,4096,2160,True,1
Ruokolahti,ruokolahti_DJI_0088_frame37,images/Ruokolahti/ruokolahti_DJI_0088_frame37.jpg,labels/Ruokolahti/ruokolahti_DJI_0088_frame37.txt,location,4096,2160,True,1
Ruokolahti,ruokolahti_DJI_0088_frame38,images/Ruokolahti/ruokolahti_DJI_0088_frame38.jpg,labels/Ruokolahti/ruokolahti_DJI_0088_frame38.txt,location,4096,2160,True,1
Ruokolahti,ruokolahti_DJI_0088_frame39,images/Ruokolahti/ruokolahti_DJI_0088_frame39.jpg,labels/Ruokolahti/ruokolahti_DJI_0088_frame39.txt,location,4096,2160,True,1
Ruokolahti,ruokolahti_DJI_0088_frame4,images/Ruokolahti/ruokolahti_DJI_0088_frame4.jpg,labels/Ruokolahti/ruokolahti_DJI_0088_frame4.txt,location,4096,2160,True,1
Ruokolahti,ruokolahti_DJI_0088_frame40,images/Ruokolahti/ruokolahti_DJI_0088_frame40.jpg,labels/Ruokolahti/ruokolahti_DJI_0088_frame40.txt,location,4096,2160,True,1
Ruokolahti,ruokolahti_DJI_0088_frame41,images/Ruokolahti/ruokolahti_DJI_0088_frame41.jpg,labels/Ruokolahti/ruokolahti_DJI_0088_frame41.txt,location,4096,2160,True,1
Ruokolahti,ruokolahti_DJI_0088_frame42,images/Ruokolahti/ruokolahti_DJI_0088_frame42.jpg,labels/Ruokolahti/ruokolahti_DJI_0088_frame42.txt,location,4096,2160,True,1
Ruokolahti,ruokolahti_DJI_0088_frame43,images/Ruokolahti/ruokolahti_DJI_0088_frame43.jpg,labels/Ruokolahti/ruokolahti_DJI_0088_frame43.txt,location,4096,2160,True,1
Ruokolahti,ruokolahti_DJI_0088_frame44,images/Ruokolahti/ruokolahti_DJI_0088_frame44.jpg,labels/Ruokolahti/ruokolahti_DJI_0088_frame44.txt,location,4096,2160,True,1
Ruokolahti,ruokolahti_DJI_0088_frame45,images/Ruokolahti/ruokolahti_DJI_0088_frame45.jpg,labels/Ruokolahti/ruokolahti_DJI_0088_frame45.txt,location,4096,2160,True,1
Ruokolahti,ruokolahti_DJI_0088_frame46,images/Ruokolahti/ruokolahti_DJI_0088_frame46.jpg,labels/Ruokolahti/ruokolahti_DJI_0088_frame46.txt,location,4096,2160,True,1
Ruokolahti,ruokolahti_DJI_0088_frame47,images/Ruokolahti/ruokolahti_DJI_0088_frame47.jpg,labels/Ruokolahti/ruokolahti_DJI_0088_frame47.txt,location,4096,2160,True,1
Ruokolahti,ruokolahti_DJI_0088_frame48,images/Ruokolahti/ruokolahti_DJI_0088_frame48.jpg,labels/Ruokolahti/ruokolahti_DJI_0088_frame48.txt,location,4096,2160,True,1
Ruokolahti,ruokolahti_DJI_0088_frame49,images/Ruokolahti/ruokolahti_DJI_0088_frame49.jpg,labels/Ruokolahti/ruokolahti_DJI_0088_frame49.txt,location,4096,2160,True,1
Ruokolahti,ruokolahti_DJI_0088_frame5,images/Ruokolahti/ruokolahti_DJI_0088_frame5.jpg,labels/Ruokolahti/ruokolahti_DJI_0088_frame5.txt,location,4096,2160,True,1
Ruokolahti,ruokolahti_DJI_0088_frame50,images/Ruokolahti/ruokolahti_DJI_0088_frame50.jpg,labels/Ruokolahti/ruokolahti_DJI_0088_frame50.txt,location,4096,2160,True,1
Ruokolahti,ruokolahti_DJI_0088_frame51,images/Ruokolahti/ruokolahti_DJI_0088_frame51.jpg,labels/Ruokolahti/ruokolahti_DJI_0088_frame51.txt,location,4096,2160,True,1
Ruokolahti,ruokolahti_DJI_0088_frame52,images/Ruokolahti/ruokolahti_DJI_0088_frame52.jpg,labels/Ruokolahti/ruokolahti_DJI_0088_frame52.txt,location,4096,2160,True,1
Ruokolahti,ruokolahti_DJI_0088_frame53,images/Ruokolahti/ruokolahti_DJI_0088_frame53.jpg,labels/Ruokolahti/ruokolahti_DJI_0088_frame53.txt,location,4096,2160,True,1
Ruokolahti,ruokolahti_DJI_0088_frame54,images/Ruokolahti/ruokolahti_DJI_0088_frame54.jpg,labels/Ruokolahti/ruokolahti_DJI_0088_frame54.txt,location,4096,2160,True,1
Ruokolahti,ruokolahti_DJI_0088_frame55,images/Ruokolahti/ruokolahti_DJI_0088_frame55.jpg,labels/Ruokolahti/ruokolahti_DJI_0088_frame55.txt,location,4096,2160,True,1
Ruokolahti,ruokolahti_DJI_0088_frame56,images/Ruokolahti/ruokolahti_DJI_0088_frame56.jpg,labels/Ruokolahti/ruokolahti_DJI_0088_frame56.txt,location,4096,2160,True,1
Ruokolahti,ruokolahti_DJI_0088_frame57,images/Ruokolahti/ruokolahti_DJI_0088_frame57.jpg,labels/Ruokolahti/ruokolahti_DJI_0088_frame57.txt,location,4096,2160,True,1
Ruokolahti,ruokolahti_DJI_0088_frame58,images/Ruokolahti/ruokolahti_DJI_0088_frame58.jpg,labels/Ruokolahti/ruokolahti_DJI_0088_frame58.txt,location,4096,2160,True,1
Ruokolahti,ruokolahti_DJI_0088_frame59,images/Ruokolahti/ruokolahti_DJI_0088_frame59.jpg,labels/Ruokolahti/ruokolahti_DJI_0088_frame59.txt,location,4096,2160,True,1
Ruokolahti,ruokolahti_DJI_0088_frame6,images/Ruokolahti/ruokolahti_DJI_0088_frame6.jpg,labels/Ruokolahti/ruokolahti_DJI_0088_frame6.txt,location,4096,2160,True,1
Ruokolahti,ruokolahti_DJI_0088_frame60,images/Ruokolahti/ruokolahti_DJI_0088_frame60.jpg,labels/Ruokolahti/ruokolahti_DJI_0088_frame60.txt,location,4096,2160,True,1
Ruokolahti,ruokolahti_DJI_0088_frame61,images/Ruokolahti/ruokolahti_DJI_0088_frame61.jpg,labels/Ruokolahti/ruokolahti_DJI_0088_frame61.txt,location,4096,2160,True,1
Ruokolahti,ruokolahti_DJI_0088_frame62,images/Ruokolahti/ruokolahti_DJI_0088_frame62.jpg,labels/Ruokolahti/ruokolahti_DJI_0088_frame62.txt,location,4096,2160,True,1
Ruokolahti,ruokolahti_DJI_0088_frame63,images/Ruokolahti/ruokolahti_DJI_0088_frame63.jpg,labels/Ruokolahti/ruokolahti_DJI_0088_frame63.txt,location,4096,2160,True,1
Ruokolahti,ruokolahti_DJI_0088_frame64,images/Ruokolahti/ruokolahti_DJI_0088_frame64.jpg,labels/Ruokolahti/ruokolahti_DJI_0088_frame64.txt,location,4096,2160,True,1
Ruokolahti,ruokolahti_DJI_0088_frame65,images/Ruokolahti/ruokolahti_DJI_0088_frame65.jpg,labels/Ruokolahti/ruokolahti_DJI_0088_frame65.txt,location,4096,2160,True,1
Ruokolahti,ruokolahti_DJI_0088_frame66,images/Ruokolahti/ruokolahti_DJI_0088_frame66.jpg,labels/Ruokolahti/ruokolahti_DJI_0088_frame66.txt,location,4096,2160,True,1
Ruokolahti,ruokolahti_DJI_0088_frame67,images/Ruokolahti/ruokolahti_DJI_0088_frame67.jpg,labels/Ruokolahti/ruokolahti_DJI_0088_frame67.txt,location,4096,2160,True,1
Ruokolahti,ruokolahti_DJI_0088_frame68,images/Ruokolahti/ruokolahti_DJI_0088_frame68.jpg,labels/Ruokolahti/ruokolahti_DJI_0088_frame68.txt,location,4096,2160,True,1
Ruokolahti,ruokolahti_DJI_0088_frame69,images/Ruokolahti/ruokolahti_DJI_0088_frame69.jpg,labels/Ruokolahti/ruokolahti_DJI_0088_frame69.txt,location,4096,2160,True,1
Ruokolahti,ruokolahti_DJI_0088_frame7,images/Ruokolahti/ruokolahti_DJI_0088_frame7.jpg,labels/Ruokolahti/ruokolahti_DJI_0088_frame7.txt,location,4096,2160,True,1
Ruokolahti,ruokolahti_DJI_0088_frame70,images/Ruokolahti/ruokolahti_DJI_0088_frame70.jpg,labels/Ruokolahti/ruokolahti_DJI_0088_frame70.txt,location,4096,2160,True,1
Ruokolahti,ruokolahti_DJI_0088_frame71,images/Ruokolahti/ruokolahti_DJI_0088_frame71.jpg,labels/Ruokolahti/ruokolahti_DJI_0088_frame71.txt,location,4096,2160,True,1
Ruokolahti,ruokolahti_DJI_0088_frame72,images/Ruokolahti/ruokolahti_DJI_0088_frame72.jpg,labels/Ruokolahti/ruokolahti_DJI_0088_frame72.txt,location,4096,2160,True,1
Ruokolahti,ruokolahti_DJI_0088_frame73,images/Ruokolahti/ruokolahti_DJI_0088_frame73.jpg,labels/Ruokolahti/ruokolahti_DJI_0088_frame73.txt,location,4096,2160,True,1
Ruokolahti,ruokolahti_DJI_0088_frame74,images/Ruokolahti/ruokolahti_DJI_0088_frame74.jpg,labels/Ruokolahti/ruokolahti_DJI_0088_frame74.txt,location,4096,2160,True,1
Ruokolahti,ruokolahti_DJI_0088_frame75,images/Ruokolahti/ruokolahti_DJI_0088_frame75.jpg,labels/Ruokolahti/ruokolahti_DJI_0088_frame75.txt,location,4096,2160,True,1
Ruokolahti,ruokolahti_DJI_0088_frame76,images/Ruokolahti/ruokolahti_DJI_0088_frame76.jpg,labels/Ruokolahti/ruokolahti_DJI_0088_frame76.txt,location,4096,2160,True,1
Ruokolahti,ruokolahti_DJI_0088_frame77,images/Ruokolahti/ruokolahti_DJI_0088_frame77.jpg,labels/Ruokolahti/ruokolahti_DJI_0088_frame77.txt,location,4096,2160,True,1
Ruokolahti,ruokolahti_DJI_0088_frame78,images/Ruokolahti/ruokolahti_DJI_0088_frame78.jpg,labels/Ruokolahti/ruokolahti_DJI_0088_frame78.txt,location,4096,2160,True,1
Ruokolahti,ruokolahti_DJI_0088_frame79,images/Ruokolahti/ruokolahti_DJI_0088_frame79.jpg,labels/Ruokolahti/ruokolahti_DJI_0088_frame79.txt,location,4096,2160,True,1
Ruokolahti,ruokolahti_DJI_0088_frame8,images/Ruokolahti/ruokolahti_DJI_0088_frame8.jpg,labels/Ruokolahti/ruokolahti_DJI_0088_frame8.txt,location,4096,2160,True,1
Ruokolahti,ruokolahti_DJI_0088_frame80,images/Ruokolahti/ruokolahti_DJI_0088_frame80.jpg,labels/Ruokolahti/ruokolahti_DJI_0088_frame80.txt,location,4096,2160,True,1
Ruokolahti,ruokolahti_DJI_0088_frame81,images/Ruokolahti/ruokolahti_DJI_0088_frame81.jpg,labels/Ruokolahti/ruokolahti_DJI_0088_frame81.txt,location,4096,2160,True,1
Ruokolahti,ruokolahti_DJI_0088_frame82,images/Ruokolahti/ruokolahti_DJI_0088_frame82.jpg,labels/Ruokolahti/ruokolahti_DJI_0088_frame82.txt,location,4096,2160,True,1
Ruokolahti,ruokolahti_DJI_0088_frame83,images/Ruokolahti/ruokolahti_DJI_0088_frame83.jpg,labels/Ruokolahti/ruokolahti_DJI_0088_frame83.txt,location,4096,2160,True,1
Ruokolahti,ruokolahti_DJI_0088_frame84,images/Ruokolahti/ruokolahti_DJI_0088_frame84.jpg,labels/Ruokolahti/ruokolahti_DJI_0088_frame84.txt,location,4096,2160,True,1
Ruokolahti,ruokolahti_DJI_0088_frame85,images/Ruokolahti/ruokolahti_DJI_0088_frame85.jpg,labels/Ruokolahti/ruokolahti_DJI_0088_frame85.txt,location,4096,2160,True,1
Ruokolahti,ruokolahti_DJI_0088_frame86,images/Ruokolahti/ruokolahti_DJI_0088_frame86.jpg,labels/Ruokolahti/ruokolahti_DJI_0088_frame86.txt,location,4096,2160,True,1
Ruokolahti,ruokolahti_DJI_0088_frame87,images/Ruokolahti/ruokolahti_DJI_0088_frame87.jpg,labels/Ruokolahti/ruokolahti_DJI_0088_frame87.txt,location,4096,2160,True,1
Ruokolahti,ruokolahti_DJI_0088_frame88,images/Ruokolahti/ruokolahti_DJI_0088_frame88.jpg,labels/Ruokolahti/ruokolahti_DJI_0088_frame88.txt,location,4096,2160,True,1
Ruokolahti,ruokolahti_DJI_0088_frame89,images/Ruokolahti/ruokolahti_DJI_0088_frame89.jpg,labels/Ruokolahti/ruokolahti_DJI_0088_frame89.txt,location,4096,2160,True,1
Ruokolahti,ruokolahti_DJI_0088_frame9,images/Ruokolahti/ruokolahti_DJI_0088_frame9.jpg,labels/Ruokolahti/ruokolahti_DJI_0088_frame9.txt,location,4096,2160,True,1
Ruokolahti,ruokolahti_DJI_0088_frame90,images/Ruokolahti/ruokolahti_DJI_0088_frame90.jpg,labels/Ruokolahti/ruokolahti_DJI_0088_frame90.txt,location,4096,2160,True,1
Ruokolahti,ruokolahti_DJI_0088_frame91,images/Ruokolahti/ruokolahti_DJI_0088_frame91.jpg,labels/Ruokolahti/ruokolahti_DJI_0088_frame91.txt,location,4096,2160,True,1
Ruokolahti,ruokolahti_DJI_0088_frame92,images/Ruokolahti/ruokolahti_DJI_0088_frame92.jpg,labels/Ruokolahti/ruokolahti_DJI_0088_frame92.txt,location,4096,2160,True,1
Ruokolahti,ruokolahti_DJI_0088_frame93,images/Ruokolahti/ruokolahti_DJI_0088_frame93.jpg,labels/Ruokolahti/ruokolahti_DJI_0088_frame93.txt,location,4096,2160,True,1
Ruokolahti,ruokolahti_DJI_0088_frame94,images/Ruokolahti/ruokolahti_DJI_0088_frame94.jpg,labels/Ruokolahti/ruokolahti_DJI_0088_frame94.txt,location,4096,2160,True,1
Ruokolahti,ruokolahti_DJI_0088_frame95,images/Ruokolahti/ruokolahti_DJI_0088_frame95.jpg,labels/Ruokolahti/ruokolahti_DJI_0088_frame95.txt,location,4096,2160,True,1
Ruokolahti,ruokolahti_DJI_0088_frame96,images/Ruokolahti/ruokolahti_DJI_0088_frame96.jpg,labels/Ruokolahti/ruokolahti_DJI_0088_frame96.txt,location,4096,2160,True,1
Ruokolahti,ruokolahti_DJI_0088_frame97,images/Ruokolahti/ruokolahti_DJI_0088_frame97.jpg,labels/Ruokolahti/ruokolahti_DJI_0088_frame97.txt,location,4096,2160,True,1
Ruokolahti,ruokolahti_DJI_0088_frame98,images/Ruokolahti/ruokolahti_DJI_0088_frame98.jpg,labels/Ruokolahti/ruokolahti_DJI_0088_frame98.txt,location,4096,2160,True,1
Ruokolahti,ruokolahti_DJI_0088_frame99,images/Ruokolahti/ruokolahti_DJI_0088_frame99.jpg,labels/Ruokolahti/ruokolahti_DJI_0088_frame99.txt,location,4096,2160,True,1
Ruokolahti,ruokolahti_DJI_0089_frame0,images/Ruokolahti/ruokolahti_DJI_0089_frame0.jpg,labels/Ruokolahti/ruokolahti_DJI_0089_frame0.txt,location,4096,2160,True,1
Ruokolahti,ruokolahti_DJI_0089_frame1,images/Ruokolahti/ruokolahti_DJI_0089_frame1.jpg,labels/Ruokolahti/ruokolahti_DJI_0089_frame1.txt,location,4096,2160,True,1
Ruokolahti,ruokolahti_DJI_0089_frame10,images/Ruokolahti/ruokolahti_DJI_0089_frame10.jpg,labels/Ruokolahti/ruokolahti_DJI_0089_frame10.txt,location,4096,2160,True,1
Ruokolahti,ruokolahti_DJI_0089_frame11,images/Ruokolahti/ruokolahti_DJI_0089_frame11.jpg,labels/Ruokolahti/ruokolahti_DJI_0089_frame11.txt,location,4096,2160,True,1
Ruokolahti,ruokolahti_DJI_0089_frame12,images/Ruokolahti/ruokolahti_DJI_0089_frame12.jpg,labels/Ruokolahti/ruokolahti_DJI_0089_frame12.txt,location,4096,2160,True,1
Ruokolahti,ruokolahti_DJI_0089_frame13,images/Ruokolahti/ruokolahti_DJI_0089_frame13.jpg,labels/Ruokolahti/ruokolahti_DJI_0089_frame13.txt,location,4096,2160,True,1
Ruokolahti,ruokolahti_DJI_0089_frame14,images/Ruokolahti/ruokolahti_DJI_0089_frame14.jpg,labels/Ruokolahti/ruokolahti_DJI_0089_frame14.txt,location,4096,2160,True,1
Ruokolahti,ruokolahti_DJI_0089_frame15,images/Ruokolahti/ruokolahti_DJI_0089_frame15.jpg,labels/Ruokolahti/ruokolahti_DJI_0089_frame15.txt,location,4096,2160,True,1
Ruokolahti,ruokolahti_DJI_0089_frame16,images/Ruokolahti/ruokolahti_DJI_0089_frame16.jpg,labels/Ruokolahti/ruokolahti_DJI_0089_frame16.txt,location,4096,2160,True,1
Ruokolahti,ruokolahti_DJI_0089_frame17,images/Ruokolahti/ruokolahti_DJI_0089_frame17.jpg,labels/Ruokolahti/ruokolahti_DJI_0089_frame17.txt,location,4096,2160,True,1
Ruokolahti,ruokolahti_DJI_0089_frame18,images/Ruokolahti/ruokolahti_DJI_0089_frame18.jpg,labels/Ruokolahti/ruokolahti_DJI_0089_frame18.txt,location,4096,2160,True,1
Ruokolahti,ruokolahti_DJI_0089_frame19,images/Ruokolahti/ruokolahti_DJI_0089_frame19.jpg,labels/Ruokolahti/ruokolahti_DJI_0089_frame19.txt,location,4096,2160,True,1
Ruokolahti,ruokolahti_DJI_0089_frame2,images/Ruokolahti/ruokolahti_DJI_0089_frame2.jpg,labels/Ruokolahti/ruokolahti_DJI_0089_frame2.txt,location,4096,2160,True,1
Ruokolahti,ruokolahti_DJI_0089_frame20,images/Ruokolahti/ruokolahti_DJI_0089_frame20.jpg,labels/Ruokolahti/ruokolahti_DJI_0089_frame20.txt,location,4096,2160,True,1
Ruokolahti,ruokolahti_DJI_0089_frame21,images/Ruokolahti/ruokolahti_DJI_0089_frame21.jpg,labels/Ruokolahti/ruokolahti_DJI_0089_frame21.txt,location,4096,2160,True,1
Ruokolahti,ruokolahti_DJI_0089_frame22,images/Ruokolahti/ruokolahti_DJI_0089_frame22.jpg,labels/Ruokolahti/ruokolahti_DJI_0089_frame22.txt,location,4096,2160,True,1
Ruokolahti,ruokolahti_DJI_0089_frame23,images/Ruokolahti/ruokolahti_DJI_0089_frame23.jpg,labels/Ruokolahti/ruokolahti_DJI_0089_frame23.txt,location,4096,2160,True,1
Ruokolahti,ruokolahti_DJI_0089_frame24,images/Ruokolahti/ruokolahti_DJI_0089_frame24.jpg,labels/Ruokolahti/ruokolahti_DJI_0089_frame24.txt,location,4096,2160,True,1
Ruokolahti,ruokolahti_DJI_0089_frame25,images/Ruokolahti/ruokolahti_DJI_0089_frame25.jpg,labels/Ruokolahti/ruokolahti_DJI_0089_frame25.txt,location,4096,2160,True,1
Ruokolahti,ruokolahti_DJI_0089_frame26,images/Ruokolahti/ruokolahti_DJI_0089_frame26.jpg,labels/Ruokolahti/ruokolahti_DJI_0089_frame26.txt,location,4096,2160,True,1
Ruokolahti,ruokolahti_DJI_0089_frame27,images/Ruokolahti/ruokolahti_DJI_0089_frame27.jpg,labels/Ruokolahti/ruokolahti_DJI_0089_frame27.txt,location,4096,2160,True,1
Ruokolahti,ruokolahti_DJI_0089_frame28,images/Ruokolahti/ruokolahti_DJI_0089_frame28.jpg,labels/Ruokolahti/ruokolahti_DJI_0089_frame28.txt,location,4096,2160,True,1
Ruokolahti,ruokolahti_DJI_0089_frame29,images/Ruokolahti/ruokolahti_DJI_0089_frame29.jpg,labels/Ruokolahti/ruokolahti_DJI_0089_frame29.txt,location,4096,2160,True,1
Ruokolahti,ruokolahti_DJI_0089_frame3,images/Ruokolahti/ruokolahti_DJI_0089_frame3.jpg,labels/Ruokolahti/ruokolahti_DJI_0089_frame3.txt,location,4096,2160,True,1
Ruokolahti,ruokolahti_DJI_0089_frame30,images/Ruokolahti/ruokolahti_DJI_0089_frame30.jpg,labels/Ruokolahti/ruokolahti_DJI_0089_frame30.txt,location,4096,2160,True,1
Ruokolahti,ruokolahti_DJI_0089_frame31,images/Ruokolahti/ruokolahti_DJI_0089_frame31.jpg,labels/Ruokolahti/ruokolahti_DJI_0089_frame31.txt,location,4096,2160,True,1
Ruokolahti,ruokolahti_DJI_0089_frame32,images/Ruokolahti/ruokolahti_DJI_0089_frame32.jpg,labels/Ruokolahti/ruokolahti_DJI_0089_frame32.txt,location,4096,2160,True,1
Ruokolahti,ruokolahti_DJI_0089_frame33,images/Ruokolahti/ruokolahti_DJI_0089_frame33.jpg,labels/Ruokolahti/ruokolahti_DJI_0089_frame33.txt,location,4096,2160,True,1
Ruokolahti,ruokolahti_DJI_0089_frame34,images/Ruokolahti/ruokolahti_DJI_0089_frame34.jpg,labels/Ruokolahti/ruokolahti_DJI_0089_frame34.txt,location,4096,2160,True,1
Ruokolahti,ruokolahti_DJI_0089_frame35,images/Ruokolahti/ruokolahti_DJI_0089_frame35.jpg,labels/Ruokolahti/ruokolahti_DJI_0089_frame35.txt,location,4096,2160,True,1
Ruokolahti,ruokolahti_DJI_0089_frame36,images/Ruokolahti/ruokolahti_DJI_0089_frame36.jpg,labels/Ruokolahti/ruokolahti_DJI_0089_frame36.txt,location,4096,2160,True,1
Ruokolahti,ruokolahti_DJI_0089_frame37,images/Ruokolahti/ruokolahti_DJI_0089_frame37.jpg,labels/Ruokolahti/ruokolahti_DJI_0089_frame37.txt,location,4096,2160,True,1
Ruokolahti,ruokolahti_DJI_0089_frame38,images/Ruokolahti/ruokolahti_DJI_0089_frame38.jpg,labels/Ruokolahti/ruokolahti_DJI_0089_frame38.txt,location,4096,2160,True,1
Ruokolahti,ruokolahti_DJI_0089_frame39,images/Ruokolahti/ruokolahti_DJI_0089_frame39.jpg,labels/Ruokolahti/ruokolahti_DJI_0089_frame39.txt,location,4096,2160,True,1
Ruokolahti,ruokolahti_DJI_0089_frame4,images/Ruokolahti/ruokolahti_DJI_0089_frame4.jpg,labels/Ruokolahti/ruokolahti_DJI_0089_frame4.txt,location,4096,2160,True,1
Ruokolahti,ruokolahti_DJI_0089_frame40,images/Ruokolahti/ruokolahti_DJI_0089_frame40.jpg,labels/Ruokolahti/ruokolahti_DJI_0089_frame40.txt,location,4096,2160,True,1
Ruokolahti,ruokolahti_DJI_0089_frame41,images/Ruokolahti/ruokolahti_DJI_0089_frame41.jpg,labels/Ruokolahti/ruokolahti_DJI_0089_frame41.txt,location,4096,2160,True,1
Ruokolahti,ruokolahti_DJI_0089_frame42,images/Ruokolahti/ruokolahti_DJI_0089_frame42.jpg,labels/Ruokolahti/ruokolahti_DJI_0089_frame42.txt,location,4096,2160,True,1
Ruokolahti,ruokolahti_DJI_0089_frame43,images/Ruokolahti/ruokolahti_DJI_0089_frame43.jpg,labels/Ruokolahti/ruokolahti_DJI_0089_frame43.txt,location,4096,2160,True,1
Ruokolahti,ruokolahti_DJI_0089_frame44,images/Ruokolahti/ruokolahti_DJI_0089_frame44.jpg,labels/Ruokolahti/ruokolahti_DJI_0089_frame44.txt,location,4096,2160,True,1
Ruokolahti,ruokolahti_DJI_0089_frame45,images/Ruokolahti/ruokolahti_DJI_0089_frame45.jpg,labels/Ruokolahti/ruokolahti_DJI_0089_frame45.txt,location,4096,2160,True,1
Ruokolahti,ruokolahti_DJI_0089_frame46,images/Ruokolahti/ruokolahti_DJI_0089_frame46.jpg,labels/Ruokolahti/ruokolahti_DJI_0089_frame46.txt,location,4096,2160,True,1
Ruokolahti,ruokolahti_DJI_0089_frame47,images/Ruokolahti/ruokolahti_DJI_0089_frame47.jpg,labels/Ruokolahti/ruokolahti_DJI_0089_frame47.txt,location,4096,2160,True,1
Ruokolahti,ruokolahti_DJI_0089_frame48,images/Ruokolahti/ruokolahti_DJI_0089_frame48.jpg,labels/Ruokolahti/ruokolahti_DJI_0089_frame48.txt,location,4096,2160,True,1
Ruokolahti,ruokolahti_DJI_0089_frame49,images/Ruokolahti/ruokolahti_DJI_0089_frame49.jpg,labels/Ruokolahti/ruokolahti_DJI_0089_frame49.txt,location,4096,2160,True,1
Ruokolahti,ruokolahti_DJI_0089_frame5,images/Ruokolahti/ruokolahti_DJI_0089_frame5.jpg,labels/Ruokolahti/ruokolahti_DJI_0089_frame5.txt,location,4096,2160,True,1
Ruokolahti,ruokolahti_DJI_0089_frame50,images/Ruokolahti/ruokolahti_DJI_0089_frame50.jpg,labels/Ruokolahti/ruokolahti_DJI_0089_frame50.txt,location,4096,2160,True,1
Ruokolahti,ruokolahti_DJI_0089_frame51,images/Ruokolahti/ruokolahti_DJI_0089_frame51.jpg,labels/Ruokolahti/ruokolahti_DJI_0089_frame51.txt,location,4096,2160,True,1
Ruokolahti,ruokolahti_DJI_0089_frame52,images/Ruokolahti/ruokolahti_DJI_0089_frame52.jpg,labels/Ruokolahti/ruokolahti_DJI_0089_frame52.txt,location,4096,2160,True,1
Ruokolahti,ruokolahti_DJI_0089_frame53,images/Ruokolahti/ruokolahti_DJI_0089_frame53.jpg,labels/Ruokolahti/ruokolahti_DJI_0089_frame53.txt,location,4096,2160,True,1
Ruokolahti,ruokolahti_DJI_0089_frame54,images/Ruokolahti/ruokolahti_DJI_0089_frame54.jpg,labels/Ruokolahti/ruokolahti_DJI_0089_frame54.txt,location,4096,2160,True,1
Ruokolahti,ruokolahti_DJI_0089_frame55,images/Ruokolahti/ruokolahti_DJI_0089_frame55.jpg,labels/Ruokolahti/ruokolahti_DJI_0089_frame55.txt,location,4096,2160,True,1
Ruokolahti,ruokolahti_DJI_0089_frame56,images/Ruokolahti/ruokolahti_DJI_0089_frame56.jpg,labels/Ruokolahti/ruokolahti_DJI_0089_frame56.txt,location,4096,2160,True,1
Ruokolahti,ruokolahti_DJI_0089_frame57,images/Ruokolahti/ruokolahti_DJI_0089_frame57.jpg,labels/Ruokolahti/ruokolahti_DJI_0089_frame57.txt,location,4096,2160,True,1
Ruokolahti,ruokolahti_DJI_0089_frame58,images/Ruokolahti/ruokolahti_DJI_0089_frame58.jpg,labels/Ruokolahti/ruokolahti_DJI_0089_frame58.txt,location,4096,2160,True,1
Ruokolahti,ruokolahti_DJI_0089_frame59,images/Ruokolahti/ruokolahti_DJI_0089_frame59.jpg,labels/Ruokolahti/ruokolahti_DJI_0089_frame59.txt,location,4096,2160,True,1
Ruokolahti,ruokolahti_DJI_0089_frame6,images/Ruokolahti/ruokolahti_DJI_0089_frame6.jpg,labels/Ruokolahti/ruokolahti_DJI_0089_frame6.txt,location,4096,2160,True,1
Ruokolahti,ruokolahti_DJI_0089_frame60,images/Ruokolahti/ruokolahti_DJI_0089_frame60.jpg,labels/Ruokolahti/ruokolahti_DJI_0089_frame60.txt,location,4096,2160,True,1
Ruokolahti,ruokolahti_DJI_0089_frame61,images/Ruokolahti/ruokolahti_DJI_0089_frame61.jpg,labels/Ruokolahti/ruokolahti_DJI_0089_frame61.txt,location,4096,2160,True,1
Ruokolahti,ruokolahti_DJI_0089_frame62,images/Ruokolahti/ruokolahti_DJI_0089_frame62.jpg,labels/Ruokolahti/ruokolahti_DJI_0089_frame62.txt,location,4096,2160,True,1
Ruokolahti,ruokolahti_DJI_0089_frame63,images/Ruokolahti/ruokolahti_DJI_0089_frame63.jpg,labels/Ruokolahti/ruokolahti_DJI_0089_frame63.txt,location,4096,2160,True,1
Ruokolahti,ruokolahti_DJI_0089_frame64,images/Ruokolahti/ruokolahti_DJI_0089_frame64.jpg,labels/Ruokolahti/ruokolahti_DJI_0089_frame64.txt,location,4096,2160,True,1
Ruokolahti,ruokolahti_DJI_0089_frame65,images/Ruokolahti/ruokolahti_DJI_0089_frame65.jpg,labels/Ruokolahti/ruokolahti_DJI_0089_frame65.txt,location,4096,2160,True,1
Ruokolahti,ruokolahti_DJI_0089_frame7,images/Ruokolahti/ruokolahti_DJI_0089_frame7.jpg,labels/Ruokolahti/ruokolahti_DJI_0089_frame7.txt,location,4096,2160,True,1
Ruokolahti,ruokolahti_DJI_0089_frame72,images/Ruokolahti/ruokolahti_DJI_0089_frame72.jpg,labels/Ruokolahti/ruokolahti_DJI_0089_frame72.txt,location,4096,2160,True,1
Ruokolahti,ruokolahti_DJI_0089_frame73,images/Ruokolahti/ruokolahti_DJI_0089_frame73.jpg,labels/Ruokolahti/ruokolahti_DJI_0089_frame73.txt,location,4096,2160,True,1
Ruokolahti,ruokolahti_DJI_0089_frame74,images/Ruokolahti/ruokolahti_DJI_0089_frame74.jpg,labels/Ruokolahti/ruokolahti_DJI_0089_frame74.txt,location,4096,2160,True,1
Ruokolahti,ruokolahti_DJI_0089_frame75,images/Ruokolahti/ruokolahti_DJI_0089_frame75.jpg,labels/Ruokolahti/ruokolahti_DJI_0089_frame75.txt,location,4096,2160,True,1
Ruokolahti,ruokolahti_DJI_0089_frame76,images/Ruokolahti/ruokolahti_DJI_0089_frame76.jpg,labels/Ruokolahti/ruokolahti_DJI_0089_frame76.txt,location,4096,2160,True,1
Ruokolahti,ruokolahti_DJI_0089_frame77,images/Ruokolahti/ruokolahti_DJI_0089_frame77.jpg,labels/Ruokolahti/ruokolahti_DJI_0089_frame77.txt,location,4096,2160,True,1
Ruokolahti,ruokolahti_DJI_0089_frame78,images/Ruokolahti/ruokolahti_DJI_0089_frame78.jpg,labels/Ruokolahti/ruokolahti_DJI_0089_frame78.txt,location,4096,2160,True,1
Ruokolahti,ruokolahti_DJI_0089_frame79,images/Ruokolahti/ruokolahti_DJI_0089_frame79.jpg,labels/Ruokolahti/ruokolahti_DJI_0089_frame79.txt,location,4096,2160,True,1
Ruokolahti,ruokolahti_DJI_0089_frame8,images/Ruokolahti/ruokolahti_DJI_0089_frame8.jpg,labels/Ruokolahti/ruokolahti_DJI_0089_frame8.txt,location,4096,2160,True,1
Ruokolahti,ruokolahti_DJI_0089_frame80,images/Ruokolahti/ruokolahti_DJI_0089_frame80.jpg,labels/Ruokolahti/ruokolahti_DJI_0089_frame80.txt,location,4096,2160,True,1
Ruokolahti,ruokolahti_DJI_0089_frame81,images/Ruokolahti/ruokolahti_DJI_0089_frame81.jpg,labels/Ruokolahti/ruokolahti_DJI_0089_frame81.txt,location,4096,2160,True,1
Ruokolahti,ruokolahti_DJI_0089_frame82,images/Ruokolahti/ruokolahti_DJI_0089_frame82.jpg,labels/Ruokolahti/ruokolahti_DJI_0089_frame82.txt,location,4096,2160,True,1
Ruokolahti,ruokolahti_DJI_0089_frame83,images/Ruokolahti/ruokolahti_DJI_0089_frame83.jpg,labels/Ruokolahti/ruokolahti_DJI_0089_frame83.txt,location,4096,2160,True,1
Ruokolahti,ruokolahti_DJI_0089_frame84,images/Ruokolahti/ruokolahti_DJI_0089_frame84.jpg,labels/Ruokolahti/ruokolahti_DJI_0089_frame84.txt,location,4096,2160,True,1
Ruokolahti,ruokolahti_DJI_0089_frame85,images/Ruokolahti/ruokolahti_DJI_0089_frame85.jpg,labels/Ruokolahti/ruokolahti_DJI_0089_frame85.txt,location,4096,2160,True,1
Ruokolahti,ruokolahti_DJI_0089_frame86,images/Ruokolahti/ruokolahti_DJI_0089_frame86.jpg,labels/Ruokolahti/ruokolahti_DJI_0089_frame86.txt,location,4096,2160,True,1
Ruokolahti,ruokolahti_DJI_0089_frame87,images/Ruokolahti/ruokolahti_DJI_0089_frame87.jpg,labels/Ruokolahti/ruokolahti_DJI_0089_frame87.txt,location,4096,2160,True,1
Ruokolahti,ruokolahti_DJI_0089_frame88,images/Ruokolahti/ruokolahti_DJI_0089_frame88.jpg,labels/Ruokolahti/ruokolahti_DJI_0089_frame88.txt,location,4096,2160,True,1
Ruokolahti,ruokolahti_DJI_0089_frame89,images/Ruokolahti/ruokolahti_DJI_0089_frame89.jpg,labels/Ruokolahti/ruokolahti_DJI_0089_frame89.txt,location,4096,2160,True,1
Ruokolahti,ruokolahti_DJI_0089_frame9,images/Ruokolahti/ruokolahti_DJI_0089_frame9.jpg,labels/Ruokolahti/ruokolahti_DJI_0089_frame9.txt,location,4096,2160,True,1
Ruokolahti,ruokolahti_DJI_0089_frame90,images/Ruokolahti/ruokolahti_DJI_0089_frame90.jpg,labels/Ruokolahti/ruokolahti_DJI_0089_frame90.txt,location,4096,2160,True,1
Ruokolahti,ruokolahti_DJI_0089_frame91,images/Ruokolahti/ruokolahti_DJI_0089_frame91.jpg,labels/Ruokolahti/ruokolahti_DJI_0089_frame91.txt,location,4096,2160,True,1
Ruokolahti,ruokolahti_DJI_0089_frame92,images/Ruokolahti/ruokolahti_DJI_0089_frame92.jpg,labels/Ruokolahti/ruokolahti_DJI_0089_frame92.txt,location,4096,2160,True,1
Ruokolahti,ruokolahti_DJI_0089_frame93,images/Ruokolahti/ruokolahti_DJI_0089_frame93.jpg,labels/Ruokolahti/ruokolahti_DJI_0089_frame93.txt,location,4096,2160,True,1
Ruokolahti,ruokolahti_DJI_0089_frame94,images/Ruokolahti/ruokolahti_DJI_0089_frame94.jpg,labels/Ruokolahti/ruokolahti_DJI_0089_frame94.txt,location,4096,2160,True,1
Heinola,heinola_DJI_0024_frame0,images/Heinola/heinola_DJI_0024_frame0.jpg,labels/Heinola/heinola_DJI_0024_frame0.txt,dedicated_empty,4096,2160,False,0
Heinola,heinola_DJI_0024_frame10,images/Heinola/heinola_DJI_0024_frame10.jpg,labels/Heinola/heinola_DJI_0024_frame10.txt,dedicated_empty,4096,2160,False,0
Heinola,heinola_DJI_0024_frame12,images/Heinola/heinola_DJI_0024_frame12.jpg,labels/Heinola/heinola_DJI_0024_frame12.txt,dedicated_empty,4096,2160,False,0
Heinola,heinola_DJI_0024_frame13,images/Heinola/heinola_DJI_0024_frame13.jpg,labels/Heinola/heinola_DJI_0024_frame13.txt,dedicated_empty,4096,2160,False,0
Heinola,heinola_DJI_0024_frame15,images/Heinola/heinola_DJI_0024_frame15.jpg,labels/Heinola/heinola_DJI_0024_frame15.txt,dedicated_empty,4096,2160,False,0
Heinola,heinola_DJI_0024_frame16,images/Heinola/heinola_DJI_0024_frame16.jpg,labels/Heinola/heinola_DJI_0024_frame16.txt,dedicated_empty,4096,2160,False,0
Heinola,heinola_DJI_0024_frame17,images/Heinola/heinola_DJI_0024_frame17.jpg,labels/Heinola/heinola_DJI_0024_frame17.txt,dedicated_empty,4096,2160,False,0
Heinola,heinola_DJI_0024_frame19,images/Heinola/heinola_DJI_0024_frame19.jpg,labels/Heinola/heinola_DJI_0024_frame19.txt,dedicated_empty,4096,2160,False,0
Heinola,heinola_DJI_0024_frame2,images/Heinola/heinola_DJI_0024_frame2.jpg,labels/Heinola/heinola_DJI_0024_frame2.txt,dedicated_empty,4096,2160,False,0
Heinola,heinola_DJI_0024_frame20,images/Heinola/heinola_DJI_0024_frame20.jpg,labels/Heinola/heinola_DJI_0024_frame20.txt,dedicated_empty,4096,2160,False,0
Heinola,heinola_DJI_0024_frame21,images/Heinola/heinola_DJI_0024_frame21.jpg,labels/Heinola/heinola_DJI_0024_frame21.txt,dedicated_empty,4096,2160,False,0
Heinola,heinola_DJI_0024_frame23,images/Heinola/heinola_DJI_0024_frame23.jpg,labels/Heinola/heinola_DJI_0024_frame23.txt,dedicated_empty,4096,2160,False,0
Heinola,heinola_DJI_0024_frame24,images/Heinola/heinola_DJI_0024_frame24.jpg,labels/Heinola/heinola_DJI_0024_frame24.txt,dedicated_empty,4096,2160,False,0
Heinola,heinola_DJI_0024_frame25,images/Heinola/heinola_DJI_0024_frame25.jpg,labels/Heinola/heinola_DJI_0024_frame25.txt,dedicated_empty,4096,2160,False,0
Heinola,heinola_DJI_0024_frame27,images/Heinola/heinola_DJI_0024_frame27.jpg,labels/Heinola/heinola_DJI_0024_frame27.txt,dedicated_empty,4096,2160,False,0
Heinola,heinola_DJI_0024_frame28,images/Heinola/heinola_DJI_0024_frame28.jpg,labels/Heinola/heinola_DJI_0024_frame28.txt,dedicated_empty,4096,2160,False,0
Heinola,heinola_DJI_0024_frame30,images/Heinola/heinola_DJI_0024_frame30.jpg,labels/Heinola/heinola_DJI_0024_frame30.txt,dedicated_empty,4096,2160,False,0
Heinola,heinola_DJI_0024_frame31,images/Heinola/heinola_DJI_0024_frame31.jpg,labels/Heinola/heinola_DJI_0024_frame31.txt,dedicated_empty,4096,2160,False,0
Heinola,heinola_DJI_0024_frame33,images/Heinola/heinola_DJI_0024_frame33.jpg,labels/Heinola/heinola_DJI_0024_frame33.txt,dedicated_empty,4096,2160,False,0
Heinola,heinola_DJI_0024_frame34,images/Heinola/heinola_DJI_0024_frame34.jpg,labels/Heinola/heinola_DJI_0024_frame34.txt,dedicated_empty,4096,2160,False,0
Heinola,heinola_DJI_0024_frame35,images/Heinola/heinola_DJI_0024_frame35.jpg,labels/Heinola/heinola_DJI_0024_frame35.txt,dedicated_empty,4096,2160,False,0
Heinola,heinola_DJI_0024_frame37,images/Heinola/heinola_DJI_0024_frame37.jpg,labels/Heinola/heinola_DJI_0024_frame37.txt,dedicated_empty,4096,2160,False,0
Heinola,heinola_DJI_0024_frame38,images/Heinola/heinola_DJI_0024_frame38.jpg,labels/Heinola/heinola_DJI_0024_frame38.txt,dedicated_empty,4096,2160,False,0
Heinola,heinola_DJI_0024_frame4,images/Heinola/heinola_DJI_0024_frame4.jpg,labels/Heinola/heinola_DJI_0024_frame4.txt,dedicated_empty,4096,2160,False,0
Heinola,heinola_DJI_0024_frame40,images/Heinola/heinola_DJI_0024_frame40.jpg,labels/Heinola/heinola_DJI_0024_frame40.txt,dedicated_empty,4096,2160,False,0
Heinola,heinola_DJI_0024_frame41,images/Heinola/heinola_DJI_0024_frame41.jpg,labels/Heinola/heinola_DJI_0024_frame41.txt,dedicated_empty,4096,2160,False,0
Heinola,heinola_DJI_0024_frame43,images/Heinola/heinola_DJI_0024_frame43.jpg,labels/Heinola/heinola_DJI_0024_frame43.txt,dedicated_empty,4096,2160,False,0
Heinola,heinola_DJI_0024_frame44,images/Heinola/heinola_DJI_0024_frame44.jpg,labels/Heinola/heinola_DJI_0024_frame44.txt,dedicated_empty,4096,2160,False,0
Heinola,heinola_DJI_0024_frame45,images/Heinola/heinola_DJI_0024_frame45.jpg,labels/Heinola/heinola_DJI_0024_frame45.txt,dedicated_empty,4096,2160,False,0
Heinola,heinola_DJI_0024_frame47,images/Heinola/heinola_DJI_0024_frame47.jpg,labels/Heinola/heinola_DJI_0024_frame47.txt,dedicated_empty,4096,2160,False,0
Heinola,heinola_DJI_0024_frame48,images/Heinola/heinola_DJI_0024_frame48.jpg,labels/Heinola/heinola_DJI_0024_frame48.txt,dedicated_empty,4096,2160,False,0
Heinola,heinola_DJI_0024_frame49,images/Heinola/heinola_DJI_0024_frame49.jpg,labels/Heinola/heinola_DJI_0024_frame49.txt,dedicated_empty,4096,2160,False,0
Heinola,heinola_DJI_0024_frame50,images/Heinola/heinola_DJI_0024_frame50.jpg,labels/Heinola/heinola_DJI_0024_frame50.txt,dedicated_empty,4096,2160,False,0
Heinola,heinola_DJI_0024_frame51,images/Heinola/heinola_DJI_0024_frame51.jpg,labels/Heinola/heinola_DJI_0024_frame51.txt,dedicated_empty,4096,2160,False,0
Heinola,heinola_DJI_0024_frame53,images/Heinola/heinola_DJI_0024_frame53.jpg,labels/Heinola/heinola_DJI_0024_frame53.txt,dedicated_empty,4096,2160,False,0
Heinola,heinola_DJI_0024_frame54,images/Heinola/heinola_DJI_0024_frame54.jpg,labels/Heinola/heinola_DJI_0024_frame54.txt,dedicated_empty,4096,2160,False,0
Heinola,heinola_DJI_0024_frame56,images/Heinola/heinola_DJI_0024_frame56.jpg,labels/Heinola/heinola_DJI_0024_frame56.txt,dedicated_empty,4096,2160,False,0
Heinola,heinola_DJI_0024_frame57,images/Heinola/heinola_DJI_0024_frame57.jpg,labels/Heinola/heinola_DJI_0024_frame57.txt,dedicated_empty,4096,2160,False,0
Heinola,heinola_DJI_0024_frame59,images/Heinola/heinola_DJI_0024_frame59.jpg,labels/Heinola/heinola_DJI_0024_frame59.txt,dedicated_empty,4096,2160,False,0
Heinola,heinola_DJI_0024_frame6,images/Heinola/heinola_DJI_0024_frame6.jpg,labels/Heinola/heinola_DJI_0024_frame6.txt,dedicated_empty,4096,2160,False,0
Heinola,heinola_DJI_0024_frame60,images/Heinola/heinola_DJI_0024_frame60.jpg,labels/Heinola/heinola_DJI_0024_frame60.txt,dedicated_empty,4096,2160,False,0
Heinola,heinola_DJI_0024_frame62,images/Heinola/heinola_DJI_0024_frame62.jpg,labels/Heinola/heinola_DJI_0024_frame62.txt,dedicated_empty,4096,2160,False,0
Heinola,heinola_DJI_0024_frame63,images/Heinola/heinola_DJI_0024_frame63.jpg,labels/Heinola/heinola_DJI_0024_frame63.txt,dedicated_empty,4096,2160,False,0
Heinola,heinola_DJI_0024_frame65,images/Heinola/heinola_DJI_0024_frame65.jpg,labels/Heinola/heinola_DJI_0024_frame65.txt,dedicated_empty,4096,2160,False,0
Heinola,heinola_DJI_0024_frame66,images/Heinola/heinola_DJI_0024_frame66.jpg,labels/Heinola/heinola_DJI_0024_frame66.txt,dedicated_empty,4096,2160,False,0
Heinola,heinola_DJI_0024_frame68,images/Heinola/heinola_DJI_0024_frame68.jpg,labels/Heinola/heinola_DJI_0024_frame68.txt,dedicated_empty,4096,2160,False,0
Heinola,heinola_DJI_0024_frame69,images/Heinola/heinola_DJI_0024_frame69.jpg,labels/Heinola/heinola_DJI_0024_frame69.txt,dedicated_empty,4096,2160,False,0
Heinola,heinola_DJI_0024_frame7,images/Heinola/heinola_DJI_0024_frame7.jpg,labels/Heinola/heinola_DJI_0024_frame7.txt,dedicated_empty,4096,2160,False,0
Heinola,heinola_DJI_0024_frame71,images/Heinola/heinola_DJI_0024_frame71.jpg,labels/Heinola/heinola_DJI_0024_frame71.txt,dedicated_empty,4096,2160,False,0
Heinola,heinola_DJI_0024_frame72,images/Heinola/heinola_DJI_0024_frame72.jpg,labels/Heinola/heinola_DJI_0024_frame72.txt,dedicated_empty,4096,2160,False,0
Heinola,heinola_DJI_0024_frame73,images/Heinola/heinola_DJI_0024_frame73.jpg,labels/Heinola/heinola_DJI_0024_frame73.txt,dedicated_empty,4096,2160,False,0
Heinola,heinola_DJI_0024_frame74,images/Heinola/heinola_DJI_0024_frame74.jpg,labels/Heinola/heinola_DJI_0024_frame74.txt,dedicated_empty,4096,2160,False,0
Heinola,heinola_DJI_0024_frame77,images/Heinola/heinola_DJI_0024_frame77.jpg,labels/Heinola/heinola_DJI_0024_frame77.txt,dedicated_empty,4096,2160,False,0
Heinola,heinola_DJI_0024_frame78,images/Heinola/heinola_DJI_0024_frame78.jpg,labels/Heinola/heinola_DJI_0024_frame78.txt,dedicated_empty,4096,2160,False,0
Heinola,heinola_DJI_0024_frame82,images/Heinola/heinola_DJI_0024_frame82.jpg,labels/Heinola/heinola_DJI_0024_frame82.txt,dedicated_empty,4096,2160,False,0
Heinola,heinola_DJI_0024_frame83,images/Heinola/heinola_DJI_0024_frame83.jpg,labels/Heinola/heinola_DJI_0024_frame83.txt,dedicated_empty,4096,2160,False,0
Heinola,heinola_DJI_0024_frame85,images/Heinola/heinola_DJI_0024_frame85.jpg,labels/Heinola/heinola_DJI_0024_frame85.txt,dedicated_empty,4096,2160,False,0
Heinola,heinola_DJI_0024_frame86,images/Heinola/heinola_DJI_0024_frame86.jpg,labels/Heinola/heinola_DJI_0024_frame86.txt,dedicated_empty,4096,2160,False,0
Heinola,heinola_DJI_0024_frame9,images/Heinola/heinola_DJI_0024_frame9.jpg,labels/Heinola/heinola_DJI_0024_frame9.txt,dedicated_empty,4096,2160,False,0
Heinola,heinola_DJI_0028_frame0,images/Heinola/heinola_DJI_0028_frame0.jpg,labels/Heinola/heinola_DJI_0028_frame0.txt,dedicated_empty,4096,2160,False,0
Heinola,heinola_DJI_0028_frame10,images/Heinola/heinola_DJI_0028_frame10.jpg,labels/Heinola/heinola_DJI_0028_frame10.txt,dedicated_empty,4096,2160,False,0
Heinola,heinola_DJI_0028_frame100,images/Heinola/heinola_DJI_0028_frame100.jpg,labels/Heinola/heinola_DJI_0028_frame100.txt,dedicated_empty,4096,2160,False,0
Heinola,heinola_DJI_0028_frame103,images/Heinola/heinola_DJI_0028_frame103.jpg,labels/Heinola/heinola_DJI_0028_frame103.txt,dedicated_empty,4096,2160,False,0
Heinola,heinola_DJI_0028_frame104,images/Heinola/heinola_DJI_0028_frame104.jpg,labels/Heinola/heinola_DJI_0028_frame104.txt,dedicated_empty,4096,2160,False,0
Heinola,heinola_DJI_0028_frame107,images/Heinola/heinola_DJI_0028_frame107.jpg,labels/Heinola/heinola_DJI_0028_frame107.txt,dedicated_empty,4096,2160,False,0
Heinola,heinola_DJI_0028_frame108,images/Heinola/heinola_DJI_0028_frame108.jpg,labels/Heinola/heinola_DJI_0028_frame108.txt,dedicated_empty,4096,2160,False,0
Heinola,heinola_DJI_0028_frame11,images/Heinola/heinola_DJI_0028_frame11.jpg,labels/Heinola/heinola_DJI_0028_frame11.txt,dedicated_empty,4096,2160,False,0
Heinola,heinola_DJI_0028_frame110,images/Heinola/heinola_DJI_0028_frame110.jpg,labels/Heinola/heinola_DJI_0028_frame110.txt,dedicated_empty,4096,2160,False,0
Heinola,heinola_DJI_0028_frame111,images/Heinola/heinola_DJI_0028_frame111.jpg,labels/Heinola/heinola_DJI_0028_frame111.txt,dedicated_empty,4096,2160,False,0
Heinola,heinola_DJI_0028_frame114,images/Heinola/heinola_DJI_0028_frame114.jpg,labels/Heinola/heinola_DJI_0028_frame114.txt,dedicated_empty,4096,2160,False,0
Heinola,heinola_DJI_0028_frame115,images/Heinola/heinola_DJI_0028_frame115.jpg,labels/Heinola/heinola_DJI_0028_frame115.txt,dedicated_empty,4096,2160,False,0
Heinola,heinola_DJI_0028_frame116,images/Heinola/heinola_DJI_0028_frame116.jpg,labels/Heinola/heinola_DJI_0028_frame116.txt,dedicated_empty,4096,2160,False,0
Heinola,heinola_DJI_0028_frame118,images/Heinola/heinola_DJI_0028_frame118.jpg,labels/Heinola/heinola_DJI_0028_frame118.txt,dedicated_empty,4096,2160,False,0
Heinola,heinola_DJI_0028_frame119,images/Heinola/heinola_DJI_0028_frame119.jpg,labels/Heinola/heinola_DJI_0028_frame119.txt,dedicated_empty,4096,2160,False,0
Heinola,heinola_DJI_0028_frame122,images/Heinola/heinola_DJI_0028_frame122.jpg,labels/Heinola/heinola_DJI_0028_frame122.txt,dedicated_empty,4096,2160,False,0
Heinola,heinola_DJI_0028_frame123,images/Heinola/heinola_DJI_0028_frame123.jpg,labels/Heinola/heinola_DJI_0028_frame123.txt,dedicated_empty,4096,2160,False,0
Heinola,heinola_DJI_0028_frame126,images/Heinola/heinola_DJI_0028_frame126.jpg,labels/Heinola/heinola_DJI_0028_frame126.txt,dedicated_empty,4096,2160,False,0
Heinola,heinola_DJI_0028_frame127,images/Heinola/heinola_DJI_0028_frame127.jpg,labels/Heinola/heinola_DJI_0028_frame127.txt,dedicated_empty,4096,2160,False,0
Heinola,heinola_DJI_0028_frame128,images/Heinola/heinola_DJI_0028_frame128.jpg,labels/Heinola/heinola_DJI_0028_frame128.txt,dedicated_empty,4096,2160,False,0
Heinola,heinola_DJI_0028_frame13,images/Heinola/heinola_DJI_0028_frame13.jpg,labels/Heinola/heinola_DJI_0028_frame13.txt,dedicated_empty,4096,2160,False,0
Heinola,heinola_DJI_0028_frame131,images/Heinola/heinola_DJI_0028_frame131.jpg,labels/Heinola/heinola_DJI_0028_frame131.txt,dedicated_empty,4096,2160,False,0
Heinola,heinola_DJI_0028_frame132,images/Heinola/heinola_DJI_0028_frame132.jpg,labels/Heinola/heinola_DJI_0028_frame132.txt,dedicated_empty,4096,2160,False,0
Heinola,heinola_DJI_0028_frame133,images/Heinola/heinola_DJI_0028_frame133.jpg,labels/Heinola/heinola_DJI_0028_frame133.txt,dedicated_empty,4096,2160,False,0
Heinola,heinola_DJI_0028_frame134,images/Heinola/heinola_DJI_0028_frame134.jpg,labels/Heinola/heinola_DJI_0028_frame134.txt,dedicated_empty,4096,2160,False,0
Heinola,heinola_DJI_0028_frame136,images/Heinola/heinola_DJI_0028_frame136.jpg,labels/Heinola/heinola_DJI_0028_frame136.txt,dedicated_empty,4096,2160,False,0
Heinola,heinola_DJI_0028_frame137,images/Heinola/heinola_DJI_0028_frame137.jpg,labels/Heinola/heinola_DJI_0028_frame137.txt,dedicated_empty,4096,2160,False,0
Heinola,heinola_DJI_0028_frame138,images/Heinola/heinola_DJI_0028_frame138.jpg,labels/Heinola/heinola_DJI_0028_frame138.txt,dedicated_empty,4096,2160,False,0
Heinola,heinola_DJI_0028_frame14,images/Heinola/heinola_DJI_0028_frame14.jpg,labels/Heinola/heinola_DJI_0028_frame14.txt,dedicated_empty,4096,2160,False,0
Heinola,heinola_DJI_0028_frame142,images/Heinola/heinola_DJI_0028_frame142.jpg,labels/Heinola/heinola_DJI_0028_frame142.txt,dedicated_empty,4096,2160,False,0
Heinola,heinola_DJI_0028_frame143,images/Heinola/heinola_DJI_0028_frame143.jpg,labels/Heinola/heinola_DJI_0028_frame143.txt,dedicated_empty,4096,2160,False,0
Heinola,heinola_DJI_0028_frame145,images/Heinola/heinola_DJI_0028_frame145.jpg,labels/Heinola/heinola_DJI_0028_frame145.txt,dedicated_empty,4096,2160,False,0
Heinola,heinola_DJI_0028_frame146,images/Heinola/heinola_DJI_0028_frame146.jpg,labels/Heinola/heinola_DJI_0028_frame146.txt,dedicated_empty,4096,2160,False,0
Heinola,heinola_DJI_0028_frame147,images/Heinola/heinola_DJI_0028_frame147.jpg,labels/Heinola/heinola_DJI_0028_frame147.txt,dedicated_empty,4096,2160,False,0
Heinola,heinola_DJI_0028_frame195,images/Heinola/heinola_DJI_0028_frame195.jpg,labels/Heinola/heinola_DJI_0028_frame195.txt,dedicated_empty,4096,2160,False,0
Heinola,heinola_DJI_0028_frame196,images/Heinola/heinola_DJI_0028_frame196.jpg,labels/Heinola/heinola_DJI_0028_frame196.txt,dedicated_empty,4096,2160,False,0
Heinola,heinola_DJI_0028_frame197,images/Heinola/heinola_DJI_0028_frame197.jpg,labels/Heinola/heinola_DJI_0028_frame197.txt,dedicated_empty,4096,2160,False,0
Heinola,heinola_DJI_0028_frame198,images/Heinola/heinola_DJI_0028_frame198.jpg,labels/Heinola/heinola_DJI_0028_frame198.txt,dedicated_empty,4096,2160,False,0
Heinola,heinola_DJI_0028_frame199,images/Heinola/heinola_DJI_0028_frame199.jpg,labels/Heinola/heinola_DJI_0028_frame199.txt,dedicated_empty,4096,2160,False,0
Heinola,heinola_DJI_0028_frame200,images/Heinola/heinola_DJI_0028_frame200.jpg,labels/Heinola/heinola_DJI_0028_frame200.txt,dedicated_empty,4096,2160,False,0
Heinola,heinola_DJI_0028_frame202,images/Heinola/heinola_DJI_0028_frame202.jpg,labels/Heinola/heinola_DJI_0028_frame202.txt,dedicated_empty,4096,2160,False,0
Heinola,heinola_DJI_0028_frame204,images/Heinola/heinola_DJI_0028_frame204.jpg,labels/Heinola/heinola_DJI_0028_frame204.txt,dedicated_empty,4096,2160,False,0
Heinola,heinola_DJI_0028_frame205,images/Heinola/heinola_DJI_0028_frame205.jpg,labels/Heinola/heinola_DJI_0028_frame205.txt,dedicated_empty,4096,2160,False,0
Heinola,heinola_DJI_0028_frame206,images/Heinola/heinola_DJI_0028_frame206.jpg,labels/Heinola/heinola_DJI_0028_frame206.txt,dedicated_empty,4096,2160,False,0
Heinola,heinola_DJI_0028_frame207,images/Heinola/heinola_DJI_0028_frame207.jpg,labels/Heinola/heinola_DJI_0028_frame207.txt,dedicated_empty,4096,2160,False,0
Heinola,heinola_DJI_0028_frame209,images/Heinola/heinola_DJI_0028_frame209.jpg,labels/Heinola/heinola_DJI_0028_frame209.txt,dedicated_empty,4096,2160,False,0
Heinola,heinola_DJI_0028_frame210,images/Heinola/heinola_DJI_0028_frame210.jpg,labels/Heinola/heinola_DJI_0028_frame210.txt,dedicated_empty,4096,2160,False,0
Heinola,heinola_DJI_0028_frame211,images/Heinola/heinola_DJI_0028_frame211.jpg,labels/Heinola/heinola_DJI_0028_frame211.txt,dedicated_empty,4096,2160,False,0
Heinola,heinola_DJI_0028_frame212,images/Heinola/heinola_DJI_0028_frame212.jpg,labels/Heinola/heinola_DJI_0028_frame212.txt,dedicated_empty,4096,2160,False,0
Heinola,heinola_DJI_0028_frame213,images/Heinola/heinola_DJI_0028_frame213.jpg,labels/Heinola/heinola_DJI_0028_frame213.txt,dedicated_empty,4096,2160,False,0
Heinola,heinola_DJI_0028_frame214,images/Heinola/heinola_DJI_0028_frame214.jpg,labels/Heinola/heinola_DJI_0028_frame214.txt,dedicated_empty,4096,2160,False,0
Heinola,heinola_DJI_0028_frame218,images/Heinola/heinola_DJI_0028_frame218.jpg,labels/Heinola/heinola_DJI_0028_frame218.txt,dedicated_empty,4096,2160,False,0
Heinola,heinola_DJI_0028_frame219,images/Heinola/heinola_DJI_0028_frame219.jpg,labels/Heinola/heinola_DJI_0028_frame219.txt,dedicated_empty,4096,2160,False,0
Heinola,heinola_DJI_0028_frame220,images/Heinola/heinola_DJI_0028_frame220.jpg,labels/Heinola/heinola_DJI_0028_frame220.txt,dedicated_empty,4096,2160,False,0
Heinola,heinola_DJI_0028_frame221,images/Heinola/heinola_DJI_0028_frame221.jpg,labels/Heinola/heinola_DJI_0028_frame221.txt,dedicated_empty,4096,2160,False,0
Heinola,heinola_DJI_0028_frame222,images/Heinola/heinola_DJI_0028_frame222.jpg,labels/Heinola/heinola_DJI_0028_frame222.txt,dedicated_empty,4096,2160,False,0
Heinola,heinola_DJI_0028_frame223,images/Heinola/heinola_DJI_0028_frame223.jpg,labels/Heinola/heinola_DJI_0028_frame223.txt,dedicated_empty,4096,2160,False,0
Heinola,heinola_DJI_0028_frame224,images/Heinola/heinola_DJI_0028_frame224.jpg,labels/Heinola/heinola_DJI_0028_frame224.txt,dedicated_empty,4096,2160,False,0
Heinola,heinola_DJI_0028_frame225,images/Heinola/heinola_DJI_0028_frame225.jpg,labels/Heinola/heinola_DJI_0028_frame225.txt,dedicated_empty,4096,2160,False,0
Heinola,heinola_DJI_0028_frame229,images/Heinola/heinola_DJI_0028_frame229.jpg,labels/Heinola/heinola_DJI_0028_frame229.txt,dedicated_empty,4096,2160,False,0
Heinola,heinola_DJI_0028_frame230,images/Heinola/heinola_DJI_0028_frame230.jpg,labels/Heinola/heinola_DJI_0028_frame230.txt,dedicated_empty,4096,2160,False,0
Heinola,heinola_DJI_0028_frame39,images/Heinola/heinola_DJI_0028_frame39.jpg,labels/Heinola/heinola_DJI_0028_frame39.txt,dedicated_empty,4096,2160,False,0
Heinola,heinola_DJI_0028_frame4,images/Heinola/heinola_DJI_0028_frame4.jpg,labels/Heinola/heinola_DJI_0028_frame4.txt,dedicated_empty,4096,2160,False,0
Heinola,heinola_DJI_0028_frame40,images/Heinola/heinola_DJI_0028_frame40.jpg,labels/Heinola/heinola_DJI_0028_frame40.txt,dedicated_empty,4096,2160,False,0
Heinola,heinola_DJI_0028_frame41,images/Heinola/heinola_DJI_0028_frame41.jpg,labels/Heinola/heinola_DJI_0028_frame41.txt,dedicated_empty,4096,2160,False,0
Heinola,heinola_DJI_0028_frame43,images/Heinola/heinola_DJI_0028_frame43.jpg,labels/Heinola/heinola_DJI_0028_frame43.txt,dedicated_empty,4096,2160,False,0
Heinola,heinola_DJI_0028_frame44,images/Heinola/heinola_DJI_0028_frame44.jpg,labels/Heinola/heinola_DJI_0028_frame44.txt,dedicated_empty,4096,2160,False,0
Heinola,heinola_DJI_0028_frame45,images/Heinola/heinola_DJI_0028_frame45.jpg,labels/Heinola/heinola_DJI_0028_frame45.txt,dedicated_empty,4096,2160,False,0
Heinola,heinola_DJI_0028_frame46,images/Heinola/heinola_DJI_0028_frame46.jpg,labels/Heinola/heinola_DJI_0028_frame46.txt,dedicated_empty,4096,2160,False,0
Heinola,heinola_DJI_0028_frame47,images/Heinola/heinola_DJI_0028_frame47.jpg,labels/Heinola/heinola_DJI_0028_frame47.txt,dedicated_empty,4096,2160,False,0
Heinola,heinola_DJI_0028_frame48,images/Heinola/heinola_DJI_0028_frame48.jpg,labels/Heinola/heinola_DJI_0028_frame48.txt,dedicated_empty,4096,2160,False,0
Heinola,heinola_DJI_0028_frame49,images/Heinola/heinola_DJI_0028_frame49.jpg,labels/Heinola/heinola_DJI_0028_frame49.txt,dedicated_empty,4096,2160,False,0
Heinola,heinola_DJI_0028_frame50,images/Heinola/heinola_DJI_0028_frame50.jpg,labels/Heinola/heinola_DJI_0028_frame50.txt,dedicated_empty,4096,2160,False,0
Heinola,heinola_DJI_0028_frame51,images/Heinola/heinola_DJI_0028_frame51.jpg,labels/Heinola/heinola_DJI_0028_frame51.txt,dedicated_empty,4096,2160,False,0
Heinola,heinola_DJI_0028_frame52,images/Heinola/heinola_DJI_0028_frame52.jpg,labels/Heinola/heinola_DJI_0028_frame52.txt,dedicated_empty,4096,2160,False,0
Heinola,heinola_DJI_0028_frame53,images/Heinola/heinola_DJI_0028_frame53.jpg,labels/Heinola/heinola_DJI_0028_frame53.txt,dedicated_empty,4096,2160,False,0
Heinola,heinola_DJI_0028_frame54,images/Heinola/heinola_DJI_0028_frame54.jpg,labels/Heinola/heinola_DJI_0028_frame54.txt,dedicated_empty,4096,2160,False,0
Heinola,heinola_DJI_0028_frame55,images/Heinola/heinola_DJI_0028_frame55.jpg,labels/Heinola/heinola_DJI_0028_frame55.txt,dedicated_empty,4096,2160,False,0
Heinola,heinola_DJI_0028_frame56,images/Heinola/heinola_DJI_0028_frame56.jpg,labels/Heinola/heinola_DJI_0028_frame56.txt,dedicated_empty,4096,2160,False,0
Heinola,heinola_DJI_0028_frame57,images/Heinola/heinola_DJI_0028_frame57.jpg,labels/Heinola/heinola_DJI_0028_frame57.txt,dedicated_empty,4096,2160,False,0
Heinola,heinola_DJI_0028_frame58,images/Heinola/heinola_DJI_0028_frame58.jpg,labels/Heinola/heinola_DJI_0028_frame58.txt,dedicated_empty,4096,2160,False,0
Heinola,heinola_DJI_0028_frame6,images/Heinola/heinola_DJI_0028_frame6.jpg,labels/Heinola/heinola_DJI_0028_frame6.txt,dedicated_empty,4096,2160,False,0
Heinola,heinola_DJI_0028_frame60,images/Heinola/heinola_DJI_0028_frame60.jpg,labels/Heinola/heinola_DJI_0028_frame60.txt,dedicated_empty,4096,2160,False,0
Heinola,heinola_DJI_0028_frame61,images/Heinola/heinola_DJI_0028_frame61.jpg,labels/Heinola/heinola_DJI_0028_frame61.txt,dedicated_empty,4096,2160,False,0
Heinola,heinola_DJI_0028_frame62,images/Heinola/heinola_DJI_0028_frame62.jpg,labels/Heinola/heinola_DJI_0028_frame62.txt,dedicated_empty,4096,2160,False,0
Heinola,heinola_DJI_0028_frame63,images/Heinola/heinola_DJI_0028_frame63.jpg,labels/Heinola/heinola_DJI_0028_frame63.txt,dedicated_empty,4096,2160,False,0
Heinola,heinola_DJI_0028_frame64,images/Heinola/heinola_DJI_0028_frame64.jpg,labels/Heinola/heinola_DJI_0028_frame64.txt,dedicated_empty,4096,2160,False,0
Heinola,heinola_DJI_0028_frame65,images/Heinola/heinola_DJI_0028_frame65.jpg,labels/Heinola/heinola_DJI_0028_frame65.txt,dedicated_empty,4096,2160,False,0
Heinola,heinola_DJI_0028_frame66,images/Heinola/heinola_DJI_0028_frame66.jpg,labels/Heinola/heinola_DJI_0028_frame66.txt,dedicated_empty,4096,2160,False,0
Heinola,heinola_DJI_0028_frame67,images/Heinola/heinola_DJI_0028_frame67.jpg,labels/Heinola/heinola_DJI_0028_frame67.txt,dedicated_empty,4096,2160,False,0
Heinola,heinola_DJI_0028_frame69,images/Heinola/heinola_DJI_0028_frame69.jpg,labels/Heinola/heinola_DJI_0028_frame69.txt,dedicated_empty,4096,2160,False,0
Heinola,heinola_DJI_0028_frame7,images/Heinola/heinola_DJI_0028_frame7.jpg,labels/Heinola/heinola_DJI_0028_frame7.txt,dedicated_empty,4096,2160,False,0
Heinola,heinola_DJI_0028_frame70,images/Heinola/heinola_DJI_0028_frame70.jpg,labels/Heinola/heinola_DJI_0028_frame70.txt,dedicated_empty,4096,2160,False,0
Heinola,heinola_DJI_0028_frame72,images/Heinola/heinola_DJI_0028_frame72.jpg,labels/Heinola/heinola_DJI_0028_frame72.txt,dedicated_empty,4096,2160,False,0
Heinola,heinola_DJI_0028_frame73,images/Heinola/heinola_DJI_0028_frame73.jpg,labels/Heinola/heinola_DJI_0028_frame73.txt,dedicated_empty,4096,2160,False,0
Heinola,heinola_DJI_0028_frame75,images/Heinola/heinola_DJI_0028_frame75.jpg,labels/Heinola/heinola_DJI_0028_frame75.txt,dedicated_empty,4096,2160,False,0
Heinola,heinola_DJI_0028_frame76,images/Heinola/heinola_DJI_0028_frame76.jpg,labels/Heinola/heinola_DJI_0028_frame76.txt,dedicated_empty,4096,2160,False,0
Heinola,heinola_DJI_0028_frame78,images/Heinola/heinola_DJI_0028_frame78.jpg,labels/Heinola/heinola_DJI_0028_frame78.txt,dedicated_empty,4096,2160,False,0
Heinola,heinola_DJI_0028_frame81,images/Heinola/heinola_DJI_0028_frame81.jpg,labels/Heinola/heinola_DJI_0028_frame81.txt,dedicated_empty,4096,2160,False,0
Heinola,heinola_DJI_0028_frame82,images/Heinola/heinola_DJI_0028_frame82.jpg,labels/Heinola/heinola_DJI_0028_frame82.txt,dedicated_empty,4096,2160,False,0
Heinola,heinola_DJI_0028_frame87,images/Heinola/heinola_DJI_0028_frame87.jpg,labels/Heinola/heinola_DJI_0028_frame87.txt,dedicated_empty,4096,2160,False,0
Heinola,heinola_DJI_0028_frame89,images/Heinola/heinola_DJI_0028_frame89.jpg,labels/Heinola/heinola_DJI_0028_frame89.txt,dedicated_empty,4096,2160,False,0
Heinola,heinola_DJI_0028_frame9,images/Heinola/heinola_DJI_0028_frame9.jpg,labels/Heinola/heinola_DJI_0028_frame9.txt,dedicated_empty,4096,2160,False,0
Heinola,heinola_DJI_0028_frame91,images/Heinola/heinola_DJI_0028_frame91.jpg,labels/Heinola/heinola_DJI_0028_frame91.txt,dedicated_empty,4096,2160,False,0
Heinola,heinola_DJI_0028_frame92,images/Heinola/heinola_DJI_0028_frame92.jpg,labels/Heinola/heinola_DJI_0028_frame92.txt,dedicated_empty,4096,2160,False,0
Heinola,heinola_DJI_0028_frame93,images/Heinola/heinola_DJI_0028_frame93.jpg,labels/Heinola/heinola_DJI_0028_frame93.txt,dedicated_empty,4096,2160,False,0
Heinola,heinola_DJI_0028_frame94,images/Heinola/heinola_DJI_0028_frame94.jpg,labels/Heinola/heinola_DJI_0028_frame94.txt,dedicated_empty,4096,2160,False,0
Heinola,heinola_DJI_0028_frame95,images/Heinola/heinola_DJI_0028_frame95.jpg,labels/Heinola/heinola_DJI_0028_frame95.txt,dedicated_empty,4096,2160,False,0
Heinola,heinola_DJI_0028_frame96,images/Heinola/heinola_DJI_0028_frame96.jpg,labels/Heinola/heinola_DJI_0028_frame96.txt,dedicated_empty,4096,2160,False,0
Heinola,heinola_DJI_0028_frame97,images/Heinola/heinola_DJI_0028_frame97.jpg,labels/Heinola/heinola_DJI_0028_frame97.txt,dedicated_empty,4096,2160,False,0
Heinola,heinola_DJI_0028_frame99,images/Heinola/heinola_DJI_0028_frame99.jpg,labels/Heinola/heinola_DJI_0028_frame99.txt,dedicated_empty,4096,2160,False,0
Heinola,heinola_DJI_0048_frame0,images/Heinola/heinola_DJI_0048_frame0.jpg,labels/Heinola/heinola_DJI_0048_frame0.txt,dedicated_empty,4096,2160,False,0
Heinola,heinola_DJI_0048_frame1,images/Heinola/heinola_DJI_0048_frame1.jpg,labels/Heinola/heinola_DJI_0048_frame1.txt,dedicated_empty,4096,2160,False,0
Heinola,heinola_DJI_0048_frame100,images/Heinola/heinola_DJI_0048_frame100.jpg,labels/Heinola/heinola_DJI_0048_frame100.txt,dedicated_empty,4096,2160,False,0
Heinola,heinola_DJI_0048_frame101,images/Heinola/heinola_DJI_0048_frame101.jpg,labels/Heinola/heinola_DJI_0048_frame101.txt,dedicated_empty,4096,2160,False,0
Heinola,heinola_DJI_0048_frame102,images/Heinola/heinola_DJI_0048_frame102.jpg,labels/Heinola/heinola_DJI_0048_frame102.txt,dedicated_empty,4096,2160,False,0
Heinola,heinola_DJI_0048_frame103,images/Heinola/heinola_DJI_0048_frame103.jpg,labels/Heinola/heinola_DJI_0048_frame103.txt,dedicated_empty,4096,2160,False,0
Heinola,heinola_DJI_0048_frame104,images/Heinola/heinola_DJI_0048_frame104.jpg,labels/Heinola/heinola_DJI_0048_frame104.txt,dedicated_empty,4096,2160,False,0
Heinola,heinola_DJI_0048_frame172,images/Heinola/heinola_DJI_0048_frame172.jpg,labels/Heinola/heinola_DJI_0048_frame172.txt,dedicated_empty,4096,2160,False,0
Heinola,heinola_DJI_0048_frame173,images/Heinola/heinola_DJI_0048_frame173.jpg,labels/Heinola/heinola_DJI_0048_frame173.txt,dedicated_empty,4096,2160,False,0
Heinola,heinola_DJI_0048_frame174,images/Heinola/heinola_DJI_0048_frame174.jpg,labels/Heinola/heinola_DJI_0048_frame174.txt,dedicated_empty,4096,2160,False,0
Heinola,heinola_DJI_0048_frame175,images/Heinola/heinola_DJI_0048_frame175.jpg,labels/Heinola/heinola_DJI_0048_frame175.txt,dedicated_empty,4096,2160,False,0
Heinola,heinola_DJI_0048_frame176,images/Heinola/heinola_DJI_0048_frame176.jpg,labels/Heinola/heinola_DJI_0048_frame176.txt,dedicated_empty,4096,2160,False,0
Heinola,heinola_DJI_0048_frame177,images/Heinola/heinola_DJI_0048_frame177.jpg,labels/Heinola/heinola_DJI_0048_frame177.txt,dedicated_empty,4096,2160,False,0
Heinola,heinola_DJI_0048_frame178,images/Heinola/heinola_DJI_0048_frame178.jpg,labels/Heinola/heinola_DJI_0048_frame178.txt,dedicated_empty,4096,2160,False,0
Heinola,heinola_DJI_0048_frame179,images/Heinola/heinola_DJI_0048_frame179.jpg,labels/Heinola/heinola_DJI_0048_frame179.txt,dedicated_empty,4096,2160,False,0
Heinola,heinola_DJI_0048_frame180,images/Heinola/heinola_DJI_0048_frame180.jpg,labels/Heinola/heinola_DJI_0048_frame180.txt,dedicated_empty,4096,2160,False,0
Heinola,heinola_DJI_0048_frame181,images/Heinola/heinola_DJI_0048_frame181.jpg,labels/Heinola/heinola_DJI_0048_frame181.txt,dedicated_empty,4096,2160,False,0
Heinola,heinola_DJI_0048_frame182,images/Heinola/heinola_DJI_0048_frame182.jpg,labels/Heinola/heinola_DJI_0048_frame182.txt,dedicated_empty,4096,2160,False,0
Heinola,heinola_DJI_0048_frame183,images/Heinola/heinola_DJI_0048_frame183.jpg,labels/Heinola/heinola_DJI_0048_frame183.txt,dedicated_empty,4096,2160,False,0
Heinola,heinola_DJI_0048_frame184,images/Heinola/heinola_DJI_0048_frame184.jpg,labels/Heinola/heinola_DJI_0048_frame184.txt,dedicated_empty,4096,2160,False,0
Heinola,heinola_DJI_0048_frame185,images/Heinola/heinola_DJI_0048_frame185.jpg,labels/Heinola/heinola_DJI_0048_frame185.txt,dedicated_empty,4096,2160,False,0
Heinola,heinola_DJI_0048_frame186,images/Heinola/heinola_DJI_0048_frame186.jpg,labels/Heinola/heinola_DJI_0048_frame186.txt,dedicated_empty,4096,2160,False,0
Heinola,heinola_DJI_0048_frame187,images/Heinola/heinola_DJI_0048_frame187.jpg,labels/Heinola/heinola_DJI_0048_frame187.txt,dedicated_empty,4096,2160,False,0
Heinola,heinola_DJI_0048_frame188,images/Heinola/heinola_DJI_0048_frame188.jpg,labels/Heinola/heinola_DJI_0048_frame188.txt,dedicated_empty,4096,2160,False,0
Heinola,heinola_DJI_0048_frame2,images/Heinola/heinola_DJI_0048_frame2.jpg,labels/Heinola/heinola_DJI_0048_frame2.txt,dedicated_empty,4096,2160,False,0
Heinola,heinola_DJI_0048_frame237,images/Heinola/heinola_DJI_0048_frame237.jpg,labels/Heinola/heinola_DJI_0048_frame237.txt,dedicated_empty,4096,2160,False,0
Heinola,heinola_DJI_0048_frame238,images/Heinola/heinola_DJI_0048_frame238.jpg,labels/Heinola/heinola_DJI_0048_frame238.txt,dedicated_empty,4096,2160,False,0
Heinola,heinola_DJI_0048_frame239,images/Heinola/heinola_DJI_0048_frame239.jpg,labels/Heinola/heinola_DJI_0048_frame239.txt,dedicated_empty,4096,2160,False,0
Heinola,heinola_DJI_0048_frame240,images/Heinola/heinola_DJI_0048_frame240.jpg,labels/Heinola/heinola_DJI_0048_frame240.txt,dedicated_empty,4096,2160,False,0
Heinola,heinola_DJI_0048_frame241,images/Heinola/heinola_DJI_0048_frame241.jpg,labels/Heinola/heinola_DJI_0048_frame241.txt,dedicated_empty,4096,2160,False,0
Heinola,heinola_DJI_0048_frame277,images/Heinola/heinola_DJI_0048_frame277.jpg,labels/Heinola/heinola_DJI_0048_frame277.txt,dedicated_empty,4096,2160,False,0
Heinola,heinola_DJI_0048_frame3,images/Heinola/heinola_DJI_0048_frame3.jpg,labels/Heinola/heinola_DJI_0048_frame3.txt,dedicated_empty,4096,2160,False,0
Heinola,heinola_DJI_0048_frame4,images/Heinola/heinola_DJI_0048_frame4.jpg,labels/Heinola/heinola_DJI_0048_frame4.txt,dedicated_empty,4096,2160,False,0
Heinola,heinola_DJI_0048_frame5,images/Heinola/heinola_DJI_0048_frame5.jpg,labels/Heinola/heinola_DJI_0048_frame5.txt,dedicated_empty,4096,2160,False,0
Heinola,heinola_DJI_0048_frame85,images/Heinola/heinola_DJI_0048_frame85.jpg,labels/Heinola/heinola_DJI_0048_frame85.txt,dedicated_empty,4096,2160,False,0
Heinola,heinola_DJI_0048_frame86,images/Heinola/heinola_DJI_0048_frame86.jpg,labels/Heinola/heinola_DJI_0048_frame86.txt,dedicated_empty,4096,2160,False,0
Heinola,heinola_DJI_0048_frame87,images/Heinola/heinola_DJI_0048_frame87.jpg,labels/Heinola/heinola_DJI_0048_frame87.txt,dedicated_empty,4096,2160,False,0
Heinola,heinola_DJI_0048_frame88,images/Heinola/heinola_DJI_0048_frame88.jpg,labels/Heinola/heinola_DJI_0048_frame88.txt,dedicated_empty,4096,2160,False,0
Heinola,heinola_DJI_0048_frame89,images/Heinola/heinola_DJI_0048_frame89.jpg,labels/Heinola/heinola_DJI_0048_frame89.txt,dedicated_empty,4096,2160,False,0
Heinola,heinola_DJI_0048_frame90,images/Heinola/heinola_DJI_0048_frame90.jpg,labels/Heinola/heinola_DJI_0048_frame90.txt,dedicated_empty,4096,2160,False,0
Heinola,heinola_DJI_0048_frame91,images/Heinola/heinola_DJI_0048_frame91.jpg,labels/Heinola/heinola_DJI_0048_frame91.txt,dedicated_empty,4096,2160,False,0
Heinola,heinola_DJI_0048_frame92,images/Heinola/heinola_DJI_0048_frame92.jpg,labels/Heinola/heinola_DJI_0048_frame92.txt,dedicated_empty,4096,2160,False,0
Heinola,heinola_DJI_0048_frame93,images/Heinola/heinola_DJI_0048_frame93.jpg,labels/Heinola/heinola_DJI_0048_frame93.txt,dedicated_empty,4096,2160,False,0
Heinola,heinola_DJI_0048_frame94,images/Heinola/heinola_DJI_0048_frame94.jpg,labels/Heinola/heinola_DJI_0048_frame94.txt,dedicated_empty,4096,2160,False,0
Heinola,heinola_DJI_0048_frame95,images/Heinola/heinola_DJI_0048_frame95.jpg,labels/Heinola/heinola_DJI_0048_frame95.txt,dedicated_empty,4096,2160,False,0
Heinola,heinola_DJI_0048_frame96,images/Heinola/heinola_DJI_0048_frame96.jpg,labels/Heinola/heinola_DJI_0048_frame96.txt,dedicated_empty,4096,2160,False,0
Heinola,heinola_DJI_0048_frame97,images/Heinola/heinola_DJI_0048_frame97.jpg,labels/Heinola/heinola_DJI_0048_frame97.txt,dedicated_empty,4096,2160,False,0
Karkkila,karkkila_DJI_0003_frame24,images/Karkkila/karkkila_DJI_0003_frame24.jpg,labels/Karkkila/karkkila_DJI_0003_frame24.txt,dedicated_empty,3840,2160,False,0
Karkkila,karkkila_DJI_0003_frame25,images/Karkkila/karkkila_DJI_0003_frame25.jpg,labels/Karkkila/karkkila_DJI_0003_frame25.txt,dedicated_empty,3840,2160,False,0
Karkkila,karkkila_DJI_0003_frame26,images/Karkkila/karkkila_DJI_0003_frame26.jpg,labels/Karkkila/karkkila_DJI_0003_frame26.txt,dedicated_empty,3840,2160,False,0
Karkkila,karkkila_DJI_0003_frame27,images/Karkkila/karkkila_DJI_0003_frame27.jpg,labels/Karkkila/karkkila_DJI_0003_frame27.txt,dedicated_empty,3840,2160,False,0
Karkkila,karkkila_DJI_0003_frame28,images/Karkkila/karkkila_DJI_0003_frame28.jpg,labels/Karkkila/karkkila_DJI_0003_frame28.txt,dedicated_empty,3840,2160,False,0
Karkkila,karkkila_DJI_0003_frame29,images/Karkkila/karkkila_DJI_0003_frame29.jpg,labels/Karkkila/karkkila_DJI_0003_frame29.txt,dedicated_empty,3840,2160,False,0
Karkkila,karkkila_DJI_0003_frame30,images/Karkkila/karkkila_DJI_0003_frame30.jpg,labels/Karkkila/karkkila_DJI_0003_frame30.txt,dedicated_empty,3840,2160,False,0
Karkkila,karkkila_DJI_0003_frame31,images/Karkkila/karkkila_DJI_0003_frame31.jpg,labels/Karkkila/karkkila_DJI_0003_frame31.txt,dedicated_empty,3840,2160,False,0
Karkkila,karkkila_DJI_0003_frame32,images/Karkkila/karkkila_DJI_0003_frame32.jpg,labels/Karkkila/karkkila_DJI_0003_frame32.txt,dedicated_empty,3840,2160,False,0
Karkkila,karkkila_DJI_0003_frame33,images/Karkkila/karkkila_DJI_0003_frame33.jpg,labels/Karkkila/karkkila_DJI_0003_frame33.txt,dedicated_empty,3840,2160,False,0
Karkkila,karkkila_DJI_0003_frame34,images/Karkkila/karkkila_DJI_0003_frame34.jpg,labels/Karkkila/karkkila_DJI_0003_frame34.txt,dedicated_empty,3840,2160,False,0
Karkkila,karkkila_DJI_0003_frame35,images/Karkkila/karkkila_DJI_0003_frame35.jpg,labels/Karkkila/karkkila_DJI_0003_frame35.txt,dedicated_empty,3840,2160,False,0
Karkkila,karkkila_DJI_0003_frame36,images/Karkkila/karkkila_DJI_0003_frame36.jpg,labels/Karkkila/karkkila_DJI_0003_frame36.txt,dedicated_empty,3840,2160,False,0
Karkkila,karkkila_DJI_0003_frame37,images/Karkkila/karkkila_DJI_0003_frame37.jpg,labels/Karkkila/karkkila_DJI_0003_frame37.txt,dedicated_empty,3840,2160,False,0
Karkkila,karkkila_DJI_0003_frame38,images/Karkkila/karkkila_DJI_0003_frame38.jpg,labels/Karkkila/karkkila_DJI_0003_frame38.txt,dedicated_empty,3840,2160,False,0
Karkkila,karkkila_DJI_0003_frame39,images/Karkkila/karkkila_DJI_0003_frame39.jpg,labels/Karkkila/karkkila_DJI_0003_frame39.txt,dedicated_empty,3840,2160,False,0
Karkkila,karkkila_DJI_0003_frame43,images/Karkkila/karkkila_DJI_0003_frame43.jpg,labels/Karkkila/karkkila_DJI_0003_frame43.txt,dedicated_empty,3840,2160,False,0
Karkkila,karkkila_DJI_0003_frame44,images/Karkkila/karkkila_DJI_0003_frame44.jpg,labels/Karkkila/karkkila_DJI_0003_frame44.txt,dedicated_empty,3840,2160,False,0
Karkkila,karkkila_DJI_0006_frame111,images/Karkkila/karkkila_DJI_0006_frame111.jpg,labels/Karkkila/karkkila_DJI_0006_frame111.txt,dedicated_empty,3840,2160,False,0
Karkkila,karkkila_DJI_0006_frame112,images/Karkkila/karkkila_DJI_0006_frame112.jpg,labels/Karkkila/karkkila_DJI_0006_frame112.txt,dedicated_empty,3840,2160,False,0
Karkkila,karkkila_DJI_0006_frame113,images/Karkkila/karkkila_DJI_0006_frame113.jpg,labels/Karkkila/karkkila_DJI_0006_frame113.txt,dedicated_empty,3840,2160,False,0
Karkkila,karkkila_DJI_0006_frame114,images/Karkkila/karkkila_DJI_0006_frame114.jpg,labels/Karkkila/karkkila_DJI_0006_frame114.txt,dedicated_empty,3840,2160,False,0
Karkkila,karkkila_DJI_0006_frame115,images/Karkkila/karkkila_DJI_0006_frame115.jpg,labels/Karkkila/karkkila_DJI_0006_frame115.txt,dedicated_empty,3840,2160,False,0
Karkkila,karkkila_DJI_0006_frame116,images/Karkkila/karkkila_DJI_0006_frame116.jpg,labels/Karkkila/karkkila_DJI_0006_frame116.txt,dedicated_empty,3840,2160,False,0
Karkkila,karkkila_DJI_0006_frame117,images/Karkkila/karkkila_DJI_0006_frame117.jpg,labels/Karkkila/karkkila_DJI_0006_frame117.txt,dedicated_empty,3840,2160,False,0
Karkkila,karkkila_DJI_0006_frame118,images/Karkkila/karkkila_DJI_0006_frame118.jpg,labels/Karkkila/karkkila_DJI_0006_frame118.txt,dedicated_empty,3840,2160,False,0
Karkkila,karkkila_DJI_0006_frame84,images/Karkkila/karkkila_DJI_0006_frame84.jpg,labels/Karkkila/karkkila_DJI_0006_frame84.txt,dedicated_empty,3840,2160,False,0
Karkkila,karkkila_DJI_0006_frame85,images/Karkkila/karkkila_DJI_0006_frame85.jpg,labels/Karkkila/karkkila_DJI_0006_frame85.txt,dedicated_empty,3840,2160,False,0
Karkkila,karkkila_DJI_0006_frame86,images/Karkkila/karkkila_DJI_0006_frame86.jpg,labels/Karkkila/karkkila_DJI_0006_frame86.txt,dedicated_empty,3840,2160,False,0
Karkkila,karkkila_DJI_0006_frame87,images/Karkkila/karkkila_DJI_0006_frame87.jpg,labels/Karkkila/karkkila_DJI_0006_frame87.txt,dedicated_empty,3840,2160,False,0
Karkkila,karkkila_DJI_0006_frame88,images/Karkkila/karkkila_DJI_0006_frame88.jpg,labels/Karkkila/karkkila_DJI_0006_frame88.txt,dedicated_empty,3840,2160,False,0
Karkkila,karkkila_DJI_0006_frame89,images/Karkkila/karkkila_DJI_0006_frame89.jpg,labels/Karkkila/karkkila_DJI_0006_frame89.txt,dedicated_empty,3840,2160,False,0
Karkkila,karkkila_DJI_0006_frame90,images/Karkkila/karkkila_DJI_0006_frame90.jpg,labels/Karkkila/karkkila_DJI_0006_frame90.txt,dedicated_empty,3840,2160,False,0
Karkkila,karkkila_DJI_0006_frame91,images/Karkkila/karkkila_DJI_0006_frame91.jpg,labels/Karkkila/karkkila_DJI_0006_frame91.txt,dedicated_empty,3840,2160,False,0
Karkkila,karkkila_DJI_0006_frame92,images/Karkkila/karkkila_DJI_0006_frame92.jpg,labels/Karkkila/karkkila_DJI_0006_frame92.txt,dedicated_empty,3840,2160,False,0
Karkkila,karkkila_DJI_0006_frame93,images/Karkkila/karkkila_DJI_0006_frame93.jpg,labels/Karkkila/karkkila_DJI_0006_frame93.txt,dedicated_empty,3840,2160,False,0
Karkkila,karkkila_DJI_0006_frame94,images/Karkkila/karkkila_DJI_0006_frame94.jpg,labels/Karkkila/karkkila_DJI_0006_frame94.txt,dedicated_empty,3840,2160,False,0
Ruokolahti,ruokolahti_DJI_0085_frame176,images/Ruokolahti/ruokolahti_DJI_0085_frame176.jpg,labels/Ruokolahti/ruokolahti_DJI_0085_frame176.txt,dedicated_empty,4096,2160,False,0
Ruokolahti,ruokolahti_DJI_0085_frame177,images/Ruokolahti/ruokolahti_DJI_0085_frame177.jpg,labels/Ruokolahti/ruokolahti_DJI_0085_frame177.txt,dedicated_empty,4096,2160,False,0
