location,image,gt_count,pred_count,true_positive_count,false_positive_count,false_negative_count,max_false_positive_confidence,background_false_alarm
Evo,Evo\evoDJI_0001_frame0.jpg,1,1,0,1,1,0.570539,False
Evo,Evo\evoDJI_0001_frame1.jpg,1,1,0,1,1,0.615993,False
Evo,Evo\evoDJI_0001_frame10.jpg,1,1,0,1,1,0.796646,False
Evo,Evo\evoDJI_0001_frame100.jpg,1,1,1,0,0,0.000000,False
Evo,Evo\evoDJI_0001_frame101.jpg,1,1,1,0,0,0.000000,False
Evo,Evo\evoDJI_0001_frame102.jpg,1,1,1,0,0,0.000000,False
Evo,Evo\evoDJI_0001_frame103.jpg,1,1,1,0,0,0.000000,False
Evo,Evo\evoDJI_0001_frame104.jpg,1,1,1,0,0,0.000000,False
Evo,Evo\evoDJI_0001_frame105.jpg,1,1,1,0,0,0.000000,False
Evo,Evo\evoDJI_0001_frame106.jpg,1,1,1,0,0,0.000000,False
Evo,Evo\evoDJI_0001_frame107.jpg,1,1,1,0,0,0.000000,False
Evo,Evo\evoDJI_0001_frame108.jpg,1,1,1,0,0,0.000000,False
Evo,Evo\evoDJI_0001_frame109.jpg,1,1,1,0,0,0.000000,False
Evo,Evo\evoDJI_0001_frame11.jpg,1,1,1,0,0,0.000000,False
Evo,Evo\evoDJI_0001_frame110.jpg,1,1,1,0,0,0.000000,False
Evo,Evo\evoDJI_0001_frame111.jpg,1,1,1,0,0,0.000000,False
Evo,Evo\evoDJI_0001_frame112.jpg,1,1,1,0,0,0.000000,False
Evo,Evo\evoDJI_0001_frame113.jpg,1,1,1,0,0,0.000000,False
Evo,Evo\evoDJI_0001_frame114.jpg,1,1,1,0,0,0.000000,False
Evo,Evo\evoDJI_0001_frame115.jpg,1,1,1,0,0,0.000000,False
Evo,Evo\evoDJI_0001_frame116.jpg,1,1,1,0,0,0.000000,False
Evo,Evo\evoDJI_0001_frame117.jpg,1,1,1,0,0,0.000000,False
Evo,Evo\evoDJI_0001_frame118.jpg,1,1,1,0,0,0.000000,False
Evo,Evo\evoDJI_0001_frame119.jpg,1,1,1,0,0,0.000000,False
Evo,Evo\evoDJI_0001_frame12.jpg,1,1,1,0,0,0.000000,False
Evo,Evo\evoDJI_0001_frame120.jpg,1,1,1,0,0,0.000000,False
Evo,Evo\evoDJI_0001_frame121.jpg,1,1,1,0,0,0.000000,False
Evo,Evo\evoDJI_0001_frame122.jpg,1,1,1,0,0,0.000000,False
Evo,Evo\evoDJI_0001_frame123.jpg,1,1,1,0,0,0.000000,False
Evo,Evo\evoDJI_0001_frame124.jpg,1,1,1,0,0,0.000000,False
Evo,Evo\evoDJI_0001_frame125.jpg,1,1,1,0,0,0.000000,False
Evo,Evo\evoDJI_0001_frame126.jpg,1,1,1,0,0,0.000000,False
Evo,Evo\evoDJI_0001_frame127.jpg,7,1,1,0,6,0.000000,False
Evo,Evo\evoDJI_0001_frame128.jpg,1,1,1,0,0,0.000000,False
Evo,Evo\evoDJI_0001_frame129.jpg,1,1,1,0,0,0.000000,False
Evo,Evo\evoDJI_0001_frame13.jpg,1,1,1,0,0,0.000000,False
Evo,Evo\evoDJI_0001_frame130.jpg,1,1,1,0,0,0.000000,False
Evo,Evo\evoDJI_0001_frame131.jpg,1,1,1,0,0,0.000000,False
Evo,Evo\evoDJI_0001_frame132.jpg,1,1,1,0,0,0.000000,False
Evo,Evo\evoDJI_0001_frame133.jpg,1,1,1,0,0,0.000000,False
Evo,Evo\evoDJI_0001_frame134.jpg,1,1,1,0,0,0.000000,False
Evo,Evo\evoDJI_0001_frame135.jpg,1,1,1,0,0,0.000000,False
Evo,Evo\evoDJI_0001_frame136.jpg,1,1,1,0,0,0.000000,False
Evo,Evo\evoDJI_0001_frame137.jpg,1,1,1,0,0,0.000000,False
Evo,Evo\evoDJI_0001_frame138.jpg,1,1,1,0,0,0.000000,False
Evo,Evo\evoDJI_0001_frame139.jpg,1,1,1,0,0,0.000000,False
Evo,Evo\evoDJI_0001_frame14.jpg,1,1,1,0,0,0.000000,False
Evo,Evo\evoDJI_0001_frame140.jpg,1,1,1,0,0,0.000000,False
Evo,Evo\evoDJI_0001_frame141.jpg,1,1,1,0,0,0.000000,False
Evo,Evo\evoDJI_0001_frame142.jpg,1,1,1,0,0,0.000000,False
Evo,Evo\evoDJI_0001_frame143.jpg,1,1,1,0,0,0.000000,False
Evo,Evo\evoDJI_0001_frame144.jpg,1,1,1,0,0,0.000000,False
Evo,Evo\evoDJI_0001_frame145.jpg,1,1,1,0,0,0.000000,False
Evo,Evo\evoDJI_0001_frame146.jpg,1,1,1,0,0,0.000000,False
Evo,Evo\evoDJI_0001_frame147.jpg,1,1,1,0,0,0.000000,False
Evo,Evo\evoDJI_0001_frame148.jpg,1,1,1,0,0,0.000000,False
Evo,Evo\evoDJI_0001_frame149.jpg,1,1,1,0,0,0.000000,False
Evo,Evo\evoDJI_0001_frame15.jpg,1,1,1,0,0,0.000000,False
Evo,Evo\evoDJI_0001_frame150.jpg,1,1,1,0,0,0.000000,False
Evo,Evo\evoDJI_0001_frame151.jpg,1,1,1,0,0,0.000000,False
Evo,Evo\evoDJI_0001_frame152.jpg,1,1,1,0,0,0.000000,False
Evo,Evo\evoDJI_0001_frame153.jpg,1,1,1,0,0,0.000000,False
Evo,Evo\evoDJI_0001_frame154.jpg,1,1,1,0,0,0.000000,False
Evo,Evo\evoDJI_0001_frame155.jpg,1,1,1,0,0,0.000000,False
Evo,Evo\evoDJI_0001_frame156.jpg,1,1,1,0,0,0.000000,False
Evo,Evo\evoDJI_0001_frame157.jpg,1,1,1,0,0,0.000000,False
Evo,Evo\evoDJI_0001_frame158.jpg,1,1,1,0,0,0.000000,False
Evo,Evo\evoDJI_0001_frame159.jpg,1,1,1,0,0,0.000000,False
Evo,Evo\evoDJI_0001_frame16.jpg,1,1,1,0,0,0.000000,False
Evo,Evo\evoDJI_0001_frame160.jpg,1,1,1,0,0,0.000000,False
Evo,Evo\evoDJI_0001_frame161.jpg,1,1,1,0,0,0.000000,False
Evo,Evo\evoDJI_0001_frame162.jpg,1,1,1,0,0,0.000000,False
Evo,Evo\evoDJI_0001_frame163.jpg,1,1,1,0,0,0.000000,False
Evo,Evo\evoDJI_0001_frame164.jpg,1,1,1,0,0,0.000000,False
Evo,Evo\evoDJI_0001_frame165.jpg,1,1,1,0,0,0.000000,False
Evo,Evo\evoDJI_0001_frame166.jpg,1,1,1,0,0,0.000000,False
Evo,Evo\evoDJI_0001_frame167.jpg,1,1,1,0,0,0.000000,False
Evo,Evo\evoDJI_0001_frame168.jpg,1,1,1,0,0,0.000000,False
Evo,Evo\evoDJI_0001_frame169.jpg,1,1,1,0,0,0.000000,False
Evo,Evo\evoDJI_0001_frame17.jpg,1,1,1,0,0,0.000000,False
Evo,Evo\evoDJI_0001_frame170.jpg,1,1,1,0,0,0.000000,False
Evo,Evo\evoDJI_0001_frame171.jpg,1,1,1,0,0,0.000000,False
Evo,Evo\evoDJI_0001_frame172.jpg,1,1,1,0,0,0.000000,False
Evo,Evo\evoDJI_0001_frame173.jpg,1,1,1,0,0,0.000000,False
Evo,Evo\evoDJI_0001_frame174.jpg,1,1,1,0,0,0.000000,False
Evo,Evo\evoDJI_0001_frame175.jpg,1,1,1,0,0,0.000000,False
Evo,Evo\evoDJI_0001_frame176.jpg,1,1,1,0,0,0.000000,False
Evo,Evo\evoDJI_0001_frame177.jpg,1,1,1,0,0,0.000000,False
Evo,Evo\evoDJI_0001_frame178.jpg,1,1,1,0,0,0.000000,False
Evo,Evo\evoDJI_0001_frame179.jpg,1,1,1,0,0,0.000000,False
Evo,Evo\evoDJI_0001_frame18.jpg,1,1,1,0,0,0.000000,False
Evo,Evo\evoDJI_0001_frame180.jpg,1,1,1,0,0,0.000000,False
Evo,Evo\evoDJI_0001_frame181.jpg,1,1,1,0,0,0.000000,False
Evo,Evo\evoDJI_0001_frame182.jpg,1,1,1,0,0,0.000000,False
Evo,Evo\evoDJI_0001_frame183.jpg,1,1,1,0,0,0.000000,False
Evo,Evo\evoDJI_0001_frame184.jpg,1,1,1,0,0,0.000000,False
Evo,Evo\evoDJI_0001_frame185.jpg,1,1,1,0,0,0.000000,False
Evo,Evo\evoDJI_0001_frame186.jpg,1,1,1,0,0,0.000000,False
Evo,Evo\evoDJI_0001_frame187.jpg,1,1,1,0,0,0.000000,False
Evo,Evo\evoDJI_0001_frame188.jpg,1,1,1,0,0,0.000000,False
Evo,Evo\evoDJI_0001_frame189.jpg,1,1,1,0,0,0.000000,False
Evo,Evo\evoDJI_0001_frame19.jpg,1,1,1,0,0,0.000000,False
Evo,Evo\evoDJI_0001_frame190.jpg,1,1,1,0,0,0.000000,False
Evo,Evo\evoDJI_0001_frame191.jpg,1,1,1,0,0,0.000000,False
Evo,Evo\evoDJI_0001_frame192.jpg,1,1,1,0,0,0.000000,False
Evo,Evo\evoDJI_0001_frame193.jpg,1,1,1,0,0,0.000000,False
Evo,Evo\evoDJI_0001_frame194.jpg,1,1,1,0,0,0.000000,False
Evo,Evo\evoDJI_0001_frame195.jpg,1,1,1,0,0,0.000000,False
Evo,Evo\evoDJI_0001_frame196.jpg,1,1,1,0,0,0.000000,False
Evo,Evo\evoDJI_0001_frame197.jpg,1,1,1,0,0,0.000000,False
Evo,Evo\evoDJI_0001_frame198.jpg,1,1,1,0,0,0.000000,False
Evo,Evo\evoDJI_0001_frame199.jpg,1,1,1,0,0,0.000000,False
Evo,Evo\evoDJI_0001_frame2.jpg,1,1,0,1,1,0.649930,False
Evo,Evo\evoDJI_0001_frame20.jpg,1,1,1,0,0,0.000000,False
Evo,Evo\evoDJI_0001_frame200.jpg,1,1,1,0,0,0.000000,False
Evo,Evo\evoDJI_0001_frame201.jpg,1,1,1,0,0,0.000000,False
Evo,Evo\evoDJI_0001_frame202.jpg,1,1,1,0,0,0.000000,False
Evo,Evo\evoDJI_0001_frame203.jpg,1,1,1,0,0,0.000000,False
Evo,Evo\evoDJI_0001_frame204.jpg,1,1,1,0,0,0.000000,False
Evo,Evo\evoDJI_0001_frame205.jpg,1,1,1,0,0,0.000000,False
Evo,Evo\evoDJI_0001_frame206.jpg,1,1,1,0,0,0.000000,False
Evo,Evo\evoDJI_0001_frame207.jpg,1,1,1,0,0,0.000000,False
Evo,Evo\evoDJI_0001_frame208.jpg,1,1,1,0,0,0.000000,False
Evo,Evo\evoDJI_0001_frame209.jpg,1,1,1,0,0,0.000000,False
Evo,Evo\evoDJI_0001_frame21.jpg,1,1,1,0,0,0.000000,False
Evo,Evo\evoDJI_0001_frame22.jpg,1,1,1,0,0,0.000000,False
Evo,Evo\evoDJI_0001_frame221.jpg,1,1,1,0,0,0.000000,False
Evo,Evo\evoDJI_0001_frame222.jpg,1,1,1,0,0,0.000000,False
Evo,Evo\evoDJI_0001_frame223.jpg,1,1,1,0,0,0.000000,False
Evo,Evo\evoDJI_0001_frame224.jpg,1,1,1,0,0,0.000000,False
Evo,Evo\evoDJI_0001_frame225.jpg,1,1,1,0,0,0.000000,False
Evo,Evo\evoDJI_0001_frame226.jpg,1,1,1,0,0,0.000000,False
Evo,Evo\evoDJI_0001_frame227.jpg,1,1,1,0,0,0.000000,False
Evo,Evo\evoDJI_0001_frame228.jpg,1,1,1,0,0,0.000000,False
Evo,Evo\evoDJI_0001_frame229.jpg,1,1,1,0,0,0.000000,False
Evo,Evo\evoDJI_0001_frame23.jpg,0,1,0,1,0,0.837605,True
Evo,Evo\evoDJI_0001_frame230.jpg,1,1,1,0,0,0.000000,False
Evo,Evo\evoDJI_0001_frame231.jpg,1,1,1,0,0,0.000000,False
Evo,Evo\evoDJI_0001_frame232.jpg,1,1,1,0,0,0.000000,False
Evo,Evo\evoDJI_0001_frame233.jpg,1,1,1,0,0,0.000000,False
Evo,Evo\evoDJI_0001_frame234.jpg,1,1,1,0,0,0.000000,False
Evo,Evo\evoDJI_0001_frame235.jpg,1,1,1,0,0,0.000000,False
Evo,Evo\evoDJI_0001_frame236.jpg,1,1,1,0,0,0.000000,False
Evo,Evo\evoDJI_0001_frame237.jpg,1,1,1,0,0,0.000000,False
Evo,Evo\evoDJI_0001_frame238.jpg,1,1,1,0,0,0.000000,False
Evo,Evo\evoDJI_0001_frame239.jpg,1,1,1,0,0,0.000000,False
Evo,Evo\evoDJI_0001_frame24.jpg,1,1,1,0,0,0.000000,False
Evo,Evo\evoDJI_0001_frame240.jpg,1,1,1,0,0,0.000000,False
Evo,Evo\evoDJI_0001_frame241.jpg,1,1,0,1,1,0.568419,False
Evo,Evo\evoDJI_0001_frame242.jpg,1,1,0,1,1,0.577800,False
Evo,Evo\evoDJI_0001_frame243.jpg,1,1,1,0,0,0.000000,False
Evo,Evo\evoDJI_0001_frame244.jpg,1,1,1,0,0,0.000000,False
Evo,Evo\evoDJI_0001_frame245.jpg,1,1,1,0,0,0.000000,False
Evo,Evo\evoDJI_0001_frame246.jpg,1,1,1,0,0,0.000000,False
Evo,Evo\evoDJI_0001_frame247.jpg,1,1,1,0,0,0.000000,False
Evo,Evo\evoDJI_0001_frame248.jpg,1,1,1,0,0,0.000000,False
Evo,Evo\evoDJI_0001_frame249.jpg,1,1,1,0,0,0.000000,False
Evo,Evo\evoDJI_0001_frame25.jpg,1,1,1,0,0,0.000000,False
Evo,Evo\evoDJI_0001_frame250.jpg,1,1,1,0,0,0.000000,False
Evo,Evo\evoDJI_0001_frame251.jpg,1,1,1,0,0,0.000000,False
Evo,Evo\evoDJI_0001_frame252.jpg,1,1,1,0,0,0.000000,False
Evo,Evo\evoDJI_0001_frame253.jpg,1,1,1,0,0,0.000000,False
Evo,Evo\evoDJI_0001_frame254.jpg,1,1,1,0,0,0.000000,False
Evo,Evo\evoDJI_0001_frame255.jpg,1,1,1,0,0,0.000000,False
Evo,Evo\evoDJI_0001_frame256.jpg,1,1,1,0,0,0.000000,False
Evo,Evo\evoDJI_0001_frame257.jpg,1,1,1,0,0,0.000000,False
Evo,Evo\evoDJI_0001_frame258.jpg,1,1,1,0,0,0.000000,False
Evo,Evo\evoDJI_0001_frame259.jpg,1,1,1,0,0,0.000000,False
Evo,Evo\evoDJI_0001_frame26.jpg,1,1,1,0,0,0.000000,False
Evo,Evo\evoDJI_0001_frame260.jpg,1,1,1,0,0,0.000000,False
Evo,Evo\evoDJI_0001_frame261.jpg,1,1,1,0,0,0.000000,False
Evo,Evo\evoDJI_0001_frame262.jpg,1,1,1,0,0,0.000000,False
Evo,Evo\evoDJI_0001_frame263.jpg,1,1,1,0,0,0.000000,False
Evo,Evo\evoDJI_0001_frame264.jpg,1,1,1,0,0,0.000000,False
Evo,Evo\evoDJI_0001_frame265.jpg,1,1,1,0,0,0.000000,False
Evo,Evo\evoDJI_0001_frame266.jpg,1,1,1,0,0,0.000000,False
Evo,Evo\evoDJI_0001_frame267.jpg,1,1,1,0,0,0.000000,False
Evo,Evo\evoDJI_0001_frame268.jpg,1,1,1,0,0,0.000000,False
Evo,Evo\evoDJI_0001_frame269.jpg,1,1,1,0,0,0.000000,False
Evo,Evo\evoDJI_0001_frame27.jpg,1,1,1,0,0,0.000000,False
Evo,Evo\evoDJI_0001_frame270.jpg,1,1,1,0,0,0.000000,False
Evo,Evo\evoDJI_0001_frame271.jpg,1,1,1,0,0,0.000000,False
Evo,Evo\evoDJI_0001_frame272.jpg,1,1,1,0,0,0.000000,False
Evo,Evo\evoDJI_0001_frame273.jpg,1,1,0,1,1,0.564663,False
Evo,Evo\evoDJI_0001_frame274.jpg,1,2,1,1,0,0.630752,False
Evo,Evo\evoDJI_0001_frame275.jpg,1,2,1,1,0,0.659671,False
Evo,Evo\evoDJI_0001_frame276.jpg,1,2,0,2,1,0.606620,False
Evo,Evo\evoDJI_0001_frame277.jpg,1,2,1,1,0,0.604138,False
Evo,Evo\evoDJI_0001_frame278.jpg,1,1,0,1,1,0.595202,False
Evo,Evo\evoDJI_0001_frame279.jpg,1,1,0,1,1,0.594503,False
Evo,Evo\evoDJI_0001_frame28.jpg,1,1,1,0,0,0.000000,False
Evo,Evo\evoDJI_0001_frame280.jpg,1,1,1,0,0,0.000000,False
Evo,Evo\evoDJI_0001_frame281.jpg,1,1,1,0,0,0.000000,False
Evo,Evo\evoDJI_0001_frame282.jpg,1,1,1,0,0,0.000000,False
Evo,Evo\evoDJI_0001_frame283.jpg,1,1,1,0,0,0.000000,False
Evo,Evo\evoDJI_0001_frame284.jpg,1,1,1,0,0,0.000000,False
Evo,Evo\evoDJI_0001_frame285.jpg,1,1,1,0,0,0.000000,False
Evo,Evo\evoDJI_0001_frame286.jpg,1,1,1,0,0,0.000000,False
Evo,Evo\evoDJI_0001_frame287.jpg,1,1,1,0,0,0.000000,False
Evo,Evo\evoDJI_0001_frame288.jpg,1,1,1,0,0,0.000000,False
Evo,Evo\evoDJI_0001_frame289.jpg,1,1,1,0,0,0.000000,False
Evo,Evo\evoDJI_0001_frame29.jpg,1,1,1,0,0,0.000000,False
Evo,Evo\evoDJI_0001_frame290.jpg,1,1,1,0,0,0.000000,False
Evo,Evo\evoDJI_0001_frame291.jpg,1,1,1,0,0,0.000000,False
Evo,Evo\evoDJI_0001_frame292.jpg,1,1,1,0,0,0.000000,False
Evo,Evo\evoDJI_0001_frame293.jpg,1,1,1,0,0,0.000000,False
Evo,Evo\evoDJI_0001_frame294.jpg,1,1,1,0,0,0.000000,False
Evo,Evo\evoDJI_0001_frame295.jpg,1,1,1,0,0,0.000000,False
Evo,Evo\evoDJI_0001_frame296.jpg,1,1,1,0,0,0.000000,False
Evo,Evo\evoDJI_0001_frame297.jpg,1,1,1,0,0,0.000000,False
Evo,Evo\evoDJI_0001_frame298.jpg,1,1,1,0,0,0.000000,False
Evo,Evo\evoDJI_0001_frame299.jpg,1,1,1,0,0,0.000000,False
Evo,Evo\evoDJI_0001_frame3.jpg,1,1,0,1,1,0.482537,False
Evo,Evo\evoDJI_0001_frame30.jpg,1,1,1,0,0,0.000000,False
Evo,Evo\evoDJI_0001_frame300.jpg,1,1,1,0,0,0.000000,False
Evo,Evo\evoDJI_0001_frame301.jpg,1,1,1,0,0,0.000000,False
Evo,Evo\evoDJI_0001_frame302.jpg,1,1,1,0,0,0.000000,False
Evo,Evo\evoDJI_0001_frame303.jpg,1,1,1,0,0,0.000000,False
Evo,Evo\evoDJI_0001_frame304.jpg,1,1,1,0,0,0.000000,False
Evo,Evo\evoDJI_0001_frame305.jpg,1,1,1,0,0,0.000000,False
Evo,Evo\evoDJI_0001_frame306.jpg,1,2,1,1,0,0.285039,False
Evo,Evo\evoDJI_0001_frame307.jpg,1,1,1,0,0,0.000000,False
Evo,Evo\evoDJI_0001_frame308.jpg,1,1,1,0,0,0.000000,False
Evo,Evo\evoDJI_0001_frame309.jpg,1,1,1,0,0,0.000000,False
Evo,Evo\evoDJI_0001_frame31.jpg,1,1,1,0,0,0.000000,False
Evo,Evo\evoDJI_0001_frame310.jpg,1,1,1,0,0,0.000000,False
Evo,Evo\evoDJI_0001_frame311.jpg,1,1,1,0,0,0.000000,False
Evo,Evo\evoDJI_0001_frame312.jpg,1,1,1,0,0,0.000000,False
Evo,Evo\evoDJI_0001_frame313.jpg,1,1,1,0,0,0.000000,False
Evo,Evo\evoDJI_0001_frame314.jpg,1,1,1,0,0,0.000000,False
Evo,Evo\evoDJI_0001_frame315.jpg,1,1,1,0,0,0.000000,False
Evo,Evo\evoDJI_0001_frame316.jpg,1,1,1,0,0,0.000000,False
Evo,Evo\evoDJI_0001_frame317.jpg,1,1,1,0,0,0.000000,False
Evo,Evo\evoDJI_0001_frame318.jpg,1,1,1,0,0,0.000000,False
Evo,Evo\evoDJI_0001_frame319.jpg,1,1,1,0,0,0.000000,False
Evo,Evo\evoDJI_0001_frame32.jpg,1,1,1,0,0,0.000000,False
Evo,Evo\evoDJI_0001_frame320.jpg,1,1,1,0,0,0.000000,False
Evo,Evo\evoDJI_0001_frame321.jpg,1,1,1,0,0,0.000000,False
Evo,Evo\evoDJI_0001_frame322.jpg,1,1,1,0,0,0.000000,False
Evo,Evo\evoDJI_0001_frame323.jpg,1,1,1,0,0,0.000000,False
Evo,Evo\evoDJI_0001_frame324.jpg,1,1,1,0,0,0.000000,False
Evo,Evo\evoDJI_0001_frame325.jpg,1,1,1,0,0,0.000000,False
Evo,Evo\evoDJI_0001_frame326.jpg,1,1,1,0,0,0.000000,False
Evo,Evo\evoDJI_0001_frame327.jpg,1,1,1,0,0,0.000000,False
Evo,Evo\evoDJI_0001_frame33.jpg,1,1,1,0,0,0.000000,False
Evo,Evo\evoDJI_0001_frame34.jpg,1,1,1,0,0,0.000000,False
Evo,Evo\evoDJI_0001_frame35.jpg,1,1,1,0,0,0.000000,False
Evo,Evo\evoDJI_0001_frame36.jpg,1,1,1,0,0,0.000000,False
Evo,Evo\evoDJI_0001_frame37.jpg,1,1,1,0,0,0.000000,False
Evo,Evo\evoDJI_0001_frame38.jpg,1,1,1,0,0,0.000000,False
Evo,Evo\evoDJI_0001_frame39.jpg,1,1,1,0,0,0.000000,False
Evo,Evo\evoDJI_0001_frame4.jpg,1,1,0,1,1,0.461545,False
Evo,Evo\evoDJI_0001_frame40.jpg,1,1,1,0,0,0.000000,False
Evo,Evo\evoDJI_0001_frame41.jpg,1,1,1,0,0,0.000000,False
Evo,Evo\evoDJI_0001_frame42.jpg,1,1,1,0,0,0.000000,False
Evo,Evo\evoDJI_0001_frame43.jpg,1,1,1,0,0,0.000000,False
Evo,Evo\evoDJI_0001_frame44.jpg,1,0,0,0,1,0.000000,False
Evo,Evo\evoDJI_0001_frame48.jpg,1,0,0,0,1,0.000000,False
Evo,Evo\evoDJI_0001_frame49.jpg,1,1,1,0,0,0.000000,False
Evo,Evo\evoDJI_0001_frame5.jpg,1,1,1,0,0,0.000000,False
Evo,Evo\evoDJI_0001_frame50.jpg,1,1,1,0,0,0.000000,False
Evo,Evo\evoDJI_0001_frame51.jpg,1,1,1,0,0,0.000000,False
Evo,Evo\evoDJI_0001_frame52.jpg,1,1,1,0,0,0.000000,False
Evo,Evo\evoDJI_0001_frame53.jpg,1,1,1,0,0,0.000000,False
Evo,Evo\evoDJI_0001_frame54.jpg,1,1,1,0,0,0.000000,False
Evo,Evo\evoDJI_0001_frame55.jpg,1,1,1,0,0,0.000000,False
Evo,Evo\evoDJI_0001_frame56.jpg,1,1,1,0,0,0.000000,False
Evo,Evo\evoDJI_0001_frame57.jpg,1,1,1,0,0,0.000000,False
Evo,Evo\evoDJI_0001_frame58.jpg,1,1,1,0,0,0.000000,False
Evo,Evo\evoDJI_0001_frame59.jpg,1,1,1,0,0,0.000000,False
Evo,Evo\evoDJI_0001_frame6.jpg,1,1,1,0,0,0.000000,False
Evo,Evo\evoDJI_0001_frame60.jpg,1,1,1,0,0,0.000000,False
Evo,Evo\evoDJI_0001_frame61.jpg,1,1,1,0,0,0.000000,False
Evo,Evo\evoDJI_0001_frame62.jpg,1,1,1,0,0,0.000000,False
Evo,Evo\evoDJI_0001_frame63.jpg,1,1,1,0,0,0.000000,False
Evo,Evo\evoDJI_0001_frame64.jpg,1,1,1,0,0,0.000000,False
Evo,Evo\evoDJI_0001_frame65.jpg,9,1,1,0,8,0.000000,False
Evo,Evo\evoDJI_0001_frame66.jpg,1,1,1,0,0,0.000000,False
Evo,Evo\evoDJI_0001_frame67.jpg,1,1,1,0,0,0.000000,False
Evo,Evo\evoDJI_0001_frame68.jpg,1,1,1,0,0,0.000000,False
Evo,Evo\evoDJI_0001_frame69.jpg,1,1,1,0,0,0.000000,False
Evo,Evo\evoDJI_0001_frame7.jpg,1,1,0,1,1,0.673642,False
Evo,Evo\evoDJI_0001_frame70.jpg,1,1,1,0,0,0.000000,False
Evo,Evo\evoDJI_0001_frame71.jpg,1,1,1,0,0,0.000000,False
Evo,Evo\evoDJI_0001_frame72.jpg,1,1,1,0,0,0.000000,False
Evo,Evo\evoDJI_0001_frame73.jpg,1,1,1,0,0,0.000000,False
Evo,Evo\evoDJI_0001_frame74.jpg,1,1,1,0,0,0.000000,False
Evo,Evo\evoDJI_0001_frame75.jpg,1,1,1,0,0,0.000000,False
Evo,Evo\evoDJI_0001_frame76.jpg,1,1,1,0,0,0.000000,False
Evo,Evo\evoDJI_0001_frame77.jpg,1,1,1,0,0,0.000000,False
Evo,Evo\evoDJI_0001_frame78.jpg,1,1,1,0,0,0.000000,False
Evo,Evo\evoDJI_0001_frame79.jpg,1,1,1,0,0,0.000000,False
Evo,Evo\evoDJI_0001_frame8.jpg,1,1,1,0,0,0.000000,False
Evo,Evo\evoDJI_0001_frame80.jpg,1,1,1,0,0,0.000000,False
Evo,Evo\evoDJI_0001_frame81.jpg,1,1,1,0,0,0.000000,False
Evo,Evo\evoDJI_0001_frame82.jpg,1,1,1,0,0,0.000000,False
Evo,Evo\evoDJI_0001_frame83.jpg,1,1,1,0,0,0.000000,False
Evo,Evo\evoDJI_0001_frame84.jpg,1,1,1,0,0,0.000000,False
Evo,Evo\evoDJI_0001_frame85.jpg,1,1,1,0,0,0.000000,False
Evo,Evo\evoDJI_0001_frame86.jpg,1,1,1,0,0,0.000000,False
Evo,Evo\evoDJI_0001_frame87.jpg,1,1,1,0,0,0.000000,False
Evo,Evo\evoDJI_0001_frame88.jpg,1,1,1,0,0,0.000000,False
Evo,Evo\evoDJI_0001_frame89.jpg,1,1,1,0,0,0.000000,False
Evo,Evo\evoDJI_0001_frame9.jpg,1,1,1,0,0,0.000000,False
Evo,Evo\evoDJI_0001_frame90.jpg,1,1,1,0,0,0.000000,False
Evo,Evo\evoDJI_0001_frame91.jpg,1,1,1,0,0,0.000000,False
Evo,Evo\evoDJI_0001_frame92.jpg,1,1,1,0,0,0.000000,False
Evo,Evo\evoDJI_0001_frame93.jpg,1,1,1,0,0,0.000000,False
Evo,Evo\evoDJI_0001_frame94.jpg,1,1,1,0,0,0.000000,False
Evo,Evo\evoDJI_0001_frame95.jpg,1,1,1,0,0,0.000000,False
Evo,Evo\evoDJI_0001_frame96.jpg,1,1,1,0,0,0.000000,False
Evo,Evo\evoDJI_0001_frame97.jpg,1,1,1,0,0,0.000000,False
Evo,Evo\evoDJI_0001_frame98.jpg,1,1,1,0,0,0.000000,False
Evo,Evo\evoDJI_0001_frame99.jpg,1,1,1,0,0,0.000000,False
Evo,Evo\evoDJI_0007_frame0.jpg,1,1,1,0,0,0.000000,False
Evo,Evo\evoDJI_0007_frame1.jpg,1,1,1,0,0,0.000000,False
Evo,Evo\evoDJI_0007_frame10.jpg,1,1,1,0,0,0.000000,False
Evo,Evo\evoDJI_0007_frame100.jpg,1,1,1,0,0,0.000000,False
Evo,Evo\evoDJI_0007_frame101.jpg,1,1,1,0,0,0.000000,False
Evo,Evo\evoDJI_0007_frame102.jpg,1,1,1,0,0,0.000000,False
Evo,Evo\evoDJI_0007_frame103.jpg,1,1,1,0,0,0.000000,False
Evo,Evo\evoDJI_0007_frame104.jpg,1,1,1,0,0,0.000000,False
Evo,Evo\evoDJI_0007_frame105.jpg,1,1,1,0,0,0.000000,False
Evo,Evo\evoDJI_0007_frame106.jpg,1,1,1,0,0,0.000000,False
Evo,Evo\evoDJI_0007_frame107.jpg,1,1,1,0,0,0.000000,False
Evo,Evo\evoDJI_0007_frame108.jpg,1,1,1,0,0,0.000000,False
Evo,Evo\evoDJI_0007_frame109.jpg,1,1,1,0,0,0.000000,False
Evo,Evo\evoDJI_0007_frame11.jpg,1,1,1,0,0,0.000000,False
Evo,Evo\evoDJI_0007_frame110.jpg,1,1,1,0,0,0.000000,False
Evo,Evo\evoDJI_0007_frame111.jpg,1,1,1,0,0,0.000000,False
Evo,Evo\evoDJI_0007_frame112.jpg,1,1,1,0,0,0.000000,False
Evo,Evo\evoDJI_0007_frame113.jpg,1,1,1,0,0,0.000000,False
Evo,Evo\evoDJI_0007_frame114.jpg,1,1,1,0,0,0.000000,False
Evo,Evo\evoDJI_0007_frame115.jpg,1,1,1,0,0,0.000000,False
Evo,Evo\evoDJI_0007_frame116.jpg,1,1,1,0,0,0.000000,False
Evo,Evo\evoDJI_0007_frame117.jpg,1,1,1,0,0,0.000000,False
Evo,Evo\evoDJI_0007_frame118.jpg,1,1,1,0,0,0.000000,False
Evo,Evo\evoDJI_0007_frame119.jpg,1,1,1,0,0,0.000000,False
Evo,Evo\evoDJI_0007_frame12.jpg,1,1,1,0,0,0.000000,False
Evo,Evo\evoDJI_0007_frame120.jpg,1,1,1,0,0,0.000000,False
Evo,Evo\evoDJI_0007_frame121.jpg,1,1,1,0,0,0.000000,False
Evo,Evo\evoDJI_0007_frame122.jpg,1,1,1,0,0,0.000000,False
Evo,Evo\evoDJI_0007_frame123.jpg,1,1,1,0,0,0.000000,False
Evo,Evo\evoDJI_0007_frame124.jpg,1,1,1,0,0,0.000000,False
Evo,Evo\evoDJI_0007_frame125.jpg,1,1,1,0,0,0.000000,False
Evo,Evo\evoDJI_0007_frame126.jpg,1,1,1,0,0,0.000000,False
Evo,Evo\evoDJI_0007_frame127.jpg,1,1,1,0,0,0.000000,False
Evo,Evo\evoDJI_0007_frame128.jpg,1,1,1,0,0,0.000000,False
Evo,Evo\evoDJI_0007_frame129.jpg,1,1,1,0,0,0.000000,False
Evo,Evo\evoDJI_0007_frame13.jpg,1,1,1,0,0,0.000000,False
Evo,Evo\evoDJI_0007_frame130.jpg,1,1,1,0,0,0.000000,False
Evo,Evo\evoDJI_0007_frame131.jpg,1,1,1,0,0,0.000000,False
Evo,Evo\evoDJI_0007_frame132.jpg,1,1,1,0,0,0.000000,False
Evo,Evo\evoDJI_0007_frame133.jpg,1,1,1,0,0,0.000000,False
Evo,Evo\evoDJI_0007_frame134.jpg,1,1,1,0,0,0.000000,False
Evo,Evo\evoDJI_0007_frame135.jpg,1,1,1,0,0,0.000000,False
Evo,Evo\evoDJI_0007_frame136.jpg,1,1,1,0,0,0.000000,False
Evo,Evo\evoDJI_0007_frame137.jpg,1,1,1,0,0,0.000000,False
Evo,Evo\evoDJI_0007_frame138.jpg,1,1,1,0,0,0.000000,False
Evo,Evo\evoDJI_0007_frame139.jpg,1,1,1,0,0,0.000000,False
Evo,Evo\evoDJI_0007_frame14.jpg,1,1,1,0,0,0.000000,False
Evo,Evo\evoDJI_0007_frame140.jpg,1,1,1,0,0,0.000000,False
Evo,Evo\evoDJI_0007_frame141.jpg,1,1,1,0,0,0.000000,False
Evo,Evo\evoDJI_0007_frame142.jpg,1,1,1,0,0,0.000000,False
Evo,Evo\evoDJI_0007_frame143.jpg,1,1,1,0,0,0.000000,False
Evo,Evo\evoDJI_0007_frame144.jpg,1,1,1,0,0,0.000000,False
Evo,Evo\evoDJI_0007_frame145.jpg,1,1,1,0,0,0.000000,False
Evo,Evo\evoDJI_0007_frame146.jpg,1,1,1,0,0,0.000000,False
Evo,Evo\evoDJI_0007_frame147.jpg,1,1,1,0,0,0.000000,False
Evo,Evo\evoDJI_0007_frame148.jpg,1,1,1,0,0,0.000000,False
Evo,Evo\evoDJI_0007_frame149.jpg,1,1,1,0,0,0.000000,False
Evo,Evo\evoDJI_0007_frame15.jpg,1,1,1,0,0,0.000000,False
Evo,Evo\evoDJI_0007_frame150.jpg,1,1,0,1,1,0.376966,False
Evo,Evo\evoDJI_0007_frame151.jpg,1,1,0,1,1,0.254731,False
Evo,Evo\evoDJI_0007_frame152.jpg,1,1,1,0,0,0.000000,False
Evo,Evo\evoDJI_0007_frame153.jpg,1,1,1,0,0,0.000000,False
Evo,Evo\evoDJI_0007_frame154.jpg,1,1,1,0,0,0.000000,False
Evo,Evo\evoDJI_0007_frame155.jpg,1,1,1,0,0,0.000000,False
Evo,Evo\evoDJI_0007_frame156.jpg,1,1,1,0,0,0.000000,False
Evo,Evo\evoDJI_0007_frame157.jpg,1,1,1,0,0,0.000000,False
Evo,Evo\evoDJI_0007_frame158.jpg,1,1,1,0,0,0.000000,False
Evo,Evo\evoDJI_0007_frame159.jpg,1,1,1,0,0,0.000000,False
Evo,Evo\evoDJI_0007_frame16.jpg,7,1,1,0,6,0.000000,False
Evo,Evo\evoDJI_0007_frame160.jpg,1,1,1,0,0,0.000000,False
Evo,Evo\evoDJI_0007_frame161.jpg,1,1,1,0,0,0.000000,False
Evo,Evo\evoDJI_0007_frame162.jpg,1,1,1,0,0,0.000000,False
Evo,Evo\evoDJI_0007_frame163.jpg,1,1,1,0,0,0.000000,False
Evo,Evo\evoDJI_0007_frame164.jpg,1,1,1,0,0,0.000000,False
Evo,Evo\evoDJI_0007_frame165.jpg,1,1,1,0,0,0.000000,False
Evo,Evo\evoDJI_0007_frame166.jpg,1,1,1,0,0,0.000000,False
Evo,Evo\evoDJI_0007_frame167.jpg,1,1,1,0,0,0.000000,False
Evo,Evo\evoDJI_0007_frame168.jpg,1,1,1,0,0,0.000000,False
Evo,Evo\evoDJI_0007_frame169.jpg,1,1,1,0,0,0.000000,False
Evo,Evo\evoDJI_0007_frame17.jpg,1,1,1,0,0,0.000000,False
Evo,Evo\evoDJI_0007_frame170.jpg,1,1,1,0,0,0.000000,False
Evo,Evo\evoDJI_0007_frame171.jpg,1,1,1,0,0,0.000000,False
Evo,Evo\evoDJI_0007_frame172.jpg,1,1,1,0,0,0.000000,False
Evo,Evo\evoDJI_0007_frame173.jpg,1,1,1,0,0,0.000000,False
Evo,Evo\evoDJI_0007_frame174.jpg,1,1,1,0,0,0.000000,False
Evo,Evo\evoDJI_0007_frame175.jpg,1,1,1,0,0,0.000000,False
Evo,Evo\evoDJI_0007_frame176.jpg,1,1,1,0,0,0.000000,False
Evo,Evo\evoDJI_0007_frame177.jpg,1,1,1,0,0,0.000000,False
Evo,Evo\evoDJI_0007_frame178.jpg,1,1,1,0,0,0.000000,False
Evo,Evo\evoDJI_0007_frame179.jpg,1,1,1,0,0,0.000000,False
Evo,Evo\evoDJI_0007_frame18.jpg,1,1,1,0,0,0.000000,False
Evo,Evo\evoDJI_0007_frame180.jpg,1,1,1,0,0,0.000000,False
Evo,Evo\evoDJI_0007_frame181.jpg,1,1,1,0,0,0.000000,False
Evo,Evo\evoDJI_0007_frame182.jpg,1,1,1,0,0,0.000000,False
Evo,Evo\evoDJI_0007_frame183.jpg,1,1,1,0,0,0.000000,False
Evo,Evo\evoDJI_0007_frame184.jpg,1,1,1,0,0,0.000000,False
Evo,Evo\evoDJI_0007_frame185.jpg,1,1,1,0,0,0.000000,False
Evo,Evo\evoDJI_0007_frame186.jpg,1,1,1,0,0,0.000000,False
Evo,Evo\evoDJI_0007_frame187.jpg,1,1,1,0,0,0.000000,False
Evo,Evo\evoDJI_0007_frame188.jpg,1,1,1,0,0,0.000000,False
Evo,Evo\evoDJI_0007_frame189.jpg,1,1,1,0,0,0.000000,False
Evo,Evo\evoDJI_0007_frame19.jpg,1,1,1,0,0,0.000000,False
Evo,Evo\evoDJI_0007_frame190.jpg,1,1,1,0,0,0.000000,False
Evo,Evo\evoDJI_0007_frame191.jpg,1,1,1,0,0,0.000000,False
Evo,Evo\evoDJI_0007_frame192.jpg,1,1,1,0,0,0.000000,False
Evo,Evo\evoDJI_0007_frame193.jpg,1,1,1,0,0,0.000000,False
Evo,Evo\evoDJI_0007_frame194.jpg,1,1,1,0,0,0.000000,False
Evo,Evo\evoDJI_0007_frame195.jpg,1,1,1,0,0,0.000000,False
Evo,Evo\evoDJI_0007_frame196.jpg,1,1,1,0,0,0.000000,False
Evo,Evo\evoDJI_0007_frame197.jpg,1,1,1,0,0,0.000000,False
Evo,Evo\evoDJI_0007_frame198.jpg,1,1,1,0,0,0.000000,False
Evo,Evo\evoDJI_0007_frame199.jpg,1,1,1,0,0,0.000000,False
Evo,Evo\evoDJI_0007_frame2.jpg,1,1,1,0,0,0.000000,False
Evo,Evo\evoDJI_0007_frame20.jpg,1,1,1,0,0,0.000000,False
Evo,Evo\evoDJI_0007_frame200.jpg,1,1,1,0,0,0.000000,False
Evo,Evo\evoDJI_0007_frame201.jpg,1,1,1,0,0,0.000000,False
Evo,Evo\evoDJI_0007_frame202.jpg,1,1,1,0,0,0.000000,False
Evo,Evo\evoDJI_0007_frame203.jpg,1,1,1,0,0,0.000000,False
Evo,Evo\evoDJI_0007_frame204.jpg,1,1,1,0,0,0.000000,False
Evo,Evo\evoDJI_0007_frame205.jpg,1,1,1,0,0,0.000000,False
Evo,Evo\evoDJI_0007_frame206.jpg,1,1,1,0,0,0.000000,False
Evo,Evo\evoDJI_0007_frame207.jpg,1,1,1,0,0,0.000000,False
Evo,Evo\evoDJI_0007_frame208.jpg,1,1,1,0,0,0.000000,False
Evo,Evo\evoDJI_0007_frame209.jpg,1,1,1,0,0,0.000000,False
Evo,Evo\evoDJI_0007_frame21.jpg,1,1,1,0,0,0.000000,False
Evo,Evo\evoDJI_0007_frame210.jpg,1,1,1,0,0,0.000000,False
Evo,Evo\evoDJI_0007_frame211.jpg,1,1,1,0,0,0.000000,False
Evo,Evo\evoDJI_0007_frame212.jpg,1,1,1,0,0,0.000000,False
Evo,Evo\evoDJI_0007_frame213.jpg,1,1,1,0,0,0.000000,False
Evo,Evo\evoDJI_0007_frame214.jpg,1,1,1,0,0,0.000000,False
Evo,Evo\evoDJI_0007_frame215.jpg,1,1,1,0,0,0.000000,False
Evo,Evo\evoDJI_0007_frame216.jpg,1,1,1,0,0,0.000000,False
Evo,Evo\evoDJI_0007_frame217.jpg,1,1,1,0,0,0.000000,False
Evo,Evo\evoDJI_0007_frame218.jpg,1,1,1,0,0,0.000000,False
Evo,Evo\evoDJI_0007_frame219.jpg,1,1,1,0,0,0.000000,False
Evo,Evo\evoDJI_0007_frame22.jpg,1,1,1,0,0,0.000000,False
Evo,Evo\evoDJI_0007_frame220.jpg,1,1,1,0,0,0.000000,False
Evo,Evo\evoDJI_0007_frame221.jpg,1,1,1,0,0,0.000000,False
Evo,Evo\evoDJI_0007_frame222.jpg,1,1,1,0,0,0.000000,False
Evo,Evo\evoDJI_0007_frame223.jpg,1,1,1,0,0,0.000000,False
Evo,Evo\evoDJI_0007_frame224.jpg,1,1,1,0,0,0.000000,False
Evo,Evo\evoDJI_0007_frame225.jpg,1,1,1,0,0,0.000000,False
Evo,Evo\evoDJI_0007_frame226.jpg,1,1,1,0,0,0.000000,False
Evo,Evo\evoDJI_0007_frame227.jpg,1,1,1,0,0,0.000000,False
Evo,Evo\evoDJI_0007_frame228.jpg,1,1,1,0,0,0.000000,False
Evo,Evo\evoDJI_0007_frame229.jpg,1,1,1,0,0,0.000000,False
Evo,Evo\evoDJI_0007_frame23.jpg,1,1,1,0,0,0.000000,False
Evo,Evo\evoDJI_0007_frame230.jpg,1,1,1,0,0,0.000000,False
Evo,Evo\evoDJI_0007_frame231.jpg,1,1,1,0,0,0.000000,False
Evo,Evo\evoDJI_0007_frame232.jpg,1,1,1,0,0,0.000000,False
Evo,Evo\evoDJI_0007_frame233.jpg,1,1,1,0,0,0.000000,False
Evo,Evo\evoDJI_0007_frame234.jpg,1,1,1,0,0,0.000000,False
Evo,Evo\evoDJI_0007_frame235.jpg,1,1,1,0,0,0.000000,False
Evo,Evo\evoDJI_0007_frame236.jpg,1,1,1,0,0,0.000000,False
Evo,Evo\evoDJI_0007_frame237.jpg,1,1,1,0,0,0.000000,False
Evo,Evo\evoDJI_0007_frame238.jpg,1,1,1,0,0,0.000000,False
Evo,Evo\evoDJI_0007_frame239.jpg,1,1,0,1,1,0.761819,False
Evo,Evo\evoDJI_0007_frame24.jpg,1,1,1,0,0,0.000000,False
Evo,Evo\evoDJI_0007_frame240.jpg,1,1,1,0,0,0.000000,False
Evo,Evo\evoDJI_0007_frame241.jpg,1,2,1,1,0,0.255063,False
Evo,Evo\evoDJI_0007_frame242.jpg,1,1,1,0,0,0.000000,False
Evo,Evo\evoDJI_0007_frame243.jpg,1,1,1,0,0,0.000000,False
Evo,Evo\evoDJI_0007_frame244.jpg,1,1,1,0,0,0.000000,False
Evo,Evo\evoDJI_0007_frame245.jpg,1,1,1,0,0,0.000000,False
Evo,Evo\evoDJI_0007_frame246.jpg,1,1,1,0,0,0.000000,False
Evo,Evo\evoDJI_0007_frame247.jpg,1,1,1,0,0,0.000000,False
Evo,Evo\evoDJI_0007_frame248.jpg,1,1,1,0,0,0.000000,False
Evo,Evo\evoDJI_0007_frame249.jpg,1,1,1,0,0,0.000000,False
Evo,Evo\evoDJI_0007_frame25.jpg,1,1,1,0,0,0.000000,False
Evo,Evo\evoDJI_0007_frame250.jpg,1,1,1,0,0,0.000000,False
Evo,Evo\evoDJI_0007_frame251.jpg,1,1,1,0,0,0.000000,False
Evo,Evo\evoDJI_0007_frame252.jpg,1,1,1,0,0,0.000000,False
Evo,Evo\evoDJI_0007_frame253.jpg,1,1,1,0,0,0.000000,False
Evo,Evo\evoDJI_0007_frame254.jpg,1,1,1,0,0,0.000000,False
Evo,Evo\evoDJI_0007_frame255.jpg,1,1,1,0,0,0.000000,False
Evo,Evo\evoDJI_0007_frame256.jpg,1,1,1,0,0,0.000000,False
Evo,Evo\evoDJI_0007_frame257.jpg,1,1,1,0,0,0.000000,False
Evo,Evo\evoDJI_0007_frame258.jpg,1,1,1,0,0,0.000000,False
Evo,Evo\evoDJI_0007_frame259.jpg,1,1,1,0,0,0.000000,False
Evo,Evo\evoDJI_0007_frame26.jpg,1,1,1,0,0,0.000000,False
Evo,Evo\evoDJI_0007_frame260.jpg,1,1,1,0,0,0.000000,False
Evo,Evo\evoDJI_0007_frame261.jpg,1,1,1,0,0,0.000000,False
Evo,Evo\evoDJI_0007_frame262.jpg,1,1,1,0,0,0.000000,False
Evo,Evo\evoDJI_0007_frame263.jpg,1,1,1,0,0,0.000000,False
Evo,Evo\evoDJI_0007_frame264.jpg,1,1,1,0,0,0.000000,False
Evo,Evo\evoDJI_0007_frame265.jpg,1,1,1,0,0,0.000000,False
Evo,Evo\evoDJI_0007_frame266.jpg,1,1,1,0,0,0.000000,False
Evo,Evo\evoDJI_0007_frame267.jpg,1,1,1,0,0,0.000000,False
Evo,Evo\evoDJI_0007_frame268.jpg,1,1,1,0,0,0.000000,False
Evo,Evo\evoDJI_0007_frame269.jpg,1,1,1,0,0,0.000000,False
Evo,Evo\evoDJI_0007_frame27.jpg,1,1,1,0,0,0.000000,False
Evo,Evo\evoDJI_0007_frame270.jpg,1,1,1,0,0,0.000000,False
Evo,Evo\evoDJI_0007_frame271.jpg,1,1,1,0,0,0.000000,False
Evo,Evo\evoDJI_0007_frame272.jpg,1,1,1,0,0,0.000000,False
Evo,Evo\evoDJI_0007_frame273.jpg,1,1,1,0,0,0.000000,False
Evo,Evo\evoDJI_0007_frame274.jpg,1,1,1,0,0,0.000000,False
Evo,Evo\evoDJI_0007_frame275.jpg,1,1,1,0,0,0.000000,False
Evo,Evo\evoDJI_0007_frame276.jpg,1,1,1,0,0,0.000000,False
Evo,Evo\evoDJI_0007_frame277.jpg,1,1,1,0,0,0.000000,False
Evo,Evo\evoDJI_0007_frame278.jpg,1,1,1,0,0,0.000000,False
Evo,Evo\evoDJI_0007_frame279.jpg,1,1,1,0,0,0.000000,False
Evo,Evo\evoDJI_0007_frame28.jpg,1,1,1,0,0,0.000000,False
Evo,Evo\evoDJI_0007_frame280.jpg,1,1,1,0,0,0.000000,False
Evo,Evo\evoDJI_0007_frame281.jpg,1,1,1,0,0,0.000000,False
Evo,Evo\evoDJI_0007_frame282.jpg,1,1,1,0,0,0.000000,False
Evo,Evo\evoDJI_0007_frame283.jpg,1,1,1,0,0,0.000000,False
Evo,Evo\evoDJI_0007_frame284.jpg,1,1,1,0,0,0.000000,False
Evo,Evo\evoDJI_0007_frame285.jpg,1,1,1,0,0,0.000000,False
Evo,Evo\evoDJI_0007_frame286.jpg,1,1,1,0,0,0.000000,False
Evo,Evo\evoDJI_0007_frame287.jpg,1,1,1,0,0,0.000000,False
Evo,Evo\evoDJI_0007_frame288.jpg,1,1,1,0,0,0.000000,False
Evo,Evo\evoDJI_0007_frame289.jpg,1,1,1,0,0,0.000000,False
Evo,Evo\evoDJI_0007_frame29.jpg,1,1,1,0,0,0.000000,False
Evo,Evo\evoDJI_0007_frame290.jpg,1,1,1,0,0,0.000000,False
Evo,Evo\evoDJI_0007_frame291.jpg,1,1,1,0,0,0.000000,False
Evo,Evo\evoDJI_0007_frame292.jpg,1,1,1,0,0,0.000000,False
Evo,Evo\evoDJI_0007_frame293.jpg,1,1,1,0,0,0.000000,False
Evo,Evo\evoDJI_0007_frame294.jpg,1,1,1,0,0,0.000000,False
Evo,Evo\evoDJI_0007_frame295.jpg,1,1,1,0,0,0.000000,False
Evo,Evo\evoDJI_0007_frame296.jpg,1,1,1,0,0,0.000000,False
Evo,Evo\evoDJI_0007_frame297.jpg,1,1,1,0,0,0.000000,False
Evo,Evo\evoDJI_0007_frame298.jpg,1,1,1,0,0,0.000000,False
Evo,Evo\evoDJI_0007_frame299.jpg,1,1,1,0,0,0.000000,False
Evo,Evo\evoDJI_0007_frame3.jpg,1,1,1,0,0,0.000000,False
Evo,Evo\evoDJI_0007_frame30.jpg,1,1,1,0,0,0.000000,False
Evo,Evo\evoDJI_0007_frame300.jpg,1,1,1,0,0,0.000000,False
Evo,Evo\evoDJI_0007_frame301.jpg,1,1,1,0,0,0.000000,False
Evo,Evo\evoDJI_0007_frame302.jpg,1,1,1,0,0,0.000000,False
Evo,Evo\evoDJI_0007_frame303.jpg,1,1,1,0,0,0.000000,False
Evo,Evo\evoDJI_0007_frame304.jpg,1,1,1,0,0,0.000000,False
Evo,Evo\evoDJI_0007_frame305.jpg,1,1,1,0,0,0.000000,False
Evo,Evo\evoDJI_0007_frame306.jpg,1,1,1,0,0,0.000000,False
Evo,Evo\evoDJI_0007_frame307.jpg,1,1,1,0,0,0.000000,False
Evo,Evo\evoDJI_0007_frame308.jpg,1,1,1,0,0,0.000000,False
Evo,Evo\evoDJI_0007_frame309.jpg,1,1,1,0,0,0.000000,False
Evo,Evo\evoDJI_0007_frame31.jpg,1,1,1,0,0,0.000000,False
Evo,Evo\evoDJI_0007_frame310.jpg,1,1,1,0,0,0.000000,False
Evo,Evo\evoDJI_0007_frame311.jpg,1,1,1,0,0,0.000000,False
Evo,Evo\evoDJI_0007_frame312.jpg,1,1,1,0,0,0.000000,False
Evo,Evo\evoDJI_0007_frame313.jpg,1,1,1,0,0,0.000000,False
Evo,Evo\evoDJI_0007_frame314.jpg,1,1,1,0,0,0.000000,False
Evo,Evo\evoDJI_0007_frame315.jpg,1,1,1,0,0,0.000000,False
Evo,Evo\evoDJI_0007_frame316.jpg,1,1,1,0,0,0.000000,False
Evo,Evo\evoDJI_0007_frame317.jpg,1,1,1,0,0,0.000000,False
Evo,Evo\evoDJI_0007_frame318.jpg,1,1,1,0,0,0.000000,False
Evo,Evo\evoDJI_0007_frame319.jpg,1,1,1,0,0,0.000000,False
Evo,Evo\evoDJI_0007_frame32.jpg,1,1,1,0,0,0.000000,False
Evo,Evo\evoDJI_0007_frame320.jpg,1,1,1,0,0,0.000000,False
Evo,Evo\evoDJI_0007_frame321.jpg,1,1,1,0,0,0.000000,False
Evo,Evo\evoDJI_0007_frame322.jpg,1,1,1,0,0,0.000000,False
Evo,Evo\evoDJI_0007_frame323.jpg,1,1,1,0,0,0.000000,False
Evo,Evo\evoDJI_0007_frame324.jpg,1,1,1,0,0,0.000000,False
Evo,Evo\evoDJI_0007_frame325.jpg,1,1,1,0,0,0.000000,False
Evo,Evo\evoDJI_0007_frame326.jpg,1,1,1,0,0,0.000000,False
Evo,Evo\evoDJI_0007_frame327.jpg,1,1,1,0,0,0.000000,False
Evo,Evo\evoDJI_0007_frame33.jpg,1,1,1,0,0,0.000000,False
Evo,Evo\evoDJI_0007_frame34.jpg,1,1,1,0,0,0.000000,False
Evo,Evo\evoDJI_0007_frame35.jpg,1,1,1,0,0,0.000000,False
Evo,Evo\evoDJI_0007_frame36.jpg,1,1,1,0,0,0.000000,False
Evo,Evo\evoDJI_0007_frame37.jpg,1,1,1,0,0,0.000000,False
Evo,Evo\evoDJI_0007_frame38.jpg,1,1,1,0,0,0.000000,False
Evo,Evo\evoDJI_0007_frame39.jpg,1,1,1,0,0,0.000000,False
Evo,Evo\evoDJI_0007_frame4.jpg,1,1,1,0,0,0.000000,False
Evo,Evo\evoDJI_0007_frame40.jpg,1,1,1,0,0,0.000000,False
Evo,Evo\evoDJI_0007_frame41.jpg,1,1,1,0,0,0.000000,False
Evo,Evo\evoDJI_0007_frame42.jpg,1,1,1,0,0,0.000000,False
Evo,Evo\evoDJI_0007_frame43.jpg,1,1,1,0,0,0.000000,False
Evo,Evo\evoDJI_0007_frame44.jpg,1,1,1,0,0,0.000000,False
Evo,Evo\evoDJI_0007_frame45.jpg,1,1,1,0,0,0.000000,False
Evo,Evo\evoDJI_0007_frame46.jpg,1,1,1,0,0,0.000000,False
Evo,Evo\evoDJI_0007_frame47.jpg,1,1,1,0,0,0.000000,False
Evo,Evo\evoDJI_0007_frame48.jpg,1,1,1,0,0,0.000000,False
Evo,Evo\evoDJI_0007_frame49.jpg,8,1,1,0,7,0.000000,False
Evo,Evo\evoDJI_0007_frame5.jpg,1,1,1,0,0,0.000000,False
Evo,Evo\evoDJI_0007_frame50.jpg,1,1,1,0,0,0.000000,False
Evo,Evo\evoDJI_0007_frame51.jpg,1,1,1,0,0,0.000000,False
Evo,Evo\evoDJI_0007_frame52.jpg,1,1,1,0,0,0.000000,False
Evo,Evo\evoDJI_0007_frame53.jpg,1,1,1,0,0,0.000000,False
Evo,Evo\evoDJI_0007_frame54.jpg,1,1,1,0,0,0.000000,False
Evo,Evo\evoDJI_0007_frame55.jpg,1,1,1,0,0,0.000000,False
Evo,Evo\evoDJI_0007_frame56.jpg,1,1,1,0,0,0.000000,False
Evo,Evo\evoDJI_0007_frame57.jpg,1,1,1,0,0,0.000000,False
Evo,Evo\evoDJI_0007_frame58.jpg,1,1,1,0,0,0.000000,False
Evo,Evo\evoDJI_0007_frame59.jpg,1,1,1,0,0,0.000000,False
Evo,Evo\evoDJI_0007_frame6.jpg,1,1,1,0,0,0.000000,False
Evo,Evo\evoDJI_0007_frame60.jpg,1,1,1,0,0,0.000000,False
Evo,Evo\evoDJI_0007_frame61.jpg,1,1,1,0,0,0.000000,False
Evo,Evo\evoDJI_0007_frame62.jpg,1,1,1,0,0,0.000000,False
Evo,Evo\evoDJI_0007_frame63.jpg,1,1,1,0,0,0.000000,False
Evo,Evo\evoDJI_0007_frame64.jpg,1,1,1,0,0,0.000000,False
Evo,Evo\evoDJI_0007_frame65.jpg,1,1,1,0,0,0.000000,False
Evo,Evo\evoDJI_0007_frame66.jpg,1,1,1,0,0,0.000000,False
Evo,Evo\evoDJI_0007_frame67.jpg,1,1,1,0,0,0.000000,False
Evo,Evo\evoDJI_0007_frame68.jpg,1,1,1,0,0,0.000000,False
Evo,Evo\evoDJI_0007_frame69.jpg,1,1,1,0,0,0.000000,False
Evo,Evo\evoDJI_0007_frame7.jpg,1,1,1,0,0,0.000000,False
Evo,Evo\evoDJI_0007_frame70.jpg,1,1,1,0,0,0.000000,False
Evo,Evo\evoDJI_0007_frame71.jpg,1,1,1,0,0,0.000000,False
Evo,Evo\evoDJI_0007_frame72.jpg,1,1,1,0,0,0.000000,False
Evo,Evo\evoDJI_0007_frame73.jpg,1,1,1,0,0,0.000000,False
Evo,Evo\evoDJI_0007_frame74.jpg,1,1,1,0,0,0.000000,False
Evo,Evo\evoDJI_0007_frame75.jpg,1,1,1,0,0,0.000000,False
Evo,Evo\evoDJI_0007_frame76.jpg,1,1,1,0,0,0.000000,False
Evo,Evo\evoDJI_0007_frame77.jpg,1,1,1,0,0,0.000000,False
Evo,Evo\evoDJI_0007_frame78.jpg,1,1,1,0,0,0.000000,False
Evo,Evo\evoDJI_0007_frame79.jpg,1,1,1,0,0,0.000000,False
Evo,Evo\evoDJI_0007_frame8.jpg,1,1,1,0,0,0.000000,False
Evo,Evo\evoDJI_0007_frame80.jpg,1,1,1,0,0,0.000000,False
Evo,Evo\evoDJI_0007_frame81.jpg,1,1,1,0,0,0.000000,False
Evo,Evo\evoDJI_0007_frame82.jpg,1,1,1,0,0,0.000000,False
Evo,Evo\evoDJI_0007_frame83.jpg,1,2,1,1,0,0.363968,False
Evo,Evo\evoDJI_0007_frame84.jpg,1,1,1,0,0,0.000000,False
Evo,Evo\evoDJI_0007_frame85.jpg,1,2,1,1,0,0.336112,False
Evo,Evo\evoDJI_0007_frame86.jpg,1,1,1,0,0,0.000000,False
Evo,Evo\evoDJI_0007_frame87.jpg,1,1,1,0,0,0.000000,False
Evo,Evo\evoDJI_0007_frame88.jpg,1,1,1,0,0,0.000000,False
Evo,Evo\evoDJI_0007_frame89.jpg,1,1,1,0,0,0.000000,False
Evo,Evo\evoDJI_0007_frame9.jpg,1,1,1,0,0,0.000000,False
Evo,Evo\evoDJI_0007_frame90.jpg,1,1,1,0,0,0.000000,False
Evo,Evo\evoDJI_0007_frame91.jpg,1,1,1,0,0,0.000000,False
Evo,Evo\evoDJI_0007_frame92.jpg,1,1,1,0,0,0.000000,False
Evo,Evo\evoDJI_0007_frame93.jpg,1,1,1,0,0,0.000000,False
Evo,Evo\evoDJI_0007_frame94.jpg,1,1,1,0,0,0.000000,False
Evo,Evo\evoDJI_0007_frame95.jpg,1,1,1,0,0,0.000000,False
Evo,Evo\evoDJI_0007_frame96.jpg,1,1,1,0,0,0.000000,False
Evo,Evo\evoDJI_0007_frame97.jpg,1,1,1,0,0,0.000000,False
Evo,Evo\evoDJI_0007_frame98.jpg,1,1,1,0,0,0.000000,False
Evo,Evo\evoDJI_0007_frame99.jpg,1,1,1,0,0,0.000000,False
Evo,Evo\evoDJI_0009_frame0.jpg,1,1,1,0,0,0.000000,False
Evo,Evo\evoDJI_0009_frame1.jpg,1,1,1,0,0,0.000000,False
Evo,Evo\evoDJI_0009_frame10.jpg,1,1,1,0,0,0.000000,False
Evo,Evo\evoDJI_0009_frame100.jpg,1,1,1,0,0,0.000000,False
Evo,Evo\evoDJI_0009_frame101.jpg,1,1,0,1,1,0.816218,False
Evo,Evo\evoDJI_0009_frame102.jpg,1,1,1,0,0,0.000000,False
Evo,Evo\evoDJI_0009_frame103.jpg,1,1,1,0,0,0.000000,False
Evo,Evo\evoDJI_0009_frame104.jpg,1,1,1,0,0,0.000000,False
Evo,Evo\evoDJI_0009_frame105.jpg,1,1,1,0,0,0.000000,False
Evo,Evo\evoDJI_0009_frame106.jpg,1,1,0,1,1,0.814665,False
Evo,Evo\evoDJI_0009_frame107.jpg,1,1,1,0,0,0.000000,False
Evo,Evo\evoDJI_0009_frame108.jpg,1,1,1,0,0,0.000000,False
Evo,Evo\evoDJI_0009_frame109.jpg,1,1,1,0,0,0.000000,False
Evo,Evo\evoDJI_0009_frame11.jpg,1,1,1,0,0,0.000000,False
Evo,Evo\evoDJI_0009_frame110.jpg,1,1,0,1,1,0.819105,False
Evo,Evo\evoDJI_0009_frame111.jpg,1,1,1,0,0,0.000000,False
Evo,Evo\evoDJI_0009_frame112.jpg,1,1,1,0,0,0.000000,False
Evo,Evo\evoDJI_0009_frame113.jpg,1,1,1,0,0,0.000000,False
Evo,Evo\evoDJI_0009_frame114.jpg,1,1,1,0,0,0.000000,False
Evo,Evo\evoDJI_0009_frame115.jpg,1,1,1,0,0,0.000000,False
Evo,Evo\evoDJI_0009_frame116.jpg,1,1,1,0,0,0.000000,False
Evo,Evo\evoDJI_0009_frame117.jpg,1,1,0,1,1,0.833471,False
Evo,Evo\evoDJI_0009_frame118.jpg,1,1,1,0,0,0.000000,False
Evo,Evo\evoDJI_0009_frame119.jpg,1,1,1,0,0,0.000000,False
Evo,Evo\evoDJI_0009_frame12.jpg,1,1,1,0,0,0.000000,False
Evo,Evo\evoDJI_0009_frame120.jpg,1,1,1,0,0,0.000000,False
Evo,Evo\evoDJI_0009_frame121.jpg,1,1,1,0,0,0.000000,False
Evo,Evo\evoDJI_0009_frame122.jpg,1,1,1,0,0,0.000000,False
Evo,Evo\evoDJI_0009_frame123.jpg,1,1,1,0,0,0.000000,False
Evo,Evo\evoDJI_0009_frame124.jpg,1,1,1,0,0,0.000000,False
Evo,Evo\evoDJI_0009_frame125.jpg,1,1,1,0,0,0.000000,False
Evo,Evo\evoDJI_0009_frame126.jpg,1,1,1,0,0,0.000000,False
Evo,Evo\evoDJI_0009_frame127.jpg,1,1,1,0,0,0.000000,False
Evo,Evo\evoDJI_0009_frame128.jpg,1,1,1,0,0,0.000000,False
Evo,Evo\evoDJI_0009_frame129.jpg,1,1,1,0,0,0.000000,False
Evo,Evo\evoDJI_0009_frame13.jpg,1,1,1,0,0,0.000000,False
Evo,Evo\evoDJI_0009_frame130.jpg,1,1,1,0,0,0.000000,False
Evo,Evo\evoDJI_0009_frame131.jpg,1,1,1,0,0,0.000000,False
Evo,Evo\evoDJI_0009_frame132.jpg,1,1,1,0,0,0.000000,False
Evo,Evo\evoDJI_0009_frame133.jpg,1,1,1,0,0,0.000000,False
Evo,Evo\evoDJI_0009_frame134.jpg,1,1,1,0,0,0.000000,False
Evo,Evo\evoDJI_0009_frame135.jpg,1,1,1,0,0,0.000000,False
Evo,Evo\evoDJI_0009_frame136.jpg,1,1,1,0,0,0.000000,False
Evo,Evo\evoDJI_0009_frame137.jpg,1,1,1,0,0,0.000000,False
Evo,Evo\evoDJI_0009_frame138.jpg,1,1,1,0,0,0.000000,False
Evo,Evo\evoDJI_0009_frame139.jpg,1,1,1,0,0,0.000000,False
Evo,Evo\evoDJI_0009_frame14.jpg,1,1,1,0,0,0.000000,False
Evo,Evo\evoDJI_0009_frame140.jpg,1,1,1,0,0,0.000000,False
Evo,Evo\evoDJI_0009_frame141.jpg,1,1,1,0,0,0.000000,False
Evo,Evo\evoDJI_0009_frame142.jpg,1,1,1,0,0,0.000000,False
Evo,Evo\evoDJI_0009_frame143.jpg,1,1,1,0,0,0.000000,False
Evo,Evo\evoDJI_0009_frame144.jpg,1,1,1,0,0,0.000000,False
Evo,Evo\evoDJI_0009_frame145.jpg,1,1,1,0,0,0.000000,False
Evo,Evo\evoDJI_0009_frame146.jpg,1,1,1,0,0,0.000000,False
Evo,Evo\evoDJI_0009_frame147.jpg,1,1,1,0,0,0.000000,False
Evo,Evo\evoDJI_0009_frame148.jpg,1,1,1,0,0,0.000000,False
Evo,Evo\evoDJI_0009_frame149.jpg,1,1,1,0,0,0.000000,False
Evo,Evo\evoDJI_0009_frame15.jpg,1,1,1,0,0,0.000000,False
Evo,Evo\evoDJI_0009_frame150.jpg,1,1,1,0,0,0.000000,False
Evo,Evo\evoDJI_0009_frame151.jpg,1,1,1,0,0,0.000000,False
Evo,Evo\evoDJI_0009_frame152.jpg,1,1,1,0,0,0.000000,False
Evo,Evo\evoDJI_0009_frame153.jpg,1,1,1,0,0,0.000000,False
Evo,Evo\evoDJI_0009_frame154.jpg,1,1,0,1,1,0.864092,False
Evo,Evo\evoDJI_0009_frame155.jpg,1,1,1,0,0,0.000000,False
Evo,Evo\evoDJI_0009_frame156.jpg,1,1,0,1,1,0.864413,False
Evo,Evo\evoDJI_0009_frame157.jpg,1,1,0,1,1,0.850990,False
Evo,Evo\evoDJI_0009_frame158.jpg,1,1,1,0,0,0.000000,False
Evo,Evo\evoDJI_0009_frame159.jpg,1,1,1,0,0,0.000000,False
Evo,Evo\evoDJI_0009_frame16.jpg,1,1,1,0,0,0.000000,False
Evo,Evo\evoDJI_0009_frame160.jpg,1,1,1,0,0,0.000000,False
Evo,Evo\evoDJI_0009_frame161.jpg,1,1,1,0,0,0.000000,False
Evo,Evo\evoDJI_0009_frame162.jpg,1,1,1,0,0,0.000000,False
Evo,Evo\evoDJI_0009_frame163.jpg,1,1,1,0,0,0.000000,False
Evo,Evo\evoDJI_0009_frame164.jpg,1,1,1,0,0,0.000000,False
Evo,Evo\evoDJI_0009_frame165.jpg,1,1,1,0,0,0.000000,False
Evo,Evo\evoDJI_0009_frame166.jpg,1,1,1,0,0,0.000000,False
Evo,Evo\evoDJI_0009_frame167.jpg,1,1,1,0,0,0.000000,False
Evo,Evo\evoDJI_0009_frame168.jpg,1,1,1,0,0,0.000000,False
Evo,Evo\evoDJI_0009_frame169.jpg,1,1,1,0,0,0.000000,False
Evo,Evo\evoDJI_0009_frame17.jpg,1,1,1,0,0,0.000000,False
Evo,Evo\evoDJI_0009_frame170.jpg,1,1,1,0,0,0.000000,False
Evo,Evo\evoDJI_0009_frame171.jpg,1,1,1,0,0,0.000000,False
Evo,Evo\evoDJI_0009_frame172.jpg,1,1,1,0,0,0.000000,False
Evo,Evo\evoDJI_0009_frame173.jpg,1,1,1,0,0,0.000000,False
Evo,Evo\evoDJI_0009_frame174.jpg,1,1,1,0,0,0.000000,False
Evo,Evo\evoDJI_0009_frame175.jpg,1,1,1,0,0,0.000000,False
Evo,Evo\evoDJI_0009_frame176.jpg,1,1,1,0,0,0.000000,False
Evo,Evo\evoDJI_0009_frame177.jpg,1,1,1,0,0,0.000000,False
Evo,Evo\evoDJI_0009_frame178.jpg,1,1,1,0,0,0.000000,False
Evo,Evo\evoDJI_0009_frame179.jpg,1,1,1,0,0,0.000000,False
Evo,Evo\evoDJI_0009_frame18.jpg,1,1,1,0,0,0.000000,False
Evo,Evo\evoDJI_0009_frame180.jpg,1,1,1,0,0,0.000000,False
Evo,Evo\evoDJI_0009_frame181.jpg,1,1,1,0,0,0.000000,False
Evo,Evo\evoDJI_0009_frame182.jpg,1,1,1,0,0,0.000000,False
Evo,Evo\evoDJI_0009_frame183.jpg,1,1,1,0,0,0.000000,False
Evo,Evo\evoDJI_0009_frame184.jpg,1,1,1,0,0,0.000000,False
Evo,Evo\evoDJI_0009_frame185.jpg,1,1,1,0,0,0.000000,False
Evo,Evo\evoDJI_0009_frame186.jpg,1,1,1,0,0,0.000000,False
Evo,Evo\evoDJI_0009_frame187.jpg,1,1,1,0,0,0.000000,False
Evo,Evo\evoDJI_0009_frame188.jpg,1,1,1,0,0,0.000000,False
Evo,Evo\evoDJI_0009_frame189.jpg,1,1,1,0,0,0.000000,False
Evo,Evo\evoDJI_0009_frame19.jpg,1,1,1,0,0,0.000000,False
Evo,Evo\evoDJI_0009_frame190.jpg,1,1,1,0,0,0.000000,False
Evo,Evo\evoDJI_0009_frame191.jpg,1,1,1,0,0,0.000000,False
Evo,Evo\evoDJI_0009_frame192.jpg,1,1,1,0,0,0.000000,False
Evo,Evo\evoDJI_0009_frame193.jpg,1,1,1,0,0,0.000000,False
Evo,Evo\evoDJI_0009_frame194.jpg,1,1,0,1,1,0.784137,False
Evo,Evo\evoDJI_0009_frame195.jpg,1,1,0,1,1,0.780343,False
Evo,Evo\evoDJI_0009_frame196.jpg,1,1,1,0,0,0.000000,False
Evo,Evo\evoDJI_0009_frame197.jpg,1,1,1,0,0,0.000000,False
Evo,Evo\evoDJI_0009_frame198.jpg,1,1,1,0,0,0.000000,False
Evo,Evo\evoDJI_0009_frame199.jpg,1,1,1,0,0,0.000000,False
Evo,Evo\evoDJI_0009_frame2.jpg,1,1,1,0,0,0.000000,False
Evo,Evo\evoDJI_0009_frame20.jpg,1,1,1,0,0,0.000000,False
Evo,Evo\evoDJI_0009_frame200.jpg,1,1,1,0,0,0.000000,False
Evo,Evo\evoDJI_0009_frame201.jpg,1,1,1,0,0,0.000000,False
Evo,Evo\evoDJI_0009_frame202.jpg,1,1,1,0,0,0.000000,False
Evo,Evo\evoDJI_0009_frame203.jpg,1,1,1,0,0,0.000000,False
Evo,Evo\evoDJI_0009_frame204.jpg,1,1,1,0,0,0.000000,False
Evo,Evo\evoDJI_0009_frame205.jpg,1,1,1,0,0,0.000000,False
Evo,Evo\evoDJI_0009_frame206.jpg,1,1,1,0,0,0.000000,False
Evo,Evo\evoDJI_0009_frame207.jpg,1,1,1,0,0,0.000000,False
Evo,Evo\evoDJI_0009_frame208.jpg,1,1,1,0,0,0.000000,False
Evo,Evo\evoDJI_0009_frame209.jpg,1,1,1,0,0,0.000000,False
Evo,Evo\evoDJI_0009_frame21.jpg,1,1,1,0,0,0.000000,False
Evo,Evo\evoDJI_0009_frame210.jpg,1,1,1,0,0,0.000000,False
Evo,Evo\evoDJI_0009_frame211.jpg,1,1,1,0,0,0.000000,False
Evo,Evo\evoDJI_0009_frame212.jpg,1,1,1,0,0,0.000000,False
Evo,Evo\evoDJI_0009_frame213.jpg,1,1,1,0,0,0.000000,False
Evo,Evo\evoDJI_0009_frame214.jpg,1,1,1,0,0,0.000000,False
Evo,Evo\evoDJI_0009_frame215.jpg,1,1,1,0,0,0.000000,False
Evo,Evo\evoDJI_0009_frame216.jpg,1,1,1,0,0,0.000000,False
Evo,Evo\evoDJI_0009_frame217.jpg,1,1,1,0,0,0.000000,False
Evo,Evo\evoDJI_0009_frame218.jpg,1,1,1,0,0,0.000000,False
Evo,Evo\evoDJI_0009_frame219.jpg,1,1,1,0,0,0.000000,False
Evo,Evo\evoDJI_0009_frame22.jpg,1,1,1,0,0,0.000000,False
Evo,Evo\evoDJI_0009_frame220.jpg,1,1,1,0,0,0.000000,False
Evo,Evo\evoDJI_0009_frame221.jpg,1,1,1,0,0,0.000000,False
Evo,Evo\evoDJI_0009_frame222.jpg,1,1,1,0,0,0.000000,False
Evo,Evo\evoDJI_0009_frame223.jpg,1,1,1,0,0,0.000000,False
Evo,Evo\evoDJI_0009_frame224.jpg,1,1,1,0,0,0.000000,False
Evo,Evo\evoDJI_0009_frame225.jpg,1,1,1,0,0,0.000000,False
Evo,Evo\evoDJI_0009_frame226.jpg,1,1,1,0,0,0.000000,False
Evo,Evo\evoDJI_0009_frame227.jpg,1,1,1,0,0,0.000000,False
Evo,Evo\evoDJI_0009_frame228.jpg,1,1,1,0,0,0.000000,False
Evo,Evo\evoDJI_0009_frame229.jpg,1,1,1,0,0,0.000000,False
Evo,Evo\evoDJI_0009_frame23.jpg,1,1,1,0,0,0.000000,False
Evo,Evo\evoDJI_0009_frame230.jpg,1,1,1,0,0,0.000000,False
Evo,Evo\evoDJI_0009_frame231.jpg,1,1,1,0,0,0.000000,False
Evo,Evo\evoDJI_0009_frame232.jpg,1,1,1,0,0,0.000000,False
Evo,Evo\evoDJI_0009_frame233.jpg,1,1,1,0,0,0.000000,False
Evo,Evo\evoDJI_0009_frame234.jpg,1,1,1,0,0,0.000000,False
Evo,Evo\evoDJI_0009_frame235.jpg,1,1,1,0,0,0.000000,False
Evo,Evo\evoDJI_0009_frame236.jpg,1,1,1,0,0,0.000000,False
Evo,Evo\evoDJI_0009_frame237.jpg,1,1,1,0,0,0.000000,False
Evo,Evo\evoDJI_0009_frame238.jpg,1,1,1,0,0,0.000000,False
Evo,Evo\evoDJI_0009_frame239.jpg,1,1,1,0,0,0.000000,False
Evo,Evo\evoDJI_0009_frame24.jpg,1,1,1,0,0,0.000000,False
Evo,Evo\evoDJI_0009_frame240.jpg,1,1,1,0,0,0.000000,False
Evo,Evo\evoDJI_0009_frame241.jpg,1,1,1,0,0,0.000000,False
Evo,Evo\evoDJI_0009_frame242.jpg,1,1,1,0,0,0.000000,False
Evo,Evo\evoDJI_0009_frame243.jpg,1,1,1,0,0,0.000000,False
Evo,Evo\evoDJI_0009_frame244.jpg,1,1,1,0,0,0.000000,False
Evo,Evo\evoDJI_0009_frame245.jpg,1,1,1,0,0,0.000000,False
Evo,Evo\evoDJI_0009_frame246.jpg,1,1,1,0,0,0.000000,False
Evo,Evo\evoDJI_0009_frame247.jpg,1,1,1,0,0,0.000000,False
Evo,Evo\evoDJI_0009_frame248.jpg,1,1,1,0,0,0.000000,False
Evo,Evo\evoDJI_0009_frame249.jpg,1,1,1,0,0,0.000000,False
Evo,Evo\evoDJI_0009_frame25.jpg,1,1,1,0,0,0.000000,False
Evo,Evo\evoDJI_0009_frame250.jpg,1,1,1,0,0,0.000000,False
Evo,Evo\evoDJI_0009_frame251.jpg,1,1,1,0,0,0.000000,False
Evo,Evo\evoDJI_0009_frame252.jpg,1,1,1,0,0,0.000000,False
Evo,Evo\evoDJI_0009_frame253.jpg,1,1,1,0,0,0.000000,False
Evo,Evo\evoDJI_0009_frame254.jpg,1,1,1,0,0,0.000000,False
Evo,Evo\evoDJI_0009_frame255.jpg,1,1,1,0,0,0.000000,False
Evo,Evo\evoDJI_0009_frame256.jpg,1,1,1,0,0,0.000000,False
Evo,Evo\evoDJI_0009_frame257.jpg,1,1,1,0,0,0.000000,False
Evo,Evo\evoDJI_0009_frame258.jpg,1,2,1,1,0,0.373463,False
Evo,Evo\evoDJI_0009_frame259.jpg,1,2,1,1,0,0.436784,False
Evo,Evo\evoDJI_0009_frame26.jpg,1,1,1,0,0,0.000000,False
Evo,Evo\evoDJI_0009_frame260.jpg,1,1,0,1,1,0.432645,False
Evo,Evo\evoDJI_0009_frame261.jpg,1,2,0,2,1,0.464673,False
Evo,Evo\evoDJI_0009_frame262.jpg,1,2,1,1,0,0.493256,False
Evo,Evo\evoDJI_0009_frame263.jpg,1,1,0,1,1,0.621532,False
Evo,Evo\evoDJI_0009_frame264.jpg,1,1,1,0,0,0.000000,False
Evo,Evo\evoDJI_0009_frame265.jpg,1,1,1,0,0,0.000000,False
Evo,Evo\evoDJI_0009_frame266.jpg,1,1,1,0,0,0.000000,False
Evo,Evo\evoDJI_0009_frame267.jpg,1,1,1,0,0,0.000000,False
Evo,Evo\evoDJI_0009_frame268.jpg,1,1,1,0,0,0.000000,False
Evo,Evo\evoDJI_0009_frame269.jpg,1,1,1,0,0,0.000000,False
Evo,Evo\evoDJI_0009_frame27.jpg,1,1,1,0,0,0.000000,False
Evo,Evo\evoDJI_0009_frame270.jpg,1,1,1,0,0,0.000000,False
Evo,Evo\evoDJI_0009_frame271.jpg,1,1,1,0,0,0.000000,False
Evo,Evo\evoDJI_0009_frame272.jpg,1,1,1,0,0,0.000000,False
Evo,Evo\evoDJI_0009_frame273.jpg,1,1,1,0,0,0.000000,False
Evo,Evo\evoDJI_0009_frame274.jpg,1,1,1,0,0,0.000000,False
Evo,Evo\evoDJI_0009_frame275.jpg,1,1,1,0,0,0.000000,False
Evo,Evo\evoDJI_0009_frame276.jpg,1,1,1,0,0,0.000000,False
Evo,Evo\evoDJI_0009_frame277.jpg,1,1,1,0,0,0.000000,False
Evo,Evo\evoDJI_0009_frame278.jpg,1,1,1,0,0,0.000000,False
Evo,Evo\evoDJI_0009_frame279.jpg,1,1,1,0,0,0.000000,False
Evo,Evo\evoDJI_0009_frame28.jpg,1,1,1,0,0,0.000000,False
Evo,Evo\evoDJI_0009_frame280.jpg,1,1,1,0,0,0.000000,False
Evo,Evo\evoDJI_0009_frame281.jpg,1,1,1,0,0,0.000000,False
Evo,Evo\evoDJI_0009_frame282.jpg,1,1,1,0,0,0.000000,False
Evo,Evo\evoDJI_0009_frame283.jpg,1,1,0,1,1,0.582078,False
Evo,Evo\evoDJI_0009_frame284.jpg,1,2,0,2,1,0.559620,False
Evo,Evo\evoDJI_0009_frame285.jpg,1,1,0,1,1,0.497969,False
Evo,Evo\evoDJI_0009_frame286.jpg,1,1,0,1,1,0.503396,False
Evo,Evo\evoDJI_0009_frame287.jpg,1,2,0,2,1,0.612765,False
Evo,Evo\evoDJI_0009_frame288.jpg,1,2,0,2,1,0.543543,False
Evo,Evo\evoDJI_0009_frame29.jpg,1,1,1,0,0,0.000000,False
Evo,Evo\evoDJI_0009_frame3.jpg,1,1,1,0,0,0.000000,False
Evo,Evo\evoDJI_0009_frame30.jpg,1,1,1,0,0,0.000000,False
Evo,Evo\evoDJI_0009_frame31.jpg,1,1,1,0,0,0.000000,False
Evo,Evo\evoDJI_0009_frame32.jpg,1,1,1,0,0,0.000000,False
Evo,Evo\evoDJI_0009_frame33.jpg,1,1,1,0,0,0.000000,False
Evo,Evo\evoDJI_0009_frame34.jpg,1,1,1,0,0,0.000000,False
Evo,Evo\evoDJI_0009_frame35.jpg,1,1,1,0,0,0.000000,False
Evo,Evo\evoDJI_0009_frame36.jpg,1,1,1,0,0,0.000000,False
Evo,Evo\evoDJI_0009_frame37.jpg,1,1,1,0,0,0.000000,False
Evo,Evo\evoDJI_0009_frame38.jpg,1,1,1,0,0,0.000000,False
Evo,Evo\evoDJI_0009_frame39.jpg,1,1,1,0,0,0.000000,False
Evo,Evo\evoDJI_0009_frame4.jpg,1,1,1,0,0,0.000000,False
Evo,Evo\evoDJI_0009_frame40.jpg,1,1,1,0,0,0.000000,False
Evo,Evo\evoDJI_0009_frame41.jpg,1,1,1,0,0,0.000000,False
Evo,Evo\evoDJI_0009_frame42.jpg,1,1,1,0,0,0.000000,False
Evo,Evo\evoDJI_0009_frame43.jpg,1,1,1,0,0,0.000000,False
Evo,Evo\evoDJI_0009_frame44.jpg,1,1,1,0,0,0.000000,False
Evo,Evo\evoDJI_0009_frame45.jpg,1,1,1,0,0,0.000000,False
Evo,Evo\evoDJI_0009_frame46.jpg,1,1,1,0,0,0.000000,False
Evo,Evo\evoDJI_0009_frame47.jpg,1,1,1,0,0,0.000000,False
Evo,Evo\evoDJI_0009_frame48.jpg,1,1,1,0,0,0.000000,False
Evo,Evo\evoDJI_0009_frame49.jpg,1,1,1,0,0,0.000000,False
Evo,Evo\evoDJI_0009_frame5.jpg,1,1,1,0,0,0.000000,False
Evo,Evo\evoDJI_0009_frame50.jpg,1,1,1,0,0,0.000000,False
Evo,Evo\evoDJI_0009_frame51.jpg,1,1,1,0,0,0.000000,False
Evo,Evo\evoDJI_0009_frame52.jpg,1,1,1,0,0,0.000000,False
Evo,Evo\evoDJI_0009_frame53.jpg,1,1,1,0,0,0.000000,False
Evo,Evo\evoDJI_0009_frame54.jpg,1,1,1,0,0,0.000000,False
Evo,Evo\evoDJI_0009_frame55.jpg,1,1,1,0,0,0.000000,False
Evo,Evo\evoDJI_0009_frame56.jpg,1,1,1,0,0,0.000000,False
Evo,Evo\evoDJI_0009_frame57.jpg,1,1,1,0,0,0.000000,False
Evo,Evo\evoDJI_0009_frame58.jpg,1,1,1,0,0,0.000000,False
Evo,Evo\evoDJI_0009_frame59.jpg,1,1,1,0,0,0.000000,False
Evo,Evo\evoDJI_0009_frame6.jpg,1,1,1,0,0,0.000000,False
Evo,Evo\evoDJI_0009_frame60.jpg,1,1,1,0,0,0.000000,False
Evo,Evo\evoDJI_0009_frame61.jpg,1,1,1,0,0,0.000000,False
Evo,Evo\evoDJI_0009_frame62.jpg,1,1,1,0,0,0.000000,False
Evo,Evo\evoDJI_0009_frame63.jpg,1,1,1,0,0,0.000000,False
Evo,Evo\evoDJI_0009_frame64.jpg,1,1,1,0,0,0.000000,False
Evo,Evo\evoDJI_0009_frame65.jpg,1,1,1,0,0,0.000000,False
Evo,Evo\evoDJI_0009_frame66.jpg,1,1,1,0,0,0.000000,False
Evo,Evo\evoDJI_0009_frame67.jpg,1,1,1,0,0,0.000000,False
Evo,Evo\evoDJI_0009_frame68.jpg,1,1,1,0,0,0.000000,False
Evo,Evo\evoDJI_0009_frame69.jpg,1,1,1,0,0,0.000000,False
Evo,Evo\evoDJI_0009_frame7.jpg,1,1,0,1,1,0.847983,False
Evo,Evo\evoDJI_0009_frame70.jpg,1,1,1,0,0,0.000000,False
Evo,Evo\evoDJI_0009_frame71.jpg,1,1,1,0,0,0.000000,False
Evo,Evo\evoDJI_0009_frame72.jpg,1,1,1,0,0,0.000000,False
Evo,Evo\evoDJI_0009_frame73.jpg,1,1,1,0,0,0.000000,False
Evo,Evo\evoDJI_0009_frame74.jpg,1,1,1,0,0,0.000000,False
Evo,Evo\evoDJI_0009_frame75.jpg,1,1,1,0,0,0.000000,False
Evo,Evo\evoDJI_0009_frame76.jpg,1,1,0,1,1,0.777399,False
Evo,Evo\evoDJI_0009_frame77.jpg,1,1,1,0,0,0.000000,False
Evo,Evo\evoDJI_0009_frame78.jpg,1,1,1,0,0,0.000000,False
Evo,Evo\evoDJI_0009_frame79.jpg,1,1,1,0,0,0.000000,False
Evo,Evo\evoDJI_0009_frame8.jpg,1,1,1,0,0,0.000000,False
Evo,Evo\evoDJI_0009_frame80.jpg,1,1,1,0,0,0.000000,False
Evo,Evo\evoDJI_0009_frame81.jpg,1,1,1,0,0,0.000000,False
Evo,Evo\evoDJI_0009_frame82.jpg,1,1,1,0,0,0.000000,False
Evo,Evo\evoDJI_0009_frame83.jpg,1,1,0,1,1,0.744276,False
Evo,Evo\evoDJI_0009_frame84.jpg,1,1,0,1,1,0.757639,False
Evo,Evo\evoDJI_0009_frame85.jpg,1,1,1,0,0,0.000000,False
Evo,Evo\evoDJI_0009_frame86.jpg,1,1,1,0,0,0.000000,False
Evo,Evo\evoDJI_0009_frame87.jpg,1,1,1,0,0,0.000000,False
Evo,Evo\evoDJI_0009_frame88.jpg,1,1,1,0,0,0.000000,False
Evo,Evo\evoDJI_0009_frame89.jpg,1,1,1,0,0,0.000000,False
Evo,Evo\evoDJI_0009_frame9.jpg,1,1,1,0,0,0.000000,False
Evo,Evo\evoDJI_0009_frame90.jpg,1,1,0,1,1,0.817098,False
Evo,Evo\evoDJI_0009_frame91.jpg,1,1,0,1,1,0.820841,False
Evo,Evo\evoDJI_0009_frame92.jpg,1,1,0,1,1,0.820230,False
Evo,Evo\evoDJI_0009_frame93.jpg,1,1,0,1,1,0.821318,False
Evo,Evo\evoDJI_0009_frame94.jpg,1,1,0,1,1,0.819993,False
Evo,Evo\evoDJI_0009_frame95.jpg,1,1,0,1,1,0.821669,False
Evo,Evo\evoDJI_0009_frame96.jpg,1,1,0,1,1,0.827229,False
Evo,Evo\evoDJI_0009_frame97.jpg,1,1,0,1,1,0.823810,False
Evo,Evo\evoDJI_0009_frame98.jpg,1,1,0,1,1,0.822074,False
Evo,Evo\evoDJI_0009_frame99.jpg,1,1,0,1,1,0.821361,False
Heinola,Heinola\heinola_DJI_0024_frame0.jpg,0,0,0,0,0,0.000000,False
Heinola,Heinola\heinola_DJI_0024_frame10.jpg,0,0,0,0,0,0.000000,False
Heinola,Heinola\heinola_DJI_0024_frame12.jpg,0,0,0,0,0,0.000000,False
Heinola,Heinola\heinola_DJI_0024_frame13.jpg,0,0,0,0,0,0.000000,False
Heinola,Heinola\heinola_DJI_0024_frame15.jpg,0,0,0,0,0,0.000000,False
Heinola,Heinola\heinola_DJI_0024_frame16.jpg,0,0,0,0,0,0.000000,False
Heinola,Heinola\heinola_DJI_0024_frame17.jpg,0,0,0,0,0,0.000000,False
Heinola,Heinola\heinola_DJI_0024_frame19.jpg,0,0,0,0,0,0.000000,False
Heinola,Heinola\heinola_DJI_0024_frame2.jpg,0,0,0,0,0,0.000000,False
Heinola,Heinola\heinola_DJI_0024_frame20.jpg,0,0,0,0,0,0.000000,False
Heinola,Heinola\heinola_DJI_0024_frame21.jpg,0,0,0,0,0,0.000000,False
Heinola,Heinola\heinola_DJI_0024_frame23.jpg,0,0,0,0,0,0.000000,False
Heinola,Heinola\heinola_DJI_0024_frame24.jpg,0,0,0,0,0,0.000000,False
Heinola,Heinola\heinola_DJI_0024_frame25.jpg,0,0,0,0,0,0.000000,False
Heinola,Heinola\heinola_DJI_0024_frame27.jpg,0,0,0,0,0,0.000000,False
Heinola,Heinola\heinola_DJI_0024_frame28.jpg,0,0,0,0,0,0.000000,False
Heinola,Heinola\heinola_DJI_0024_frame30.jpg,0,0,0,0,0,0.000000,False
Heinola,Heinola\heinola_DJI_0024_frame31.jpg,0,0,0,0,0,0.000000,False
Heinola,Heinola\heinola_DJI_0024_frame33.jpg,0,0,0,0,0,0.000000,False
Heinola,Heinola\heinola_DJI_0024_frame34.jpg,0,0,0,0,0,0.000000,False
Heinola,Heinola\heinola_DJI_0024_frame35.jpg,0,0,0,0,0,0.000000,False
Heinola,Heinola\heinola_DJI_0024_frame37.jpg,0,0,0,0,0,0.000000,False
Heinola,Heinola\heinola_DJI_0024_frame38.jpg,0,0,0,0,0,0.000000,False
Heinola,Heinola\heinola_DJI_0024_frame4.jpg,0,0,0,0,0,0.000000,False
Heinola,Heinola\heinola_DJI_0024_frame40.jpg,0,0,0,0,0,0.000000,False
Heinola,Heinola\heinola_DJI_0024_frame41.jpg,0,0,0,0,0,0.000000,False
Heinola,Heinola\heinola_DJI_0024_frame43.jpg,0,0,0,0,0,0.000000,False
Heinola,Heinola\heinola_DJI_0024_frame44.jpg,0,0,0,0,0,0.000000,False
Heinola,Heinola\heinola_DJI_0024_frame45.jpg,0,0,0,0,0,0.000000,False
Heinola,Heinola\heinola_DJI_0024_frame47.jpg,0,0,0,0,0,0.000000,False
Heinola,Heinola\heinola_DJI_0024_frame48.jpg,0,0,0,0,0,0.000000,False
Heinola,Heinola\heinola_DJI_0024_frame49.jpg,0,0,0,0,0,0.000000,False
Heinola,Heinola\heinola_DJI_0024_frame50.jpg,0,0,0,0,0,0.000000,False
Heinola,Heinola\heinola_DJI_0024_frame51.jpg,0,0,0,0,0,0.000000,False
Heinola,Heinola\heinola_DJI_0024_frame53.jpg,0,0,0,0,0,0.000000,False
Heinola,Heinola\heinola_DJI_0024_frame54.jpg,0,0,0,0,0,0.000000,False
Heinola,Heinola\heinola_DJI_0024_frame56.jpg,0,0,0,0,0,0.000000,False
Heinola,Heinola\heinola_DJI_0024_frame57.jpg,0,0,0,0,0,0.000000,False
Heinola,Heinola\heinola_DJI_0024_frame59.jpg,0,0,0,0,0,0.000000,False
Heinola,Heinola\heinola_DJI_0024_frame6.jpg,0,0,0,0,0,0.000000,False
Heinola,Heinola\heinola_DJI_0024_frame60.jpg,0,0,0,0,0,0.000000,False
Heinola,Heinola\heinola_DJI_0024_frame62.jpg,0,0,0,0,0,0.000000,False
Heinola,Heinola\heinola_DJI_0024_frame63.jpg,0,0,0,0,0,0.000000,False
Heinola,Heinola\heinola_DJI_0024_frame65.jpg,0,0,0,0,0,0.000000,False
Heinola,Heinola\heinola_DJI_0024_frame66.jpg,0,0,0,0,0,0.000000,False
Heinola,Heinola\heinola_DJI_0024_frame68.jpg,0,0,0,0,0,0.000000,False
Heinola,Heinola\heinola_DJI_0024_frame69.jpg,0,0,0,0,0,0.000000,False
Heinola,Heinola\heinola_DJI_0024_frame7.jpg,0,0,0,0,0,0.000000,False
Heinola,Heinola\heinola_DJI_0024_frame71.jpg,0,0,0,0,0,0.000000,False
Heinola,Heinola\heinola_DJI_0024_frame72.jpg,0,0,0,0,0,0.000000,False
Heinola,Heinola\heinola_DJI_0024_frame73.jpg,0,0,0,0,0,0.000000,False
Heinola,Heinola\heinola_DJI_0024_frame74.jpg,0,0,0,0,0,0.000000,False
Heinola,Heinola\heinola_DJI_0024_frame77.jpg,0,0,0,0,0,0.000000,False
Heinola,Heinola\heinola_DJI_0024_frame78.jpg,0,0,0,0,0,0.000000,False
Heinola,Heinola\heinola_DJI_0024_frame82.jpg,0,0,0,0,0,0.000000,False
Heinola,Heinola\heinola_DJI_0024_frame83.jpg,0,0,0,0,0,0.000000,False
Heinola,Heinola\heinola_DJI_0024_frame85.jpg,0,0,0,0,0,0.000000,False
Heinola,Heinola\heinola_DJI_0024_frame86.jpg,0,0,0,0,0,0.000000,False
Heinola,Heinola\heinola_DJI_0024_frame9.jpg,0,0,0,0,0,0.000000,False
Heinola,Heinola\heinola_DJI_0025_frame1.jpg,1,1,1,0,0,0.000000,False
Heinola,Heinola\heinola_DJI_0025_frame10.jpg,1,1,1,0,0,0.000000,False
Heinola,Heinola\heinola_DJI_0025_frame100.jpg,1,1,1,0,0,0.000000,False
Heinola,Heinola\heinola_DJI_0025_frame101.jpg,1,1,1,0,0,0.000000,False
Heinola,Heinola\heinola_DJI_0025_frame102.jpg,1,1,1,0,0,0.000000,False
Heinola,Heinola\heinola_DJI_0025_frame103.jpg,1,1,1,0,0,0.000000,False
Heinola,Heinola\heinola_DJI_0025_frame104.jpg,1,1,1,0,0,0.000000,False
Heinola,Heinola\heinola_DJI_0025_frame105.jpg,1,1,1,0,0,0.000000,False
Heinola,Heinola\heinola_DJI_0025_frame106.jpg,1,1,1,0,0,0.000000,False
Heinola,Heinola\heinola_DJI_0025_frame107.jpg,1,1,1,0,0,0.000000,False
Heinola,Heinola\heinola_DJI_0025_frame108.jpg,1,1,1,0,0,0.000000,False
Heinola,Heinola\heinola_DJI_0025_frame109.jpg,1,1,1,0,0,0.000000,False
Heinola,Heinola\heinola_DJI_0025_frame11.jpg,1,1,1,0,0,0.000000,False
Heinola,Heinola\heinola_DJI_0025_frame110.jpg,1,1,1,0,0,0.000000,False
Heinola,Heinola\heinola_DJI_0025_frame111.jpg,1,1,1,0,0,0.000000,False
Heinola,Heinola\heinola_DJI_0025_frame112.jpg,1,1,1,0,0,0.000000,False
Heinola,Heinola\heinola_DJI_0025_frame113.jpg,1,1,1,0,0,0.000000,False
Heinola,Heinola\heinola_DJI_0025_frame114.jpg,1,1,1,0,0,0.000000,False
Heinola,Heinola\heinola_DJI_0025_frame115.jpg,1,1,1,0,0,0.000000,False
Heinola,Heinola\heinola_DJI_0025_frame116.jpg,1,1,1,0,0,0.000000,False
Heinola,Heinola\heinola_DJI_0025_frame117.jpg,1,1,1,0,0,0.000000,False
Heinola,Heinola\heinola_DJI_0025_frame118.jpg,1,1,1,0,0,0.000000,False
Heinola,Heinola\heinola_DJI_0025_frame119.jpg,1,1,1,0,0,0.000000,False
Heinola,Heinola\heinola_DJI_0025_frame12.jpg,1,1,1,0,0,0.000000,False
Heinola,Heinola\heinola_DJI_0025_frame120.jpg,1,1,1,0,0,0.000000,False
Heinola,Heinola\heinola_DJI_0025_frame121.jpg,1,1,1,0,0,0.000000,False
Heinola,Heinola\heinola_DJI_0025_frame122.jpg,1,1,1,0,0,0.000000,False
Heinola,Heinola\heinola_DJI_0025_frame123.jpg,1,1,1,0,0,0.000000,False
Heinola,Heinola\heinola_DJI_0025_frame124.jpg,1,1,1,0,0,0.000000,False
Heinola,Heinola\heinola_DJI_0025_frame125.jpg,1,1,0,1,1,0.578278,False
Heinola,Heinola\heinola_DJI_0025_frame126.jpg,1,1,0,1,1,0.601109,False
Heinola,Heinola\heinola_DJI_0025_frame127.jpg,1,1,1,0,0,0.000000,False
Heinola,Heinola\heinola_DJI_0025_frame128.jpg,1,1,0,1,1,0.611425,False
Heinola,Heinola\heinola_DJI_0025_frame129.jpg,1,1,1,0,0,0.000000,False
Heinola,Heinola\heinola_DJI_0025_frame13.jpg,1,1,1,0,0,0.000000,False
Heinola,Heinola\heinola_DJI_0025_frame130.jpg,1,1,1,0,0,0.000000,False
Heinola,Heinola\heinola_DJI_0025_frame131.jpg,1,1,1,0,0,0.000000,False
Heinola,Heinola\heinola_DJI_0025_frame132.jpg,1,1,1,0,0,0.000000,False
Heinola,Heinola\heinola_DJI_0025_frame133.jpg,1,1,1,0,0,0.000000,False
Heinola,Heinola\heinola_DJI_0025_frame134.jpg,1,1,1,0,0,0.000000,False
Heinola,Heinola\heinola_DJI_0025_frame135.jpg,1,1,1,0,0,0.000000,False
Heinola,Heinola\heinola_DJI_0025_frame136.jpg,1,1,1,0,0,0.000000,False
Heinola,Heinola\heinola_DJI_0025_frame137.jpg,1,1,1,0,0,0.000000,False
Heinola,Heinola\heinola_DJI_0025_frame138.jpg,1,1,1,0,0,0.000000,False
Heinola,Heinola\heinola_DJI_0025_frame139.jpg,1,1,1,0,0,0.000000,False
Heinola,Heinola\heinola_DJI_0025_frame14.jpg,1,1,1,0,0,0.000000,False
Heinola,Heinola\heinola_DJI_0025_frame140.jpg,1,1,1,0,0,0.000000,False
Heinola,Heinola\heinola_DJI_0025_frame141.jpg,1,1,1,0,0,0.000000,False
Heinola,Heinola\heinola_DJI_0025_frame142.jpg,1,1,0,1,1,0.699080,False
Heinola,Heinola\heinola_DJI_0025_frame143.jpg,1,1,1,0,0,0.000000,False
Heinola,Heinola\heinola_DJI_0025_frame144.jpg,1,1,1,0,0,0.000000,False
Heinola,Heinola\heinola_DJI_0025_frame145.jpg,1,1,1,0,0,0.000000,False
Heinola,Heinola\heinola_DJI_0025_frame146.jpg,1,1,0,1,1,0.742461,False
Heinola,Heinola\heinola_DJI_0025_frame147.jpg,1,1,1,0,0,0.000000,False
Heinola,Heinola\heinola_DJI_0025_frame148.jpg,1,1,0,1,1,0.753790,False
Heinola,Heinola\heinola_DJI_0025_frame149.jpg,1,1,0,1,1,0.752131,False
Heinola,Heinola\heinola_DJI_0025_frame15.jpg,1,1,1,0,0,0.000000,False
Heinola,Heinola\heinola_DJI_0025_frame150.jpg,1,1,0,1,1,0.749658,False
Heinola,Heinola\heinola_DJI_0025_frame151.jpg,1,1,1,0,0,0.000000,False
Heinola,Heinola\heinola_DJI_0025_frame152.jpg,1,1,1,0,0,0.000000,False
Heinola,Heinola\heinola_DJI_0025_frame153.jpg,1,1,1,0,0,0.000000,False
Heinola,Heinola\heinola_DJI_0025_frame154.jpg,1,1,1,0,0,0.000000,False
Heinola,Heinola\heinola_DJI_0025_frame155.jpg,1,1,1,0,0,0.000000,False
Heinola,Heinola\heinola_DJI_0025_frame156.jpg,1,1,1,0,0,0.000000,False
Heinola,Heinola\heinola_DJI_0025_frame157.jpg,1,1,1,0,0,0.000000,False
Heinola,Heinola\heinola_DJI_0025_frame158.jpg,1,1,1,0,0,0.000000,False
Heinola,Heinola\heinola_DJI_0025_frame159.jpg,1,1,1,0,0,0.000000,False
Heinola,Heinola\heinola_DJI_0025_frame16.jpg,1,1,1,0,0,0.000000,False
Heinola,Heinola\heinola_DJI_0025_frame160.jpg,1,1,1,0,0,0.000000,False
Heinola,Heinola\heinola_DJI_0025_frame161.jpg,1,1,1,0,0,0.000000,False
Heinola,Heinola\heinola_DJI_0025_frame162.jpg,1,1,1,0,0,0.000000,False
Heinola,Heinola\heinola_DJI_0025_frame163.jpg,1,1,1,0,0,0.000000,False
Heinola,Heinola\heinola_DJI_0025_frame164.jpg,1,1,1,0,0,0.000000,False
Heinola,Heinola\heinola_DJI_0025_frame165.jpg,1,1,1,0,0,0.000000,False
Heinola,Heinola\heinola_DJI_0025_frame166.jpg,1,1,1,0,0,0.000000,False
Heinola,Heinola\heinola_DJI_0025_frame167.jpg,1,1,1,0,0,0.000000,False
Heinola,Heinola\heinola_DJI_0025_frame168.jpg,1,1,1,0,0,0.000000,False
Heinola,Heinola\heinola_DJI_0025_frame169.jpg,1,1,1,0,0,0.000000,False
Heinola,Heinola\heinola_DJI_0025_frame17.jpg,1,1,1,0,0,0.000000,False
Heinola,Heinola\heinola_DJI_0025_frame170.jpg,1,1,1,0,0,0.000000,False
Heinola,Heinola\heinola_DJI_0025_frame171.jpg,1,1,1,0,0,0.000000,False
Heinola,Heinola\heinola_DJI_0025_frame172.jpg,1,1,1,0,0,0.000000,False
Heinola,Heinola\heinola_DJI_0025_frame173.jpg,1,1,1,0,0,0.000000,False
Heinola,Heinola\heinola_DJI_0025_frame174.jpg,1,1,1,0,0,0.000000,False
Heinola,Heinola\heinola_DJI_0025_frame175.jpg,1,1,1,0,0,0.000000,False
Heinola,Heinola\heinola_DJI_0025_frame176.jpg,1,1,1,0,0,0.000000,False
Heinola,Heinola\heinola_DJI_0025_frame177.jpg,1,1,1,0,0,0.000000,False
Heinola,Heinola\heinola_DJI_0025_frame178.jpg,1,1,1,0,0,0.000000,False
Heinola,Heinola\heinola_DJI_0025_frame179.jpg,1,1,1,0,0,0.000000,False
Heinola,Heinola\heinola_DJI_0025_frame18.jpg,1,1,1,0,0,0.000000,False
Heinola,Heinola\heinola_DJI_0025_frame180.jpg,1,1,1,0,0,0.000000,False
Heinola,Heinola\heinola_DJI_0025_frame181.jpg,1,1,1,0,0,0.000000,False
Heinola,Heinola\heinola_DJI_0025_frame182.jpg,1,1,1,0,0,0.000000,False
Heinola,Heinola\heinola_DJI_0025_frame183.jpg,1,1,1,0,0,0.000000,False
Heinola,Heinola\heinola_DJI_0025_frame184.jpg,1,1,1,0,0,0.000000,False
Heinola,Heinola\heinola_DJI_0025_frame185.jpg,1,1,1,0,0,0.000000,False
Heinola,Heinola\heinola_DJI_0025_frame186.jpg,1,1,1,0,0,0.000000,False
Heinola,Heinola\heinola_DJI_0025_frame187.jpg,1,1,1,0,0,0.000000,False
Heinola,Heinola\heinola_DJI_0025_frame188.jpg,1,1,1,0,0,0.000000,False
Heinola,Heinola\heinola_DJI_0025_frame189.jpg,1,1,1,0,0,0.000000,False
Heinola,Heinola\heinola_DJI_0025_frame19.jpg,1,1,1,0,0,0.000000,False
Heinola,Heinola\heinola_DJI_0025_frame190.jpg,1,1,0,1,1,0.637390,False
Heinola,Heinola\heinola_DJI_0025_frame191.jpg,1,1,1,0,0,0.000000,False
Heinola,Heinola\heinola_DJI_0025_frame192.jpg,1,1,0,1,1,0.634380,False
Heinola,Heinola\heinola_DJI_0025_frame193.jpg,1,1,1,0,0,0.000000,False
Heinola,Heinola\heinola_DJI_0025_frame194.jpg,1,1,0,1,1,0.589023,False
Heinola,Heinola\heinola_DJI_0025_frame195.jpg,1,1,1,0,0,0.000000,False
Heinola,Heinola\heinola_DJI_0025_frame196.jpg,1,1,1,0,0,0.000000,False
Heinola,Heinola\heinola_DJI_0025_frame197.jpg,1,1,1,0,0,0.000000,False
Heinola,Heinola\heinola_DJI_0025_frame198.jpg,1,1,1,0,0,0.000000,False
Heinola,Heinola\heinola_DJI_0025_frame199.jpg,1,1,1,0,0,0.000000,False
Heinola,Heinola\heinola_DJI_0025_frame2.jpg,1,1,1,0,0,0.000000,False
Heinola,Heinola\heinola_DJI_0025_frame20.jpg,1,1,0,1,1,0.605958,False
Heinola,Heinola\heinola_DJI_0025_frame200.jpg,1,1,1,0,0,0.000000,False
Heinola,Heinola\heinola_DJI_0025_frame201.jpg,1,1,1,0,0,0.000000,False
Heinola,Heinola\heinola_DJI_0025_frame21.jpg,1,1,1,0,0,0.000000,False
Heinola,Heinola\heinola_DJI_0025_frame22.jpg,1,1,0,1,1,0.542926,False
Heinola,Heinola\heinola_DJI_0025_frame23.jpg,1,1,1,0,0,0.000000,False
Heinola,Heinola\heinola_DJI_0025_frame24.jpg,1,1,1,0,0,0.000000,False
Heinola,Heinola\heinola_DJI_0025_frame25.jpg,1,1,1,0,0,0.000000,False
Heinola,Heinola\heinola_DJI_0025_frame26.jpg,1,1,1,0,0,0.000000,False
Heinola,Heinola\heinola_DJI_0025_frame27.jpg,1,1,1,0,0,0.000000,False
Heinola,Heinola\heinola_DJI_0025_frame28.jpg,1,1,1,0,0,0.000000,False
Heinola,Heinola\heinola_DJI_0025_frame29.jpg,1,1,1,0,0,0.000000,False
Heinola,Heinola\heinola_DJI_0025_frame3.jpg,1,1,1,0,0,0.000000,False
Heinola,Heinola\heinola_DJI_0025_frame30.jpg,1,1,1,0,0,0.000000,False
Heinola,Heinola\heinola_DJI_0025_frame31.jpg,1,1,1,0,0,0.000000,False
Heinola,Heinola\heinola_DJI_0025_frame32.jpg,1,1,1,0,0,0.000000,False
Heinola,Heinola\heinola_DJI_0025_frame33.jpg,1,1,1,0,0,0.000000,False
Heinola,Heinola\heinola_DJI_0025_frame34.jpg,1,1,1,0,0,0.000000,False
Heinola,Heinola\heinola_DJI_0025_frame35.jpg,1,1,1,0,0,0.000000,False
Heinola,Heinola\heinola_DJI_0025_frame36.jpg,1,1,1,0,0,0.000000,False
Heinola,Heinola\heinola_DJI_0025_frame37.jpg,1,1,1,0,0,0.000000,False
Heinola,Heinola\heinola_DJI_0025_frame38.jpg,1,1,0,1,1,0.462871,False
Heinola,Heinola\heinola_DJI_0025_frame39.jpg,1,1,1,0,0,0.000000,False
Heinola,Heinola\heinola_DJI_0025_frame4.jpg,1,1,1,0,0,0.000000,False
Heinola,Heinola\heinola_DJI_0025_frame40.jpg,1,1,0,1,1,0.477657,False
Heinola,Heinola\heinola_DJI_0025_frame41.jpg,1,1,0,1,1,0.483434,False
Heinola,Heinola\heinola_DJI_0025_frame42.jpg,1,1,1,0,0,0.000000,False
Heinola,Heinola\heinola_DJI_0025_frame43.jpg,1,1,1,0,0,0.000000,False
Heinola,Heinola\heinola_DJI_0025_frame44.jpg,1,1,1,0,0,0.000000,False
Heinola,Heinola\heinola_DJI_0025_frame45.jpg,1,1,1,0,0,0.000000,False
Heinola,Heinola\heinola_DJI_0025_frame46.jpg,1,1,1,0,0,0.000000,False
Heinola,Heinola\heinola_DJI_0025_frame47.jpg,1,1,1,0,0,0.000000,False
Heinola,Heinola\heinola_DJI_0025_frame48.jpg,1,1,1,0,0,0.000000,False
Heinola,Heinola\heinola_DJI_0025_frame49.jpg,1,1,0,1,1,0.523359,False
Heinola,Heinola\heinola_DJI_0025_frame5.jpg,1,1,1,0,0,0.000000,False
Heinola,Heinola\heinola_DJI_0025_frame50.jpg,1,1,0,1,1,0.506678,False
Heinola,Heinola\heinola_DJI_0025_frame51.jpg,1,1,0,1,1,0.509262,False
Heinola,Heinola\heinola_DJI_0025_frame52.jpg,1,1,0,1,1,0.468818,False
Heinola,Heinola\heinola_DJI_0025_frame53.jpg,1,1,0,1,1,0.447435,False
Heinola,Heinola\heinola_DJI_0025_frame54.jpg,1,1,0,1,1,0.460444,False
Heinola,Heinola\heinola_DJI_0025_frame55.jpg,1,1,0,1,1,0.505474,False
Heinola,Heinola\heinola_DJI_0025_frame56.jpg,1,1,0,1,1,0.442860,False
Heinola,Heinola\heinola_DJI_0025_frame57.jpg,1,1,0,1,1,0.466585,False
Heinola,Heinola\heinola_DJI_0025_frame58.jpg,1,1,0,1,1,0.444472,False
Heinola,Heinola\heinola_DJI_0025_frame59.jpg,1,1,1,0,0,0.000000,False
Heinola,Heinola\heinola_DJI_0025_frame6.jpg,1,1,1,0,0,0.000000,False
Heinola,Heinola\heinola_DJI_0025_frame60.jpg,1,1,1,0,0,0.000000,False
Heinola,Heinola\heinola_DJI_0025_frame61.jpg,1,1,1,0,0,0.000000,False
Heinola,Heinola\heinola_DJI_0025_frame62.jpg,1,1,1,0,0,0.000000,False
Heinola,Heinola\heinola_DJI_0025_frame63.jpg,1,1,1,0,0,0.000000,False
Heinola,Heinola\heinola_DJI_0025_frame64.jpg,1,1,1,0,0,0.000000,False
Heinola,Heinola\heinola_DJI_0025_frame65.jpg,1,1,1,0,0,0.000000,False
Heinola,Heinola\heinola_DJI_0025_frame66.jpg,1,1,1,0,0,0.000000,False
Heinola,Heinola\heinola_DJI_0025_frame67.jpg,1,1,1,0,0,0.000000,False
Heinola,Heinola\heinola_DJI_0025_frame68.jpg,1,1,1,0,0,0.000000,False
Heinola,Heinola\heinola_DJI_0025_frame69.jpg,1,1,1,0,0,0.000000,False
Heinola,Heinola\heinola_DJI_0025_frame7.jpg,1,1,1,0,0,0.000000,False
Heinola,Heinola\heinola_DJI_0025_frame70.jpg,1,1,0,1,1,0.449742,False
Heinola,Heinola\heinola_DJI_0025_frame71.jpg,1,1,0,1,1,0.474151,False
Heinola,Heinola\heinola_DJI_0025_frame72.jpg,1,1,0,1,1,0.449003,False
Heinola,Heinola\heinola_DJI_0025_frame73.jpg,1,1,0,1,1,0.409079,False
Heinola,Heinola\heinola_DJI_0025_frame74.jpg,1,1,0,1,1,0.474207,False
Heinola,Heinola\heinola_DJI_0025_frame75.jpg,1,1,1,0,0,0.000000,False
Heinola,Heinola\heinola_DJI_0025_frame76.jpg,1,1,1,0,0,0.000000,False
Heinola,Heinola\heinola_DJI_0025_frame77.jpg,1,1,0,1,1,0.446616,False
Heinola,Heinola\heinola_DJI_0025_frame78.jpg,1,1,0,1,1,0.425570,False
Heinola,Heinola\heinola_DJI_0025_frame79.jpg,1,1,0,1,1,0.484055,False
Heinola,Heinola\heinola_DJI_0025_frame8.jpg,1,1,1,0,0,0.000000,False
Heinola,Heinola\heinola_DJI_0025_frame80.jpg,1,1,1,0,0,0.000000,False
Heinola,Heinola\heinola_DJI_0025_frame81.jpg,1,1,0,1,1,0.516349,False
Heinola,Heinola\heinola_DJI_0025_frame82.jpg,1,1,0,1,1,0.571819,False
Heinola,Heinola\heinola_DJI_0025_frame83.jpg,1,1,1,0,0,0.000000,False
Heinola,Heinola\heinola_DJI_0025_frame84.jpg,1,1,1,0,0,0.000000,False
Heinola,Heinola\heinola_DJI_0025_frame85.jpg,1,1,1,0,0,0.000000,False
Heinola,Heinola\heinola_DJI_0025_frame86.jpg,1,1,1,0,0,0.000000,False
Heinola,Heinola\heinola_DJI_0025_frame87.jpg,1,1,0,1,1,0.558406,False
Heinola,Heinola\heinola_DJI_0025_frame88.jpg,1,1,0,1,1,0.514925,False
Heinola,Heinola\heinola_DJI_0025_frame89.jpg,1,1,1,0,0,0.000000,False
Heinola,Heinola\heinola_DJI_0025_frame9.jpg,1,1,1,0,0,0.000000,False
Heinola,Heinola\heinola_DJI_0025_frame90.jpg,1,1,1,0,0,0.000000,False
Heinola,Heinola\heinola_DJI_0025_frame91.jpg,1,1,0,1,1,0.511340,False
Heinola,Heinola\heinola_DJI_0025_frame92.jpg,1,1,1,0,0,0.000000,False
Heinola,Heinola\heinola_DJI_0025_frame93.jpg,1,1,1,0,0,0.000000,False
Heinola,Heinola\heinola_DJI_0025_frame94.jpg,1,1,1,0,0,0.000000,False
Heinola,Heinola\heinola_DJI_0025_frame95.jpg,1,1,1,0,0,0.000000,False
Heinola,Heinola\heinola_DJI_0025_frame96.jpg,1,1,1,0,0,0.000000,False
Heinola,Heinola\heinola_DJI_0025_frame97.jpg,1,1,1,0,0,0.000000,False
Heinola,Heinola\heinola_DJI_0025_frame98.jpg,1,1,1,0,0,0.000000,False
Heinola,Heinola\heinola_DJI_0025_frame99.jpg,1,1,1,0,0,0.000000,False
Heinola,Heinola\heinola_DJI_0028_frame0.jpg,0,0,0,0,0,0.000000,False
Heinola,Heinola\heinola_DJI_0028_frame10.jpg,0,0,0,0,0,0.000000,False
Heinola,Heinola\heinola_DJI_0028_frame100.jpg,0,0,0,0,0,0.000000,False
Heinola,Heinola\heinola_DJI_0028_frame103.jpg,0,0,0,0,0,0.000000,False
Heinola,Heinola\heinola_DJI_0028_frame104.jpg,0,0,0,0,0,0.000000,False
Heinola,Heinola\heinola_DJI_0028_frame107.jpg,0,0,0,0,0,0.000000,False
Heinola,Heinola\heinola_DJI_0028_frame108.jpg,0,0,0,0,0,0.000000,False
Heinola,Heinola\heinola_DJI_0028_frame11.jpg,0,0,0,0,0,0.000000,False
Heinola,Heinola\heinola_DJI_0028_frame110.jpg,0,0,0,0,0,0.000000,False
Heinola,Heinola\heinola_DJI_0028_frame111.jpg,0,0,0,0,0,0.000000,False
Heinola,Heinola\heinola_DJI_0028_frame114.jpg,0,0,0,0,0,0.000000,False
Heinola,Heinola\heinola_DJI_0028_frame115.jpg,0,0,0,0,0,0.000000,False
Heinola,Heinola\heinola_DJI_0028_frame116.jpg,0,0,0,0,0,0.000000,False
Heinola,Heinola\heinola_DJI_0028_frame118.jpg,0,0,0,0,0,0.000000,False
Heinola,Heinola\heinola_DJI_0028_frame119.jpg,0,0,0,0,0,0.000000,False
Heinola,Heinola\heinola_DJI_0028_frame122.jpg,0,0,0,0,0,0.000000,False
Heinola,Heinola\heinola_DJI_0028_frame123.jpg,0,0,0,0,0,0.000000,False
Heinola,Heinola\heinola_DJI_0028_frame126.jpg,0,0,0,0,0,0.000000,False
Heinola,Heinola\heinola_DJI_0028_frame127.jpg,0,0,0,0,0,0.000000,False
Heinola,Heinola\heinola_DJI_0028_frame128.jpg,0,0,0,0,0,0.000000,False
Heinola,Heinola\heinola_DJI_0028_frame13.jpg,0,0,0,0,0,0.000000,False
Heinola,Heinola\heinola_DJI_0028_frame131.jpg,0,0,0,0,0,0.000000,False
Heinola,Heinola\heinola_DJI_0028_frame132.jpg,0,0,0,0,0,0.000000,False
Heinola,Heinola\heinola_DJI_0028_frame133.jpg,0,0,0,0,0,0.000000,False
Heinola,Heinola\heinola_DJI_0028_frame134.jpg,0,0,0,0,0,0.000000,False
Heinola,Heinola\heinola_DJI_0028_frame136.jpg,0,0,0,0,0,0.000000,False
Heinola,Heinola\heinola_DJI_0028_frame137.jpg,0,0,0,0,0,0.000000,False
Heinola,Heinola\heinola_DJI_0028_frame138.jpg,0,0,0,0,0,0.000000,False
Heinola,Heinola\heinola_DJI_0028_frame14.jpg,0,0,0,0,0,0.000000,False
Heinola,Heinola\heinola_DJI_0028_frame142.jpg,0,0,0,0,0,0.000000,False
Heinola,Heinola\heinola_DJI_0028_frame143.jpg,0,0,0,0,0,0.000000,False
Heinola,Heinola\heinola_DJI_0028_frame145.jpg,0,0,0,0,0,0.000000,False
Heinola,Heinola\heinola_DJI_0028_frame146.jpg,0,0,0,0,0,0.000000,False
Heinola,Heinola\heinola_DJI_0028_frame147.jpg,0,0,0,0,0,0.000000,False
Heinola,Heinola\heinola_DJI_0028_frame15.jpg,1,0,0,0,1,0.000000,False
Heinola,Heinola\heinola_DJI_0028_frame153.jpg,1,1,1,0,0,0.000000,False
Heinola,Heinola\heinola_DJI_0028_frame154.jpg,1,1,0,1,1,0.336136,False
Heinola,Heinola\heinola_DJI_0028_frame155.jpg,1,1,1,0,0,0.000000,False
Heinola,Heinola\heinola_DJI_0028_frame156.jpg,1,1,1,0,0,0.000000,False
Heinola,Heinola\heinola_DJI_0028_frame157.jpg,1,1,1,0,0,0.000000,False
Heinola,Heinola\heinola_DJI_0028_frame158.jpg,1,1,1,0,0,0.000000,False
Heinola,Heinola\heinola_DJI_0028_frame159.jpg,1,1,1,0,0,0.000000,False
Heinola,Heinola\heinola_DJI_0028_frame16.jpg,1,0,0,0,1,0.000000,False
Heinola,Heinola\heinola_DJI_0028_frame160.jpg,1,1,1,0,0,0.000000,False
Heinola,Heinola\heinola_DJI_0028_frame161.jpg,1,1,1,0,0,0.000000,False
Heinola,Heinola\heinola_DJI_0028_frame162.jpg,1,1,1,0,0,0.000000,False
Heinola,Heinola\heinola_DJI_0028_frame163.jpg,1,1,1,0,0,0.000000,False
Heinola,Heinola\heinola_DJI_0028_frame164.jpg,1,1,1,0,0,0.000000,False
Heinola,Heinola\heinola_DJI_0028_frame165.jpg,1,1,1,0,0,0.000000,False
Heinola,Heinola\heinola_DJI_0028_frame166.jpg,1,1,1,0,0,0.000000,False
Heinola,Heinola\heinola_DJI_0028_frame167.jpg,1,1,1,0,0,0.000000,False
Heinola,Heinola\heinola_DJI_0028_frame168.jpg,1,1,1,0,0,0.000000,False
Heinola,Heinola\heinola_DJI_0028_frame169.jpg,1,1,1,0,0,0.000000,False
Heinola,Heinola\heinola_DJI_0028_frame17.jpg,1,1,1,0,0,0.000000,False
Heinola,Heinola\heinola_DJI_0028_frame170.jpg,1,1,1,0,0,0.000000,False
Heinola,Heinola\heinola_DJI_0028_frame171.jpg,1,1,1,0,0,0.000000,False
Heinola,Heinola\heinola_DJI_0028_frame172.jpg,1,1,1,0,0,0.000000,False
Heinola,Heinola\heinola_DJI_0028_frame173.jpg,1,1,1,0,0,0.000000,False
Heinola,Heinola\heinola_DJI_0028_frame174.jpg,1,1,1,0,0,0.000000,False
Heinola,Heinola\heinola_DJI_0028_frame175.jpg,1,1,1,0,0,0.000000,False
Heinola,Heinola\heinola_DJI_0028_frame176.jpg,1,1,1,0,0,0.000000,False
Heinola,Heinola\heinola_DJI_0028_frame177.jpg,1,1,1,0,0,0.000000,False
Heinola,Heinola\heinola_DJI_0028_frame178.jpg,1,1,1,0,0,0.000000,False
Heinola,Heinola\heinola_DJI_0028_frame179.jpg,1,1,1,0,0,0.000000,False
Heinola,Heinola\heinola_DJI_0028_frame18.jpg,1,1,0,1,1,0.305652,False
Heinola,Heinola\heinola_DJI_0028_frame180.jpg,1,1,1,0,0,0.000000,False
Heinola,Heinola\heinola_DJI_0028_frame181.jpg,1,1,1,0,0,0.000000,False
Heinola,Heinola\heinola_DJI_0028_frame182.jpg,1,1,0,1,1,0.341125,False
Heinola,Heinola\heinola_DJI_0028_frame183.jpg,1,0,0,0,1,0.000000,False
Heinola,Heinola\heinola_DJI_0028_frame184.jpg,1,0,0,0,1,0.000000,False
Heinola,Heinola\heinola_DJI_0028_frame185.jpg,1,0,0,0,1,0.000000,False
Heinola,Heinola\heinola_DJI_0028_frame186.jpg,1,0,0,0,1,0.000000,False
Heinola,Heinola\heinola_DJI_0028_frame187.jpg,1,0,0,0,1,0.000000,False
Heinola,Heinola\heinola_DJI_0028_frame19.jpg,1,1,0,1,1,0.433738,False
Heinola,Heinola\heinola_DJI_0028_frame195.jpg,0,0,0,0,0,0.000000,False
Heinola,Heinola\heinola_DJI_0028_frame196.jpg,0,0,0,0,0,0.000000,False
Heinola,Heinola\heinola_DJI_0028_frame197.jpg,0,0,0,0,0,0.000000,False
Heinola,Heinola\heinola_DJI_0028_frame198.jpg,0,0,0,0,0,0.000000,False
Heinola,Heinola\heinola_DJI_0028_frame199.jpg,0,0,0,0,0,0.000000,False
Heinola,Heinola\heinola_DJI_0028_frame20.jpg,1,1,0,1,1,0.473626,False
Heinola,Heinola\heinola_DJI_0028_frame200.jpg,0,0,0,0,0,0.000000,False
Heinola,Heinola\heinola_DJI_0028_frame202.jpg,0,0,0,0,0,0.000000,False
Heinola,Heinola\heinola_DJI_0028_frame204.jpg,0,0,0,0,0,0.000000,False
Heinola,Heinola\heinola_DJI_0028_frame205.jpg,0,0,0,0,0,0.000000,False
Heinola,Heinola\heinola_DJI_0028_frame206.jpg,0,0,0,0,0,0.000000,False
Heinola,Heinola\heinola_DJI_0028_frame207.jpg,0,0,0,0,0,0.000000,False
Heinola,Heinola\heinola_DJI_0028_frame209.jpg,0,0,0,0,0,0.000000,False
Heinola,Heinola\heinola_DJI_0028_frame21.jpg,1,1,1,0,0,0.000000,False
Heinola,Heinola\heinola_DJI_0028_frame210.jpg,0,0,0,0,0,0.000000,False
Heinola,Heinola\heinola_DJI_0028_frame211.jpg,0,0,0,0,0,0.000000,False
Heinola,Heinola\heinola_DJI_0028_frame212.jpg,0,0,0,0,0,0.000000,False
Heinola,Heinola\heinola_DJI_0028_frame213.jpg,0,0,0,0,0,0.000000,False
Heinola,Heinola\heinola_DJI_0028_frame214.jpg,0,0,0,0,0,0.000000,False
Heinola,Heinola\heinola_DJI_0028_frame218.jpg,0,0,0,0,0,0.000000,False
Heinola,Heinola\heinola_DJI_0028_frame219.jpg,0,0,0,0,0,0.000000,False
Heinola,Heinola\heinola_DJI_0028_frame22.jpg,1,1,1,0,0,0.000000,False
Heinola,Heinola\heinola_DJI_0028_frame220.jpg,0,0,0,0,0,0.000000,False
Heinola,Heinola\heinola_DJI_0028_frame221.jpg,0,0,0,0,0,0.000000,False
Heinola,Heinola\heinola_DJI_0028_frame222.jpg,0,0,0,0,0,0.000000,False
Heinola,Heinola\heinola_DJI_0028_frame223.jpg,0,0,0,0,0,0.000000,False
Heinola,Heinola\heinola_DJI_0028_frame224.jpg,0,0,0,0,0,0.000000,False
Heinola,Heinola\heinola_DJI_0028_frame225.jpg,0,0,0,0,0,0.000000,False
Heinola,Heinola\heinola_DJI_0028_frame229.jpg,0,0,0,0,0,0.000000,False
Heinola,Heinola\heinola_DJI_0028_frame23.jpg,1,1,1,0,0,0.000000,False
Heinola,Heinola\heinola_DJI_0028_frame230.jpg,0,0,0,0,0,0.000000,False
Heinola,Heinola\heinola_DJI_0028_frame24.jpg,1,1,0,1,1,0.284280,False
Heinola,Heinola\heinola_DJI_0028_frame244.jpg,1,1,0,1,1,0.307799,False
Heinola,Heinola\heinola_DJI_0028_frame245.jpg,1,1,1,0,0,0.000000,False
Heinola,Heinola\heinola_DJI_0028_frame246.jpg,1,1,1,0,0,0.000000,False
Heinola,Heinola\heinola_DJI_0028_frame247.jpg,1,1,1,0,0,0.000000,False
Heinola,Heinola\heinola_DJI_0028_frame248.jpg,1,1,1,0,0,0.000000,False
Heinola,Heinola\heinola_DJI_0028_frame249.jpg,1,1,1,0,0,0.000000,False
Heinola,Heinola\heinola_DJI_0028_frame25.jpg,1,1,1,0,0,0.000000,False
Heinola,Heinola\heinola_DJI_0028_frame250.jpg,1,1,1,0,0,0.000000,False
Heinola,Heinola\heinola_DJI_0028_frame251.jpg,1,1,1,0,0,0.000000,False
Heinola,Heinola\heinola_DJI_0028_frame252.jpg,1,1,1,0,0,0.000000,False
Heinola,Heinola\heinola_DJI_0028_frame253.jpg,1,1,1,0,0,0.000000,False
Heinola,Heinola\heinola_DJI_0028_frame254.jpg,1,1,1,0,0,0.000000,False
Heinola,Heinola\heinola_DJI_0028_frame255.jpg,1,1,1,0,0,0.000000,False
Heinola,Heinola\heinola_DJI_0028_frame256.jpg,1,1,1,0,0,0.000000,False
Heinola,Heinola\heinola_DJI_0028_frame257.jpg,1,1,1,0,0,0.000000,False
Heinola,Heinola\heinola_DJI_0028_frame258.jpg,1,1,1,0,0,0.000000,False
Heinola,Heinola\heinola_DJI_0028_frame259.jpg,1,1,1,0,0,0.000000,False
Heinola,Heinola\heinola_DJI_0028_frame26.jpg,1,1,1,0,0,0.000000,False
Heinola,Heinola\heinola_DJI_0028_frame260.jpg,1,1,1,0,0,0.000000,False
Heinola,Heinola\heinola_DJI_0028_frame261.jpg,1,1,1,0,0,0.000000,False
Heinola,Heinola\heinola_DJI_0028_frame262.jpg,1,1,1,0,0,0.000000,False
Heinola,Heinola\heinola_DJI_0028_frame263.jpg,1,1,1,0,0,0.000000,False
Heinola,Heinola\heinola_DJI_0028_frame264.jpg,1,1,1,0,0,0.000000,False
Heinola,Heinola\heinola_DJI_0028_frame265.jpg,1,1,1,0,0,0.000000,False
Heinola,Heinola\heinola_DJI_0028_frame266.jpg,1,1,1,0,0,0.000000,False
Heinola,Heinola\heinola_DJI_0028_frame267.jpg,1,1,1,0,0,0.000000,False
Heinola,Heinola\heinola_DJI_0028_frame268.jpg,1,1,1,0,0,0.000000,False
Heinola,Heinola\heinola_DJI_0028_frame269.jpg,1,1,1,0,0,0.000000,False
Heinola,Heinola\heinola_DJI_0028_frame27.jpg,1,1,0,1,1,0.349881,False
Heinola,Heinola\heinola_DJI_0028_frame270.jpg,1,1,1,0,0,0.000000,False
Heinola,Heinola\heinola_DJI_0028_frame271.jpg,1,1,1,0,0,0.000000,False
Heinola,Heinola\heinola_DJI_0028_frame272.jpg,1,1,1,0,0,0.000000,False
Heinola,Heinola\heinola_DJI_0028_frame273.jpg,1,1,0,1,1,0.842994,False
Heinola,Heinola\heinola_DJI_0028_frame274.jpg,1,1,1,0,0,0.000000,False
Heinola,Heinola\heinola_DJI_0028_frame275.jpg,1,1,1,0,0,0.000000,False
Heinola,Heinola\heinola_DJI_0028_frame276.jpg,1,1,1,0,0,0.000000,False
Heinola,Heinola\heinola_DJI_0028_frame277.jpg,1,1,1,0,0,0.000000,False
Heinola,Heinola\heinola_DJI_0028_frame278.jpg,1,1,1,0,0,0.000000,False
Heinola,Heinola\heinola_DJI_0028_frame279.jpg,1,1,1,0,0,0.000000,False
Heinola,Heinola\heinola_DJI_0028_frame28.jpg,1,1,1,0,0,0.000000,False
Heinola,Heinola\heinola_DJI_0028_frame280.jpg,1,1,1,0,0,0.000000,False
Heinola,Heinola\heinola_DJI_0028_frame281.jpg,1,1,1,0,0,0.000000,False
Heinola,Heinola\heinola_DJI_0028_frame282.jpg,1,1,1,0,0,0.000000,False
Heinola,Heinola\heinola_DJI_0028_frame283.jpg,1,1,1,0,0,0.000000,False
Heinola,Heinola\heinola_DJI_0028_frame284.jpg,1,1,1,0,0,0.000000,False
Heinola,Heinola\heinola_DJI_0028_frame285.jpg,1,1,1,0,0,0.000000,False
Heinola,Heinola\heinola_DJI_0028_frame286.jpg,1,1,1,0,0,0.000000,False
Heinola,Heinola\heinola_DJI_0028_frame287.jpg,1,1,1,0,0,0.000000,False
Heinola,Heinola\heinola_DJI_0028_frame288.jpg,1,1,1,0,0,0.000000,False
Heinola,Heinola\heinola_DJI_0028_frame289.jpg,1,1,1,0,0,0.000000,False
Heinola,Heinola\heinola_DJI_0028_frame29.jpg,1,1,0,1,1,0.368259,False
Heinola,Heinola\heinola_DJI_0028_frame290.jpg,1,1,1,0,0,0.000000,False
Heinola,Heinola\heinola_DJI_0028_frame291.jpg,1,1,1,0,0,0.000000,False
Heinola,Heinola\heinola_DJI_0028_frame292.jpg,1,1,1,0,0,0.000000,False
Heinola,Heinola\heinola_DJI_0028_frame293.jpg,1,1,1,0,0,0.000000,False
Heinola,Heinola\heinola_DJI_0028_frame294.jpg,1,1,1,0,0,0.000000,False
Heinola,Heinola\heinola_DJI_0028_frame295.jpg,1,1,1,0,0,0.000000,False
Heinola,Heinola\heinola_DJI_0028_frame296.jpg,1,1,1,0,0,0.000000,False
Heinola,Heinola\heinola_DJI_0028_frame297.jpg,1,1,1,0,0,0.000000,False
Heinola,Heinola\heinola_DJI_0028_frame298.jpg,1,1,1,0,0,0.000000,False
Heinola,Heinola\heinola_DJI_0028_frame299.jpg,1,1,1,0,0,0.000000,False
Heinola,Heinola\heinola_DJI_0028_frame30.jpg,1,1,1,0,0,0.000000,False
Heinola,Heinola\heinola_DJI_0028_frame300.jpg,1,1,1,0,0,0.000000,False
Heinola,Heinola\heinola_DJI_0028_frame301.jpg,1,1,1,0,0,0.000000,False
Heinola,Heinola\heinola_DJI_0028_frame302.jpg,1,1,1,0,0,0.000000,False
Heinola,Heinola\heinola_DJI_0028_frame303.jpg,1,1,1,0,0,0.000000,False
Heinola,Heinola\heinola_DJI_0028_frame304.jpg,1,1,1,0,0,0.000000,False
Heinola,Heinola\heinola_DJI_0028_frame305.jpg,1,1,1,0,0,0.000000,False
Heinola,Heinola\heinola_DJI_0028_frame306.jpg,1,1,1,0,0,0.000000,False
Heinola,Heinola\heinola_DJI_0028_frame307.jpg,1,1,1,0,0,0.000000,False
Heinola,Heinola\heinola_DJI_0028_frame308.jpg,1,1,1,0,0,0.000000,False
Heinola,Heinola\heinola_DJI_0028_frame309.jpg,1,1,1,0,0,0.000000,False
Heinola,Heinola\heinola_DJI_0028_frame31.jpg,1,1,1,0,0,0.000000,False
Heinola,Heinola\heinola_DJI_0028_frame310.jpg,1,1,1,0,0,0.000000,False
Heinola,Heinola\heinola_DJI_0028_frame311.jpg,1,1,1,0,0,0.000000,False
Heinola,Heinola\heinola_DJI_0028_frame312.jpg,1,1,1,0,0,0.000000,False
Heinola,Heinola\heinola_DJI_0028_frame313.jpg,1,1,1,0,0,0.000000,False
Heinola,Heinola\heinola_DJI_0028_frame314.jpg,1,1,1,0,0,0.000000,False
Heinola,Heinola\heinola_DJI_0028_frame315.jpg,1,1,1,0,0,0.000000,False
Heinola,Heinola\heinola_DJI_0028_frame316.jpg,1,1,1,0,0,0.000000,False
Heinola,Heinola\heinola_DJI_0028_frame317.jpg,7,1,1,0,6,0.000000,False
Heinola,Heinola\heinola_DJI_0028_frame318.jpg,1,1,1,0,0,0.000000,False
Heinola,Heinola\heinola_DJI_0028_frame319.jpg,1,1,1,0,0,0.000000,False
Heinola,Heinola\heinola_DJI_0028_frame32.jpg,1,0,0,0,1,0.000000,False
Heinola,Heinola\heinola_DJI_0028_frame320.jpg,1,1,1,0,0,0.000000,False
Heinola,Heinola\heinola_DJI_0028_frame321.jpg,1,1,1,0,0,0.000000,False
Heinola,Heinola\heinola_DJI_0028_frame322.jpg,1,1,1,0,0,0.000000,False
Heinola,Heinola\heinola_DJI_0028_frame323.jpg,1,1,1,0,0,0.000000,False
Heinola,Heinola\heinola_DJI_0028_frame324.jpg,1,1,1,0,0,0.000000,False
Heinola,Heinola\heinola_DJI_0028_frame325.jpg,1,1,1,0,0,0.000000,False
Heinola,Heinola\heinola_DJI_0028_frame326.jpg,1,1,1,0,0,0.000000,False
Heinola,Heinola\heinola_DJI_0028_frame327.jpg,1,1,1,0,0,0.000000,False
Heinola,Heinola\heinola_DJI_0028_frame328.jpg,1,1,1,0,0,0.000000,False
Heinola,Heinola\heinola_DJI_0028_frame329.jpg,1,1,1,0,0,0.000000,False
Heinola,Heinola\heinola_DJI_0028_frame33.jpg,1,1,1,0,0,0.000000,False
Heinola,Heinola\heinola_DJI_0028_frame330.jpg,1,1,1,0,0,0.000000,False
Heinola,Heinola\heinola_DJI_0028_frame331.jpg,1,1,1,0,0,0.000000,False
Heinola,Heinola\heinola_DJI_0028_frame332.jpg,1,1,1,0,0,0.000000,False
Heinola,Heinola\heinola_DJI_0028_frame333.jpg,1,1,1,0,0,0.000000,False
Heinola,Heinola\heinola_DJI_0028_frame334.jpg,1,1,1,0,0,0.000000,False
Heinola,Heinola\heinola_DJI_0028_frame335.jpg,1,1,1,0,0,0.000000,False
Heinola,Heinola\heinola_DJI_0028_frame336.jpg,1,1,1,0,0,0.000000,False
Heinola,Heinola\heinola_DJI_0028_frame337.jpg,1,1,1,0,0,0.000000,False
Heinola,Heinola\heinola_DJI_0028_frame338.jpg,1,1,1,0,0,0.000000,False
Heinola,Heinola\heinola_DJI_0028_frame339.jpg,1,1,1,0,0,0.000000,False
Heinola,Heinola\heinola_DJI_0028_frame34.jpg,1,1,0,1,1,0.351052,False
Heinola,Heinola\heinola_DJI_0028_frame340.jpg,1,1,1,0,0,0.000000,False
Heinola,Heinola\heinola_DJI_0028_frame35.jpg,1,1,0,1,1,0.285102,False
Heinola,Heinola\heinola_DJI_0028_frame36.jpg,1,1,1,0,0,0.000000,False
Heinola,Heinola\heinola_DJI_0028_frame37.jpg,1,1,0,1,1,0.287521,False
Heinola,Heinola\heinola_DJI_0028_frame38.jpg,1,0,0,0,1,0.000000,False
Heinola,Heinola\heinola_DJI_0028_frame39.jpg,0,0,0,0,0,0.000000,False
Heinola,Heinola\heinola_DJI_0028_frame4.jpg,0,0,0,0,0,0.000000,False
Heinola,Heinola\heinola_DJI_0028_frame40.jpg,0,0,0,0,0,0.000000,False
Heinola,Heinola\heinola_DJI_0028_frame41.jpg,0,0,0,0,0,0.000000,False
Heinola,Heinola\heinola_DJI_0028_frame43.jpg,0,0,0,0,0,0.000000,False
Heinola,Heinola\heinola_DJI_0028_frame44.jpg,0,0,0,0,0,0.000000,False
Heinola,Heinola\heinola_DJI_0028_frame45.jpg,0,0,0,0,0,0.000000,False
Heinola,Heinola\heinola_DJI_0028_frame46.jpg,0,0,0,0,0,0.000000,False
Heinola,Heinola\heinola_DJI_0028_frame47.jpg,0,0,0,0,0,0.000000,False
Heinola,Heinola\heinola_DJI_0028_frame48.jpg,0,0,0,0,0,0.000000,False
Heinola,Heinola\heinola_DJI_0028_frame49.jpg,0,0,0,0,0,0.000000,False
Heinola,Heinola\heinola_DJI_0028_frame50.jpg,0,0,0,0,0,0.000000,False
Heinola,Heinola\heinola_DJI_0028_frame51.jpg,0,0,0,0,0,0.000000,False
Heinola,Heinola\heinola_DJI_0028_frame52.jpg,0,0,0,0,0,0.000000,False
Heinola,Heinola\heinola_DJI_0028_frame53.jpg,0,0,0,0,0,0.000000,False
Heinola,Heinola\heinola_DJI_0028_frame54.jpg,0,0,0,0,0,0.000000,False
Heinola,Heinola\heinola_DJI_0028_frame55.jpg,0,0,0,0,0,0.000000,False
Heinola,Heinola\heinola_DJI_0028_frame56.jpg,0,0,0,0,0,0.000000,False
Heinola,Heinola\heinola_DJI_0028_frame57.jpg,0,0,0,0,0,0.000000,False
Heinola,Heinola\heinola_DJI_0028_frame58.jpg,0,0,0,0,0,0.000000,False
Heinola,Heinola\heinola_DJI_0028_frame6.jpg,0,0,0,0,0,0.000000,False
Heinola,Heinola\heinola_DJI_0028_frame60.jpg,0,0,0,0,0,0.000000,False
Heinola,Heinola\heinola_DJI_0028_frame61.jpg,0,0,0,0,0,0.000000,False
Heinola,Heinola\heinola_DJI_0028_frame62.jpg,0,0,0,0,0,0.000000,False
Heinola,Heinola\heinola_DJI_0028_frame63.jpg,0,0,0,0,0,0.000000,False
Heinola,Heinola\heinola_DJI_0028_frame64.jpg,0,0,0,0,0,0.000000,False
Heinola,Heinola\heinola_DJI_0028_frame65.jpg,0,0,0,0,0,0.000000,False
Heinola,Heinola\heinola_DJI_0028_frame66.jpg,0,0,0,0,0,0.000000,False
Heinola,Heinola\heinola_DJI_0028_frame67.jpg,0,0,0,0,0,0.000000,False
Heinola,Heinola\heinola_DJI_0028_frame69.jpg,0,0,0,0,0,0.000000,False
Heinola,Heinola\heinola_DJI_0028_frame7.jpg,0,0,0,0,0,0.000000,False
Heinola,Heinola\heinola_DJI_0028_frame70.jpg,0,0,0,0,0,0.000000,False
Heinola,Heinola\heinola_DJI_0028_frame72.jpg,0,0,0,0,0,0.000000,False
Heinola,Heinola\heinola_DJI_0028_frame73.jpg,0,0,0,0,0,0.000000,False
Heinola,Heinola\heinola_DJI_0028_frame75.jpg,0,0,0,0,0,0.000000,False
Heinola,Heinola\heinola_DJI_0028_frame76.jpg,0,0,0,0,0,0.000000,False
Heinola,Heinola\heinola_DJI_0028_frame78.jpg,0,0,0,0,0,0.000000,False
Heinola,Heinola\heinola_DJI_0028_frame81.jpg,0,0,0,0,0,0.000000,False
Heinola,Heinola\heinola_DJI_0028_frame82.jpg,0,0,0,0,0,0.000000,False
Heinola,Heinola\heinola_DJI_0028_frame87.jpg,0,0,0,0,0,0.000000,False
Heinola,Heinola\heinola_DJI_0028_frame89.jpg,0,0,0,0,0,0.000000,False
Heinola,Heinola\heinola_DJI_0028_frame9.jpg,0,0,0,0,0,0.000000,False
Heinola,Heinola\heinola_DJI_0028_frame91.jpg,0,0,0,0,0,0.000000,False
Heinola,Heinola\heinola_DJI_0028_frame92.jpg,0,0,0,0,0,0.000000,False
Heinola,Heinola\heinola_DJI_0028_frame93.jpg,0,0,0,0,0,0.000000,False
Heinola,Heinola\heinola_DJI_0028_frame94.jpg,0,0,0,0,0,0.000000,False
Heinola,Heinola\heinola_DJI_0028_frame95.jpg,0,0,0,0,0,0.000000,False
Heinola,Heinola\heinola_DJI_0028_frame96.jpg,0,0,0,0,0,0.000000,False
Heinola,Heinola\heinola_DJI_0028_frame97.jpg,0,0,0,0,0,0.000000,False
Heinola,Heinola\heinola_DJI_0028_frame99.jpg,0,0,0,0,0,0.000000,False
Heinola,Heinola\heinola_DJI_0029_frame0.jpg,1,1,1,0,0,0.000000,False
Heinola,Heinola\heinola_DJI_0029_frame1.jpg,1,1,1,0,0,0.000000,False
Heinola,Heinola\heinola_DJI_0029_frame10.jpg,1,1,1,0,0,0.000000,False
Heinola,Heinola\heinola_DJI_0029_frame11.jpg,1,1,0,1,1,0.654786,False
Heinola,Heinola\heinola_DJI_0029_frame12.jpg,1,2,1,1,0,0.274678,False
Heinola,Heinola\heinola_DJI_0029_frame13.jpg,1,1,1,0,0,0.000000,False
Heinola,Heinola\heinola_DJI_0029_frame14.jpg,1,1,1,0,0,0.000000,False
Heinola,Heinola\heinola_DJI_0029_frame143.jpg,1,1,0,1,1,0.382901,False
Heinola,Heinola\heinola_DJI_0029_frame144.jpg,1,1,0,1,1,0.470648,False
Heinola,Heinola\heinola_DJI_0029_frame145.jpg,1,2,1,1,0,0.321498,False
Heinola,Heinola\heinola_DJI_0029_frame146.jpg,1,2,0,2,1,0.648197,False
Heinola,Heinola\heinola_DJI_0029_frame147.jpg,1,1,0,1,1,0.744040,False
Heinola,Heinola\heinola_DJI_0029_frame148.jpg,1,1,0,1,1,0.728942,False
Heinola,Heinola\heinola_DJI_0029_frame149.jpg,1,1,0,1,1,0.786718,False
Heinola,Heinola\heinola_DJI_0029_frame15.jpg,1,1,1,0,0,0.000000,False
Heinola,Heinola\heinola_DJI_0029_frame150.jpg,1,1,0,1,1,0.611984,False
Heinola,Heinola\heinola_DJI_0029_frame151.jpg,1,1,0,1,1,0.810566,False
Heinola,Heinola\heinola_DJI_0029_frame152.jpg,1,1,0,1,1,0.704563,False
Heinola,Heinola\heinola_DJI_0029_frame153.jpg,1,1,0,1,1,0.780840,False
Heinola,Heinola\heinola_DJI_0029_frame154.jpg,1,1,0,1,1,0.679266,False
Heinola,Heinola\heinola_DJI_0029_frame155.jpg,1,1,0,1,1,0.831212,False
Heinola,Heinola\heinola_DJI_0029_frame156.jpg,1,1,0,1,1,0.844887,False
Heinola,Heinola\heinola_DJI_0029_frame157.jpg,1,1,0,1,1,0.858332,False
Heinola,Heinola\heinola_DJI_0029_frame158.jpg,1,1,0,1,1,0.852843,False
Heinola,Heinola\heinola_DJI_0029_frame159.jpg,1,1,1,0,0,0.000000,False
Heinola,Heinola\heinola_DJI_0029_frame16.jpg,1,1,1,0,0,0.000000,False
Heinola,Heinola\heinola_DJI_0029_frame160.jpg,1,1,0,1,1,0.866230,False
Heinola,Heinola\heinola_DJI_0029_frame161.jpg,1,1,0,1,1,0.883840,False
Heinola,Heinola\heinola_DJI_0029_frame162.jpg,1,1,0,1,1,0.852863,False
Heinola,Heinola\heinola_DJI_0029_frame163.jpg,1,1,1,0,0,0.000000,False
Heinola,Heinola\heinola_DJI_0029_frame164.jpg,1,1,1,0,0,0.000000,False
Heinola,Heinola\heinola_DJI_0029_frame165.jpg,1,1,1,0,0,0.000000,False
Heinola,Heinola\heinola_DJI_0029_frame166.jpg,1,1,1,0,0,0.000000,False
Heinola,Heinola\heinola_DJI_0029_frame167.jpg,1,1,0,1,1,0.301641,False
Heinola,Heinola\heinola_DJI_0029_frame17.jpg,1,1,0,1,1,0.796091,False
Heinola,Heinola\heinola_DJI_0029_frame174.jpg,1,1,1,0,0,0.000000,False
Heinola,Heinola\heinola_DJI_0029_frame175.jpg,1,1,1,0,0,0.000000,False
Heinola,Heinola\heinola_DJI_0029_frame176.jpg,1,1,0,1,1,0.869156,False
Heinola,Heinola\heinola_DJI_0029_frame177.jpg,1,1,0,1,1,0.882026,False
Heinola,Heinola\heinola_DJI_0029_frame178.jpg,1,1,0,1,1,0.864066,False
Heinola,Heinola\heinola_DJI_0029_frame179.jpg,1,1,0,1,1,0.798332,False
Heinola,Heinola\heinola_DJI_0029_frame18.jpg,1,1,0,1,1,0.665322,False
Heinola,Heinola\heinola_DJI_0029_frame180.jpg,1,1,0,1,1,0.810053,False
Heinola,Heinola\heinola_DJI_0029_frame181.jpg,1,1,0,1,1,0.845391,False
Heinola,Heinola\heinola_DJI_0029_frame182.jpg,1,1,0,1,1,0.854014,False
Heinola,Heinola\heinola_DJI_0029_frame183.jpg,1,1,0,1,1,0.842606,False
Heinola,Heinola\heinola_DJI_0029_frame184.jpg,1,1,0,1,1,0.841273,False
Heinola,Heinola\heinola_DJI_0029_frame185.jpg,1,1,0,1,1,0.794701,False
Heinola,Heinola\heinola_DJI_0029_frame186.jpg,1,1,1,0,0,0.000000,False
Heinola,Heinola\heinola_DJI_0029_frame187.jpg,1,1,0,1,1,0.730780,False
Heinola,Heinola\heinola_DJI_0029_frame188.jpg,1,1,0,1,1,0.736728,False
Heinola,Heinola\heinola_DJI_0029_frame189.jpg,1,1,1,0,0,0.000000,False
Heinola,Heinola\heinola_DJI_0029_frame19.jpg,1,2,1,1,0,0.587955,False
Heinola,Heinola\heinola_DJI_0029_frame190.jpg,1,1,1,0,0,0.000000,False
Heinola,Heinola\heinola_DJI_0029_frame191.jpg,1,1,1,0,0,0.000000,False
Heinola,Heinola\heinola_DJI_0029_frame192.jpg,1,1,1,0,0,0.000000,False
Heinola,Heinola\heinola_DJI_0029_frame193.jpg,1,1,1,0,0,0.000000,False
Heinola,Heinola\heinola_DJI_0029_frame194.jpg,1,1,0,1,1,0.676522,False
Heinola,Heinola\heinola_DJI_0029_frame195.jpg,1,2,1,1,0,0.656982,False
Heinola,Heinola\heinola_DJI_0029_frame196.jpg,1,1,1,0,0,0.000000,False
Heinola,Heinola\heinola_DJI_0029_frame197.jpg,1,2,1,1,0,0.576265,False
Heinola,Heinola\heinola_DJI_0029_frame198.jpg,1,1,1,0,0,0.000000,False
Heinola,Heinola\heinola_DJI_0029_frame199.jpg,1,1,1,0,0,0.000000,False
Heinola,Heinola\heinola_DJI_0029_frame2.jpg,1,1,1,0,0,0.000000,False
Heinola,Heinola\heinola_DJI_0029_frame20.jpg,1,1,0,1,1,0.569320,False
Heinola,Heinola\heinola_DJI_0029_frame200.jpg,1,2,1,1,0,0.257081,False
Heinola,Heinola\heinola_DJI_0029_frame201.jpg,1,1,0,1,1,0.498242,False
Heinola,Heinola\heinola_DJI_0029_frame202.jpg,1,1,0,1,1,0.449619,False
Heinola,Heinola\heinola_DJI_0029_frame203.jpg,1,1,0,1,1,0.354914,False
Heinola,Heinola\heinola_DJI_0029_frame204.jpg,1,1,0,1,1,0.578434,False
Heinola,Heinola\heinola_DJI_0029_frame205.jpg,1,1,0,1,1,0.536173,False
Heinola,Heinola\heinola_DJI_0029_frame206.jpg,1,1,0,1,1,0.516015,False
Heinola,Heinola\heinola_DJI_0029_frame207.jpg,1,1,0,1,1,0.536043,False
Heinola,Heinola\heinola_DJI_0029_frame208.jpg,1,1,0,1,1,0.804985,False
Heinola,Heinola\heinola_DJI_0029_frame209.jpg,1,1,1,0,0,0.000000,False
Heinola,Heinola\heinola_DJI_0029_frame21.jpg,1,1,0,1,1,0.596975,False
Heinola,Heinola\heinola_DJI_0029_frame210.jpg,1,1,0,1,1,0.780775,False
Heinola,Heinola\heinola_DJI_0029_frame211.jpg,1,1,0,1,1,0.807579,False
Heinola,Heinola\heinola_DJI_0029_frame212.jpg,1,1,0,1,1,0.795812,False
Heinola,Heinola\heinola_DJI_0029_frame213.jpg,1,0,0,0,1,0.000000,False
Heinola,Heinola\heinola_DJI_0029_frame22.jpg,1,1,0,1,1,0.311764,False
Heinola,Heinola\heinola_DJI_0029_frame23.jpg,1,1,0,1,1,0.502655,False
Heinola,Heinola\heinola_DJI_0029_frame24.jpg,1,1,0,1,1,0.282140,False
Heinola,Heinola\heinola_DJI_0029_frame25.jpg,1,1,0,1,1,0.354935,False
Heinola,Heinola\heinola_DJI_0029_frame3.jpg,1,1,0,1,1,0.752726,False
Heinola,Heinola\heinola_DJI_0029_frame4.jpg,1,1,1,0,0,0.000000,False
Heinola,Heinola\heinola_DJI_0029_frame5.jpg,1,1,0,1,1,0.765001,False
Heinola,Heinola\heinola_DJI_0029_frame6.jpg,1,1,1,0,0,0.000000,False
Heinola,Heinola\heinola_DJI_0029_frame7.jpg,1,1,0,1,1,0.757428,False
Heinola,Heinola\heinola_DJI_0029_frame76.jpg,1,1,1,0,0,0.000000,False
Heinola,Heinola\heinola_DJI_0029_frame77.jpg,1,1,1,0,0,0.000000,False
Heinola,Heinola\heinola_DJI_0029_frame78.jpg,1,1,1,0,0,0.000000,False
Heinola,Heinola\heinola_DJI_0029_frame79.jpg,1,1,1,0,0,0.000000,False
Heinola,Heinola\heinola_DJI_0029_frame8.jpg,1,1,1,0,0,0.000000,False
Heinola,Heinola\heinola_DJI_0029_frame80.jpg,1,1,1,0,0,0.000000,False
Heinola,Heinola\heinola_DJI_0029_frame81.jpg,1,2,1,1,0,0.387432,False
Heinola,Heinola\heinola_DJI_0029_frame82.jpg,1,1,0,1,1,0.785870,False
Heinola,Heinola\heinola_DJI_0029_frame83.jpg,1,1,1,0,0,0.000000,False
Heinola,Heinola\heinola_DJI_0029_frame84.jpg,1,1,1,0,0,0.000000,False
Heinola,Heinola\heinola_DJI_0029_frame85.jpg,1,1,1,0,0,0.000000,False
Heinola,Heinola\heinola_DJI_0029_frame86.jpg,1,2,1,1,0,0.778947,False
Heinola,Heinola\heinola_DJI_0029_frame87.jpg,1,1,0,1,1,0.815402,False
Heinola,Heinola\heinola_DJI_0029_frame88.jpg,1,1,0,1,1,0.830870,False
Heinola,Heinola\heinola_DJI_0029_frame89.jpg,1,1,1,0,0,0.000000,False
Heinola,Heinola\heinola_DJI_0029_frame9.jpg,1,1,1,0,0,0.000000,False
Heinola,Heinola\heinola_DJI_0029_frame90.jpg,1,0,0,0,1,0.000000,False
Heinola,Heinola\heinola_DJI_0030_frame100.jpg,1,1,1,0,0,0.000000,False
Heinola,Heinola\heinola_DJI_0030_frame101.jpg,1,1,1,0,0,0.000000,False
Heinola,Heinola\heinola_DJI_0030_frame102.jpg,1,1,1,0,0,0.000000,False
Heinola,Heinola\heinola_DJI_0030_frame103.jpg,1,1,1,0,0,0.000000,False
Heinola,Heinola\heinola_DJI_0030_frame104.jpg,1,1,1,0,0,0.000000,False
Heinola,Heinola\heinola_DJI_0030_frame105.jpg,1,1,1,0,0,0.000000,False
Heinola,Heinola\heinola_DJI_0030_frame106.jpg,1,1,1,0,0,0.000000,False
Heinola,Heinola\heinola_DJI_0030_frame107.jpg,1,1,1,0,0,0.000000,False
Heinola,Heinola\heinola_DJI_0030_frame108.jpg,1,1,1,0,0,0.000000,False
Heinola,Heinola\heinola_DJI_0030_frame109.jpg,1,1,1,0,0,0.000000,False
Heinola,Heinola\heinola_DJI_0030_frame110.jpg,1,1,1,0,0,0.000000,False
Heinola,Heinola\heinola_DJI_0030_frame201.jpg,1,1,1,0,0,0.000000,False
Heinola,Heinola\heinola_DJI_0030_frame202.jpg,1,1,1,0,0,0.000000,False
Heinola,Heinola\heinola_DJI_0030_frame203.jpg,1,1,1,0,0,0.000000,False
Heinola,Heinola\heinola_DJI_0030_frame204.jpg,1,1,1,0,0,0.000000,False
Heinola,Heinola\heinola_DJI_0030_frame205.jpg,1,1,1,0,0,0.000000,False
Heinola,Heinola\heinola_DJI_0030_frame206.jpg,1,1,1,0,0,0.000000,False
Heinola,Heinola\heinola_DJI_0030_frame207.jpg,1,1,1,0,0,0.000000,False
Heinola,Heinola\heinola_DJI_0030_frame208.jpg,1,1,1,0,0,0.000000,False
Heinola,Heinola\heinola_DJI_0030_frame209.jpg,1,1,1,0,0,0.000000,False
Heinola,Heinola\heinola_DJI_0030_frame210.jpg,1,1,1,0,0,0.000000,False
Heinola,Heinola\heinola_DJI_0030_frame211.jpg,1,1,1,0,0,0.000000,False
Heinola,Heinola\heinola_DJI_0030_frame212.jpg,1,1,1,0,0,0.000000,False
Heinola,Heinola\heinola_DJI_0030_frame213.jpg,1,1,1,0,0,0.000000,False
Heinola,Heinola\heinola_DJI_0030_frame214.jpg,1,1,1,0,0,0.000000,False
Heinola,Heinola\heinola_DJI_0030_frame215.jpg,1,1,1,0,0,0.000000,False
Heinola,Heinola\heinola_DJI_0030_frame216.jpg,1,1,1,0,0,0.000000,False
Heinola,Heinola\heinola_DJI_0030_frame217.jpg,1,1,1,0,0,0.000000,False
Heinola,Heinola\heinola_DJI_0030_frame218.jpg,1,1,1,0,0,0.000000,False
Heinola,Heinola\heinola_DJI_0030_frame219.jpg,1,1,1,0,0,0.000000,False
Heinola,Heinola\heinola_DJI_0030_frame220.jpg,1,1,1,0,0,0.000000,False
Heinola,Heinola\heinola_DJI_0030_frame221.jpg,1,1,1,0,0,0.000000,False
Heinola,Heinola\heinola_DJI_0030_frame222.jpg,1,1,1,0,0,0.000000,False
Heinola,Heinola\heinola_DJI_0030_frame223.jpg,1,1,1,0,0,0.000000,False
Heinola,Heinola\heinola_DJI_0030_frame224.jpg,1,1,0,1,1,0.767830,False
Heinola,Heinola\heinola_DJI_0030_frame225.jpg,1,1,1,0,0,0.000000,False
Heinola,Heinola\heinola_DJI_0030_frame226.jpg,1,1,1,0,0,0.000000,False
Heinola,Heinola\heinola_DJI_0030_frame227.jpg,1,1,0,1,1,0.811316,False
Heinola,Heinola\heinola_DJI_0030_frame228.jpg,1,1,1,0,0,0.000000,False
Heinola,Heinola\heinola_DJI_0030_frame229.jpg,1,1,0,1,1,0.779159,False
Heinola,Heinola\heinola_DJI_0030_frame230.jpg,1,1,1,0,0,0.000000,False
Heinola,Heinola\heinola_DJI_0030_frame231.jpg,1,1,0,1,1,0.787005,False
Heinola,Heinola\heinola_DJI_0030_frame232.jpg,1,1,1,0,0,0.000000,False
Heinola,Heinola\heinola_DJI_0030_frame233.jpg,1,1,0,1,1,0.801130,False
Heinola,Heinola\heinola_DJI_0030_frame234.jpg,1,1,1,0,0,0.000000,False
Heinola,Heinola\heinola_DJI_0030_frame235.jpg,1,1,1,0,0,0.000000,False
Heinola,Heinola\heinola_DJI_0030_frame236.jpg,1,1,0,1,1,0.779074,False
Heinola,Heinola\heinola_DJI_0030_frame237.jpg,1,1,0,1,1,0.771750,False
Heinola,Heinola\heinola_DJI_0030_frame238.jpg,1,1,0,1,1,0.768866,False
Heinola,Heinola\heinola_DJI_0030_frame239.jpg,1,1,0,1,1,0.791900,False
Heinola,Heinola\heinola_DJI_0030_frame240.jpg,1,1,0,1,1,0.774510,False
Heinola,Heinola\heinola_DJI_0030_frame241.jpg,1,1,0,1,1,0.760821,False
Heinola,Heinola\heinola_DJI_0030_frame242.jpg,1,1,0,1,1,0.732009,False
Heinola,Heinola\heinola_DJI_0030_frame243.jpg,1,1,0,1,1,0.715321,False
Heinola,Heinola\heinola_DJI_0030_frame244.jpg,1,1,0,1,1,0.747398,False
Heinola,Heinola\heinola_DJI_0030_frame245.jpg,1,1,0,1,1,0.638271,False
Heinola,Heinola\heinola_DJI_0030_frame246.jpg,1,1,0,1,1,0.682590,False
Heinola,Heinola\heinola_DJI_0030_frame247.jpg,1,1,0,1,1,0.741362,False
Heinola,Heinola\heinola_DJI_0030_frame248.jpg,1,1,0,1,1,0.482859,False
Heinola,Heinola\heinola_DJI_0030_frame249.jpg,1,1,0,1,1,0.657998,False
Heinola,Heinola\heinola_DJI_0030_frame250.jpg,1,1,0,1,1,0.300447,False
Heinola,Heinola\heinola_DJI_0030_frame251.jpg,1,1,0,1,1,0.640859,False
Heinola,Heinola\heinola_DJI_0030_frame26.jpg,1,1,0,1,1,0.667427,False
Heinola,Heinola\heinola_DJI_0030_frame27.jpg,1,1,0,1,1,0.695103,False
Heinola,Heinola\heinola_DJI_0030_frame28.jpg,1,1,0,1,1,0.689377,False
Heinola,Heinola\heinola_DJI_0030_frame29.jpg,1,1,0,1,1,0.703370,False
Heinola,Heinola\heinola_DJI_0030_frame30.jpg,1,1,0,1,1,0.710384,False
Heinola,Heinola\heinola_DJI_0030_frame31.jpg,1,1,0,1,1,0.678505,False
Heinola,Heinola\heinola_DJI_0030_frame32.jpg,1,1,0,1,1,0.657683,False
Heinola,Heinola\heinola_DJI_0030_frame329.jpg,1,1,0,1,1,0.527933,False
Heinola,Heinola\heinola_DJI_0030_frame33.jpg,1,1,0,1,1,0.663002,False
Heinola,Heinola\heinola_DJI_0030_frame330.jpg,1,1,1,0,0,0.000000,False
Heinola,Heinola\heinola_DJI_0030_frame331.jpg,1,1,1,0,0,0.000000,False
Heinola,Heinola\heinola_DJI_0030_frame332.jpg,1,1,1,0,0,0.000000,False
Heinola,Heinola\heinola_DJI_0030_frame333.jpg,1,1,1,0,0,0.000000,False
Heinola,Heinola\heinola_DJI_0030_frame334.jpg,1,1,1,0,0,0.000000,False
Heinola,Heinola\heinola_DJI_0030_frame335.jpg,1,1,1,0,0,0.000000,False
Heinola,Heinola\heinola_DJI_0030_frame34.jpg,1,1,0,1,1,0.722866,False
Heinola,Heinola\heinola_DJI_0030_frame35.jpg,1,1,0,1,1,0.715890,False
Heinola,Heinola\heinola_DJI_0030_frame36.jpg,1,1,1,0,0,0.000000,False
Heinola,Heinola\heinola_DJI_0030_frame37.jpg,1,1,1,0,0,0.000000,False
Heinola,Heinola\heinola_DJI_0030_frame38.jpg,1,1,1,0,0,0.000000,False
Heinola,Heinola\heinola_DJI_0030_frame39.jpg,1,1,1,0,0,0.000000,False
Heinola,Heinola\heinola_DJI_0030_frame40.jpg,1,1,1,0,0,0.000000,False
Heinola,Heinola\heinola_DJI_0030_frame41.jpg,1,1,1,0,0,0.000000,False
Heinola,Heinola\heinola_DJI_0030_frame42.jpg,1,1,1,0,0,0.000000,False
Heinola,Heinola\heinola_DJI_0030_frame43.jpg,1,1,0,1,1,0.724555,False
Heinola,Heinola\heinola_DJI_0030_frame44.jpg,1,1,0,1,1,0.725351,False
Heinola,Heinola\heinola_DJI_0030_frame45.jpg,1,1,0,1,1,0.725911,False
Heinola,Heinola\heinola_DJI_0030_frame46.jpg,1,1,0,1,1,0.748877,False
Heinola,Heinola\heinola_DJI_0030_frame47.jpg,1,1,1,0,0,0.000000,False
Heinola,Heinola\heinola_DJI_0030_frame48.jpg,1,1,0,1,1,0.774883,False
Heinola,Heinola\heinola_DJI_0030_frame49.jpg,1,1,0,1,1,0.747745,False
Heinola,Heinola\heinola_DJI_0030_frame50.jpg,1,1,0,1,1,0.728736,False
Heinola,Heinola\heinola_DJI_0030_frame51.jpg,1,1,1,0,0,0.000000,False
Heinola,Heinola\heinola_DJI_0030_frame52.jpg,1,1,0,1,1,0.761581,False
Heinola,Heinola\heinola_DJI_0030_frame53.jpg,1,1,0,1,1,0.766674,False
Heinola,Heinola\heinola_DJI_0030_frame54.jpg,1,1,1,0,0,0.000000,False
Heinola,Heinola\heinola_DJI_0030_frame55.jpg,1,1,0,1,1,0.746231,False
Heinola,Heinola\heinola_DJI_0030_frame56.jpg,1,1,0,1,1,0.709674,False
Heinola,Heinola\heinola_DJI_0030_frame57.jpg,1,1,0,1,1,0.688428,False
Heinola,Heinola\heinola_DJI_0030_frame58.jpg,1,1,0,1,1,0.707261,False
Heinola,Heinola\heinola_DJI_0030_frame59.jpg,1,1,0,1,1,0.699377,False
Heinola,Heinola\heinola_DJI_0030_frame60.jpg,1,1,1,0,0,0.000000,False
Heinola,Heinola\heinola_DJI_0030_frame61.jpg,1,1,0,1,1,0.728154,False
Heinola,Heinola\heinola_DJI_0030_frame62.jpg,1,1,0,1,1,0.730661,False
Heinola,Heinola\heinola_DJI_0030_frame63.jpg,1,1,0,1,1,0.746251,False
Heinola,Heinola\heinola_DJI_0030_frame64.jpg,1,1,0,1,1,0.682270,False
Heinola,Heinola\heinola_DJI_0030_frame65.jpg,1,1,0,1,1,0.712164,False
Heinola,Heinola\heinola_DJI_0030_frame66.jpg,1,1,0,1,1,0.738534,False
Heinola,Heinola\heinola_DJI_0030_frame67.jpg,1,1,0,1,1,0.732372,False
Heinola,Heinola\heinola_DJI_0030_frame68.jpg,1,1,0,1,1,0.814918,False
Heinola,Heinola\heinola_DJI_0030_frame69.jpg,1,1,0,1,1,0.844446,False
Heinola,Heinola\heinola_DJI_0030_frame70.jpg,1,1,0,1,1,0.857044,False
Heinola,Heinola\heinola_DJI_0030_frame71.jpg,1,1,0,1,1,0.876168,False
Heinola,Heinola\heinola_DJI_0030_frame72.jpg,1,1,1,0,0,0.000000,False
Heinola,Heinola\heinola_DJI_0030_frame73.jpg,1,1,1,0,0,0.000000,False
Heinola,Heinola\heinola_DJI_0030_frame74.jpg,1,1,1,0,0,0.000000,False
Heinola,Heinola\heinola_DJI_0030_frame75.jpg,1,1,1,0,0,0.000000,False
Heinola,Heinola\heinola_DJI_0030_frame76.jpg,1,1,1,0,0,0.000000,False
Heinola,Heinola\heinola_DJI_0030_frame77.jpg,1,1,1,0,0,0.000000,False
Heinola,Heinola\heinola_DJI_0030_frame78.jpg,1,1,1,0,0,0.000000,False
Heinola,Heinola\heinola_DJI_0030_frame79.jpg,1,1,1,0,0,0.000000,False
Heinola,Heinola\heinola_DJI_0030_frame80.jpg,1,1,1,0,0,0.000000,False
Heinola,Heinola\heinola_DJI_0030_frame81.jpg,1,1,1,0,0,0.000000,False
Heinola,Heinola\heinola_DJI_0030_frame82.jpg,1,1,1,0,0,0.000000,False
Heinola,Heinola\heinola_DJI_0030_frame83.jpg,1,1,1,0,0,0.000000,False
Heinola,Heinola\heinola_DJI_0030_frame84.jpg,1,1,1,0,0,0.000000,False
Heinola,Heinola\heinola_DJI_0030_frame85.jpg,1,1,1,0,0,0.000000,False
Heinola,Heinola\heinola_DJI_0030_frame86.jpg,1,1,1,0,0,0.000000,False
Heinola,Heinola\heinola_DJI_0030_frame87.jpg,1,1,1,0,0,0.000000,False
Heinola,Heinola\heinola_DJI_0030_frame88.jpg,1,1,1,0,0,0.000000,False
Heinola,Heinola\heinola_DJI_0030_frame89.jpg,1,1,1,0,0,0.000000,False
Heinola,Heinola\heinola_DJI_0030_frame90.jpg,1,1,1,0,0,0.000000,False
Heinola,Heinola\heinola_DJI_0030_frame91.jpg,1,1,1,0,0,0.000000,False
Heinola,Heinola\heinola_DJI_0030_frame92.jpg,1,1,1,0,0,0.000000,False
Heinola,Heinola\heinola_DJI_0030_frame93.jpg,1,1,1,0,0,0.000000,False
Heinola,Heinola\heinola_DJI_0030_frame94.jpg,1,1,1,0,0,0.000000,False
Heinola,Heinola\heinola_DJI_0030_frame95.jpg,1,1,1,0,0,0.000000,False
Heinola,Heinola\heinola_DJI_0030_frame96.jpg,1,1,1,0,0,0.000000,False
Heinola,Heinola\heinola_DJI_0030_frame97.jpg,1,1,1,0,0,0.000000,False
Heinola,Heinola\heinola_DJI_0030_frame98.jpg,1,1,1,0,0,0.000000,False
Heinola,Heinola\heinola_DJI_0030_frame99.jpg,1,1,1,0,0,0.000000,False
Heinola,Heinola\heinola_DJI_0033_frame0.jpg,1,1,1,0,0,0.000000,False
Heinola,Heinola\heinola_DJI_0033_frame1.jpg,1,1,1,0,0,0.000000,False
Heinola,Heinola\heinola_DJI_0033_frame10.jpg,1,1,1,0,0,0.000000,False
Heinola,Heinola\heinola_DJI_0033_frame105.jpg,1,1,1,0,0,0.000000,False
Heinola,Heinola\heinola_DJI_0033_frame106.jpg,1,1,1,0,0,0.000000,False
Heinola,Heinola\heinola_DJI_0033_frame107.jpg,1,1,1,0,0,0.000000,False
Heinola,Heinola\heinola_DJI_0033_frame108.jpg,1,1,1,0,0,0.000000,False
Heinola,Heinola\heinola_DJI_0033_frame109.jpg,1,1,1,0,0,0.000000,False
Heinola,Heinola\heinola_DJI_0033_frame11.jpg,1,1,1,0,0,0.000000,False
Heinola,Heinola\heinola_DJI_0033_frame110.jpg,1,1,1,0,0,0.000000,False
Heinola,Heinola\heinola_DJI_0033_frame111.jpg,1,1,1,0,0,0.000000,False
Heinola,Heinola\heinola_DJI_0033_frame112.jpg,1,1,1,0,0,0.000000,False
Heinola,Heinola\heinola_DJI_0033_frame113.jpg,1,1,1,0,0,0.000000,False
Heinola,Heinola\heinola_DJI_0033_frame114.jpg,1,1,1,0,0,0.000000,False
Heinola,Heinola\heinola_DJI_0033_frame115.jpg,1,1,1,0,0,0.000000,False
Heinola,Heinola\heinola_DJI_0033_frame116.jpg,1,1,1,0,0,0.000000,False
Heinola,Heinola\heinola_DJI_0033_frame117.jpg,1,1,1,0,0,0.000000,False
Heinola,Heinola\heinola_DJI_0033_frame118.jpg,1,1,1,0,0,0.000000,False
Heinola,Heinola\heinola_DJI_0033_frame119.jpg,1,1,1,0,0,0.000000,False
Heinola,Heinola\heinola_DJI_0033_frame12.jpg,1,1,1,0,0,0.000000,False
Heinola,Heinola\heinola_DJI_0033_frame120.jpg,1,1,1,0,0,0.000000,False
Heinola,Heinola\heinola_DJI_0033_frame121.jpg,1,1,1,0,0,0.000000,False
Heinola,Heinola\heinola_DJI_0033_frame122.jpg,1,2,1,1,0,0.425368,False
Heinola,Heinola\heinola_DJI_0033_frame123.jpg,1,2,1,1,0,0.668370,False
Heinola,Heinola\heinola_DJI_0033_frame124.jpg,1,2,1,1,0,0.272804,False
Heinola,Heinola\heinola_DJI_0033_frame125.jpg,1,2,1,1,0,0.475282,False
Heinola,Heinola\heinola_DJI_0033_frame126.jpg,1,1,1,0,0,0.000000,False
Heinola,Heinola\heinola_DJI_0033_frame127.jpg,1,1,0,1,1,0.713512,False
Heinola,Heinola\heinola_DJI_0033_frame128.jpg,1,1,1,0,0,0.000000,False
Heinola,Heinola\heinola_DJI_0033_frame129.jpg,1,1,1,0,0,0.000000,False
Heinola,Heinola\heinola_DJI_0033_frame13.jpg,1,1,1,0,0,0.000000,False
Heinola,Heinola\heinola_DJI_0033_frame130.jpg,1,1,1,0,0,0.000000,False
Heinola,Heinola\heinola_DJI_0033_frame131.jpg,1,2,1,1,0,0.736031,False
Heinola,Heinola\heinola_DJI_0033_frame132.jpg,1,2,1,1,0,0.712680,False
Heinola,Heinola\heinola_DJI_0033_frame133.jpg,1,2,1,1,0,0.697279,False
Heinola,Heinola\heinola_DJI_0033_frame134.jpg,1,2,1,1,0,0.633686,False
Heinola,Heinola\heinola_DJI_0033_frame135.jpg,1,2,1,1,0,0.271902,False
Heinola,Heinola\heinola_DJI_0033_frame136.jpg,1,2,1,1,0,0.721148,False
Heinola,Heinola\heinola_DJI_0033_frame137.jpg,1,1,1,0,0,0.000000,False
Heinola,Heinola\heinola_DJI_0033_frame138.jpg,1,1,1,0,0,0.000000,False
Heinola,Heinola\heinola_DJI_0033_frame139.jpg,1,1,1,0,0,0.000000,False
Heinola,Heinola\heinola_DJI_0033_frame14.jpg,1,1,1,0,0,0.000000,False
Heinola,Heinola\heinola_DJI_0033_frame140.jpg,1,1,1,0,0,0.000000,False
Heinola,Heinola\heinola_DJI_0033_frame141.jpg,1,1,1,0,0,0.000000,False
Heinola,Heinola\heinola_DJI_0033_frame142.jpg,1,1,1,0,0,0.000000,False
Heinola,Heinola\heinola_DJI_0033_frame143.jpg,1,1,1,0,0,0.000000,False
Heinola,Heinola\heinola_DJI_0033_frame144.jpg,1,1,1,0,0,0.000000,False
Heinola,Heinola\heinola_DJI_0033_frame145.jpg,1,1,1,0,0,0.000000,False
Heinola,Heinola\heinola_DJI_0033_frame146.jpg,1,1,0,1,1,0.625740,False
Heinola,Heinola\heinola_DJI_0033_frame147.jpg,1,1,1,0,0,0.000000,False
Heinola,Heinola\heinola_DJI_0033_frame148.jpg,1,1,0,1,1,0.767658,False
Heinola,Heinola\heinola_DJI_0033_frame149.jpg,1,1,0,1,1,0.807945,False
Heinola,Heinola\heinola_DJI_0033_frame15.jpg,1,1,1,0,0,0.000000,False
Heinola,Heinola\heinola_DJI_0033_frame150.jpg,1,1,1,0,0,0.000000,False
Heinola,Heinola\heinola_DJI_0033_frame151.jpg,1,1,1,0,0,0.000000,False
Heinola,Heinola\heinola_DJI_0033_frame152.jpg,1,1,1,0,0,0.000000,False
Heinola,Heinola\heinola_DJI_0033_frame153.jpg,1,1,1,0,0,0.000000,False
Heinola,Heinola\heinola_DJI_0033_frame154.jpg,1,2,1,1,0,0.304550,False
Heinola,Heinola\heinola_DJI_0033_frame155.jpg,1,1,1,0,0,0.000000,False
Heinola,Heinola\heinola_DJI_0033_frame156.jpg,1,2,1,1,0,0.308132,False
Heinola,Heinola\heinola_DJI_0033_frame157.jpg,1,1,1,0,0,0.000000,False
Heinola,Heinola\heinola_DJI_0033_frame158.jpg,1,1,1,0,0,0.000000,False
Heinola,Heinola\heinola_DJI_0033_frame159.jpg,1,1,1,0,0,0.000000,False
Heinola,Heinola\heinola_DJI_0033_frame16.jpg,1,1,1,0,0,0.000000,False
Heinola,Heinola\heinola_DJI_0033_frame160.jpg,1,1,1,0,0,0.000000,False
Heinola,Heinola\heinola_DJI_0033_frame161.jpg,1,1,1,0,0,0.000000,False
Heinola,Heinola\heinola_DJI_0033_frame162.jpg,1,1,1,0,0,0.000000,False
Heinola,Heinola\heinola_DJI_0033_frame163.jpg,1,1,1,0,0,0.000000,False
Heinola,Heinola\heinola_DJI_0033_frame164.jpg,1,1,0,1,1,0.562198,False
Heinola,Heinola\heinola_DJI_0033_frame165.jpg,1,1,1,0,0,0.000000,False
Heinola,Heinola\heinola_DJI_0033_frame166.jpg,1,1,1,0,0,0.000000,False
Heinola,Heinola\heinola_DJI_0033_frame167.jpg,1,1,0,1,1,0.625793,False
Heinola,Heinola\heinola_DJI_0033_frame168.jpg,1,1,1,0,0,0.000000,False
Heinola,Heinola\heinola_DJI_0033_frame169.jpg,1,2,1,1,0,0.271659,False
Heinola,Heinola\heinola_DJI_0033_frame17.jpg,1,1,1,0,0,0.000000,False
Heinola,Heinola\heinola_DJI_0033_frame170.jpg,1,1,1,0,0,0.000000,False
Heinola,Heinola\heinola_DJI_0033_frame171.jpg,1,1,1,0,0,0.000000,False
Heinola,Heinola\heinola_DJI_0033_frame172.jpg,1,1,1,0,0,0.000000,False
Heinola,Heinola\heinola_DJI_0033_frame173.jpg,1,1,1,0,0,0.000000,False
Heinola,Heinola\heinola_DJI_0033_frame174.jpg,1,1,0,1,1,0.783926,False
Heinola,Heinola\heinola_DJI_0033_frame175.jpg,1,1,0,1,1,0.795382,False
Heinola,Heinola\heinola_DJI_0033_frame176.jpg,1,1,0,1,1,0.815373,False
Heinola,Heinola\heinola_DJI_0033_frame177.jpg,1,1,0,1,1,0.832924,False
Heinola,Heinola\heinola_DJI_0033_frame178.jpg,1,1,0,1,1,0.840864,False
Heinola,Heinola\heinola_DJI_0033_frame179.jpg,1,1,0,1,1,0.851854,False
Heinola,Heinola\heinola_DJI_0033_frame18.jpg,1,1,1,0,0,0.000000,False
Heinola,Heinola\heinola_DJI_0033_frame180.jpg,1,1,0,1,1,0.835582,False
Heinola,Heinola\heinola_DJI_0033_frame181.jpg,1,1,1,0,0,0.000000,False
Heinola,Heinola\heinola_DJI_0033_frame182.jpg,1,1,0,1,1,0.682196,False
Heinola,Heinola\heinola_DJI_0033_frame183.jpg,1,1,0,1,1,0.693163,False
Heinola,Heinola\heinola_DJI_0033_frame184.jpg,1,1,0,1,1,0.666045,False
Heinola,Heinola\heinola_DJI_0033_frame185.jpg,1,1,1,0,0,0.000000,False
Heinola,Heinola\heinola_DJI_0033_frame186.jpg,1,1,1,0,0,0.000000,False
Heinola,Heinola\heinola_DJI_0033_frame187.jpg,1,1,1,0,0,0.000000,False
Heinola,Heinola\heinola_DJI_0033_frame188.jpg,1,1,1,0,0,0.000000,False
Heinola,Heinola\heinola_DJI_0033_frame189.jpg,1,1,0,1,1,0.641637,False
Heinola,Heinola\heinola_DJI_0033_frame19.jpg,1,1,1,0,0,0.000000,False
Heinola,Heinola\heinola_DJI_0033_frame190.jpg,1,1,0,1,1,0.632423,False
Heinola,Heinola\heinola_DJI_0033_frame191.jpg,1,1,0,1,1,0.632310,False
Heinola,Heinola\heinola_DJI_0033_frame192.jpg,1,1,0,1,1,0.624568,False
Heinola,Heinola\heinola_DJI_0033_frame193.jpg,1,1,0,1,1,0.606124,False
Heinola,Heinola\heinola_DJI_0033_frame194.jpg,1,1,1,0,0,0.000000,False
Heinola,Heinola\heinola_DJI_0033_frame195.jpg,1,1,1,0,0,0.000000,False
Heinola,Heinola\heinola_DJI_0033_frame196.jpg,1,1,0,1,1,0.289717,False
Heinola,Heinola\heinola_DJI_0033_frame197.jpg,1,1,0,1,1,0.330967,False
Heinola,Heinola\heinola_DJI_0033_frame198.jpg,1,1,1,0,0,0.000000,False
Heinola,Heinola\heinola_DJI_0033_frame199.jpg,1,1,1,0,0,0.000000,False
Heinola,Heinola\heinola_DJI_0033_frame2.jpg,1,1,1,0,0,0.000000,False
Heinola,Heinola\heinola_DJI_0033_frame20.jpg,1,1,1,0,0,0.000000,False
Heinola,Heinola\heinola_DJI_0033_frame200.jpg,1,1,1,0,0,0.000000,False
Heinola,Heinola\heinola_DJI_0033_frame201.jpg,1,1,0,1,1,0.508679,False
Heinola,Heinola\heinola_DJI_0033_frame202.jpg,1,1,0,1,1,0.349012,False
Heinola,Heinola\heinola_DJI_0033_frame203.jpg,1,1,0,1,1,0.391163,False
Heinola,Heinola\heinola_DJI_0033_frame204.jpg,1,1,0,1,1,0.305913,False
Heinola,Heinola\heinola_DJI_0033_frame205.jpg,1,0,0,0,1,0.000000,False
Heinola,Heinola\heinola_DJI_0033_frame206.jpg,1,0,0,0,1,0.000000,False
Heinola,Heinola\heinola_DJI_0033_frame207.jpg,1,0,0,0,1,0.000000,False
Heinola,Heinola\heinola_DJI_0033_frame208.jpg,1,0,0,0,1,0.000000,False
Heinola,Heinola\heinola_DJI_0033_frame209.jpg,1,0,0,0,1,0.000000,False
Heinola,Heinola\heinola_DJI_0033_frame21.jpg,1,1,1,0,0,0.000000,False
Heinola,Heinola\heinola_DJI_0033_frame210.jpg,1,0,0,0,1,0.000000,False
Heinola,Heinola\heinola_DJI_0033_frame211.jpg,1,0,0,0,1,0.000000,False
Heinola,Heinola\heinola_DJI_0033_frame212.jpg,1,0,0,0,1,0.000000,False
Heinola,Heinola\heinola_DJI_0033_frame213.jpg,1,0,0,0,1,0.000000,False
Heinola,Heinola\heinola_DJI_0033_frame214.jpg,1,0,0,0,1,0.000000,False
Heinola,Heinola\heinola_DJI_0033_frame215.jpg,1,1,1,0,0,0.000000,False
Heinola,Heinola\heinola_DJI_0033_frame216.jpg,1,1,1,0,0,0.000000,False
Heinola,Heinola\heinola_DJI_0033_frame217.jpg,1,1,0,1,1,0.484812,False
Heinola,Heinola\heinola_DJI_0033_frame218.jpg,1,1,1,0,0,0.000000,False
Heinola,Heinola\heinola_DJI_0033_frame219.jpg,1,1,1,0,0,0.000000,False
Heinola,Heinola\heinola_DJI_0033_frame22.jpg,1,1,1,0,0,0.000000,False
Heinola,Heinola\heinola_DJI_0033_frame220.jpg,1,1,1,0,0,0.000000,False
Heinola,Heinola\heinola_DJI_0033_frame221.jpg,1,1,0,1,1,0.518040,False
Heinola,Heinola\heinola_DJI_0033_frame222.jpg,1,2,0,2,1,0.395638,False
Heinola,Heinola\heinola_DJI_0033_frame223.jpg,1,2,1,1,0,0.269874,False
Heinola,Heinola\heinola_DJI_0033_frame224.jpg,1,1,1,0,0,0.000000,False
Heinola,Heinola\heinola_DJI_0033_frame225.jpg,1,0,0,0,1,0.000000,False
Heinola,Heinola\heinola_DJI_0033_frame226.jpg,1,0,0,0,1,0.000000,False
Heinola,Heinola\heinola_DJI_0033_frame227.jpg,1,0,0,0,1,0.000000,False
Heinola,Heinola\heinola_DJI_0033_frame228.jpg,6,0,0,0,6,0.000000,False
Heinola,Heinola\heinola_DJI_0033_frame229.jpg,1,0,0,0,1,0.000000,False
Heinola,Heinola\heinola_DJI_0033_frame23.jpg,1,1,1,0,0,0.000000,False
Heinola,Heinola\heinola_DJI_0033_frame230.jpg,1,0,0,0,1,0.000000,False
Heinola,Heinola\heinola_DJI_0033_frame231.jpg,1,0,0,0,1,0.000000,False
Heinola,Heinola\heinola_DJI_0033_frame232.jpg,1,1,0,1,1,0.328602,False
Heinola,Heinola\heinola_DJI_0033_frame233.jpg,1,1,0,1,1,0.485639,False
Heinola,Heinola\heinola_DJI_0033_frame234.jpg,1,1,0,1,1,0.582066,False
Heinola,Heinola\heinola_DJI_0033_frame235.jpg,1,1,0,1,1,0.613523,False
Heinola,Heinola\heinola_DJI_0033_frame236.jpg,1,1,1,0,0,0.000000,False
Heinola,Heinola\heinola_DJI_0033_frame237.jpg,1,0,0,0,1,0.000000,False
Heinola,Heinola\heinola_DJI_0033_frame238.jpg,1,0,0,0,1,0.000000,False
Heinola,Heinola\heinola_DJI_0033_frame239.jpg,1,1,1,0,0,0.000000,False
Heinola,Heinola\heinola_DJI_0033_frame24.jpg,1,1,1,0,0,0.000000,False
Heinola,Heinola\heinola_DJI_0033_frame240.jpg,1,1,1,0,0,0.000000,False
Heinola,Heinola\heinola_DJI_0033_frame241.jpg,1,1,0,1,1,0.587010,False
Heinola,Heinola\heinola_DJI_0033_frame242.jpg,1,1,0,1,1,0.625222,False
Heinola,Heinola\heinola_DJI_0033_frame243.jpg,1,1,0,1,1,0.556207,False
Heinola,Heinola\heinola_DJI_0033_frame244.jpg,1,1,1,0,0,0.000000,False
Heinola,Heinola\heinola_DJI_0033_frame245.jpg,1,1,0,1,1,0.574374,False
Heinola,Heinola\heinola_DJI_0033_frame246.jpg,1,1,0,1,1,0.710910,False
Heinola,Heinola\heinola_DJI_0033_frame247.jpg,1,1,0,1,1,0.671709,False
Heinola,Heinola\heinola_DJI_0033_frame248.jpg,1,1,0,1,1,0.668562,False
Heinola,Heinola\heinola_DJI_0033_frame249.jpg,1,1,1,0,0,0.000000,False
Heinola,Heinola\heinola_DJI_0033_frame25.jpg,1,1,1,0,0,0.000000,False
Heinola,Heinola\heinola_DJI_0033_frame26.jpg,1,1,1,0,0,0.000000,False
Heinola,Heinola\heinola_DJI_0033_frame27.jpg,1,1,1,0,0,0.000000,False
Heinola,Heinola\heinola_DJI_0033_frame28.jpg,1,1,1,0,0,0.000000,False
Heinola,Heinola\heinola_DJI_0033_frame29.jpg,1,1,1,0,0,0.000000,False
Heinola,Heinola\heinola_DJI_0033_frame3.jpg,1,1,1,0,0,0.000000,False
Heinola,Heinola\heinola_DJI_0033_frame30.jpg,1,1,1,0,0,0.000000,False
Heinola,Heinola\heinola_DJI_0033_frame31.jpg,1,1,1,0,0,0.000000,False
Heinola,Heinola\heinola_DJI_0033_frame32.jpg,1,1,1,0,0,0.000000,False
Heinola,Heinola\heinola_DJI_0033_frame33.jpg,1,1,1,0,0,0.000000,False
Heinola,Heinola\heinola_DJI_0033_frame34.jpg,1,1,1,0,0,0.000000,False
Heinola,Heinola\heinola_DJI_0033_frame35.jpg,1,1,1,0,0,0.000000,False
Heinola,Heinola\heinola_DJI_0033_frame36.jpg,1,1,1,0,0,0.000000,False
Heinola,Heinola\heinola_DJI_0033_frame37.jpg,1,1,1,0,0,0.000000,False
Heinola,Heinola\heinola_DJI_0033_frame38.jpg,1,1,1,0,0,0.000000,False
Heinola,Heinola\heinola_DJI_0033_frame39.jpg,1,1,1,0,0,0.000000,False
Heinola,Heinola\heinola_DJI_0033_frame4.jpg,1,1,1,0,0,0.000000,False
Heinola,Heinola\heinola_DJI_0033_frame40.jpg,1,1,1,0,0,0.000000,False
Heinola,Heinola\heinola_DJI_0033_frame41.jpg,1,1,1,0,0,0.000000,False
Heinola,Heinola\heinola_DJI_0033_frame42.jpg,1,1,1,0,0,0.000000,False
Heinola,Heinola\heinola_DJI_0033_frame43.jpg,1,1,1,0,0,0.000000,False
Heinola,Heinola\heinola_DJI_0033_frame44.jpg,1,1,1,0,0,0.000000,False
Heinola,Heinola\heinola_DJI_0033_frame45.jpg,1,1,1,0,0,0.000000,False
Heinola,Heinola\heinola_DJI_0033_frame46.jpg,1,1,1,0,0,0.000000,False
Heinola,Heinola\heinola_DJI_0033_frame47.jpg,1,1,1,0,0,0.000000,False
Heinola,Heinola\heinola_DJI_0033_frame48.jpg,1,1,1,0,0,0.000000,False
Heinola,Heinola\heinola_DJI_0033_frame49.jpg,1,1,1,0,0,0.000000,False
Heinola,Heinola\heinola_DJI_0033_frame5.jpg,1,1,1,0,0,0.000000,False
Heinola,Heinola\heinola_DJI_0033_frame50.jpg,1,1,1,0,0,0.000000,False
Heinola,Heinola\heinola_DJI_0033_frame51.jpg,1,1,1,0,0,0.000000,False
Heinola,Heinola\heinola_DJI_0033_frame52.jpg,1,1,1,0,0,0.000000,False
Heinola,Heinola\heinola_DJI_0033_frame53.jpg,1,1,1,0,0,0.000000,False
Heinola,Heinola\heinola_DJI_0033_frame54.jpg,1,1,1,0,0,0.000000,False
Heinola,Heinola\heinola_DJI_0033_frame55.jpg,1,1,1,0,0,0.000000,False
Heinola,Heinola\heinola_DJI_0033_frame56.jpg,1,1,1,0,0,0.000000,False
Heinola,Heinola\heinola_DJI_0033_frame57.jpg,1,1,1,0,0,0.000000,False
Heinola,Heinola\heinola_DJI_0033_frame58.jpg,1,1,1,0,0,0.000000,False
Heinola,Heinola\heinola_DJI_0033_frame59.jpg,1,1,1,0,0,0.000000,False
Heinola,Heinola\heinola_DJI_0033_frame6.jpg,1,1,1,0,0,0.000000,False
Heinola,Heinola\heinola_DJI_0033_frame60.jpg,1,1,1,0,0,0.000000,False
Heinola,Heinola\heinola_DJI_0033_frame61.jpg,1,1,1,0,0,0.000000,False
Heinola,Heinola\heinola_DJI_0033_frame62.jpg,1,1,1,0,0,0.000000,False
Heinola,Heinola\heinola_DJI_0033_frame63.jpg,1,1,1,0,0,0.000000,False
Heinola,Heinola\heinola_DJI_0033_frame64.jpg,1,1,1,0,0,0.000000,False
Heinola,Heinola\heinola_DJI_0033_frame65.jpg,1,1,1,0,0,0.000000,False
Heinola,Heinola\heinola_DJI_0033_frame66.jpg,1,1,1,0,0,0.000000,False
Heinola,Heinola\heinola_DJI_0033_frame67.jpg,1,1,1,0,0,0.000000,False
Heinola,Heinola\heinola_DJI_0033_frame68.jpg,1,1,1,0,0,0.000000,False
Heinola,Heinola\heinola_DJI_0033_frame69.jpg,1,1,1,0,0,0.000000,False
Heinola,Heinola\heinola_DJI_0033_frame7.jpg,1,1,1,0,0,0.000000,False
Heinola,Heinola\heinola_DJI_0033_frame70.jpg,1,1,1,0,0,0.000000,False
Heinola,Heinola\heinola_DJI_0033_frame71.jpg,1,1,1,0,0,0.000000,False
Heinola,Heinola\heinola_DJI_0033_frame8.jpg,1,1,1,0,0,0.000000,False
Heinola,Heinola\heinola_DJI_0033_frame83.jpg,1,1,1,0,0,0.000000,False
Heinola,Heinola\heinola_DJI_0033_frame84.jpg,1,1,1,0,0,0.000000,False
Heinola,Heinola\heinola_DJI_0033_frame85.jpg,1,1,1,0,0,0.000000,False
Heinola,Heinola\heinola_DJI_0033_frame86.jpg,1,1,1,0,0,0.000000,False
Heinola,Heinola\heinola_DJI_0033_frame87.jpg,1,1,1,0,0,0.000000,False
Heinola,Heinola\heinola_DJI_0033_frame88.jpg,1,1,1,0,0,0.000000,False
Heinola,Heinola\heinola_DJI_0033_frame89.jpg,1,1,1,0,0,0.000000,False
Heinola,Heinola\heinola_DJI_0033_frame9.jpg,1,1,1,0,0,0.000000,False
Heinola,Heinola\heinola_DJI_0033_frame90.jpg,1,1,1,0,0,0.000000,False
Heinola,Heinola\heinola_DJI_0033_frame91.jpg,1,1,1,0,0,0.000000,False
Heinola,Heinola\heinola_DJI_0033_frame92.jpg,1,1,1,0,0,0.000000,False
Heinola,Heinola\heinola_DJI_0033_frame93.jpg,1,1,1,0,0,0.000000,False
Heinola,Heinola\heinola_DJI_0033_frame94.jpg,1,1,1,0,0,0.000000,False
Heinola,Heinola\heinola_DJI_0033_frame95.jpg,1,1,1,0,0,0.000000,False
Heinola,Heinola\heinola_DJI_0036_frame100.jpg,1,1,1,0,0,0.000000,False
Heinola,Heinola\heinola_DJI_0036_frame101.jpg,1,1,1,0,0,0.000000,False
Heinola,Heinola\heinola_DJI_0036_frame102.jpg,1,1,1,0,0,0.000000,False
Heinola,Heinola\heinola_DJI_0036_frame103.jpg,1,1,1,0,0,0.000000,False
Heinola,Heinola\heinola_DJI_0036_frame104.jpg,1,1,1,0,0,0.000000,False
Heinola,Heinola\heinola_DJI_0036_frame105.jpg,1,1,1,0,0,0.000000,False
Heinola,Heinola\heinola_DJI_0036_frame106.jpg,1,1,1,0,0,0.000000,False
Heinola,Heinola\heinola_DJI_0036_frame107.jpg,1,1,1,0,0,0.000000,False
Heinola,Heinola\heinola_DJI_0036_frame108.jpg,1,1,1,0,0,0.000000,False
Heinola,Heinola\heinola_DJI_0036_frame109.jpg,1,1,1,0,0,0.000000,False
Heinola,Heinola\heinola_DJI_0036_frame110.jpg,1,1,1,0,0,0.000000,False
Heinola,Heinola\heinola_DJI_0036_frame111.jpg,1,1,1,0,0,0.000000,False
Heinola,Heinola\heinola_DJI_0036_frame112.jpg,1,1,1,0,0,0.000000,False
Heinola,Heinola\heinola_DJI_0036_frame113.jpg,1,1,1,0,0,0.000000,False
Heinola,Heinola\heinola_DJI_0036_frame114.jpg,1,1,1,0,0,0.000000,False
Heinola,Heinola\heinola_DJI_0036_frame115.jpg,1,1,1,0,0,0.000000,False
Heinola,Heinola\heinola_DJI_0036_frame116.jpg,1,1,1,0,0,0.000000,False
Heinola,Heinola\heinola_DJI_0036_frame117.jpg,1,1,1,0,0,0.000000,False
Heinola,Heinola\heinola_DJI_0036_frame118.jpg,1,1,1,0,0,0.000000,False
Heinola,Heinola\heinola_DJI_0036_frame119.jpg,1,1,1,0,0,0.000000,False
Heinola,Heinola\heinola_DJI_0036_frame120.jpg,1,1,1,0,0,0.000000,False
Heinola,Heinola\heinola_DJI_0036_frame121.jpg,1,1,1,0,0,0.000000,False
Heinola,Heinola\heinola_DJI_0036_frame122.jpg,1,2,1,1,0,0.462050,False
Heinola,Heinola\heinola_DJI_0036_frame123.jpg,1,1,0,1,1,0.638303,False
Heinola,Heinola\heinola_DJI_0036_frame124.jpg,1,1,0,1,1,0.654872,False
Heinola,Heinola\heinola_DJI_0036_frame125.jpg,1,1,1,0,0,0.000000,False
Heinola,Heinola\heinola_DJI_0036_frame126.jpg,1,1,1,0,0,0.000000,False
Heinola,Heinola\heinola_DJI_0036_frame127.jpg,1,1,0,1,1,0.651304,False
Heinola,Heinola\heinola_DJI_0036_frame229.jpg,1,1,0,1,1,0.717751,False
Heinola,Heinola\heinola_DJI_0036_frame230.jpg,1,1,0,1,1,0.690084,False
Heinola,Heinola\heinola_DJI_0036_frame231.jpg,1,1,0,1,1,0.712995,False
Heinola,Heinola\heinola_DJI_0036_frame232.jpg,1,1,0,1,1,0.679264,False
Heinola,Heinola\heinola_DJI_0036_frame233.jpg,1,1,0,1,1,0.648017,False
Heinola,Heinola\heinola_DJI_0036_frame234.jpg,1,1,0,1,1,0.647980,False
Heinola,Heinola\heinola_DJI_0036_frame235.jpg,1,1,0,1,1,0.491779,False
Heinola,Heinola\heinola_DJI_0036_frame236.jpg,1,1,0,1,1,0.409030,False
Heinola,Heinola\heinola_DJI_0036_frame237.jpg,1,1,0,1,1,0.380214,False
Heinola,Heinola\heinola_DJI_0036_frame238.jpg,1,1,0,1,1,0.281751,False
Heinola,Heinola\heinola_DJI_0036_frame239.jpg,1,1,0,1,1,0.311249,False
Heinola,Heinola\heinola_DJI_0036_frame240.jpg,1,1,0,1,1,0.272456,False
Heinola,Heinola\heinola_DJI_0036_frame241.jpg,1,0,0,0,1,0.000000,False
Heinola,Heinola\heinola_DJI_0036_frame242.jpg,1,1,0,1,1,0.329739,False
Heinola,Heinola\heinola_DJI_0036_frame97.jpg,1,1,1,0,0,0.000000,False
Heinola,Heinola\heinola_DJI_0036_frame98.jpg,1,1,1,0,0,0.000000,False
Heinola,Heinola\heinola_DJI_0036_frame99.jpg,1,1,1,0,0,0.000000,False
Heinola,Heinola\heinola_DJI_0038_frame36.jpg,1,2,1,1,0,0.752126,False
Heinola,Heinola\heinola_DJI_0038_frame37.jpg,1,2,1,1,0,0.515598,False
Heinola,Heinola\heinola_DJI_0038_frame38.jpg,1,1,1,0,0,0.000000,False
Heinola,Heinola\heinola_DJI_0038_frame39.jpg,1,1,1,0,0,0.000000,False
Heinola,Heinola\heinola_DJI_0038_frame40.jpg,1,1,1,0,0,0.000000,False
Heinola,Heinola\heinola_DJI_0038_frame41.jpg,1,1,1,0,0,0.000000,False
Heinola,Heinola\heinola_DJI_0038_frame42.jpg,1,1,1,0,0,0.000000,False
Heinola,Heinola\heinola_DJI_0038_frame43.jpg,1,2,1,1,0,0.326692,False
Heinola,Heinola\heinola_DJI_0038_frame44.jpg,1,2,1,1,0,0.256970,False
Heinola,Heinola\heinola_DJI_0038_frame45.jpg,1,0,0,0,1,0.000000,False
Heinola,Heinola\heinola_DJI_0048_frame0.jpg,0,0,0,0,0,0.000000,False
Heinola,Heinola\heinola_DJI_0048_frame1.jpg,0,0,0,0,0,0.000000,False
Heinola,Heinola\heinola_DJI_0048_frame100.jpg,0,0,0,0,0,0.000000,False
Heinola,Heinola\heinola_DJI_0048_frame101.jpg,0,0,0,0,0,0.000000,False
Heinola,Heinola\heinola_DJI_0048_frame102.jpg,0,0,0,0,0,0.000000,False
Heinola,Heinola\heinola_DJI_0048_frame103.jpg,0,0,0,0,0,0.000000,False
Heinola,Heinola\heinola_DJI_0048_frame104.jpg,0,0,0,0,0,0.000000,False
Heinola,Heinola\heinola_DJI_0048_frame172.jpg,0,0,0,0,0,0.000000,False
Heinola,Heinola\heinola_DJI_0048_frame173.jpg,0,0,0,0,0,0.000000,False
Heinola,Heinola\heinola_DJI_0048_frame174.jpg,0,0,0,0,0,0.000000,False
Heinola,Heinola\heinola_DJI_0048_frame175.jpg,0,0,0,0,0,0.000000,False
Heinola,Heinola\heinola_DJI_0048_frame176.jpg,0,0,0,0,0,0.000000,False
Heinola,Heinola\heinola_DJI_0048_frame177.jpg,0,0,0,0,0,0.000000,False
Heinola,Heinola\heinola_DJI_0048_frame178.jpg,0,0,0,0,0,0.000000,False
Heinola,Heinola\heinola_DJI_0048_frame179.jpg,0,0,0,0,0,0.000000,False
Heinola,Heinola\heinola_DJI_0048_frame180.jpg,0,0,0,0,0,0.000000,False
Heinola,Heinola\heinola_DJI_0048_frame181.jpg,0,0,0,0,0,0.000000,False
Heinola,Heinola\heinola_DJI_0048_frame182.jpg,0,0,0,0,0,0.000000,False
Heinola,Heinola\heinola_DJI_0048_frame183.jpg,0,0,0,0,0,0.000000,False
Heinola,Heinola\heinola_DJI_0048_frame184.jpg,0,0,0,0,0,0.000000,False
Heinola,Heinola\heinola_DJI_0048_frame185.jpg,0,0,0,0,0,0.000000,False
Heinola,Heinola\heinola_DJI_0048_frame186.jpg,0,0,0,0,0,0.000000,False
Heinola,Heinola\heinola_DJI_0048_frame187.jpg,0,0,0,0,0,0.000000,False
Heinola,Heinola\heinola_DJI_0048_frame188.jpg,0,0,0,0,0,0.000000,False
Heinola,Heinola\heinola_DJI_0048_frame2.jpg,0,0,0,0,0,0.000000,False
Heinola,Heinola\heinola_DJI_0048_frame217.jpg,1,0,0,0,1,0.000000,False
Heinola,Heinola\heinola_DJI_0048_frame218.jpg,1,0,0,0,1,0.000000,False
Heinola,Heinola\heinola_DJI_0048_frame219.jpg,1,0,0,0,1,0.000000,False
Heinola,Heinola\heinola_DJI_0048_frame220.jpg,1,0,0,0,1,0.000000,False
Heinola,Heinola\heinola_DJI_0048_frame221.jpg,1,0,0,0,1,0.000000,False
Heinola,Heinola\heinola_DJI_0048_frame222.jpg,1,0,0,0,1,0.000000,False
Heinola,Heinola\heinola_DJI_0048_frame223.jpg,1,0,0,0,1,0.000000,False
Heinola,Heinola\heinola_DJI_0048_frame224.jpg,1,0,0,0,1,0.000000,False
Heinola,Heinola\heinola_DJI_0048_frame225.jpg,1,0,0,0,1,0.000000,False
Heinola,Heinola\heinola_DJI_0048_frame226.jpg,1,0,0,0,1,0.000000,False
Heinola,Heinola\heinola_DJI_0048_frame227.jpg,1,0,0,0,1,0.000000,False
Heinola,Heinola\heinola_DJI_0048_frame228.jpg,1,0,0,0,1,0.000000,False
Heinola,Heinola\heinola_DJI_0048_frame229.jpg,1,0,0,0,1,0.000000,False
Heinola,Heinola\heinola_DJI_0048_frame230.jpg,1,0,0,0,1,0.000000,False
Heinola,Heinola\heinola_DJI_0048_frame231.jpg,1,0,0,0,1,0.000000,False
Heinola,Heinola\heinola_DJI_0048_frame237.jpg,0,0,0,0,0,0.000000,False
Heinola,Heinola\heinola_DJI_0048_frame238.jpg,0,0,0,0,0,0.000000,False
Heinola,Heinola\heinola_DJI_0048_frame239.jpg,0,0,0,0,0,0.000000,False
Heinola,Heinola\heinola_DJI_0048_frame240.jpg,0,0,0,0,0,0.000000,False
Heinola,Heinola\heinola_DJI_0048_frame241.jpg,0,0,0,0,0,0.000000,False
Heinola,Heinola\heinola_DJI_0048_frame277.jpg,0,1,0,1,0,0.601400,True
Heinola,Heinola\heinola_DJI_0048_frame3.jpg,0,0,0,0,0,0.000000,False
Heinola,Heinola\heinola_DJI_0048_frame4.jpg,0,0,0,0,0,0.000000,False
Heinola,Heinola\heinola_DJI_0048_frame5.jpg,0,0,0,0,0,0.000000,False
Heinola,Heinola\heinola_DJI_0048_frame85.jpg,0,0,0,0,0,0.000000,False
Heinola,Heinola\heinola_DJI_0048_frame86.jpg,0,0,0,0,0,0.000000,False
Heinola,Heinola\heinola_DJI_0048_frame87.jpg,0,0,0,0,0,0.000000,False
Heinola,Heinola\heinola_DJI_0048_frame88.jpg,0,0,0,0,0,0.000000,False
Heinola,Heinola\heinola_DJI_0048_frame89.jpg,0,0,0,0,0,0.000000,False
Heinola,Heinola\heinola_DJI_0048_frame90.jpg,0,0,0,0,0,0.000000,False
Heinola,Heinola\heinola_DJI_0048_frame91.jpg,0,0,0,0,0,0.000000,False
Heinola,Heinola\heinola_DJI_0048_frame92.jpg,0,0,0,0,0,0.000000,False
Heinola,Heinola\heinola_DJI_0048_frame93.jpg,0,0,0,0,0,0.000000,False
Heinola,Heinola\heinola_DJI_0048_frame94.jpg,0,0,0,0,0,0.000000,False
Heinola,Heinola\heinola_DJI_0048_frame95.jpg,0,0,0,0,0,0.000000,False
Heinola,Heinola\heinola_DJI_0048_frame96.jpg,0,0,0,0,0,0.000000,False
Heinola,Heinola\heinola_DJI_0048_frame97.jpg,0,0,0,0,0,0.000000,False
Karkkila,Karkkila\karkkila_DJI_0001_frame100.jpg,1,1,1,0,0,0.000000,False
Karkkila,Karkkila\karkkila_DJI_0001_frame101.jpg,1,1,1,0,0,0.000000,False
Karkkila,Karkkila\karkkila_DJI_0001_frame102.jpg,1,1,1,0,0,0.000000,False
Karkkila,Karkkila\karkkila_DJI_0001_frame103.jpg,1,1,1,0,0,0.000000,False
Karkkila,Karkkila\karkkila_DJI_0001_frame104.jpg,1,1,1,0,0,0.000000,False
Karkkila,Karkkila\karkkila_DJI_0001_frame105.jpg,1,1,1,0,0,0.000000,False
Karkkila,Karkkila\karkkila_DJI_0001_frame106.jpg,1,1,1,0,0,0.000000,False
Karkkila,Karkkila\karkkila_DJI_0001_frame107.jpg,1,1,1,0,0,0.000000,False
Karkkila,Karkkila\karkkila_DJI_0001_frame108.jpg,1,1,1,0,0,0.000000,False
Karkkila,Karkkila\karkkila_DJI_0001_frame109.jpg,1,1,1,0,0,0.000000,False
Karkkila,Karkkila\karkkila_DJI_0001_frame110.jpg,1,1,1,0,0,0.000000,False
Karkkila,Karkkila\karkkila_DJI_0001_frame111.jpg,1,1,1,0,0,0.000000,False
Karkkila,Karkkila\karkkila_DJI_0001_frame112.jpg,1,1,1,0,0,0.000000,False
Karkkila,Karkkila\karkkila_DJI_0001_frame113.jpg,1,1,1,0,0,0.000000,False
Karkkila,Karkkila\karkkila_DJI_0001_frame114.jpg,1,1,1,0,0,0.000000,False
Karkkila,Karkkila\karkkila_DJI_0001_frame115.jpg,1,1,1,0,0,0.000000,False
Karkkila,Karkkila\karkkila_DJI_0001_frame116.jpg,1,1,1,0,0,0.000000,False
Karkkila,Karkkila\karkkila_DJI_0001_frame117.jpg,1,1,1,0,0,0.000000,False
Karkkila,Karkkila\karkkila_DJI_0001_frame118.jpg,1,1,1,0,0,0.000000,False
Karkkila,Karkkila\karkkila_DJI_0001_frame119.jpg,1,1,1,0,0,0.000000,False
Karkkila,Karkkila\karkkila_DJI_0001_frame120.jpg,1,1,1,0,0,0.000000,False
Karkkila,Karkkila\karkkila_DJI_0001_frame121.jpg,1,1,1,0,0,0.000000,False
Karkkila,Karkkila\karkkila_DJI_0001_frame122.jpg,1,1,1,0,0,0.000000,False
Karkkila,Karkkila\karkkila_DJI_0001_frame123.jpg,1,1,1,0,0,0.000000,False
Karkkila,Karkkila\karkkila_DJI_0001_frame55.jpg,1,1,1,0,0,0.000000,False
Karkkila,Karkkila\karkkila_DJI_0001_frame56.jpg,1,1,1,0,0,0.000000,False
Karkkila,Karkkila\karkkila_DJI_0001_frame57.jpg,1,1,1,0,0,0.000000,False
Karkkila,Karkkila\karkkila_DJI_0001_frame58.jpg,1,1,1,0,0,0.000000,False
Karkkila,Karkkila\karkkila_DJI_0001_frame59.jpg,1,1,1,0,0,0.000000,False
Karkkila,Karkkila\karkkila_DJI_0001_frame60.jpg,1,1,1,0,0,0.000000,False
Karkkila,Karkkila\karkkila_DJI_0001_frame61.jpg,1,1,1,0,0,0.000000,False
Karkkila,Karkkila\karkkila_DJI_0001_frame62.jpg,1,1,0,1,1,0.721600,False
Karkkila,Karkkila\karkkila_DJI_0001_frame63.jpg,1,2,1,1,0,0.721484,False
Karkkila,Karkkila\karkkila_DJI_0001_frame64.jpg,1,1,0,1,1,0.727962,False
Karkkila,Karkkila\karkkila_DJI_0001_frame65.jpg,1,2,1,1,0,0.714935,False
Karkkila,Karkkila\karkkila_DJI_0001_frame66.jpg,1,1,1,0,0,0.000000,False
Karkkila,Karkkila\karkkila_DJI_0001_frame67.jpg,1,1,1,0,0,0.000000,False
Karkkila,Karkkila\karkkila_DJI_0001_frame68.jpg,1,1,0,1,1,0.748198,False
Karkkila,Karkkila\karkkila_DJI_0001_frame69.jpg,1,1,0,1,1,0.731075,False
Karkkila,Karkkila\karkkila_DJI_0001_frame70.jpg,1,1,0,1,1,0.716657,False
Karkkila,Karkkila\karkkila_DJI_0001_frame71.jpg,1,1,1,0,0,0.000000,False
Karkkila,Karkkila\karkkila_DJI_0001_frame72.jpg,1,1,0,1,1,0.667754,False
Karkkila,Karkkila\karkkila_DJI_0001_frame73.jpg,1,2,1,1,0,0.370872,False
Karkkila,Karkkila\karkkila_DJI_0001_frame74.jpg,1,1,1,0,0,0.000000,False
Karkkila,Karkkila\karkkila_DJI_0001_frame75.jpg,1,1,1,0,0,0.000000,False
Karkkila,Karkkila\karkkila_DJI_0001_frame76.jpg,1,1,1,0,0,0.000000,False
Karkkila,Karkkila\karkkila_DJI_0001_frame77.jpg,1,1,1,0,0,0.000000,False
Karkkila,Karkkila\karkkila_DJI_0001_frame78.jpg,1,1,1,0,0,0.000000,False
Karkkila,Karkkila\karkkila_DJI_0001_frame79.jpg,1,1,0,1,1,0.703742,False
Karkkila,Karkkila\karkkila_DJI_0001_frame80.jpg,1,1,1,0,0,0.000000,False
Karkkila,Karkkila\karkkila_DJI_0001_frame81.jpg,1,1,1,0,0,0.000000,False
Karkkila,Karkkila\karkkila_DJI_0001_frame82.jpg,1,1,1,0,0,0.000000,False
Karkkila,Karkkila\karkkila_DJI_0001_frame83.jpg,1,1,1,0,0,0.000000,False
Karkkila,Karkkila\karkkila_DJI_0001_frame84.jpg,1,1,1,0,0,0.000000,False
Karkkila,Karkkila\karkkila_DJI_0001_frame85.jpg,1,1,1,0,0,0.000000,False
Karkkila,Karkkila\karkkila_DJI_0001_frame86.jpg,1,1,1,0,0,0.000000,False
Karkkila,Karkkila\karkkila_DJI_0001_frame87.jpg,1,1,1,0,0,0.000000,False
Karkkila,Karkkila\karkkila_DJI_0001_frame88.jpg,1,1,1,0,0,0.000000,False
Karkkila,Karkkila\karkkila_DJI_0001_frame89.jpg,1,1,1,0,0,0.000000,False
Karkkila,Karkkila\karkkila_DJI_0001_frame90.jpg,1,1,1,0,0,0.000000,False
Karkkila,Karkkila\karkkila_DJI_0001_frame91.jpg,1,1,1,0,0,0.000000,False
Karkkila,Karkkila\karkkila_DJI_0001_frame92.jpg,1,1,1,0,0,0.000000,False
Karkkila,Karkkila\karkkila_DJI_0001_frame93.jpg,1,1,1,0,0,0.000000,False
Karkkila,Karkkila\karkkila_DJI_0001_frame94.jpg,1,1,1,0,0,0.000000,False
Karkkila,Karkkila\karkkila_DJI_0001_frame95.jpg,1,1,1,0,0,0.000000,False
Karkkila,Karkkila\karkkila_DJI_0001_frame96.jpg,1,1,1,0,0,0.000000,False
Karkkila,Karkkila\karkkila_DJI_0001_frame97.jpg,1,1,1,0,0,0.000000,False
Karkkila,Karkkila\karkkila_DJI_0001_frame98.jpg,1,1,1,0,0,0.000000,False
Karkkila,Karkkila\karkkila_DJI_0001_frame99.jpg,1,1,1,0,0,0.000000,False
Karkkila,Karkkila\karkkila_DJI_0002_frame100.jpg,1,1,0,1,1,0.790903,False
Karkkila,Karkkila\karkkila_DJI_0002_frame101.jpg,1,1,0,1,1,0.787239,False
Karkkila,Karkkila\karkkila_DJI_0002_frame102.jpg,1,1,0,1,1,0.794775,False
Karkkila,Karkkila\karkkila_DJI_0002_frame103.jpg,1,1,0,1,1,0.792803,False
Karkkila,Karkkila\karkkila_DJI_0002_frame104.jpg,1,1,0,1,1,0.779838,False
Karkkila,Karkkila\karkkila_DJI_0002_frame105.jpg,1,1,1,0,0,0.000000,False
Karkkila,Karkkila\karkkila_DJI_0002_frame106.jpg,1,1,0,1,1,0.778711,False
Karkkila,Karkkila\karkkila_DJI_0002_frame107.jpg,1,1,0,1,1,0.745988,False
Karkkila,Karkkila\karkkila_DJI_0002_frame108.jpg,1,1,0,1,1,0.751638,False
Karkkila,Karkkila\karkkila_DJI_0002_frame109.jpg,1,1,0,1,1,0.745693,False
Karkkila,Karkkila\karkkila_DJI_0002_frame110.jpg,1,1,0,1,1,0.763067,False
Karkkila,Karkkila\karkkila_DJI_0002_frame111.jpg,1,1,0,1,1,0.764717,False
Karkkila,Karkkila\karkkila_DJI_0002_frame112.jpg,1,1,0,1,1,0.776365,False
Karkkila,Karkkila\karkkila_DJI_0002_frame113.jpg,1,1,0,1,1,0.784969,False
Karkkila,Karkkila\karkkila_DJI_0002_frame114.jpg,1,1,0,1,1,0.743950,False
Karkkila,Karkkila\karkkila_DJI_0002_frame115.jpg,1,1,0,1,1,0.757849,False
Karkkila,Karkkila\karkkila_DJI_0002_frame116.jpg,1,1,0,1,1,0.777308,False
Karkkila,Karkkila\karkkila_DJI_0002_frame117.jpg,1,1,0,1,1,0.777624,False
Karkkila,Karkkila\karkkila_DJI_0002_frame118.jpg,1,1,0,1,1,0.769575,False
Karkkila,Karkkila\karkkila_DJI_0002_frame119.jpg,1,2,1,1,0,0.758084,False
Karkkila,Karkkila\karkkila_DJI_0002_frame120.jpg,1,1,0,1,1,0.744036,False
Karkkila,Karkkila\karkkila_DJI_0002_frame121.jpg,1,1,0,1,1,0.738564,False
Karkkila,Karkkila\karkkila_DJI_0002_frame122.jpg,1,1,0,1,1,0.760762,False
Karkkila,Karkkila\karkkila_DJI_0002_frame123.jpg,1,1,0,1,1,0.766702,False
Karkkila,Karkkila\karkkila_DJI_0002_frame124.jpg,1,1,0,1,1,0.768638,False
Karkkila,Karkkila\karkkila_DJI_0002_frame125.jpg,1,1,0,1,1,0.768279,False
Karkkila,Karkkila\karkkila_DJI_0002_frame126.jpg,1,1,0,1,1,0.772473,False
Karkkila,Karkkila\karkkila_DJI_0002_frame127.jpg,1,1,0,1,1,0.784621,False
Karkkila,Karkkila\karkkila_DJI_0002_frame128.jpg,1,1,0,1,1,0.783545,False
Karkkila,Karkkila\karkkila_DJI_0002_frame129.jpg,1,1,0,1,1,0.779919,False
Karkkila,Karkkila\karkkila_DJI_0002_frame130.jpg,1,1,0,1,1,0.781564,False
Karkkila,Karkkila\karkkila_DJI_0002_frame131.jpg,1,1,0,1,1,0.777359,False
Karkkila,Karkkila\karkkila_DJI_0002_frame132.jpg,1,1,0,1,1,0.784078,False
Karkkila,Karkkila\karkkila_DJI_0002_frame133.jpg,1,1,0,1,1,0.791981,False
Karkkila,Karkkila\karkkila_DJI_0002_frame134.jpg,1,1,1,0,0,0.000000,False
Karkkila,Karkkila\karkkila_DJI_0002_frame135.jpg,1,1,1,0,0,0.000000,False
Karkkila,Karkkila\karkkila_DJI_0002_frame136.jpg,1,1,1,0,0,0.000000,False
Karkkila,Karkkila\karkkila_DJI_0002_frame137.jpg,1,1,1,0,0,0.000000,False
Karkkila,Karkkila\karkkila_DJI_0002_frame138.jpg,1,1,0,1,1,0.799022,False
Karkkila,Karkkila\karkkila_DJI_0002_frame139.jpg,1,1,1,0,0,0.000000,False
Karkkila,Karkkila\karkkila_DJI_0002_frame140.jpg,1,1,1,0,0,0.000000,False
Karkkila,Karkkila\karkkila_DJI_0002_frame141.jpg,1,1,1,0,0,0.000000,False
Karkkila,Karkkila\karkkila_DJI_0002_frame142.jpg,1,1,1,0,0,0.000000,False
Karkkila,Karkkila\karkkila_DJI_0002_frame143.jpg,1,2,1,1,0,0.261059,False
Karkkila,Karkkila\karkkila_DJI_0002_frame144.jpg,1,1,1,0,0,0.000000,False
Karkkila,Karkkila\karkkila_DJI_0002_frame145.jpg,1,1,0,1,1,0.776908,False
Karkkila,Karkkila\karkkila_DJI_0002_frame146.jpg,1,1,1,0,0,0.000000,False
Karkkila,Karkkila\karkkila_DJI_0002_frame147.jpg,1,1,1,0,0,0.000000,False
Karkkila,Karkkila\karkkila_DJI_0002_frame148.jpg,1,1,1,0,0,0.000000,False
Karkkila,Karkkila\karkkila_DJI_0002_frame149.jpg,1,1,1,0,0,0.000000,False
Karkkila,Karkkila\karkkila_DJI_0002_frame150.jpg,1,1,1,0,0,0.000000,False
Karkkila,Karkkila\karkkila_DJI_0002_frame151.jpg,1,1,0,1,1,0.768869,False
Karkkila,Karkkila\karkkila_DJI_0002_frame152.jpg,1,1,1,0,0,0.000000,False
Karkkila,Karkkila\karkkila_DJI_0002_frame153.jpg,1,1,1,0,0,0.000000,False
Karkkila,Karkkila\karkkila_DJI_0002_frame154.jpg,1,1,0,1,1,0.742122,False
Karkkila,Karkkila\karkkila_DJI_0002_frame155.jpg,1,1,1,0,0,0.000000,False
Karkkila,Karkkila\karkkila_DJI_0002_frame156.jpg,1,1,0,1,1,0.727106,False
Karkkila,Karkkila\karkkila_DJI_0002_frame157.jpg,1,1,0,1,1,0.733629,False
Karkkila,Karkkila\karkkila_DJI_0002_frame158.jpg,1,1,1,0,0,0.000000,False
Karkkila,Karkkila\karkkila_DJI_0002_frame159.jpg,1,1,1,0,0,0.000000,False
Karkkila,Karkkila\karkkila_DJI_0002_frame160.jpg,1,2,1,1,0,0.433850,False
Karkkila,Karkkila\karkkila_DJI_0002_frame161.jpg,1,1,1,0,0,0.000000,False
Karkkila,Karkkila\karkkila_DJI_0002_frame162.jpg,1,1,1,0,0,0.000000,False
Karkkila,Karkkila\karkkila_DJI_0002_frame163.jpg,1,1,1,0,0,0.000000,False
Karkkila,Karkkila\karkkila_DJI_0002_frame164.jpg,1,1,1,0,0,0.000000,False
Karkkila,Karkkila\karkkila_DJI_0002_frame165.jpg,1,1,1,0,0,0.000000,False
Karkkila,Karkkila\karkkila_DJI_0002_frame166.jpg,1,1,1,0,0,0.000000,False
Karkkila,Karkkila\karkkila_DJI_0002_frame167.jpg,1,1,1,0,0,0.000000,False
Karkkila,Karkkila\karkkila_DJI_0002_frame168.jpg,1,1,1,0,0,0.000000,False
Karkkila,Karkkila\karkkila_DJI_0002_frame169.jpg,1,1,1,0,0,0.000000,False
Karkkila,Karkkila\karkkila_DJI_0002_frame170.jpg,1,1,1,0,0,0.000000,False
Karkkila,Karkkila\karkkila_DJI_0002_frame46.jpg,1,1,1,0,0,0.000000,False
Karkkila,Karkkila\karkkila_DJI_0002_frame47.jpg,1,1,1,0,0,0.000000,False
Karkkila,Karkkila\karkkila_DJI_0002_frame48.jpg,1,1,1,0,0,0.000000,False
Karkkila,Karkkila\karkkila_DJI_0002_frame49.jpg,1,1,1,0,0,0.000000,False
Karkkila,Karkkila\karkkila_DJI_0002_frame50.jpg,1,1,1,0,0,0.000000,False
Karkkila,Karkkila\karkkila_DJI_0002_frame51.jpg,1,1,1,0,0,0.000000,False
Karkkila,Karkkila\karkkila_DJI_0002_frame52.jpg,1,1,1,0,0,0.000000,False
Karkkila,Karkkila\karkkila_DJI_0002_frame53.jpg,1,1,1,0,0,0.000000,False
Karkkila,Karkkila\karkkila_DJI_0002_frame54.jpg,1,1,1,0,0,0.000000,False
Karkkila,Karkkila\karkkila_DJI_0002_frame55.jpg,1,1,1,0,0,0.000000,False
Karkkila,Karkkila\karkkila_DJI_0002_frame56.jpg,1,1,1,0,0,0.000000,False
Karkkila,Karkkila\karkkila_DJI_0002_frame57.jpg,1,1,1,0,0,0.000000,False
Karkkila,Karkkila\karkkila_DJI_0002_frame58.jpg,1,1,1,0,0,0.000000,False
Karkkila,Karkkila\karkkila_DJI_0002_frame59.jpg,1,1,1,0,0,0.000000,False
Karkkila,Karkkila\karkkila_DJI_0002_frame60.jpg,1,1,1,0,0,0.000000,False
Karkkila,Karkkila\karkkila_DJI_0002_frame61.jpg,1,1,1,0,0,0.000000,False
Karkkila,Karkkila\karkkila_DJI_0002_frame62.jpg,1,1,1,0,0,0.000000,False
Karkkila,Karkkila\karkkila_DJI_0002_frame63.jpg,1,1,1,0,0,0.000000,False
Karkkila,Karkkila\karkkila_DJI_0002_frame64.jpg,1,1,1,0,0,0.000000,False
Karkkila,Karkkila\karkkila_DJI_0002_frame65.jpg,1,1,1,0,0,0.000000,False
Karkkila,Karkkila\karkkila_DJI_0002_frame66.jpg,1,1,1,0,0,0.000000,False
Karkkila,Karkkila\karkkila_DJI_0002_frame67.jpg,1,1,1,0,0,0.000000,False
Karkkila,Karkkila\karkkila_DJI_0002_frame68.jpg,1,1,1,0,0,0.000000,False
Karkkila,Karkkila\karkkila_DJI_0002_frame69.jpg,1,1,1,0,0,0.000000,False
Karkkila,Karkkila\karkkila_DJI_0002_frame70.jpg,1,1,1,0,0,0.000000,False
Karkkila,Karkkila\karkkila_DJI_0002_frame71.jpg,1,1,1,0,0,0.000000,False
Karkkila,Karkkila\karkkila_DJI_0002_frame72.jpg,1,1,1,0,0,0.000000,False
Karkkila,Karkkila\karkkila_DJI_0002_frame73.jpg,1,1,1,0,0,0.000000,False
Karkkila,Karkkila\karkkila_DJI_0002_frame74.jpg,1,1,1,0,0,0.000000,False
Karkkila,Karkkila\karkkila_DJI_0002_frame75.jpg,1,1,1,0,0,0.000000,False
Karkkila,Karkkila\karkkila_DJI_0002_frame76.jpg,1,1,1,0,0,0.000000,False
Karkkila,Karkkila\karkkila_DJI_0002_frame77.jpg,1,1,1,0,0,0.000000,False
Karkkila,Karkkila\karkkila_DJI_0002_frame78.jpg,1,1,1,0,0,0.000000,False
Karkkila,Karkkila\karkkila_DJI_0002_frame79.jpg,1,1,1,0,0,0.000000,False
Karkkila,Karkkila\karkkila_DJI_0002_frame80.jpg,1,1,1,0,0,0.000000,False
Karkkila,Karkkila\karkkila_DJI_0002_frame81.jpg,1,1,1,0,0,0.000000,False
Karkkila,Karkkila\karkkila_DJI_0002_frame82.jpg,1,1,1,0,0,0.000000,False
Karkkila,Karkkila\karkkila_DJI_0002_frame83.jpg,1,1,1,0,0,0.000000,False
Karkkila,Karkkila\karkkila_DJI_0002_frame84.jpg,1,1,1,0,0,0.000000,False
Karkkila,Karkkila\karkkila_DJI_0002_frame85.jpg,1,1,1,0,0,0.000000,False
Karkkila,Karkkila\karkkila_DJI_0002_frame86.jpg,1,1,1,0,0,0.000000,False
Karkkila,Karkkila\karkkila_DJI_0002_frame87.jpg,1,1,1,0,0,0.000000,False
Karkkila,Karkkila\karkkila_DJI_0002_frame88.jpg,1,1,1,0,0,0.000000,False
Karkkila,Karkkila\karkkila_DJI_0002_frame89.jpg,1,1,1,0,0,0.000000,False
Karkkila,Karkkila\karkkila_DJI_0002_frame90.jpg,1,1,1,0,0,0.000000,False
Karkkila,Karkkila\karkkila_DJI_0002_frame91.jpg,1,1,0,1,1,0.806933,False
Karkkila,Karkkila\karkkila_DJI_0002_frame92.jpg,1,1,0,1,1,0.801245,False
Karkkila,Karkkila\karkkila_DJI_0002_frame93.jpg,1,1,0,1,1,0.806811,False
Karkkila,Karkkila\karkkila_DJI_0002_frame94.jpg,1,1,0,1,1,0.803980,False
Karkkila,Karkkila\karkkila_DJI_0002_frame95.jpg,1,1,0,1,1,0.798095,False
Karkkila,Karkkila\karkkila_DJI_0002_frame96.jpg,1,1,0,1,1,0.799332,False
Karkkila,Karkkila\karkkila_DJI_0002_frame97.jpg,1,1,0,1,1,0.785129,False
Karkkila,Karkkila\karkkila_DJI_0002_frame98.jpg,1,1,1,0,0,0.000000,False
Karkkila,Karkkila\karkkila_DJI_0002_frame99.jpg,1,1,1,0,0,0.000000,False
Karkkila,Karkkila\karkkila_DJI_0003_frame0.jpg,1,1,0,1,1,0.680426,False
Karkkila,Karkkila\karkkila_DJI_0003_frame1.jpg,1,1,1,0,0,0.000000,False
Karkkila,Karkkila\karkkila_DJI_0003_frame10.jpg,1,1,1,0,0,0.000000,False
Karkkila,Karkkila\karkkila_DJI_0003_frame11.jpg,1,1,0,1,1,0.501142,False
Karkkila,Karkkila\karkkila_DJI_0003_frame12.jpg,1,1,1,0,0,0.000000,False
Karkkila,Karkkila\karkkila_DJI_0003_frame13.jpg,1,1,1,0,0,0.000000,False
Karkkila,Karkkila\karkkila_DJI_0003_frame14.jpg,1,1,1,0,0,0.000000,False
Karkkila,Karkkila\karkkila_DJI_0003_frame15.jpg,1,1,1,0,0,0.000000,False
Karkkila,Karkkila\karkkila_DJI_0003_frame16.jpg,1,1,1,0,0,0.000000,False
Karkkila,Karkkila\karkkila_DJI_0003_frame17.jpg,1,1,1,0,0,0.000000,False
Karkkila,Karkkila\karkkila_DJI_0003_frame18.jpg,1,1,1,0,0,0.000000,False
Karkkila,Karkkila\karkkila_DJI_0003_frame19.jpg,1,1,1,0,0,0.000000,False
Karkkila,Karkkila\karkkila_DJI_0003_frame2.jpg,1,1,1,0,0,0.000000,False
Karkkila,Karkkila\karkkila_DJI_0003_frame20.jpg,1,1,1,0,0,0.000000,False
Karkkila,Karkkila\karkkila_DJI_0003_frame21.jpg,1,1,1,0,0,0.000000,False
Karkkila,Karkkila\karkkila_DJI_0003_frame22.jpg,1,1,1,0,0,0.000000,False
Karkkila,Karkkila\karkkila_DJI_0003_frame23.jpg,1,2,1,1,0,0.260360,False
Karkkila,Karkkila\karkkila_DJI_0003_frame24.jpg,0,0,0,0,0,0.000000,False
Karkkila,Karkkila\karkkila_DJI_0003_frame25.jpg,0,0,0,0,0,0.000000,False
Karkkila,Karkkila\karkkila_DJI_0003_frame26.jpg,0,0,0,0,0,0.000000,False
Karkkila,Karkkila\karkkila_DJI_0003_frame27.jpg,0,0,0,0,0,0.000000,False
Karkkila,Karkkila\karkkila_DJI_0003_frame28.jpg,0,0,0,0,0,0.000000,False
Karkkila,Karkkila\karkkila_DJI_0003_frame29.jpg,0,0,0,0,0,0.000000,False
Karkkila,Karkkila\karkkila_DJI_0003_frame3.jpg,1,1,1,0,0,0.000000,False
Karkkila,Karkkila\karkkila_DJI_0003_frame30.jpg,0,0,0,0,0,0.000000,False
Karkkila,Karkkila\karkkila_DJI_0003_frame31.jpg,0,0,0,0,0,0.000000,False
Karkkila,Karkkila\karkkila_DJI_0003_frame32.jpg,0,0,0,0,0,0.000000,False
Karkkila,Karkkila\karkkila_DJI_0003_frame33.jpg,0,0,0,0,0,0.000000,False
Karkkila,Karkkila\karkkila_DJI_0003_frame34.jpg,0,0,0,0,0,0.000000,False
Karkkila,Karkkila\karkkila_DJI_0003_frame35.jpg,0,0,0,0,0,0.000000,False
Karkkila,Karkkila\karkkila_DJI_0003_frame36.jpg,0,0,0,0,0,0.000000,False
Karkkila,Karkkila\karkkila_DJI_0003_frame37.jpg,0,0,0,0,0,0.000000,False
Karkkila,Karkkila\karkkila_DJI_0003_frame38.jpg,0,0,0,0,0,0.000000,False
Karkkila,Karkkila\karkkila_DJI_0003_frame39.jpg,0,2,0,2,0,0.430762,True
Karkkila,Karkkila\karkkila_DJI_0003_frame4.jpg,1,1,1,0,0,0.000000,False
Karkkila,Karkkila\karkkila_DJI_0003_frame41.jpg,1,1,1,0,0,0.000000,False
Karkkila,Karkkila\karkkila_DJI_0003_frame42.jpg,1,1,1,0,0,0.000000,False
Karkkila,Karkkila\karkkila_DJI_0003_frame43.jpg,0,0,0,0,0,0.000000,False
Karkkila,Karkkila\karkkila_DJI_0003_frame44.jpg,0,0,0,0,0,0.000000,False
Karkkila,Karkkila\karkkila_DJI_0003_frame5.jpg,1,1,1,0,0,0.000000,False
Karkkila,Karkkila\karkkila_DJI_0003_frame6.jpg,1,1,1,0,0,0.000000,False
Karkkila,Karkkila\karkkila_DJI_0003_frame7.jpg,1,1,1,0,0,0.000000,False
Karkkila,Karkkila\karkkila_DJI_0003_frame8.jpg,1,1,0,1,1,0.537675,False
Karkkila,Karkkila\karkkila_DJI_0003_frame9.jpg,1,1,0,1,1,0.505083,False
Karkkila,Karkkila\karkkila_DJI_0004_frame100.jpg,1,1,1,0,0,0.000000,False
Karkkila,Karkkila\karkkila_DJI_0004_frame101.jpg,1,1,1,0,0,0.000000,False
Karkkila,Karkkila\karkkila_DJI_0004_frame102.jpg,1,1,1,0,0,0.000000,False
Karkkila,Karkkila\karkkila_DJI_0004_frame103.jpg,1,1,1,0,0,0.000000,False
Karkkila,Karkkila\karkkila_DJI_0004_frame104.jpg,1,1,1,0,0,0.000000,False
Karkkila,Karkkila\karkkila_DJI_0004_frame105.jpg,1,1,1,0,0,0.000000,False
Karkkila,Karkkila\karkkila_DJI_0004_frame106.jpg,1,1,1,0,0,0.000000,False
Karkkila,Karkkila\karkkila_DJI_0004_frame107.jpg,1,1,1,0,0,0.000000,False
Karkkila,Karkkila\karkkila_DJI_0004_frame108.jpg,1,1,1,0,0,0.000000,False
Karkkila,Karkkila\karkkila_DJI_0004_frame109.jpg,1,1,1,0,0,0.000000,False
Karkkila,Karkkila\karkkila_DJI_0004_frame110.jpg,1,1,1,0,0,0.000000,False
Karkkila,Karkkila\karkkila_DJI_0004_frame111.jpg,1,1,1,0,0,0.000000,False
Karkkila,Karkkila\karkkila_DJI_0004_frame112.jpg,1,1,1,0,0,0.000000,False
Karkkila,Karkkila\karkkila_DJI_0004_frame113.jpg,1,1,1,0,0,0.000000,False
Karkkila,Karkkila\karkkila_DJI_0004_frame114.jpg,1,1,1,0,0,0.000000,False
Karkkila,Karkkila\karkkila_DJI_0004_frame115.jpg,1,1,1,0,0,0.000000,False
Karkkila,Karkkila\karkkila_DJI_0004_frame116.jpg,1,1,1,0,0,0.000000,False
Karkkila,Karkkila\karkkila_DJI_0004_frame117.jpg,1,1,1,0,0,0.000000,False
Karkkila,Karkkila\karkkila_DJI_0004_frame118.jpg,1,1,1,0,0,0.000000,False
Karkkila,Karkkila\karkkila_DJI_0004_frame119.jpg,1,1,1,0,0,0.000000,False
Karkkila,Karkkila\karkkila_DJI_0004_frame120.jpg,1,1,1,0,0,0.000000,False
Karkkila,Karkkila\karkkila_DJI_0004_frame121.jpg,1,1,1,0,0,0.000000,False
Karkkila,Karkkila\karkkila_DJI_0004_frame122.jpg,1,1,1,0,0,0.000000,False
Karkkila,Karkkila\karkkila_DJI_0004_frame123.jpg,1,1,1,0,0,0.000000,False
Karkkila,Karkkila\karkkila_DJI_0004_frame124.jpg,1,1,1,0,0,0.000000,False
Karkkila,Karkkila\karkkila_DJI_0004_frame125.jpg,1,1,1,0,0,0.000000,False
Karkkila,Karkkila\karkkila_DJI_0004_frame126.jpg,1,1,1,0,0,0.000000,False
Karkkila,Karkkila\karkkila_DJI_0004_frame127.jpg,1,1,1,0,0,0.000000,False
Karkkila,Karkkila\karkkila_DJI_0004_frame128.jpg,1,1,1,0,0,0.000000,False
Karkkila,Karkkila\karkkila_DJI_0004_frame129.jpg,1,1,1,0,0,0.000000,False
Karkkila,Karkkila\karkkila_DJI_0004_frame130.jpg,1,1,1,0,0,0.000000,False
Karkkila,Karkkila\karkkila_DJI_0004_frame131.jpg,1,1,1,0,0,0.000000,False
Karkkila,Karkkila\karkkila_DJI_0004_frame132.jpg,0,1,0,1,0,0.748785,True
Karkkila,Karkkila\karkkila_DJI_0004_frame133.jpg,1,1,1,0,0,0.000000,False
Karkkila,Karkkila\karkkila_DJI_0004_frame134.jpg,1,1,1,0,0,0.000000,False
Karkkila,Karkkila\karkkila_DJI_0004_frame135.jpg,1,1,1,0,0,0.000000,False
Karkkila,Karkkila\karkkila_DJI_0004_frame136.jpg,1,1,1,0,0,0.000000,False
Karkkila,Karkkila\karkkila_DJI_0004_frame137.jpg,1,1,1,0,0,0.000000,False
Karkkila,Karkkila\karkkila_DJI_0004_frame138.jpg,1,1,1,0,0,0.000000,False
Karkkila,Karkkila\karkkila_DJI_0004_frame139.jpg,1,1,1,0,0,0.000000,False
Karkkila,Karkkila\karkkila_DJI_0004_frame140.jpg,1,1,1,0,0,0.000000,False
Karkkila,Karkkila\karkkila_DJI_0004_frame141.jpg,1,1,1,0,0,0.000000,False
Karkkila,Karkkila\karkkila_DJI_0004_frame142.jpg,1,1,1,0,0,0.000000,False
Karkkila,Karkkila\karkkila_DJI_0004_frame143.jpg,1,1,1,0,0,0.000000,False
Karkkila,Karkkila\karkkila_DJI_0004_frame144.jpg,1,1,1,0,0,0.000000,False
Karkkila,Karkkila\karkkila_DJI_0004_frame145.jpg,1,1,1,0,0,0.000000,False
Karkkila,Karkkila\karkkila_DJI_0004_frame146.jpg,1,1,1,0,0,0.000000,False
Karkkila,Karkkila\karkkila_DJI_0004_frame147.jpg,1,1,1,0,0,0.000000,False
Karkkila,Karkkila\karkkila_DJI_0004_frame148.jpg,1,1,1,0,0,0.000000,False
Karkkila,Karkkila\karkkila_DJI_0004_frame149.jpg,1,1,1,0,0,0.000000,False
Karkkila,Karkkila\karkkila_DJI_0004_frame150.jpg,1,1,1,0,0,0.000000,False
Karkkila,Karkkila\karkkila_DJI_0004_frame151.jpg,1,1,1,0,0,0.000000,False
Karkkila,Karkkila\karkkila_DJI_0004_frame152.jpg,1,1,1,0,0,0.000000,False
Karkkila,Karkkila\karkkila_DJI_0004_frame153.jpg,1,1,1,0,0,0.000000,False
Karkkila,Karkkila\karkkila_DJI_0004_frame154.jpg,1,1,1,0,0,0.000000,False
Karkkila,Karkkila\karkkila_DJI_0004_frame155.jpg,1,1,1,0,0,0.000000,False
Karkkila,Karkkila\karkkila_DJI_0004_frame156.jpg,1,1,1,0,0,0.000000,False
Karkkila,Karkkila\karkkila_DJI_0004_frame157.jpg,1,1,1,0,0,0.000000,False
Karkkila,Karkkila\karkkila_DJI_0004_frame158.jpg,1,1,1,0,0,0.000000,False
Karkkila,Karkkila\karkkila_DJI_0004_frame159.jpg,1,1,1,0,0,0.000000,False
Karkkila,Karkkila\karkkila_DJI_0004_frame160.jpg,1,1,1,0,0,0.000000,False
Karkkila,Karkkila\karkkila_DJI_0004_frame161.jpg,1,1,1,0,0,0.000000,False
Karkkila,Karkkila\karkkila_DJI_0004_frame162.jpg,1,1,1,0,0,0.000000,False
Karkkila,Karkkila\karkkila_DJI_0004_frame163.jpg,1,1,1,0,0,0.000000,False
Karkkila,Karkkila\karkkila_DJI_0004_frame164.jpg,1,1,1,0,0,0.000000,False
Karkkila,Karkkila\karkkila_DJI_0004_frame165.jpg,1,1,1,0,0,0.000000,False
Karkkila,Karkkila\karkkila_DJI_0004_frame166.jpg,1,1,1,0,0,0.000000,False
Karkkila,Karkkila\karkkila_DJI_0004_frame167.jpg,1,1,1,0,0,0.000000,False
Karkkila,Karkkila\karkkila_DJI_0004_frame168.jpg,1,1,1,0,0,0.000000,False
Karkkila,Karkkila\karkkila_DJI_0004_frame169.jpg,1,1,1,0,0,0.000000,False
Karkkila,Karkkila\karkkila_DJI_0004_frame170.jpg,1,1,1,0,0,0.000000,False
Karkkila,Karkkila\karkkila_DJI_0005_frame0.jpg,1,1,1,0,0,0.000000,False
Karkkila,Karkkila\karkkila_DJI_0005_frame1.jpg,1,1,1,0,0,0.000000,False
Karkkila,Karkkila\karkkila_DJI_0005_frame10.jpg,1,1,1,0,0,0.000000,False
Karkkila,Karkkila\karkkila_DJI_0005_frame100.jpg,1,1,1,0,0,0.000000,False
Karkkila,Karkkila\karkkila_DJI_0005_frame101.jpg,1,1,1,0,0,0.000000,False
Karkkila,Karkkila\karkkila_DJI_0005_frame102.jpg,1,1,1,0,0,0.000000,False
Karkkila,Karkkila\karkkila_DJI_0005_frame103.jpg,1,1,1,0,0,0.000000,False
Karkkila,Karkkila\karkkila_DJI_0005_frame104.jpg,1,1,1,0,0,0.000000,False
Karkkila,Karkkila\karkkila_DJI_0005_frame105.jpg,1,1,1,0,0,0.000000,False
Karkkila,Karkkila\karkkila_DJI_0005_frame106.jpg,1,1,1,0,0,0.000000,False
Karkkila,Karkkila\karkkila_DJI_0005_frame107.jpg,1,1,1,0,0,0.000000,False
Karkkila,Karkkila\karkkila_DJI_0005_frame108.jpg,1,1,1,0,0,0.000000,False
Karkkila,Karkkila\karkkila_DJI_0005_frame109.jpg,1,1,1,0,0,0.000000,False
Karkkila,Karkkila\karkkila_DJI_0005_frame11.jpg,1,1,1,0,0,0.000000,False
Karkkila,Karkkila\karkkila_DJI_0005_frame110.jpg,1,1,1,0,0,0.000000,False
Karkkila,Karkkila\karkkila_DJI_0005_frame111.jpg,1,1,1,0,0,0.000000,False
Karkkila,Karkkila\karkkila_DJI_0005_frame112.jpg,1,1,1,0,0,0.000000,False
Karkkila,Karkkila\karkkila_DJI_0005_frame113.jpg,1,1,1,0,0,0.000000,False
Karkkila,Karkkila\karkkila_DJI_0005_frame114.jpg,1,1,1,0,0,0.000000,False
Karkkila,Karkkila\karkkila_DJI_0005_frame115.jpg,1,1,1,0,0,0.000000,False
Karkkila,Karkkila\karkkila_DJI_0005_frame116.jpg,1,1,1,0,0,0.000000,False
Karkkila,Karkkila\karkkila_DJI_0005_frame117.jpg,1,1,1,0,0,0.000000,False
Karkkila,Karkkila\karkkila_DJI_0005_frame118.jpg,1,1,1,0,0,0.000000,False
Karkkila,Karkkila\karkkila_DJI_0005_frame119.jpg,1,1,1,0,0,0.000000,False
Karkkila,Karkkila\karkkila_DJI_0005_frame12.jpg,1,1,1,0,0,0.000000,False
Karkkila,Karkkila\karkkila_DJI_0005_frame120.jpg,1,1,1,0,0,0.000000,False
Karkkila,Karkkila\karkkila_DJI_0005_frame121.jpg,1,1,1,0,0,0.000000,False
Karkkila,Karkkila\karkkila_DJI_0005_frame122.jpg,1,1,1,0,0,0.000000,False
Karkkila,Karkkila\karkkila_DJI_0005_frame123.jpg,1,1,1,0,0,0.000000,False
Karkkila,Karkkila\karkkila_DJI_0005_frame124.jpg,1,1,1,0,0,0.000000,False
Karkkila,Karkkila\karkkila_DJI_0005_frame125.jpg,1,1,1,0,0,0.000000,False
Karkkila,Karkkila\karkkila_DJI_0005_frame126.jpg,1,1,1,0,0,0.000000,False
Karkkila,Karkkila\karkkila_DJI_0005_frame127.jpg,1,1,1,0,0,0.000000,False
Karkkila,Karkkila\karkkila_DJI_0005_frame128.jpg,1,1,1,0,0,0.000000,False
Karkkila,Karkkila\karkkila_DJI_0005_frame129.jpg,1,1,1,0,0,0.000000,False
Karkkila,Karkkila\karkkila_DJI_0005_frame13.jpg,1,1,1,0,0,0.000000,False
Karkkila,Karkkila\karkkila_DJI_0005_frame130.jpg,1,1,1,0,0,0.000000,False
Karkkila,Karkkila\karkkila_DJI_0005_frame131.jpg,1,1,1,0,0,0.000000,False
Karkkila,Karkkila\karkkila_DJI_0005_frame132.jpg,1,1,1,0,0,0.000000,False
Karkkila,Karkkila\karkkila_DJI_0005_frame133.jpg,1,1,1,0,0,0.000000,False
Karkkila,Karkkila\karkkila_DJI_0005_frame134.jpg,1,1,1,0,0,0.000000,False
Karkkila,Karkkila\karkkila_DJI_0005_frame135.jpg,1,1,1,0,0,0.000000,False
Karkkila,Karkkila\karkkila_DJI_0005_frame136.jpg,1,1,1,0,0,0.000000,False
Karkkila,Karkkila\karkkila_DJI_0005_frame137.jpg,1,1,1,0,0,0.000000,False
Karkkila,Karkkila\karkkila_DJI_0005_frame138.jpg,1,1,1,0,0,0.000000,False
Karkkila,Karkkila\karkkila_DJI_0005_frame139.jpg,1,1,1,0,0,0.000000,False
Karkkila,Karkkila\karkkila_DJI_0005_frame14.jpg,1,1,1,0,0,0.000000,False
Karkkila,Karkkila\karkkila_DJI_0005_frame140.jpg,1,1,1,0,0,0.000000,False
Karkkila,Karkkila\karkkila_DJI_0005_frame141.jpg,1,1,1,0,0,0.000000,False
Karkkila,Karkkila\karkkila_DJI_0005_frame142.jpg,1,1,1,0,0,0.000000,False
Karkkila,Karkkila\karkkila_DJI_0005_frame143.jpg,1,1,1,0,0,0.000000,False
Karkkila,Karkkila\karkkila_DJI_0005_frame144.jpg,1,1,1,0,0,0.000000,False
Karkkila,Karkkila\karkkila_DJI_0005_frame145.jpg,1,1,1,0,0,0.000000,False
Karkkila,Karkkila\karkkila_DJI_0005_frame146.jpg,1,1,1,0,0,0.000000,False
Karkkila,Karkkila\karkkila_DJI_0005_frame147.jpg,1,1,1,0,0,0.000000,False
Karkkila,Karkkila\karkkila_DJI_0005_frame148.jpg,1,1,1,0,0,0.000000,False
Karkkila,Karkkila\karkkila_DJI_0005_frame149.jpg,1,1,1,0,0,0.000000,False
Karkkila,Karkkila\karkkila_DJI_0005_frame15.jpg,1,1,1,0,0,0.000000,False
Karkkila,Karkkila\karkkila_DJI_0005_frame150.jpg,1,1,1,0,0,0.000000,False
Karkkila,Karkkila\karkkila_DJI_0005_frame151.jpg,1,1,1,0,0,0.000000,False
Karkkila,Karkkila\karkkila_DJI_0005_frame152.jpg,1,1,1,0,0,0.000000,False
Karkkila,Karkkila\karkkila_DJI_0005_frame153.jpg,1,1,1,0,0,0.000000,False
Karkkila,Karkkila\karkkila_DJI_0005_frame154.jpg,1,1,1,0,0,0.000000,False
Karkkila,Karkkila\karkkila_DJI_0005_frame155.jpg,1,1,1,0,0,0.000000,False
Karkkila,Karkkila\karkkila_DJI_0005_frame156.jpg,1,1,1,0,0,0.000000,False
Karkkila,Karkkila\karkkila_DJI_0005_frame157.jpg,1,1,1,0,0,0.000000,False
Karkkila,Karkkila\karkkila_DJI_0005_frame158.jpg,1,1,1,0,0,0.000000,False
Karkkila,Karkkila\karkkila_DJI_0005_frame159.jpg,1,1,1,0,0,0.000000,False
Karkkila,Karkkila\karkkila_DJI_0005_frame16.jpg,1,1,1,0,0,0.000000,False
Karkkila,Karkkila\karkkila_DJI_0005_frame160.jpg,1,1,1,0,0,0.000000,False
Karkkila,Karkkila\karkkila_DJI_0005_frame161.jpg,1,1,1,0,0,0.000000,False
Karkkila,Karkkila\karkkila_DJI_0005_frame162.jpg,1,1,1,0,0,0.000000,False
Karkkila,Karkkila\karkkila_DJI_0005_frame163.jpg,1,1,1,0,0,0.000000,False
Karkkila,Karkkila\karkkila_DJI_0005_frame164.jpg,1,1,1,0,0,0.000000,False
Karkkila,Karkkila\karkkila_DJI_0005_frame165.jpg,1,1,1,0,0,0.000000,False
Karkkila,Karkkila\karkkila_DJI_0005_frame166.jpg,1,1,1,0,0,0.000000,False
Karkkila,Karkkila\karkkila_DJI_0005_frame167.jpg,1,1,1,0,0,0.000000,False
Karkkila,Karkkila\karkkila_DJI_0005_frame168.jpg,1,1,1,0,0,0.000000,False
Karkkila,Karkkila\karkkila_DJI_0005_frame169.jpg,1,1,1,0,0,0.000000,False
Karkkila,Karkkila\karkkila_DJI_0005_frame17.jpg,1,1,1,0,0,0.000000,False
Karkkila,Karkkila\karkkila_DJI_0005_frame170.jpg,1,1,1,0,0,0.000000,False
Karkkila,Karkkila\karkkila_DJI_0005_frame18.jpg,1,1,1,0,0,0.000000,False
Karkkila,Karkkila\karkkila_DJI_0005_frame19.jpg,1,1,1,0,0,0.000000,False
Karkkila,Karkkila\karkkila_DJI_0005_frame2.jpg,1,1,1,0,0,0.000000,False
Karkkila,Karkkila\karkkila_DJI_0005_frame20.jpg,1,1,1,0,0,0.000000,False
Karkkila,Karkkila\karkkila_DJI_0005_frame21.jpg,1,1,1,0,0,0.000000,False
Karkkila,Karkkila\karkkila_DJI_0005_frame22.jpg,1,1,1,0,0,0.000000,False
Karkkila,Karkkila\karkkila_DJI_0005_frame23.jpg,1,1,1,0,0,0.000000,False
Karkkila,Karkkila\karkkila_DJI_0005_frame24.jpg,1,1,1,0,0,0.000000,False
Karkkila,Karkkila\karkkila_DJI_0005_frame25.jpg,1,1,1,0,0,0.000000,False
Karkkila,Karkkila\karkkila_DJI_0005_frame26.jpg,1,1,1,0,0,0.000000,False
Karkkila,Karkkila\karkkila_DJI_0005_frame27.jpg,1,1,1,0,0,0.000000,False
Karkkila,Karkkila\karkkila_DJI_0005_frame28.jpg,1,1,1,0,0,0.000000,False
Karkkila,Karkkila\karkkila_DJI_0005_frame29.jpg,1,1,1,0,0,0.000000,False
Karkkila,Karkkila\karkkila_DJI_0005_frame3.jpg,1,1,1,0,0,0.000000,False
Karkkila,Karkkila\karkkila_DJI_0005_frame30.jpg,1,1,1,0,0,0.000000,False
Karkkila,Karkkila\karkkila_DJI_0005_frame31.jpg,1,1,1,0,0,0.000000,False
Karkkila,Karkkila\karkkila_DJI_0005_frame32.jpg,1,1,1,0,0,0.000000,False
Karkkila,Karkkila\karkkila_DJI_0005_frame33.jpg,1,1,1,0,0,0.000000,False
Karkkila,Karkkila\karkkila_DJI_0005_frame34.jpg,1,2,1,1,0,0.539517,False
Karkkila,Karkkila\karkkila_DJI_0005_frame35.jpg,1,2,1,1,0,0.662866,False
Karkkila,Karkkila\karkkila_DJI_0005_frame36.jpg,1,2,1,1,0,0.631776,False
Karkkila,Karkkila\karkkila_DJI_0005_frame37.jpg,1,1,1,0,0,0.000000,False
Karkkila,Karkkila\karkkila_DJI_0005_frame38.jpg,1,2,1,1,0,0.270941,False
Karkkila,Karkkila\karkkila_DJI_0005_frame39.jpg,1,1,1,0,0,0.000000,False
Karkkila,Karkkila\karkkila_DJI_0005_frame4.jpg,1,1,1,0,0,0.000000,False
Karkkila,Karkkila\karkkila_DJI_0005_frame40.jpg,1,1,1,0,0,0.000000,False
Karkkila,Karkkila\karkkila_DJI_0005_frame41.jpg,1,1,1,0,0,0.000000,False
Karkkila,Karkkila\karkkila_DJI_0005_frame42.jpg,1,1,1,0,0,0.000000,False
Karkkila,Karkkila\karkkila_DJI_0005_frame43.jpg,1,1,1,0,0,0.000000,False
Karkkila,Karkkila\karkkila_DJI_0005_frame44.jpg,1,1,1,0,0,0.000000,False
Karkkila,Karkkila\karkkila_DJI_0005_frame45.jpg,1,1,1,0,0,0.000000,False
Karkkila,Karkkila\karkkila_DJI_0005_frame46.jpg,1,1,1,0,0,0.000000,False
Karkkila,Karkkila\karkkila_DJI_0005_frame47.jpg,1,1,1,0,0,0.000000,False
Karkkila,Karkkila\karkkila_DJI_0005_frame48.jpg,1,1,1,0,0,0.000000,False
Karkkila,Karkkila\karkkila_DJI_0005_frame49.jpg,1,1,1,0,0,0.000000,False
Karkkila,Karkkila\karkkila_DJI_0005_frame5.jpg,1,1,1,0,0,0.000000,False
Karkkila,Karkkila\karkkila_DJI_0005_frame50.jpg,1,1,1,0,0,0.000000,False
Karkkila,Karkkila\karkkila_DJI_0005_frame51.jpg,1,1,1,0,0,0.000000,False
Karkkila,Karkkila\karkkila_DJI_0005_frame52.jpg,1,1,1,0,0,0.000000,False
Karkkila,Karkkila\karkkila_DJI_0005_frame53.jpg,1,1,1,0,0,0.000000,False
Karkkila,Karkkila\karkkila_DJI_0005_frame54.jpg,1,1,1,0,0,0.000000,False
Karkkila,Karkkila\karkkila_DJI_0005_frame55.jpg,1,1,1,0,0,0.000000,False
Karkkila,Karkkila\karkkila_DJI_0005_frame56.jpg,1,1,1,0,0,0.000000,False
Karkkila,Karkkila\karkkila_DJI_0005_frame57.jpg,1,1,1,0,0,0.000000,False
Karkkila,Karkkila\karkkila_DJI_0005_frame58.jpg,1,1,1,0,0,0.000000,False
Karkkila,Karkkila\karkkila_DJI_0005_frame59.jpg,1,1,1,0,0,0.000000,False
Karkkila,Karkkila\karkkila_DJI_0005_frame6.jpg,1,1,1,0,0,0.000000,False
Karkkila,Karkkila\karkkila_DJI_0005_frame60.jpg,1,1,1,0,0,0.000000,False
Karkkila,Karkkila\karkkila_DJI_0005_frame61.jpg,1,1,1,0,0,0.000000,False
Karkkila,Karkkila\karkkila_DJI_0005_frame62.jpg,1,1,1,0,0,0.000000,False
Karkkila,Karkkila\karkkila_DJI_0005_frame63.jpg,1,1,1,0,0,0.000000,False
Karkkila,Karkkila\karkkila_DJI_0005_frame64.jpg,1,1,1,0,0,0.000000,False
Karkkila,Karkkila\karkkila_DJI_0005_frame65.jpg,1,1,1,0,0,0.000000,False
Karkkila,Karkkila\karkkila_DJI_0005_frame66.jpg,1,1,1,0,0,0.000000,False
Karkkila,Karkkila\karkkila_DJI_0005_frame67.jpg,1,1,1,0,0,0.000000,False
Karkkila,Karkkila\karkkila_DJI_0005_frame68.jpg,1,1,1,0,0,0.000000,False
Karkkila,Karkkila\karkkila_DJI_0005_frame69.jpg,1,1,1,0,0,0.000000,False
Karkkila,Karkkila\karkkila_DJI_0005_frame7.jpg,1,1,1,0,0,0.000000,False
Karkkila,Karkkila\karkkila_DJI_0005_frame70.jpg,1,1,1,0,0,0.000000,False
Karkkila,Karkkila\karkkila_DJI_0005_frame71.jpg,1,1,1,0,0,0.000000,False
Karkkila,Karkkila\karkkila_DJI_0005_frame72.jpg,1,1,1,0,0,0.000000,False
Karkkila,Karkkila\karkkila_DJI_0005_frame73.jpg,1,1,1,0,0,0.000000,False
Karkkila,Karkkila\karkkila_DJI_0005_frame74.jpg,1,1,1,0,0,0.000000,False
Karkkila,Karkkila\karkkila_DJI_0005_frame75.jpg,1,1,1,0,0,0.000000,False
Karkkila,Karkkila\karkkila_DJI_0005_frame76.jpg,1,1,1,0,0,0.000000,False
Karkkila,Karkkila\karkkila_DJI_0005_frame77.jpg,1,1,1,0,0,0.000000,False
Karkkila,Karkkila\karkkila_DJI_0005_frame78.jpg,1,1,1,0,0,0.000000,False
Karkkila,Karkkila\karkkila_DJI_0005_frame79.jpg,1,1,1,0,0,0.000000,False
Karkkila,Karkkila\karkkila_DJI_0005_frame8.jpg,1,1,1,0,0,0.000000,False
Karkkila,Karkkila\karkkila_DJI_0005_frame80.jpg,1,1,1,0,0,0.000000,False
Karkkila,Karkkila\karkkila_DJI_0005_frame81.jpg,1,1,1,0,0,0.000000,False
Karkkila,Karkkila\karkkila_DJI_0005_frame82.jpg,1,1,1,0,0,0.000000,False
Karkkila,Karkkila\karkkila_DJI_0005_frame83.jpg,1,1,1,0,0,0.000000,False
Karkkila,Karkkila\karkkila_DJI_0005_frame84.jpg,1,1,1,0,0,0.000000,False
Karkkila,Karkkila\karkkila_DJI_0005_frame85.jpg,1,1,1,0,0,0.000000,False
Karkkila,Karkkila\karkkila_DJI_0005_frame86.jpg,1,1,1,0,0,0.000000,False
Karkkila,Karkkila\karkkila_DJI_0005_frame87.jpg,1,1,1,0,0,0.000000,False
Karkkila,Karkkila\karkkila_DJI_0005_frame88.jpg,1,1,1,0,0,0.000000,False
Karkkila,Karkkila\karkkila_DJI_0005_frame89.jpg,1,1,1,0,0,0.000000,False
Karkkila,Karkkila\karkkila_DJI_0005_frame9.jpg,1,1,1,0,0,0.000000,False
Karkkila,Karkkila\karkkila_DJI_0005_frame90.jpg,1,1,1,0,0,0.000000,False
Karkkila,Karkkila\karkkila_DJI_0005_frame91.jpg,1,1,1,0,0,0.000000,False
Karkkila,Karkkila\karkkila_DJI_0005_frame92.jpg,1,1,1,0,0,0.000000,False
Karkkila,Karkkila\karkkila_DJI_0005_frame93.jpg,1,1,1,0,0,0.000000,False
Karkkila,Karkkila\karkkila_DJI_0005_frame94.jpg,1,1,1,0,0,0.000000,False
Karkkila,Karkkila\karkkila_DJI_0005_frame95.jpg,1,1,1,0,0,0.000000,False
Karkkila,Karkkila\karkkila_DJI_0005_frame96.jpg,1,1,1,0,0,0.000000,False
Karkkila,Karkkila\karkkila_DJI_0005_frame97.jpg,1,1,1,0,0,0.000000,False
Karkkila,Karkkila\karkkila_DJI_0005_frame98.jpg,1,1,1,0,0,0.000000,False
Karkkila,Karkkila\karkkila_DJI_0005_frame99.jpg,1,1,1,0,0,0.000000,False
Karkkila,Karkkila\karkkila_DJI_0006_frame0.jpg,1,1,1,0,0,0.000000,False
Karkkila,Karkkila\karkkila_DJI_0006_frame1.jpg,1,1,1,0,0,0.000000,False
Karkkila,Karkkila\karkkila_DJI_0006_frame10.jpg,1,1,1,0,0,0.000000,False
Karkkila,Karkkila\karkkila_DJI_0006_frame100.jpg,1,1,1,0,0,0.000000,False
Karkkila,Karkkila\karkkila_DJI_0006_frame101.jpg,1,1,1,0,0,0.000000,False
Karkkila,Karkkila\karkkila_DJI_0006_frame102.jpg,1,2,0,2,1,0.623670,False
Karkkila,Karkkila\karkkila_DJI_0006_frame103.jpg,1,2,1,1,0,0.542919,False
Karkkila,Karkkila\karkkila_DJI_0006_frame104.jpg,1,2,1,1,0,0.553026,False
Karkkila,Karkkila\karkkila_DJI_0006_frame105.jpg,1,2,1,1,0,0.300100,False
Karkkila,Karkkila\karkkila_DJI_0006_frame106.jpg,1,1,0,1,1,0.468507,False
Karkkila,Karkkila\karkkila_DJI_0006_frame107.jpg,1,1,0,1,1,0.430367,False
Karkkila,Karkkila\karkkila_DJI_0006_frame108.jpg,1,1,0,1,1,0.250386,False
Karkkila,Karkkila\karkkila_DJI_0006_frame109.jpg,1,1,0,1,1,0.332191,False
Karkkila,Karkkila\karkkila_DJI_0006_frame11.jpg,1,1,1,0,0,0.000000,False
Karkkila,Karkkila\karkkila_DJI_0006_frame110.jpg,1,0,0,0,1,0.000000,False
Karkkila,Karkkila\karkkila_DJI_0006_frame111.jpg,0,0,0,0,0,0.000000,False
Karkkila,Karkkila\karkkila_DJI_0006_frame112.jpg,0,0,0,0,0,0.000000,False
Karkkila,Karkkila\karkkila_DJI_0006_frame113.jpg,0,0,0,0,0,0.000000,False
Karkkila,Karkkila\karkkila_DJI_0006_frame114.jpg,0,0,0,0,0,0.000000,False
Karkkila,Karkkila\karkkila_DJI_0006_frame115.jpg,0,0,0,0,0,0.000000,False
Karkkila,Karkkila\karkkila_DJI_0006_frame116.jpg,0,0,0,0,0,0.000000,False
Karkkila,Karkkila\karkkila_DJI_0006_frame117.jpg,0,0,0,0,0,0.000000,False
Karkkila,Karkkila\karkkila_DJI_0006_frame118.jpg,0,0,0,0,0,0.000000,False
Karkkila,Karkkila\karkkila_DJI_0006_frame12.jpg,1,1,1,0,0,0.000000,False
Karkkila,Karkkila\karkkila_DJI_0006_frame13.jpg,1,1,1,0,0,0.000000,False
Karkkila,Karkkila\karkkila_DJI_0006_frame14.jpg,1,1,1,0,0,0.000000,False
Karkkila,Karkkila\karkkila_DJI_0006_frame15.jpg,1,1,1,0,0,0.000000,False
Karkkila,Karkkila\karkkila_DJI_0006_frame16.jpg,1,1,1,0,0,0.000000,False
Karkkila,Karkkila\karkkila_DJI_0006_frame17.jpg,1,1,1,0,0,0.000000,False
Karkkila,Karkkila\karkkila_DJI_0006_frame18.jpg,1,1,1,0,0,0.000000,False
Karkkila,Karkkila\karkkila_DJI_0006_frame19.jpg,1,1,1,0,0,0.000000,False
Karkkila,Karkkila\karkkila_DJI_0006_frame2.jpg,1,1,1,0,0,0.000000,False
Karkkila,Karkkila\karkkila_DJI_0006_frame20.jpg,1,1,1,0,0,0.000000,False
Karkkila,Karkkila\karkkila_DJI_0006_frame21.jpg,1,1,1,0,0,0.000000,False
Karkkila,Karkkila\karkkila_DJI_0006_frame22.jpg,1,1,1,0,0,0.000000,False
Karkkila,Karkkila\karkkila_DJI_0006_frame23.jpg,1,1,1,0,0,0.000000,False
Karkkila,Karkkila\karkkila_DJI_0006_frame24.jpg,1,1,1,0,0,0.000000,False
Karkkila,Karkkila\karkkila_DJI_0006_frame25.jpg,1,1,1,0,0,0.000000,False
Karkkila,Karkkila\karkkila_DJI_0006_frame26.jpg,1,1,1,0,0,0.000000,False
Karkkila,Karkkila\karkkila_DJI_0006_frame27.jpg,1,1,1,0,0,0.000000,False
Karkkila,Karkkila\karkkila_DJI_0006_frame28.jpg,1,1,1,0,0,0.000000,False
Karkkila,Karkkila\karkkila_DJI_0006_frame29.jpg,1,1,1,0,0,0.000000,False
Karkkila,Karkkila\karkkila_DJI_0006_frame3.jpg,1,1,1,0,0,0.000000,False
Karkkila,Karkkila\karkkila_DJI_0006_frame30.jpg,1,1,1,0,0,0.000000,False
Karkkila,Karkkila\karkkila_DJI_0006_frame31.jpg,1,1,1,0,0,0.000000,False
Karkkila,Karkkila\karkkila_DJI_0006_frame32.jpg,1,1,1,0,0,0.000000,False
Karkkila,Karkkila\karkkila_DJI_0006_frame33.jpg,1,1,1,0,0,0.000000,False
Karkkila,Karkkila\karkkila_DJI_0006_frame34.jpg,1,1,1,0,0,0.000000,False
Karkkila,Karkkila\karkkila_DJI_0006_frame35.jpg,1,1,1,0,0,0.000000,False
Karkkila,Karkkila\karkkila_DJI_0006_frame36.jpg,1,1,1,0,0,0.000000,False
Karkkila,Karkkila\karkkila_DJI_0006_frame37.jpg,1,1,1,0,0,0.000000,False
Karkkila,Karkkila\karkkila_DJI_0006_frame38.jpg,1,1,1,0,0,0.000000,False
Karkkila,Karkkila\karkkila_DJI_0006_frame39.jpg,1,1,1,0,0,0.000000,False
Karkkila,Karkkila\karkkila_DJI_0006_frame4.jpg,1,1,1,0,0,0.000000,False
Karkkila,Karkkila\karkkila_DJI_0006_frame40.jpg,1,1,1,0,0,0.000000,False
Karkkila,Karkkila\karkkila_DJI_0006_frame41.jpg,1,1,1,0,0,0.000000,False
Karkkila,Karkkila\karkkila_DJI_0006_frame42.jpg,1,1,1,0,0,0.000000,False
Karkkila,Karkkila\karkkila_DJI_0006_frame43.jpg,1,1,1,0,0,0.000000,False
Karkkila,Karkkila\karkkila_DJI_0006_frame44.jpg,1,1,1,0,0,0.000000,False
Karkkila,Karkkila\karkkila_DJI_0006_frame45.jpg,1,1,1,0,0,0.000000,False
Karkkila,Karkkila\karkkila_DJI_0006_frame46.jpg,1,1,1,0,0,0.000000,False
Karkkila,Karkkila\karkkila_DJI_0006_frame47.jpg,1,1,1,0,0,0.000000,False
Karkkila,Karkkila\karkkila_DJI_0006_frame48.jpg,1,1,1,0,0,0.000000,False
Karkkila,Karkkila\karkkila_DJI_0006_frame49.jpg,1,1,1,0,0,0.000000,False
Karkkila,Karkkila\karkkila_DJI_0006_frame5.jpg,1,1,1,0,0,0.000000,False
Karkkila,Karkkila\karkkila_DJI_0006_frame50.jpg,1,1,1,0,0,0.000000,False
Karkkila,Karkkila\karkkila_DJI_0006_frame51.jpg,1,1,1,0,0,0.000000,False
Karkkila,Karkkila\karkkila_DJI_0006_frame52.jpg,1,1,1,0,0,0.000000,False
Karkkila,Karkkila\karkkila_DJI_0006_frame53.jpg,1,1,1,0,0,0.000000,False
Karkkila,Karkkila\karkkila_DJI_0006_frame54.jpg,1,1,1,0,0,0.000000,False
Karkkila,Karkkila\karkkila_DJI_0006_frame55.jpg,1,1,1,0,0,0.000000,False
Karkkila,Karkkila\karkkila_DJI_0006_frame56.jpg,1,1,1,0,0,0.000000,False
Karkkila,Karkkila\karkkila_DJI_0006_frame57.jpg,1,1,1,0,0,0.000000,False
Karkkila,Karkkila\karkkila_DJI_0006_frame58.jpg,1,1,1,0,0,0.000000,False
Karkkila,Karkkila\karkkila_DJI_0006_frame59.jpg,1,1,1,0,0,0.000000,False
Karkkila,Karkkila\karkkila_DJI_0006_frame6.jpg,1,1,1,0,0,0.000000,False
Karkkila,Karkkila\karkkila_DJI_0006_frame60.jpg,1,1,1,0,0,0.000000,False
Karkkila,Karkkila\karkkila_DJI_0006_frame61.jpg,1,1,1,0,0,0.000000,False
Karkkila,Karkkila\karkkila_DJI_0006_frame62.jpg,1,1,1,0,0,0.000000,False
Karkkila,Karkkila\karkkila_DJI_0006_frame63.jpg,1,1,1,0,0,0.000000,False
Karkkila,Karkkila\karkkila_DJI_0006_frame64.jpg,1,1,1,0,0,0.000000,False
Karkkila,Karkkila\karkkila_DJI_0006_frame65.jpg,1,1,1,0,0,0.000000,False
Karkkila,Karkkila\karkkila_DJI_0006_frame66.jpg,1,1,1,0,0,0.000000,False
Karkkila,Karkkila\karkkila_DJI_0006_frame67.jpg,1,1,1,0,0,0.000000,False
Karkkila,Karkkila\karkkila_DJI_0006_frame68.jpg,1,1,1,0,0,0.000000,False
Karkkila,Karkkila\karkkila_DJI_0006_frame69.jpg,1,1,1,0,0,0.000000,False
Karkkila,Karkkila\karkkila_DJI_0006_frame7.jpg,1,1,1,0,0,0.000000,False
Karkkila,Karkkila\karkkila_DJI_0006_frame70.jpg,1,1,1,0,0,0.000000,False
Karkkila,Karkkila\karkkila_DJI_0006_frame71.jpg,1,1,1,0,0,0.000000,False
Karkkila,Karkkila\karkkila_DJI_0006_frame72.jpg,1,1,1,0,0,0.000000,False
Karkkila,Karkkila\karkkila_DJI_0006_frame73.jpg,1,1,1,0,0,0.000000,False
Karkkila,Karkkila\karkkila_DJI_0006_frame74.jpg,1,1,1,0,0,0.000000,False
Karkkila,Karkkila\karkkila_DJI_0006_frame75.jpg,1,1,1,0,0,0.000000,False
Karkkila,Karkkila\karkkila_DJI_0006_frame76.jpg,1,1,1,0,0,0.000000,False
Karkkila,Karkkila\karkkila_DJI_0006_frame77.jpg,1,1,1,0,0,0.000000,False
Karkkila,Karkkila\karkkila_DJI_0006_frame78.jpg,1,1,1,0,0,0.000000,False
Karkkila,Karkkila\karkkila_DJI_0006_frame79.jpg,1,1,1,0,0,0.000000,False
Karkkila,Karkkila\karkkila_DJI_0006_frame8.jpg,1,1,1,0,0,0.000000,False
Karkkila,Karkkila\karkkila_DJI_0006_frame80.jpg,1,1,1,0,0,0.000000,False
Karkkila,Karkkila\karkkila_DJI_0006_frame81.jpg,1,1,1,0,0,0.000000,False
Karkkila,Karkkila\karkkila_DJI_0006_frame82.jpg,1,1,1,0,0,0.000000,False
Karkkila,Karkkila\karkkila_DJI_0006_frame83.jpg,1,1,1,0,0,0.000000,False
Karkkila,Karkkila\karkkila_DJI_0006_frame84.jpg,0,0,0,0,0,0.000000,False
Karkkila,Karkkila\karkkila_DJI_0006_frame85.jpg,0,0,0,0,0,0.000000,False
Karkkila,Karkkila\karkkila_DJI_0006_frame86.jpg,0,0,0,0,0,0.000000,False
Karkkila,Karkkila\karkkila_DJI_0006_frame87.jpg,0,0,0,0,0,0.000000,False
Karkkila,Karkkila\karkkila_DJI_0006_frame88.jpg,0,0,0,0,0,0.000000,False
Karkkila,Karkkila\karkkila_DJI_0006_frame89.jpg,0,0,0,0,0,0.000000,False
Karkkila,Karkkila\karkkila_DJI_0006_frame9.jpg,1,1,1,0,0,0.000000,False
Karkkila,Karkkila\karkkila_DJI_0006_frame90.jpg,0,0,0,0,0,0.000000,False
Karkkila,Karkkila\karkkila_DJI_0006_frame91.jpg,0,0,0,0,0,0.000000,False
Karkkila,Karkkila\karkkila_DJI_0006_frame92.jpg,0,0,0,0,0,0.000000,False
Karkkila,Karkkila\karkkila_DJI_0006_frame93.jpg,0,0,0,0,0,0.000000,False
Karkkila,Karkkila\karkkila_DJI_0006_frame94.jpg,0,0,0,0,0,0.000000,False
Karkkila,Karkkila\karkkila_DJI_0006_frame95.jpg,1,1,1,0,0,0.000000,False
Karkkila,Karkkila\karkkila_DJI_0006_frame96.jpg,1,1,1,0,0,0.000000,False
Karkkila,Karkkila\karkkila_DJI_0006_frame97.jpg,1,1,1,0,0,0.000000,False
Karkkila,Karkkila\karkkila_DJI_0006_frame98.jpg,1,1,1,0,0,0.000000,False
Karkkila,Karkkila\karkkila_DJI_0006_frame99.jpg,1,2,1,1,0,0.422271,False
Karkkila,Karkkila\karkkila_DJI_0007_frame0.jpg,1,2,1,1,0,0.702889,False
Karkkila,Karkkila\karkkila_DJI_0007_frame1.jpg,1,2,1,1,0,0.631714,False
Karkkila,Karkkila\karkkila_DJI_0007_frame10.jpg,1,2,1,1,0,0.407148,False
Karkkila,Karkkila\karkkila_DJI_0007_frame100.jpg,1,2,1,1,0,0.618296,False
Karkkila,Karkkila\karkkila_DJI_0007_frame101.jpg,1,2,1,1,0,0.617540,False
Karkkila,Karkkila\karkkila_DJI_0007_frame102.jpg,1,2,1,1,0,0.622962,False
Karkkila,Karkkila\karkkila_DJI_0007_frame103.jpg,1,2,1,1,0,0.608017,False
Karkkila,Karkkila\karkkila_DJI_0007_frame104.jpg,1,2,1,1,0,0.591169,False
Karkkila,Karkkila\karkkila_DJI_0007_frame105.jpg,1,2,1,1,0,0.608634,False
Karkkila,Karkkila\karkkila_DJI_0007_frame106.jpg,1,2,1,1,0,0.630303,False
Karkkila,Karkkila\karkkila_DJI_0007_frame107.jpg,1,2,1,1,0,0.677737,False
Karkkila,Karkkila\karkkila_DJI_0007_frame108.jpg,1,2,1,1,0,0.656191,False
Karkkila,Karkkila\karkkila_DJI_0007_frame109.jpg,1,2,1,1,0,0.668186,False
Karkkila,Karkkila\karkkila_DJI_0007_frame11.jpg,1,1,1,0,0,0.000000,False
Karkkila,Karkkila\karkkila_DJI_0007_frame110.jpg,1,2,1,1,0,0.697529,False
Karkkila,Karkkila\karkkila_DJI_0007_frame111.jpg,1,1,1,0,0,0.000000,False
Karkkila,Karkkila\karkkila_DJI_0007_frame112.jpg,1,1,1,0,0,0.000000,False
Karkkila,Karkkila\karkkila_DJI_0007_frame113.jpg,1,2,1,1,0,0.721629,False
Karkkila,Karkkila\karkkila_DJI_0007_frame114.jpg,1,1,1,0,0,0.000000,False
Karkkila,Karkkila\karkkila_DJI_0007_frame115.jpg,1,1,1,0,0,0.000000,False
Karkkila,Karkkila\karkkila_DJI_0007_frame116.jpg,1,2,1,1,0,0.273722,False
Karkkila,Karkkila\karkkila_DJI_0007_frame117.jpg,1,2,1,1,0,0.733851,False
Karkkila,Karkkila\karkkila_DJI_0007_frame118.jpg,1,1,0,1,1,0.732012,False
Karkkila,Karkkila\karkkila_DJI_0007_frame119.jpg,1,1,1,0,0,0.000000,False
Karkkila,Karkkila\karkkila_DJI_0007_frame12.jpg,1,1,1,0,0,0.000000,False
Karkkila,Karkkila\karkkila_DJI_0007_frame120.jpg,1,1,0,1,1,0.722872,False
Karkkila,Karkkila\karkkila_DJI_0007_frame121.jpg,1,1,1,0,0,0.000000,False
Karkkila,Karkkila\karkkila_DJI_0007_frame122.jpg,4,1,0,1,4,0.729716,False
Karkkila,Karkkila\karkkila_DJI_0007_frame123.jpg,1,1,1,0,0,0.000000,False
Karkkila,Karkkila\karkkila_DJI_0007_frame124.jpg,1,2,1,1,0,0.453532,False
Karkkila,Karkkila\karkkila_DJI_0007_frame125.jpg,1,2,1,1,0,0.478003,False
Karkkila,Karkkila\karkkila_DJI_0007_frame126.jpg,1,1,1,0,0,0.000000,False
Karkkila,Karkkila\karkkila_DJI_0007_frame127.jpg,1,1,1,0,0,0.000000,False
Karkkila,Karkkila\karkkila_DJI_0007_frame128.jpg,1,2,1,1,0,0.300555,False
Karkkila,Karkkila\karkkila_DJI_0007_frame129.jpg,1,1,1,0,0,0.000000,False
Karkkila,Karkkila\karkkila_DJI_0007_frame13.jpg,1,2,1,1,0,0.375708,False
Karkkila,Karkkila\karkkila_DJI_0007_frame130.jpg,1,2,1,1,0,0.419893,False
Karkkila,Karkkila\karkkila_DJI_0007_frame131.jpg,1,1,1,0,0,0.000000,False
Karkkila,Karkkila\karkkila_DJI_0007_frame132.jpg,1,2,1,1,0,0.256305,False
Karkkila,Karkkila\karkkila_DJI_0007_frame133.jpg,1,2,1,1,0,0.403447,False
Karkkila,Karkkila\karkkila_DJI_0007_frame134.jpg,1,1,1,0,0,0.000000,False
Karkkila,Karkkila\karkkila_DJI_0007_frame135.jpg,1,1,1,0,0,0.000000,False
Karkkila,Karkkila\karkkila_DJI_0007_frame136.jpg,1,1,1,0,0,0.000000,False
Karkkila,Karkkila\karkkila_DJI_0007_frame137.jpg,1,2,1,1,0,0.364361,False
Karkkila,Karkkila\karkkila_DJI_0007_frame138.jpg,1,1,1,0,0,0.000000,False
Karkkila,Karkkila\karkkila_DJI_0007_frame139.jpg,1,2,1,1,0,0.291392,False
Karkkila,Karkkila\karkkila_DJI_0007_frame14.jpg,1,2,1,1,0,0.265731,False
Karkkila,Karkkila\karkkila_DJI_0007_frame140.jpg,1,3,1,2,0,0.482553,False
Karkkila,Karkkila\karkkila_DJI_0007_frame141.jpg,1,2,1,1,0,0.429504,False
Karkkila,Karkkila\karkkila_DJI_0007_frame142.jpg,1,3,1,2,0,0.433945,False
Karkkila,Karkkila\karkkila_DJI_0007_frame143.jpg,1,2,1,1,0,0.261050,False
Karkkila,Karkkila\karkkila_DJI_0007_frame144.jpg,1,2,1,1,0,0.266762,False
Karkkila,Karkkila\karkkila_DJI_0007_frame145.jpg,1,1,1,0,0,0.000000,False
Karkkila,Karkkila\karkkila_DJI_0007_frame146.jpg,1,1,1,0,0,0.000000,False
Karkkila,Karkkila\karkkila_DJI_0007_frame147.jpg,1,1,1,0,0,0.000000,False
Karkkila,Karkkila\karkkila_DJI_0007_frame148.jpg,1,1,1,0,0,0.000000,False
Karkkila,Karkkila\karkkila_DJI_0007_frame149.jpg,1,1,1,0,0,0.000000,False
Karkkila,Karkkila\karkkila_DJI_0007_frame15.jpg,1,1,1,0,0,0.000000,False
Karkkila,Karkkila\karkkila_DJI_0007_frame150.jpg,1,1,1,0,0,0.000000,False
Karkkila,Karkkila\karkkila_DJI_0007_frame151.jpg,1,1,1,0,0,0.000000,False
Karkkila,Karkkila\karkkila_DJI_0007_frame152.jpg,1,1,1,0,0,0.000000,False
Karkkila,Karkkila\karkkila_DJI_0007_frame153.jpg,1,1,1,0,0,0.000000,False
Karkkila,Karkkila\karkkila_DJI_0007_frame154.jpg,1,1,1,0,0,0.000000,False
Karkkila,Karkkila\karkkila_DJI_0007_frame155.jpg,1,1,1,0,0,0.000000,False
Karkkila,Karkkila\karkkila_DJI_0007_frame156.jpg,1,1,1,0,0,0.000000,False
Karkkila,Karkkila\karkkila_DJI_0007_frame157.jpg,1,1,1,0,0,0.000000,False
Karkkila,Karkkila\karkkila_DJI_0007_frame158.jpg,1,1,1,0,0,0.000000,False
Karkkila,Karkkila\karkkila_DJI_0007_frame159.jpg,1,1,1,0,0,0.000000,False
Karkkila,Karkkila\karkkila_DJI_0007_frame16.jpg,1,1,1,0,0,0.000000,False
Karkkila,Karkkila\karkkila_DJI_0007_frame160.jpg,1,1,1,0,0,0.000000,False
Karkkila,Karkkila\karkkila_DJI_0007_frame161.jpg,1,1,1,0,0,0.000000,False
Karkkila,Karkkila\karkkila_DJI_0007_frame162.jpg,1,1,1,0,0,0.000000,False
Karkkila,Karkkila\karkkila_DJI_0007_frame163.jpg,1,1,1,0,0,0.000000,False
Karkkila,Karkkila\karkkila_DJI_0007_frame164.jpg,1,1,1,0,0,0.000000,False
Karkkila,Karkkila\karkkila_DJI_0007_frame165.jpg,1,1,1,0,0,0.000000,False
Karkkila,Karkkila\karkkila_DJI_0007_frame166.jpg,1,1,1,0,0,0.000000,False
Karkkila,Karkkila\karkkila_DJI_0007_frame167.jpg,1,1,1,0,0,0.000000,False
Karkkila,Karkkila\karkkila_DJI_0007_frame168.jpg,1,2,1,1,0,0.253551,False
Karkkila,Karkkila\karkkila_DJI_0007_frame169.jpg,1,2,1,1,0,0.300638,False
Karkkila,Karkkila\karkkila_DJI_0007_frame17.jpg,1,1,1,0,0,0.000000,False
Karkkila,Karkkila\karkkila_DJI_0007_frame170.jpg,1,2,1,1,0,0.334059,False
Karkkila,Karkkila\karkkila_DJI_0007_frame18.jpg,1,1,1,0,0,0.000000,False
Karkkila,Karkkila\karkkila_DJI_0007_frame19.jpg,1,1,1,0,0,0.000000,False
Karkkila,Karkkila\karkkila_DJI_0007_frame2.jpg,1,2,1,1,0,0.546189,False
Karkkila,Karkkila\karkkila_DJI_0007_frame20.jpg,1,1,1,0,0,0.000000,False
Karkkila,Karkkila\karkkila_DJI_0007_frame21.jpg,1,1,1,0,0,0.000000,False
Karkkila,Karkkila\karkkila_DJI_0007_frame22.jpg,1,1,1,0,0,0.000000,False
Karkkila,Karkkila\karkkila_DJI_0007_frame23.jpg,1,1,1,0,0,0.000000,False
Karkkila,Karkkila\karkkila_DJI_0007_frame24.jpg,1,1,1,0,0,0.000000,False
Karkkila,Karkkila\karkkila_DJI_0007_frame25.jpg,1,1,1,0,0,0.000000,False
Karkkila,Karkkila\karkkila_DJI_0007_frame26.jpg,1,1,1,0,0,0.000000,False
Karkkila,Karkkila\karkkila_DJI_0007_frame27.jpg,1,1,1,0,0,0.000000,False
Karkkila,Karkkila\karkkila_DJI_0007_frame28.jpg,1,1,1,0,0,0.000000,False
Karkkila,Karkkila\karkkila_DJI_0007_frame29.jpg,1,1,1,0,0,0.000000,False
Karkkila,Karkkila\karkkila_DJI_0007_frame3.jpg,1,1,1,0,0,0.000000,False
Karkkila,Karkkila\karkkila_DJI_0007_frame30.jpg,1,1,1,0,0,0.000000,False
Karkkila,Karkkila\karkkila_DJI_0007_frame31.jpg,1,1,1,0,0,0.000000,False
Karkkila,Karkkila\karkkila_DJI_0007_frame32.jpg,1,1,1,0,0,0.000000,False
Karkkila,Karkkila\karkkila_DJI_0007_frame33.jpg,1,1,1,0,0,0.000000,False
Karkkila,Karkkila\karkkila_DJI_0007_frame34.jpg,1,1,1,0,0,0.000000,False
Karkkila,Karkkila\karkkila_DJI_0007_frame35.jpg,1,1,1,0,0,0.000000,False
Karkkila,Karkkila\karkkila_DJI_0007_frame36.jpg,1,1,1,0,0,0.000000,False
Karkkila,Karkkila\karkkila_DJI_0007_frame37.jpg,1,1,1,0,0,0.000000,False
Karkkila,Karkkila\karkkila_DJI_0007_frame38.jpg,1,1,1,0,0,0.000000,False
Karkkila,Karkkila\karkkila_DJI_0007_frame39.jpg,1,1,1,0,0,0.000000,False
Karkkila,Karkkila\karkkila_DJI_0007_frame4.jpg,1,1,1,0,0,0.000000,False
Karkkila,Karkkila\karkkila_DJI_0007_frame40.jpg,1,1,1,0,0,0.000000,False
Karkkila,Karkkila\karkkila_DJI_0007_frame41.jpg,1,1,1,0,0,0.000000,False
Karkkila,Karkkila\karkkila_DJI_0007_frame42.jpg,1,1,1,0,0,0.000000,False
Karkkila,Karkkila\karkkila_DJI_0007_frame43.jpg,1,1,1,0,0,0.000000,False
Karkkila,Karkkila\karkkila_DJI_0007_frame44.jpg,1,1,1,0,0,0.000000,False
Karkkila,Karkkila\karkkila_DJI_0007_frame45.jpg,1,1,1,0,0,0.000000,False
Karkkila,Karkkila\karkkila_DJI_0007_frame46.jpg,1,1,1,0,0,0.000000,False
Karkkila,Karkkila\karkkila_DJI_0007_frame47.jpg,1,1,1,0,0,0.000000,False
Karkkila,Karkkila\karkkila_DJI_0007_frame48.jpg,1,1,1,0,0,0.000000,False
Karkkila,Karkkila\karkkila_DJI_0007_frame49.jpg,1,1,1,0,0,0.000000,False
Karkkila,Karkkila\karkkila_DJI_0007_frame5.jpg,1,1,1,0,0,0.000000,False
Karkkila,Karkkila\karkkila_DJI_0007_frame50.jpg,1,1,1,0,0,0.000000,False
Karkkila,Karkkila\karkkila_DJI_0007_frame51.jpg,1,2,1,1,0,0.402456,False
Karkkila,Karkkila\karkkila_DJI_0007_frame52.jpg,1,2,1,1,0,0.309437,False
Karkkila,Karkkila\karkkila_DJI_0007_frame53.jpg,1,1,1,0,0,0.000000,False
Karkkila,Karkkila\karkkila_DJI_0007_frame54.jpg,1,2,1,1,0,0.262868,False
Karkkila,Karkkila\karkkila_DJI_0007_frame55.jpg,1,1,1,0,0,0.000000,False
Karkkila,Karkkila\karkkila_DJI_0007_frame56.jpg,1,1,1,0,0,0.000000,False
Karkkila,Karkkila\karkkila_DJI_0007_frame57.jpg,1,1,1,0,0,0.000000,False
Karkkila,Karkkila\karkkila_DJI_0007_frame58.jpg,1,1,1,0,0,0.000000,False
Karkkila,Karkkila\karkkila_DJI_0007_frame59.jpg,1,1,1,0,0,0.000000,False
Karkkila,Karkkila\karkkila_DJI_0007_frame6.jpg,1,1,1,0,0,0.000000,False
Karkkila,Karkkila\karkkila_DJI_0007_frame60.jpg,1,1,1,0,0,0.000000,False
Karkkila,Karkkila\karkkila_DJI_0007_frame61.jpg,1,1,1,0,0,0.000000,False
Karkkila,Karkkila\karkkila_DJI_0007_frame62.jpg,1,1,1,0,0,0.000000,False
Karkkila,Karkkila\karkkila_DJI_0007_frame63.jpg,1,1,1,0,0,0.000000,False
Karkkila,Karkkila\karkkila_DJI_0007_frame64.jpg,1,1,1,0,0,0.000000,False
Karkkila,Karkkila\karkkila_DJI_0007_frame65.jpg,1,1,1,0,0,0.000000,False
Karkkila,Karkkila\karkkila_DJI_0007_frame66.jpg,1,1,1,0,0,0.000000,False
Karkkila,Karkkila\karkkila_DJI_0007_frame67.jpg,1,1,1,0,0,0.000000,False
Karkkila,Karkkila\karkkila_DJI_0007_frame68.jpg,1,1,1,0,0,0.000000,False
Karkkila,Karkkila\karkkila_DJI_0007_frame69.jpg,1,1,1,0,0,0.000000,False
Karkkila,Karkkila\karkkila_DJI_0007_frame7.jpg,1,1,1,0,0,0.000000,False
Karkkila,Karkkila\karkkila_DJI_0007_frame70.jpg,1,2,1,1,0,0.601019,False
Karkkila,Karkkila\karkkila_DJI_0007_frame71.jpg,1,2,1,1,0,0.611211,False
Karkkila,Karkkila\karkkila_DJI_0007_frame72.jpg,1,2,1,1,0,0.578891,False
Karkkila,Karkkila\karkkila_DJI_0007_frame73.jpg,1,2,1,1,0,0.627453,False
Karkkila,Karkkila\karkkila_DJI_0007_frame74.jpg,1,2,1,1,0,0.572870,False
Karkkila,Karkkila\karkkila_DJI_0007_frame75.jpg,1,2,1,1,0,0.257921,False
Karkkila,Karkkila\karkkila_DJI_0007_frame76.jpg,1,2,1,1,0,0.298657,False
Karkkila,Karkkila\karkkila_DJI_0007_frame77.jpg,1,2,1,1,0,0.703002,False
Karkkila,Karkkila\karkkila_DJI_0007_frame78.jpg,1,1,1,0,0,0.000000,False
Karkkila,Karkkila\karkkila_DJI_0007_frame79.jpg,1,2,1,1,0,0.466466,False
Karkkila,Karkkila\karkkila_DJI_0007_frame8.jpg,1,1,1,0,0,0.000000,False
Karkkila,Karkkila\karkkila_DJI_0007_frame80.jpg,1,2,1,1,0,0.274291,False
Karkkila,Karkkila\karkkila_DJI_0007_frame81.jpg,1,2,1,1,0,0.319541,False
Karkkila,Karkkila\karkkila_DJI_0007_frame82.jpg,1,2,1,1,0,0.367408,False
Karkkila,Karkkila\karkkila_DJI_0007_frame83.jpg,1,1,1,0,0,0.000000,False
Karkkila,Karkkila\karkkila_DJI_0007_frame84.jpg,1,1,1,0,0,0.000000,False
Karkkila,Karkkila\karkkila_DJI_0007_frame85.jpg,1,1,1,0,0,0.000000,False
Karkkila,Karkkila\karkkila_DJI_0007_frame86.jpg,1,1,1,0,0,0.000000,False
Karkkila,Karkkila\karkkila_DJI_0007_frame87.jpg,1,1,1,0,0,0.000000,False
Karkkila,Karkkila\karkkila_DJI_0007_frame88.jpg,1,1,1,0,0,0.000000,False
Karkkila,Karkkila\karkkila_DJI_0007_frame89.jpg,1,1,1,0,0,0.000000,False
Karkkila,Karkkila\karkkila_DJI_0007_frame9.jpg,1,1,1,0,0,0.000000,False
Karkkila,Karkkila\karkkila_DJI_0007_frame90.jpg,1,1,1,0,0,0.000000,False
Karkkila,Karkkila\karkkila_DJI_0007_frame91.jpg,1,1,1,0,0,0.000000,False
Karkkila,Karkkila\karkkila_DJI_0007_frame92.jpg,1,2,1,1,0,0.623294,False
Karkkila,Karkkila\karkkila_DJI_0007_frame93.jpg,1,2,1,1,0,0.635899,False
Karkkila,Karkkila\karkkila_DJI_0007_frame94.jpg,1,2,1,1,0,0.630828,False
Karkkila,Karkkila\karkkila_DJI_0007_frame95.jpg,1,2,1,1,0,0.618986,False
Karkkila,Karkkila\karkkila_DJI_0007_frame96.jpg,1,2,1,1,0,0.584636,False
Karkkila,Karkkila\karkkila_DJI_0007_frame97.jpg,1,2,1,1,0,0.580792,False
Karkkila,Karkkila\karkkila_DJI_0007_frame98.jpg,1,2,1,1,0,0.545933,False
Karkkila,Karkkila\karkkila_DJI_0007_frame99.jpg,1,2,1,1,0,0.605120,False
Karkkila,Karkkila\karkkila_DJI_0008_frame0.jpg,1,2,1,1,0,0.357835,False
Karkkila,Karkkila\karkkila_DJI_0008_frame1.jpg,1,2,0,2,1,0.689885,False
Karkkila,Karkkila\karkkila_DJI_0008_frame10.jpg,1,2,0,2,1,0.727023,False
Karkkila,Karkkila\karkkila_DJI_0008_frame100.jpg,1,2,0,2,1,0.710539,False
Karkkila,Karkkila\karkkila_DJI_0008_frame101.jpg,1,2,1,1,0,0.292605,False
Karkkila,Karkkila\karkkila_DJI_0008_frame102.jpg,1,1,1,0,0,0.000000,False
Karkkila,Karkkila\karkkila_DJI_0008_frame103.jpg,1,1,0,1,1,0.698819,False
Karkkila,Karkkila\karkkila_DJI_0008_frame104.jpg,1,1,0,1,1,0.704590,False
Karkkila,Karkkila\karkkila_DJI_0008_frame105.jpg,1,1,0,1,1,0.710641,False
Karkkila,Karkkila\karkkila_DJI_0008_frame106.jpg,1,2,1,1,0,0.257466,False
Karkkila,Karkkila\karkkila_DJI_0008_frame107.jpg,1,2,1,1,0,0.319339,False
Karkkila,Karkkila\karkkila_DJI_0008_frame108.jpg,1,1,1,0,0,0.000000,False
Karkkila,Karkkila\karkkila_DJI_0008_frame109.jpg,1,1,1,0,0,0.000000,False
Karkkila,Karkkila\karkkila_DJI_0008_frame11.jpg,1,2,1,1,0,0.330948,False
Karkkila,Karkkila\karkkila_DJI_0008_frame110.jpg,1,1,1,0,0,0.000000,False
Karkkila,Karkkila\karkkila_DJI_0008_frame111.jpg,1,1,1,0,0,0.000000,False
Karkkila,Karkkila\karkkila_DJI_0008_frame112.jpg,1,1,1,0,0,0.000000,False
Karkkila,Karkkila\karkkila_DJI_0008_frame113.jpg,1,1,1,0,0,0.000000,False
Karkkila,Karkkila\karkkila_DJI_0008_frame114.jpg,1,2,1,1,0,0.268655,False
Karkkila,Karkkila\karkkila_DJI_0008_frame115.jpg,1,2,1,1,0,0.276220,False
Karkkila,Karkkila\karkkila_DJI_0008_frame116.jpg,1,1,1,0,0,0.000000,False
Karkkila,Karkkila\karkkila_DJI_0008_frame117.jpg,1,2,1,1,0,0.266742,False
Karkkila,Karkkila\karkkila_DJI_0008_frame118.jpg,1,1,1,0,0,0.000000,False
Karkkila,Karkkila\karkkila_DJI_0008_frame119.jpg,1,1,1,0,0,0.000000,False
Karkkila,Karkkila\karkkila_DJI_0008_frame12.jpg,1,2,1,1,0,0.260351,False
Karkkila,Karkkila\karkkila_DJI_0008_frame120.jpg,1,1,0,1,1,0.728127,False
Karkkila,Karkkila\karkkila_DJI_0008_frame121.jpg,1,1,1,0,0,0.000000,False
Karkkila,Karkkila\karkkila_DJI_0008_frame122.jpg,1,1,1,0,0,0.000000,False
Karkkila,Karkkila\karkkila_DJI_0008_frame123.jpg,1,1,0,1,1,0.727480,False
Karkkila,Karkkila\karkkila_DJI_0008_frame124.jpg,1,1,1,0,0,0.000000,False
Karkkila,Karkkila\karkkila_DJI_0008_frame125.jpg,1,1,1,0,0,0.000000,False
Karkkila,Karkkila\karkkila_DJI_0008_frame126.jpg,1,1,1,0,0,0.000000,False
Karkkila,Karkkila\karkkila_DJI_0008_frame127.jpg,1,2,1,1,0,0.267124,False
Karkkila,Karkkila\karkkila_DJI_0008_frame128.jpg,1,2,1,1,0,0.339547,False
Karkkila,Karkkila\karkkila_DJI_0008_frame129.jpg,1,2,0,2,1,0.708075,False
Karkkila,Karkkila\karkkila_DJI_0008_frame13.jpg,1,1,1,0,0,0.000000,False
Karkkila,Karkkila\karkkila_DJI_0008_frame130.jpg,1,1,0,1,1,0.706956,False
Karkkila,Karkkila\karkkila_DJI_0008_frame131.jpg,1,1,1,0,0,0.000000,False
Karkkila,Karkkila\karkkila_DJI_0008_frame132.jpg,1,2,0,2,1,0.704616,False
Karkkila,Karkkila\karkkila_DJI_0008_frame133.jpg,1,1,1,0,0,0.000000,False
Karkkila,Karkkila\karkkila_DJI_0008_frame134.jpg,1,2,1,1,0,0.600053,False
Karkkila,Karkkila\karkkila_DJI_0008_frame135.jpg,1,2,1,1,0,0.262044,False
Karkkila,Karkkila\karkkila_DJI_0008_frame136.jpg,1,2,1,1,0,0.255056,False
Karkkila,Karkkila\karkkila_DJI_0008_frame137.jpg,1,2,1,1,0,0.585336,False
Karkkila,Karkkila\karkkila_DJI_0008_frame138.jpg,1,2,1,1,0,0.602190,False
Karkkila,Karkkila\karkkila_DJI_0008_frame139.jpg,1,2,1,1,0,0.590373,False
Karkkila,Karkkila\karkkila_DJI_0008_frame14.jpg,1,1,1,0,0,0.000000,False
Karkkila,Karkkila\karkkila_DJI_0008_frame140.jpg,1,2,1,1,0,0.593529,False
Karkkila,Karkkila\karkkila_DJI_0008_frame141.jpg,1,2,1,1,0,0.592463,False
Karkkila,Karkkila\karkkila_DJI_0008_frame142.jpg,1,2,1,1,0,0.572371,False
Karkkila,Karkkila\karkkila_DJI_0008_frame143.jpg,1,2,1,1,0,0.262024,False
Karkkila,Karkkila\karkkila_DJI_0008_frame144.jpg,1,2,1,1,0,0.281928,False
Karkkila,Karkkila\karkkila_DJI_0008_frame145.jpg,1,2,1,1,0,0.594246,False
Karkkila,Karkkila\karkkila_DJI_0008_frame146.jpg,1,2,1,1,0,0.320711,False
Karkkila,Karkkila\karkkila_DJI_0008_frame147.jpg,1,2,1,1,0,0.289326,False
Karkkila,Karkkila\karkkila_DJI_0008_frame148.jpg,1,2,1,1,0,0.388764,False
Karkkila,Karkkila\karkkila_DJI_0008_frame149.jpg,1,2,1,1,0,0.343675,False
Karkkila,Karkkila\karkkila_DJI_0008_frame15.jpg,1,1,1,0,0,0.000000,False
Karkkila,Karkkila\karkkila_DJI_0008_frame150.jpg,1,2,1,1,0,0.295837,False
Karkkila,Karkkila\karkkila_DJI_0008_frame151.jpg,1,2,0,2,1,0.697499,False
Karkkila,Karkkila\karkkila_DJI_0008_frame152.jpg,1,1,1,0,0,0.000000,False
Karkkila,Karkkila\karkkila_DJI_0008_frame153.jpg,1,2,0,2,1,0.689066,False
Karkkila,Karkkila\karkkila_DJI_0008_frame154.jpg,1,2,0,2,1,0.701273,False
Karkkila,Karkkila\karkkila_DJI_0008_frame155.jpg,1,2,1,1,0,0.318110,False
Karkkila,Karkkila\karkkila_DJI_0008_frame156.jpg,1,2,1,1,0,0.322605,False
Karkkila,Karkkila\karkkila_DJI_0008_frame157.jpg,1,2,1,1,0,0.338976,False
Karkkila,Karkkila\karkkila_DJI_0008_frame158.jpg,1,2,1,1,0,0.412902,False
Karkkila,Karkkila\karkkila_DJI_0008_frame159.jpg,1,2,1,1,0,0.419894,False
Karkkila,Karkkila\karkkila_DJI_0008_frame16.jpg,1,1,0,1,1,0.725273,False
Karkkila,Karkkila\karkkila_DJI_0008_frame160.jpg,1,2,1,1,0,0.452293,False
Karkkila,Karkkila\karkkila_DJI_0008_frame161.jpg,1,2,1,1,0,0.454732,False
Karkkila,Karkkila\karkkila_DJI_0008_frame162.jpg,1,2,1,1,0,0.482662,False
Karkkila,Karkkila\karkkila_DJI_0008_frame163.jpg,1,2,1,1,0,0.424859,False
Karkkila,Karkkila\karkkila_DJI_0008_frame164.jpg,1,2,1,1,0,0.452077,False
Karkkila,Karkkila\karkkila_DJI_0008_frame165.jpg,1,2,1,1,0,0.439264,False
Karkkila,Karkkila\karkkila_DJI_0008_frame166.jpg,1,2,1,1,0,0.396701,False
Karkkila,Karkkila\karkkila_DJI_0008_frame167.jpg,1,2,1,1,0,0.275622,False
Karkkila,Karkkila\karkkila_DJI_0008_frame168.jpg,1,2,1,1,0,0.283698,False
Karkkila,Karkkila\karkkila_DJI_0008_frame169.jpg,1,2,1,1,0,0.280488,False
Karkkila,Karkkila\karkkila_DJI_0008_frame17.jpg,1,1,1,0,0,0.000000,False
Karkkila,Karkkila\karkkila_DJI_0008_frame170.jpg,1,2,1,1,0,0.254377,False
Karkkila,Karkkila\karkkila_DJI_0008_frame18.jpg,1,1,0,1,1,0.729461,False
Karkkila,Karkkila\karkkila_DJI_0008_frame19.jpg,1,1,0,1,1,0.725108,False
Karkkila,Karkkila\karkkila_DJI_0008_frame2.jpg,1,2,1,1,0,0.691750,False
Karkkila,Karkkila\karkkila_DJI_0008_frame20.jpg,1,1,0,1,1,0.721694,False
Karkkila,Karkkila\karkkila_DJI_0008_frame21.jpg,1,1,1,0,0,0.000000,False
Karkkila,Karkkila\karkkila_DJI_0008_frame22.jpg,1,1,1,0,0,0.000000,False
Karkkila,Karkkila\karkkila_DJI_0008_frame23.jpg,1,1,1,0,0,0.000000,False
Karkkila,Karkkila\karkkila_DJI_0008_frame24.jpg,1,2,1,1,0,0.275277,False
Karkkila,Karkkila\karkkila_DJI_0008_frame25.jpg,1,2,1,1,0,0.273952,False
Karkkila,Karkkila\karkkila_DJI_0008_frame26.jpg,1,1,1,0,0,0.000000,False
Karkkila,Karkkila\karkkila_DJI_0008_frame27.jpg,1,1,1,0,0,0.000000,False
Karkkila,Karkkila\karkkila_DJI_0008_frame28.jpg,1,2,1,1,0,0.266010,False
Karkkila,Karkkila\karkkila_DJI_0008_frame29.jpg,1,1,1,0,0,0.000000,False
Karkkila,Karkkila\karkkila_DJI_0008_frame3.jpg,1,2,1,1,0,0.692538,False
Karkkila,Karkkila\karkkila_DJI_0008_frame30.jpg,1,1,1,0,0,0.000000,False
Karkkila,Karkkila\karkkila_DJI_0008_frame31.jpg,1,2,1,1,0,0.270858,False
Karkkila,Karkkila\karkkila_DJI_0008_frame32.jpg,1,2,1,1,0,0.280330,False
Karkkila,Karkkila\karkkila_DJI_0008_frame33.jpg,1,2,0,2,1,0.721315,False
Karkkila,Karkkila\karkkila_DJI_0008_frame34.jpg,1,2,1,1,0,0.262677,False
Karkkila,Karkkila\karkkila_DJI_0008_frame35.jpg,1,1,1,0,0,0.000000,False
Karkkila,Karkkila\karkkila_DJI_0008_frame36.jpg,1,2,1,1,0,0.253935,False
Karkkila,Karkkila\karkkila_DJI_0008_frame37.jpg,1,1,1,0,0,0.000000,False
Karkkila,Karkkila\karkkila_DJI_0008_frame38.jpg,1,1,1,0,0,0.000000,False
Karkkila,Karkkila\karkkila_DJI_0008_frame39.jpg,1,1,1,0,0,0.000000,False
Karkkila,Karkkila\karkkila_DJI_0008_frame4.jpg,1,2,1,1,0,0.679111,False
Karkkila,Karkkila\karkkila_DJI_0008_frame40.jpg,1,1,1,0,0,0.000000,False
Karkkila,Karkkila\karkkila_DJI_0008_frame41.jpg,1,2,0,2,1,0.721767,False
Karkkila,Karkkila\karkkila_DJI_0008_frame42.jpg,1,1,0,1,1,0.711271,False
Karkkila,Karkkila\karkkila_DJI_0008_frame43.jpg,1,1,0,1,1,0.707120,False
Karkkila,Karkkila\karkkila_DJI_0008_frame44.jpg,1,1,0,1,1,0.686755,False
Karkkila,Karkkila\karkkila_DJI_0008_frame45.jpg,1,1,0,1,1,0.680889,False
Karkkila,Karkkila\karkkila_DJI_0008_frame46.jpg,1,1,0,1,1,0.677369,False
Karkkila,Karkkila\karkkila_DJI_0008_frame47.jpg,1,1,0,1,1,0.683705,False
Karkkila,Karkkila\karkkila_DJI_0008_frame48.jpg,1,1,0,1,1,0.680736,False
Karkkila,Karkkila\karkkila_DJI_0008_frame49.jpg,1,1,1,0,0,0.000000,False
Karkkila,Karkkila\karkkila_DJI_0008_frame5.jpg,1,2,1,1,0,0.704213,False
Karkkila,Karkkila\karkkila_DJI_0008_frame50.jpg,1,1,0,1,1,0.656149,False
Karkkila,Karkkila\karkkila_DJI_0008_frame51.jpg,1,1,0,1,1,0.672347,False
Karkkila,Karkkila\karkkila_DJI_0008_frame52.jpg,1,1,0,1,1,0.666449,False
Karkkila,Karkkila\karkkila_DJI_0008_frame53.jpg,1,1,0,1,1,0.681116,False
Karkkila,Karkkila\karkkila_DJI_0008_frame54.jpg,1,1,1,0,0,0.000000,False
Karkkila,Karkkila\karkkila_DJI_0008_frame55.jpg,1,1,0,1,1,0.685336,False
Karkkila,Karkkila\karkkila_DJI_0008_frame56.jpg,1,1,0,1,1,0.691765,False
Karkkila,Karkkila\karkkila_DJI_0008_frame57.jpg,1,2,0,2,1,0.691495,False
Karkkila,Karkkila\karkkila_DJI_0008_frame58.jpg,1,2,0,2,1,0.694579,False
Karkkila,Karkkila\karkkila_DJI_0008_frame59.jpg,1,2,0,2,1,0.690813,False
Karkkila,Karkkila\karkkila_DJI_0008_frame6.jpg,1,1,0,1,1,0.724614,False
Karkkila,Karkkila\karkkila_DJI_0008_frame60.jpg,1,2,0,2,1,0.692860,False
Karkkila,Karkkila\karkkila_DJI_0008_frame61.jpg,1,2,0,2,1,0.698036,False
Karkkila,Karkkila\karkkila_DJI_0008_frame62.jpg,1,2,0,2,1,0.711405,False
Karkkila,Karkkila\karkkila_DJI_0008_frame63.jpg,1,2,0,2,1,0.693487,False
Karkkila,Karkkila\karkkila_DJI_0008_frame64.jpg,1,2,0,2,1,0.705819,False
Karkkila,Karkkila\karkkila_DJI_0008_frame65.jpg,1,2,0,2,1,0.687481,False
Karkkila,Karkkila\karkkila_DJI_0008_frame66.jpg,1,2,0,2,1,0.671445,False
Karkkila,Karkkila\karkkila_DJI_0008_frame67.jpg,1,1,1,0,0,0.000000,False
Karkkila,Karkkila\karkkila_DJI_0008_frame68.jpg,1,2,0,2,1,0.679654,False
Karkkila,Karkkila\karkkila_DJI_0008_frame69.jpg,1,2,0,2,1,0.669803,False
Karkkila,Karkkila\karkkila_DJI_0008_frame7.jpg,1,2,0,2,1,0.732913,False
Karkkila,Karkkila\karkkila_DJI_0008_frame70.jpg,1,2,0,2,1,0.670522,False
Karkkila,Karkkila\karkkila_DJI_0008_frame71.jpg,1,2,0,2,1,0.694610,False
Karkkila,Karkkila\karkkila_DJI_0008_frame72.jpg,1,2,1,1,0,0.515431,False
Karkkila,Karkkila\karkkila_DJI_0008_frame73.jpg,1,1,0,1,1,0.674157,False
Karkkila,Karkkila\karkkila_DJI_0008_frame74.jpg,1,3,0,3,1,0.682249,False
Karkkila,Karkkila\karkkila_DJI_0008_frame75.jpg,1,3,1,2,0,0.555245,False
Karkkila,Karkkila\karkkila_DJI_0008_frame76.jpg,1,2,0,2,1,0.666443,False
Karkkila,Karkkila\karkkila_DJI_0008_frame77.jpg,1,3,1,2,0,0.518159,False
Karkkila,Karkkila\karkkila_DJI_0008_frame78.jpg,1,3,1,2,0,0.502978,False
Karkkila,Karkkila\karkkila_DJI_0008_frame79.jpg,1,3,0,3,1,0.683818,False
Karkkila,Karkkila\karkkila_DJI_0008_frame8.jpg,1,2,1,1,0,0.326256,False
Karkkila,Karkkila\karkkila_DJI_0008_frame80.jpg,1,2,1,1,0,0.508039,False
Karkkila,Karkkila\karkkila_DJI_0008_frame81.jpg,1,2,1,1,0,0.518809,False
Karkkila,Karkkila\karkkila_DJI_0008_frame82.jpg,1,3,1,2,0,0.559376,False
Karkkila,Karkkila\karkkila_DJI_0008_frame83.jpg,1,2,1,1,0,0.571253,False
Karkkila,Karkkila\karkkila_DJI_0008_frame84.jpg,1,2,1,1,0,0.547909,False
Karkkila,Karkkila\karkkila_DJI_0008_frame85.jpg,1,2,1,1,0,0.579449,False
Karkkila,Karkkila\karkkila_DJI_0008_frame86.jpg,1,2,1,1,0,0.592652,False
Karkkila,Karkkila\karkkila_DJI_0008_frame87.jpg,1,2,1,1,0,0.592138,False
Karkkila,Karkkila\karkkila_DJI_0008_frame88.jpg,1,2,1,1,0,0.325064,False
Karkkila,Karkkila\karkkila_DJI_0008_frame89.jpg,1,2,1,1,0,0.625711,False
Karkkila,Karkkila\karkkila_DJI_0008_frame9.jpg,1,2,0,2,1,0.725561,False
Karkkila,Karkkila\karkkila_DJI_0008_frame90.jpg,1,2,1,1,0,0.608807,False
Karkkila,Karkkila\karkkila_DJI_0008_frame91.jpg,1,2,1,1,0,0.324192,False
Karkkila,Karkkila\karkkila_DJI_0008_frame92.jpg,1,2,1,1,0,0.318471,False
Karkkila,Karkkila\karkkila_DJI_0008_frame93.jpg,1,2,1,1,0,0.311252,False
Karkkila,Karkkila\karkkila_DJI_0008_frame94.jpg,1,2,1,1,0,0.284049,False
Karkkila,Karkkila\karkkila_DJI_0008_frame95.jpg,1,2,1,1,0,0.371307,False
Karkkila,Karkkila\karkkila_DJI_0008_frame96.jpg,1,2,1,1,0,0.331063,False
Karkkila,Karkkila\karkkila_DJI_0008_frame97.jpg,1,2,1,1,0,0.331151,False
Karkkila,Karkkila\karkkila_DJI_0008_frame98.jpg,1,1,0,1,1,0.711156,False
Karkkila,Karkkila\karkkila_DJI_0008_frame99.jpg,1,2,0,2,1,0.712052,False
Karkkila,Karkkila\karkkila_DJI_0010_frame0.jpg,1,1,1,0,0,0.000000,False
Karkkila,Karkkila\karkkila_DJI_0010_frame1.jpg,1,1,1,0,0,0.000000,False
Karkkila,Karkkila\karkkila_DJI_0010_frame10.jpg,1,1,1,0,0,0.000000,False
Karkkila,Karkkila\karkkila_DJI_0010_frame11.jpg,1,1,1,0,0,0.000000,False
Karkkila,Karkkila\karkkila_DJI_0010_frame12.jpg,1,1,1,0,0,0.000000,False
Karkkila,Karkkila\karkkila_DJI_0010_frame13.jpg,1,1,1,0,0,0.000000,False
Karkkila,Karkkila\karkkila_DJI_0010_frame14.jpg,1,1,1,0,0,0.000000,False
Karkkila,Karkkila\karkkila_DJI_0010_frame15.jpg,1,1,1,0,0,0.000000,False
Karkkila,Karkkila\karkkila_DJI_0010_frame16.jpg,1,1,1,0,0,0.000000,False
Karkkila,Karkkila\karkkila_DJI_0010_frame17.jpg,1,1,1,0,0,0.000000,False
Karkkila,Karkkila\karkkila_DJI_0010_frame18.jpg,1,1,1,0,0,0.000000,False
Karkkila,Karkkila\karkkila_DJI_0010_frame19.jpg,1,1,1,0,0,0.000000,False
Karkkila,Karkkila\karkkila_DJI_0010_frame2.jpg,1,1,1,0,0,0.000000,False
Karkkila,Karkkila\karkkila_DJI_0010_frame20.jpg,1,1,1,0,0,0.000000,False
Karkkila,Karkkila\karkkila_DJI_0010_frame21.jpg,1,1,1,0,0,0.000000,False
Karkkila,Karkkila\karkkila_DJI_0010_frame22.jpg,1,1,1,0,0,0.000000,False
Karkkila,Karkkila\karkkila_DJI_0010_frame23.jpg,1,1,1,0,0,0.000000,False
Karkkila,Karkkila\karkkila_DJI_0010_frame24.jpg,1,1,1,0,0,0.000000,False
Karkkila,Karkkila\karkkila_DJI_0010_frame25.jpg,1,1,1,0,0,0.000000,False
Karkkila,Karkkila\karkkila_DJI_0010_frame26.jpg,1,1,1,0,0,0.000000,False
Karkkila,Karkkila\karkkila_DJI_0010_frame27.jpg,1,1,1,0,0,0.000000,False
Karkkila,Karkkila\karkkila_DJI_0010_frame28.jpg,1,1,1,0,0,0.000000,False
Karkkila,Karkkila\karkkila_DJI_0010_frame29.jpg,1,1,1,0,0,0.000000,False
Karkkila,Karkkila\karkkila_DJI_0010_frame3.jpg,1,1,1,0,0,0.000000,False
Karkkila,Karkkila\karkkila_DJI_0010_frame30.jpg,1,1,1,0,0,0.000000,False
Karkkila,Karkkila\karkkila_DJI_0010_frame31.jpg,1,1,1,0,0,0.000000,False
Karkkila,Karkkila\karkkila_DJI_0010_frame32.jpg,1,1,1,0,0,0.000000,False
Karkkila,Karkkila\karkkila_DJI_0010_frame33.jpg,1,1,1,0,0,0.000000,False
Karkkila,Karkkila\karkkila_DJI_0010_frame34.jpg,1,1,1,0,0,0.000000,False
Karkkila,Karkkila\karkkila_DJI_0010_frame35.jpg,1,1,1,0,0,0.000000,False
Karkkila,Karkkila\karkkila_DJI_0010_frame36.jpg,1,1,1,0,0,0.000000,False
Karkkila,Karkkila\karkkila_DJI_0010_frame37.jpg,1,1,1,0,0,0.000000,False
Karkkila,Karkkila\karkkila_DJI_0010_frame38.jpg,1,1,1,0,0,0.000000,False
Karkkila,Karkkila\karkkila_DJI_0010_frame39.jpg,1,1,1,0,0,0.000000,False
Karkkila,Karkkila\karkkila_DJI_0010_frame4.jpg,1,1,1,0,0,0.000000,False
Karkkila,Karkkila\karkkila_DJI_0010_frame40.jpg,1,1,1,0,0,0.000000,False
Karkkila,Karkkila\karkkila_DJI_0010_frame41.jpg,1,1,1,0,0,0.000000,False
Karkkila,Karkkila\karkkila_DJI_0010_frame42.jpg,1,1,1,0,0,0.000000,False
Karkkila,Karkkila\karkkila_DJI_0010_frame43.jpg,1,1,1,0,0,0.000000,False
Karkkila,Karkkila\karkkila_DJI_0010_frame44.jpg,1,1,1,0,0,0.000000,False
Karkkila,Karkkila\karkkila_DJI_0010_frame45.jpg,1,1,1,0,0,0.000000,False
Karkkila,Karkkila\karkkila_DJI_0010_frame46.jpg,1,1,1,0,0,0.000000,False
Karkkila,Karkkila\karkkila_DJI_0010_frame47.jpg,1,1,1,0,0,0.000000,False
Karkkila,Karkkila\karkkila_DJI_0010_frame48.jpg,1,1,1,0,0,0.000000,False
Karkkila,Karkkila\karkkila_DJI_0010_frame49.jpg,1,1,1,0,0,0.000000,False
Karkkila,Karkkila\karkkila_DJI_0010_frame5.jpg,1,1,1,0,0,0.000000,False
Karkkila,Karkkila\karkkila_DJI_0010_frame50.jpg,1,1,1,0,0,0.000000,False
Karkkila,Karkkila\karkkila_DJI_0010_frame51.jpg,1,1,1,0,0,0.000000,False
Karkkila,Karkkila\karkkila_DJI_0010_frame52.jpg,1,1,1,0,0,0.000000,False
Karkkila,Karkkila\karkkila_DJI_0010_frame53.jpg,1,1,1,0,0,0.000000,False
Karkkila,Karkkila\karkkila_DJI_0010_frame54.jpg,1,1,1,0,0,0.000000,False
Karkkila,Karkkila\karkkila_DJI_0010_frame55.jpg,1,1,1,0,0,0.000000,False
Karkkila,Karkkila\karkkila_DJI_0010_frame56.jpg,1,1,1,0,0,0.000000,False
Karkkila,Karkkila\karkkila_DJI_0010_frame57.jpg,1,1,1,0,0,0.000000,False
Karkkila,Karkkila\karkkila_DJI_0010_frame6.jpg,1,1,1,0,0,0.000000,False
Karkkila,Karkkila\karkkila_DJI_0010_frame7.jpg,1,1,1,0,0,0.000000,False
Karkkila,Karkkila\karkkila_DJI_0010_frame8.jpg,1,1,1,0,0,0.000000,False
Karkkila,Karkkila\karkkila_DJI_0010_frame9.jpg,1,1,1,0,0,0.000000,False
Karkkila,Karkkila\karkkila_DJI_0020_frame100.jpg,1,1,1,0,0,0.000000,False
Karkkila,Karkkila\karkkila_DJI_0020_frame101.jpg,1,1,1,0,0,0.000000,False
Karkkila,Karkkila\karkkila_DJI_0020_frame102.jpg,1,1,1,0,0,0.000000,False
Karkkila,Karkkila\karkkila_DJI_0020_frame103.jpg,1,1,1,0,0,0.000000,False
Karkkila,Karkkila\karkkila_DJI_0020_frame104.jpg,1,1,1,0,0,0.000000,False
Karkkila,Karkkila\karkkila_DJI_0020_frame105.jpg,1,1,1,0,0,0.000000,False
Karkkila,Karkkila\karkkila_DJI_0020_frame106.jpg,1,1,1,0,0,0.000000,False
Karkkila,Karkkila\karkkila_DJI_0020_frame107.jpg,1,1,1,0,0,0.000000,False
Karkkila,Karkkila\karkkila_DJI_0020_frame108.jpg,1,1,1,0,0,0.000000,False
Karkkila,Karkkila\karkkila_DJI_0020_frame109.jpg,1,1,1,0,0,0.000000,False
Karkkila,Karkkila\karkkila_DJI_0020_frame110.jpg,1,1,1,0,0,0.000000,False
Karkkila,Karkkila\karkkila_DJI_0020_frame111.jpg,1,1,1,0,0,0.000000,False
Karkkila,Karkkila\karkkila_DJI_0020_frame112.jpg,1,1,1,0,0,0.000000,False
Karkkila,Karkkila\karkkila_DJI_0020_frame113.jpg,7,1,1,0,6,0.000000,False
Karkkila,Karkkila\karkkila_DJI_0020_frame114.jpg,1,1,1,0,0,0.000000,False
Karkkila,Karkkila\karkkila_DJI_0020_frame115.jpg,1,1,1,0,0,0.000000,False
Karkkila,Karkkila\karkkila_DJI_0020_frame116.jpg,1,1,1,0,0,0.000000,False
Karkkila,Karkkila\karkkila_DJI_0020_frame117.jpg,1,1,1,0,0,0.000000,False
Karkkila,Karkkila\karkkila_DJI_0020_frame118.jpg,1,1,1,0,0,0.000000,False
Karkkila,Karkkila\karkkila_DJI_0020_frame119.jpg,1,1,1,0,0,0.000000,False
Karkkila,Karkkila\karkkila_DJI_0020_frame120.jpg,1,1,1,0,0,0.000000,False
Karkkila,Karkkila\karkkila_DJI_0020_frame121.jpg,1,1,1,0,0,0.000000,False
Karkkila,Karkkila\karkkila_DJI_0020_frame122.jpg,1,1,1,0,0,0.000000,False
Karkkila,Karkkila\karkkila_DJI_0020_frame123.jpg,1,1,1,0,0,0.000000,False
Karkkila,Karkkila\karkkila_DJI_0020_frame124.jpg,1,1,1,0,0,0.000000,False
Karkkila,Karkkila\karkkila_DJI_0020_frame125.jpg,1,1,1,0,0,0.000000,False
Karkkila,Karkkila\karkkila_DJI_0020_frame126.jpg,1,1,1,0,0,0.000000,False
Karkkila,Karkkila\karkkila_DJI_0020_frame127.jpg,1,1,1,0,0,0.000000,False
Karkkila,Karkkila\karkkila_DJI_0020_frame128.jpg,1,1,1,0,0,0.000000,False
Karkkila,Karkkila\karkkila_DJI_0020_frame129.jpg,1,1,1,0,0,0.000000,False
Karkkila,Karkkila\karkkila_DJI_0020_frame130.jpg,1,1,1,0,0,0.000000,False
Karkkila,Karkkila\karkkila_DJI_0020_frame131.jpg,1,1,1,0,0,0.000000,False
Karkkila,Karkkila\karkkila_DJI_0020_frame132.jpg,1,1,1,0,0,0.000000,False
Karkkila,Karkkila\karkkila_DJI_0020_frame133.jpg,1,1,1,0,0,0.000000,False
Karkkila,Karkkila\karkkila_DJI_0020_frame134.jpg,1,1,1,0,0,0.000000,False
Karkkila,Karkkila\karkkila_DJI_0020_frame135.jpg,1,1,1,0,0,0.000000,False
Karkkila,Karkkila\karkkila_DJI_0020_frame136.jpg,1,1,1,0,0,0.000000,False
Karkkila,Karkkila\karkkila_DJI_0020_frame137.jpg,1,1,1,0,0,0.000000,False
Karkkila,Karkkila\karkkila_DJI_0020_frame138.jpg,1,1,1,0,0,0.000000,False
Karkkila,Karkkila\karkkila_DJI_0020_frame139.jpg,1,1,1,0,0,0.000000,False
Karkkila,Karkkila\karkkila_DJI_0020_frame140.jpg,1,1,1,0,0,0.000000,False
Karkkila,Karkkila\karkkila_DJI_0020_frame141.jpg,1,1,1,0,0,0.000000,False
Karkkila,Karkkila\karkkila_DJI_0020_frame142.jpg,1,1,1,0,0,0.000000,False
Karkkila,Karkkila\karkkila_DJI_0020_frame143.jpg,1,1,1,0,0,0.000000,False
Karkkila,Karkkila\karkkila_DJI_0020_frame144.jpg,1,1,1,0,0,0.000000,False
Karkkila,Karkkila\karkkila_DJI_0020_frame145.jpg,1,1,1,0,0,0.000000,False
Karkkila,Karkkila\karkkila_DJI_0020_frame146.jpg,1,1,1,0,0,0.000000,False
Karkkila,Karkkila\karkkila_DJI_0020_frame147.jpg,1,1,1,0,0,0.000000,False
Karkkila,Karkkila\karkkila_DJI_0020_frame148.jpg,1,1,1,0,0,0.000000,False
Karkkila,Karkkila\karkkila_DJI_0020_frame149.jpg,1,1,1,0,0,0.000000,False
Karkkila,Karkkila\karkkila_DJI_0020_frame150.jpg,1,1,1,0,0,0.000000,False
Karkkila,Karkkila\karkkila_DJI_0020_frame151.jpg,1,1,1,0,0,0.000000,False
Karkkila,Karkkila\karkkila_DJI_0020_frame152.jpg,1,1,1,0,0,0.000000,False
Karkkila,Karkkila\karkkila_DJI_0020_frame153.jpg,1,1,1,0,0,0.000000,False
Karkkila,Karkkila\karkkila_DJI_0020_frame154.jpg,1,1,1,0,0,0.000000,False
Karkkila,Karkkila\karkkila_DJI_0020_frame155.jpg,1,1,1,0,0,0.000000,False
Karkkila,Karkkila\karkkila_DJI_0020_frame156.jpg,1,1,1,0,0,0.000000,False
Karkkila,Karkkila\karkkila_DJI_0020_frame157.jpg,1,1,1,0,0,0.000000,False
Karkkila,Karkkila\karkkila_DJI_0020_frame158.jpg,1,1,1,0,0,0.000000,False
Karkkila,Karkkila\karkkila_DJI_0020_frame159.jpg,1,1,1,0,0,0.000000,False
Karkkila,Karkkila\karkkila_DJI_0020_frame160.jpg,1,1,1,0,0,0.000000,False
Karkkila,Karkkila\karkkila_DJI_0020_frame161.jpg,1,1,1,0,0,0.000000,False
Karkkila,Karkkila\karkkila_DJI_0020_frame162.jpg,1,1,1,0,0,0.000000,False
Karkkila,Karkkila\karkkila_DJI_0020_frame163.jpg,1,1,1,0,0,0.000000,False
Karkkila,Karkkila\karkkila_DJI_0020_frame30.jpg,1,1,1,0,0,0.000000,False
Karkkila,Karkkila\karkkila_DJI_0020_frame31.jpg,1,1,1,0,0,0.000000,False
Karkkila,Karkkila\karkkila_DJI_0020_frame32.jpg,1,1,1,0,0,0.000000,False
Karkkila,Karkkila\karkkila_DJI_0020_frame33.jpg,1,1,1,0,0,0.000000,False
Karkkila,Karkkila\karkkila_DJI_0020_frame34.jpg,1,1,1,0,0,0.000000,False
Karkkila,Karkkila\karkkila_DJI_0020_frame35.jpg,1,1,1,0,0,0.000000,False
Karkkila,Karkkila\karkkila_DJI_0020_frame36.jpg,1,1,1,0,0,0.000000,False
Karkkila,Karkkila\karkkila_DJI_0020_frame37.jpg,1,1,1,0,0,0.000000,False
Karkkila,Karkkila\karkkila_DJI_0020_frame38.jpg,1,1,1,0,0,0.000000,False
Karkkila,Karkkila\karkkila_DJI_0020_frame39.jpg,1,1,1,0,0,0.000000,False
Karkkila,Karkkila\karkkila_DJI_0020_frame40.jpg,1,1,1,0,0,0.000000,False
Karkkila,Karkkila\karkkila_DJI_0020_frame41.jpg,1,1,1,0,0,0.000000,False
Karkkila,Karkkila\karkkila_DJI_0020_frame42.jpg,1,1,1,0,0,0.000000,False
Karkkila,Karkkila\karkkila_DJI_0020_frame43.jpg,1,1,1,0,0,0.000000,False
Karkkila,Karkkila\karkkila_DJI_0020_frame44.jpg,1,1,1,0,0,0.000000,False
Karkkila,Karkkila\karkkila_DJI_0020_frame45.jpg,1,1,1,0,0,0.000000,False
Karkkila,Karkkila\karkkila_DJI_0020_frame46.jpg,1,1,1,0,0,0.000000,False
Karkkila,Karkkila\karkkila_DJI_0020_frame47.jpg,1,1,1,0,0,0.000000,False
Karkkila,Karkkila\karkkila_DJI_0020_frame48.jpg,1,1,1,0,0,0.000000,False
Karkkila,Karkkila\karkkila_DJI_0020_frame49.jpg,1,1,1,0,0,0.000000,False
Karkkila,Karkkila\karkkila_DJI_0020_frame50.jpg,1,1,1,0,0,0.000000,False
Karkkila,Karkkila\karkkila_DJI_0020_frame51.jpg,1,1,1,0,0,0.000000,False
Karkkila,Karkkila\karkkila_DJI_0020_frame52.jpg,1,1,1,0,0,0.000000,False
Karkkila,Karkkila\karkkila_DJI_0020_frame53.jpg,1,1,1,0,0,0.000000,False
Karkkila,Karkkila\karkkila_DJI_0020_frame54.jpg,1,1,1,0,0,0.000000,False
Karkkila,Karkkila\karkkila_DJI_0020_frame55.jpg,1,1,1,0,0,0.000000,False
Karkkila,Karkkila\karkkila_DJI_0020_frame56.jpg,1,1,1,0,0,0.000000,False
Karkkila,Karkkila\karkkila_DJI_0020_frame57.jpg,1,1,1,0,0,0.000000,False
Karkkila,Karkkila\karkkila_DJI_0020_frame58.jpg,1,1,1,0,0,0.000000,False
Karkkila,Karkkila\karkkila_DJI_0020_frame59.jpg,1,1,1,0,0,0.000000,False
Karkkila,Karkkila\karkkila_DJI_0020_frame60.jpg,1,1,1,0,0,0.000000,False
Karkkila,Karkkila\karkkila_DJI_0020_frame61.jpg,1,1,1,0,0,0.000000,False
Karkkila,Karkkila\karkkila_DJI_0020_frame62.jpg,1,1,1,0,0,0.000000,False
Karkkila,Karkkila\karkkila_DJI_0020_frame63.jpg,1,1,1,0,0,0.000000,False
Karkkila,Karkkila\karkkila_DJI_0020_frame64.jpg,1,1,1,0,0,0.000000,False
Karkkila,Karkkila\karkkila_DJI_0020_frame65.jpg,1,1,1,0,0,0.000000,False
Karkkila,Karkkila\karkkila_DJI_0020_frame66.jpg,1,1,1,0,0,0.000000,False
Karkkila,Karkkila\karkkila_DJI_0020_frame67.jpg,1,1,1,0,0,0.000000,False
Karkkila,Karkkila\karkkila_DJI_0020_frame68.jpg,1,1,1,0,0,0.000000,False
Karkkila,Karkkila\karkkila_DJI_0020_frame69.jpg,1,1,1,0,0,0.000000,False
Karkkila,Karkkila\karkkila_DJI_0020_frame70.jpg,1,1,1,0,0,0.000000,False
Karkkila,Karkkila\karkkila_DJI_0020_frame71.jpg,1,1,1,0,0,0.000000,False
Karkkila,Karkkila\karkkila_DJI_0020_frame72.jpg,1,1,1,0,0,0.000000,False
Karkkila,Karkkila\karkkila_DJI_0020_frame73.jpg,1,1,1,0,0,0.000000,False
Karkkila,Karkkila\karkkila_DJI_0020_frame74.jpg,1,1,1,0,0,0.000000,False
Karkkila,Karkkila\karkkila_DJI_0020_frame75.jpg,1,1,1,0,0,0.000000,False
Karkkila,Karkkila\karkkila_DJI_0020_frame76.jpg,1,1,1,0,0,0.000000,False
Karkkila,Karkkila\karkkila_DJI_0020_frame77.jpg,1,1,1,0,0,0.000000,False
Karkkila,Karkkila\karkkila_DJI_0020_frame78.jpg,1,1,1,0,0,0.000000,False
Karkkila,Karkkila\karkkila_DJI_0020_frame79.jpg,1,1,1,0,0,0.000000,False
Karkkila,Karkkila\karkkila_DJI_0020_frame80.jpg,1,1,1,0,0,0.000000,False
Karkkila,Karkkila\karkkila_DJI_0020_frame81.jpg,1,1,1,0,0,0.000000,False
Karkkila,Karkkila\karkkila_DJI_0020_frame82.jpg,1,1,1,0,0,0.000000,False
Karkkila,Karkkila\karkkila_DJI_0020_frame83.jpg,1,1,1,0,0,0.000000,False
Karkkila,Karkkila\karkkila_DJI_0020_frame84.jpg,1,1,1,0,0,0.000000,False
Karkkila,Karkkila\karkkila_DJI_0020_frame85.jpg,1,1,1,0,0,0.000000,False
Karkkila,Karkkila\karkkila_DJI_0020_frame86.jpg,1,1,1,0,0,0.000000,False
Karkkila,Karkkila\karkkila_DJI_0020_frame87.jpg,1,1,1,0,0,0.000000,False
Karkkila,Karkkila\karkkila_DJI_0020_frame88.jpg,1,1,1,0,0,0.000000,False
Karkkila,Karkkila\karkkila_DJI_0020_frame89.jpg,1,1,1,0,0,0.000000,False
Karkkila,Karkkila\karkkila_DJI_0020_frame90.jpg,1,1,1,0,0,0.000000,False
Karkkila,Karkkila\karkkila_DJI_0020_frame91.jpg,1,1,1,0,0,0.000000,False
Karkkila,Karkkila\karkkila_DJI_0020_frame92.jpg,1,1,1,0,0,0.000000,False
Karkkila,Karkkila\karkkila_DJI_0020_frame93.jpg,1,1,1,0,0,0.000000,False
Karkkila,Karkkila\karkkila_DJI_0020_frame94.jpg,1,1,1,0,0,0.000000,False
Karkkila,Karkkila\karkkila_DJI_0020_frame95.jpg,1,1,1,0,0,0.000000,False
Karkkila,Karkkila\karkkila_DJI_0020_frame96.jpg,1,1,1,0,0,0.000000,False
Karkkila,Karkkila\karkkila_DJI_0020_frame97.jpg,1,1,1,0,0,0.000000,False
Karkkila,Karkkila\karkkila_DJI_0020_frame98.jpg,1,1,1,0,0,0.000000,False
Karkkila,Karkkila\karkkila_DJI_0020_frame99.jpg,1,1,1,0,0,0.000000,False
Ruokolahti,Ruokolahti\ruokolahti_DJI_0080_frame0.jpg,1,0,0,0,1,0.000000,False
Ruokolahti,Ruokolahti\ruokolahti_DJI_0080_frame1.jpg,1,0,0,0,1,0.000000,False
Ruokolahti,Ruokolahti\ruokolahti_DJI_0080_frame10.jpg,1,0,0,0,1,0.000000,False
Ruokolahti,Ruokolahti\ruokolahti_DJI_0080_frame100.jpg,1,1,1,0,0,0.000000,False
Ruokolahti,Ruokolahti\ruokolahti_DJI_0080_frame101.jpg,1,1,1,0,0,0.000000,False
Ruokolahti,Ruokolahti\ruokolahti_DJI_0080_frame102.jpg,1,1,1,0,0,0.000000,False
Ruokolahti,Ruokolahti\ruokolahti_DJI_0080_frame103.jpg,1,1,1,0,0,0.000000,False
Ruokolahti,Ruokolahti\ruokolahti_DJI_0080_frame104.jpg,1,1,1,0,0,0.000000,False
Ruokolahti,Ruokolahti\ruokolahti_DJI_0080_frame105.jpg,1,1,1,0,0,0.000000,False
Ruokolahti,Ruokolahti\ruokolahti_DJI_0080_frame106.jpg,1,1,1,0,0,0.000000,False
Ruokolahti,Ruokolahti\ruokolahti_DJI_0080_frame107.jpg,1,1,1,0,0,0.000000,False
Ruokolahti,Ruokolahti\ruokolahti_DJI_0080_frame108.jpg,1,1,1,0,0,0.000000,False
Ruokolahti,Ruokolahti\ruokolahti_DJI_0080_frame109.jpg,1,1,1,0,0,0.000000,False
Ruokolahti,Ruokolahti\ruokolahti_DJI_0080_frame11.jpg,1,0,0,0,1,0.000000,False
Ruokolahti,Ruokolahti\ruokolahti_DJI_0080_frame110.jpg,1,1,1,0,0,0.000000,False
Ruokolahti,Ruokolahti\ruokolahti_DJI_0080_frame111.jpg,1,1,1,0,0,0.000000,False
Ruokolahti,Ruokolahti\ruokolahti_DJI_0080_frame112.jpg,1,1,1,0,0,0.000000,False
Ruokolahti,Ruokolahti\ruokolahti_DJI_0080_frame113.jpg,1,1,1,0,0,0.000000,False
Ruokolahti,Ruokolahti\ruokolahti_DJI_0080_frame114.jpg,1,1,1,0,0,0.000000,False
Ruokolahti,Ruokolahti\ruokolahti_DJI_0080_frame115.jpg,1,1,1,0,0,0.000000,False
Ruokolahti,Ruokolahti\ruokolahti_DJI_0080_frame116.jpg,1,1,1,0,0,0.000000,False
Ruokolahti,Ruokolahti\ruokolahti_DJI_0080_frame117.jpg,1,1,1,0,0,0.000000,False
Ruokolahti,Ruokolahti\ruokolahti_DJI_0080_frame118.jpg,1,1,1,0,0,0.000000,False
Ruokolahti,Ruokolahti\ruokolahti_DJI_0080_frame119.jpg,1,1,1,0,0,0.000000,False
Ruokolahti,Ruokolahti\ruokolahti_DJI_0080_frame12.jpg,1,1,1,0,0,0.000000,False
Ruokolahti,Ruokolahti\ruokolahti_DJI_0080_frame120.jpg,1,1,1,0,0,0.000000,False
Ruokolahti,Ruokolahti\ruokolahti_DJI_0080_frame121.jpg,1,1,1,0,0,0.000000,False
Ruokolahti,Ruokolahti\ruokolahti_DJI_0080_frame122.jpg,1,1,1,0,0,0.000000,False
Ruokolahti,Ruokolahti\ruokolahti_DJI_0080_frame123.jpg,1,1,1,0,0,0.000000,False
Ruokolahti,Ruokolahti\ruokolahti_DJI_0080_frame124.jpg,1,1,1,0,0,0.000000,False
Ruokolahti,Ruokolahti\ruokolahti_DJI_0080_frame125.jpg,1,1,1,0,0,0.000000,False
Ruokolahti,Ruokolahti\ruokolahti_DJI_0080_frame126.jpg,1,1,1,0,0,0.000000,False
Ruokolahti,Ruokolahti\ruokolahti_DJI_0080_frame127.jpg,1,1,1,0,0,0.000000,False
Ruokolahti,Ruokolahti\ruokolahti_DJI_0080_frame128.jpg,1,1,1,0,0,0.000000,False
Ruokolahti,Ruokolahti\ruokolahti_DJI_0080_frame129.jpg,1,1,1,0,0,0.000000,False
Ruokolahti,Ruokolahti\ruokolahti_DJI_0080_frame13.jpg,1,1,1,0,0,0.000000,False
Ruokolahti,Ruokolahti\ruokolahti_DJI_0080_frame130.jpg,1,1,1,0,0,0.000000,False
Ruokolahti,Ruokolahti\ruokolahti_DJI_0080_frame131.jpg,1,1,1,0,0,0.000000,False
Ruokolahti,Ruokolahti\ruokolahti_DJI_0080_frame132.jpg,1,1,1,0,0,0.000000,False
Ruokolahti,Ruokolahti\ruokolahti_DJI_0080_frame133.jpg,1,1,1,0,0,0.000000,False
Ruokolahti,Ruokolahti\ruokolahti_DJI_0080_frame134.jpg,1,1,1,0,0,0.000000,False
Ruokolahti,Ruokolahti\ruokolahti_DJI_0080_frame135.jpg,1,1,1,0,0,0.000000,False
Ruokolahti,Ruokolahti\ruokolahti_DJI_0080_frame136.jpg,1,1,1,0,0,0.000000,False
Ruokolahti,Ruokolahti\ruokolahti_DJI_0080_frame137.jpg,1,1,1,0,0,0.000000,False
Ruokolahti,Ruokolahti\ruokolahti_DJI_0080_frame138.jpg,1,1,1,0,0,0.000000,False
Ruokolahti,Ruokolahti\ruokolahti_DJI_0080_frame139.jpg,1,1,1,0,0,0.000000,False
Ruokolahti,Ruokolahti\ruokolahti_DJI_0080_frame14.jpg,1,1,1,0,0,0.000000,False
Ruokolahti,Ruokolahti\ruokolahti_DJI_0080_frame140.jpg,1,1,1,0,0,0.000000,False
Ruokolahti,Ruokolahti\ruokolahti_DJI_0080_frame141.jpg,1,1,1,0,0,0.000000,False
Ruokolahti,Ruokolahti\ruokolahti_DJI_0080_frame142.jpg,1,1,1,0,0,0.000000,False
Ruokolahti,Ruokolahti\ruokolahti_DJI_0080_frame143.jpg,1,1,1,0,0,0.000000,False
Ruokolahti,Ruokolahti\ruokolahti_DJI_0080_frame144.jpg,1,1,1,0,0,0.000000,False
Ruokolahti,Ruokolahti\ruokolahti_DJI_0080_frame145.jpg,1,1,1,0,0,0.000000,False
Ruokolahti,Ruokolahti\ruokolahti_DJI_0080_frame146.jpg,1,1,1,0,0,0.000000,False
Ruokolahti,Ruokolahti\ruokolahti_DJI_0080_frame147.jpg,1,1,1,0,0,0.000000,False
Ruokolahti,Ruokolahti\ruokolahti_DJI_0080_frame148.jpg,1,1,1,0,0,0.000000,False
Ruokolahti,Ruokolahti\ruokolahti_DJI_0080_frame149.jpg,1,1,1,0,0,0.000000,False
Ruokolahti,Ruokolahti\ruokolahti_DJI_0080_frame15.jpg,1,1,1,0,0,0.000000,False
Ruokolahti,Ruokolahti\ruokolahti_DJI_0080_frame150.jpg,1,1,1,0,0,0.000000,False
Ruokolahti,Ruokolahti\ruokolahti_DJI_0080_frame151.jpg,1,1,1,0,0,0.000000,False
Ruokolahti,Ruokolahti\ruokolahti_DJI_0080_frame152.jpg,1,1,1,0,0,0.000000,False
Ruokolahti,Ruokolahti\ruokolahti_DJI_0080_frame153.jpg,1,1,1,0,0,0.000000,False
Ruokolahti,Ruokolahti\ruokolahti_DJI_0080_frame154.jpg,1,1,1,0,0,0.000000,False
Ruokolahti,Ruokolahti\ruokolahti_DJI_0080_frame155.jpg,1,1,1,0,0,0.000000,False
Ruokolahti,Ruokolahti\ruokolahti_DJI_0080_frame156.jpg,1,1,1,0,0,0.000000,False
Ruokolahti,Ruokolahti\ruokolahti_DJI_0080_frame157.jpg,1,1,1,0,0,0.000000,False
Ruokolahti,Ruokolahti\ruokolahti_DJI_0080_frame158.jpg,1,1,1,0,0,0.000000,False
Ruokolahti,Ruokolahti\ruokolahti_DJI_0080_frame159.jpg,1,1,1,0,0,0.000000,False
Ruokolahti,Ruokolahti\ruokolahti_DJI_0080_frame16.jpg,1,1,1,0,0,0.000000,False
Ruokolahti,Ruokolahti\ruokolahti_DJI_0080_frame160.jpg,1,1,1,0,0,0.000000,False
Ruokolahti,Ruokolahti\ruokolahti_DJI_0080_frame161.jpg,1,1,1,0,0,0.000000,False
Ruokolahti,Ruokolahti\ruokolahti_DJI_0080_frame162.jpg,1,1,1,0,0,0.000000,False
Ruokolahti,Ruokolahti\ruokolahti_DJI_0080_frame163.jpg,1,1,1,0,0,0.000000,False
Ruokolahti,Ruokolahti\ruokolahti_DJI_0080_frame164.jpg,1,1,1,0,0,0.000000,False
Ruokolahti,Ruokolahti\ruokolahti_DJI_0080_frame165.jpg,1,1,1,0,0,0.000000,False
Ruokolahti,Ruokolahti\ruokolahti_DJI_0080_frame166.jpg,1,1,1,0,0,0.000000,False
Ruokolahti,Ruokolahti\ruokolahti_DJI_0080_frame167.jpg,1,1,1,0,0,0.000000,False
Ruokolahti,Ruokolahti\ruokolahti_DJI_0080_frame168.jpg,1,1,1,0,0,0.000000,False
Ruokolahti,Ruokolahti\ruokolahti_DJI_0080_frame169.jpg,1,1,1,0,0,0.000000,False
Ruokolahti,Ruokolahti\ruokolahti_DJI_0080_frame17.jpg,1,1,1,0,0,0.000000,False
Ruokolahti,Ruokolahti\ruokolahti_DJI_0080_frame170.jpg,1,1,1,0,0,0.000000,False
Ruokolahti,Ruokolahti\ruokolahti_DJI_0080_frame171.jpg,1,1,1,0,0,0.000000,False
Ruokolahti,Ruokolahti\ruokolahti_DJI_0080_frame172.jpg,1,1,1,0,0,0.000000,False
Ruokolahti,Ruokolahti\ruokolahti_DJI_0080_frame173.jpg,1,1,1,0,0,0.000000,False
Ruokolahti,Ruokolahti\ruokolahti_DJI_0080_frame174.jpg,1,1,1,0,0,0.000000,False
Ruokolahti,Ruokolahti\ruokolahti_DJI_0080_frame175.jpg,1,1,1,0,0,0.000000,False
Ruokolahti,Ruokolahti\ruokolahti_DJI_0080_frame176.jpg,1,1,1,0,0,0.000000,False
Ruokolahti,Ruokolahti\ruokolahti_DJI_0080_frame177.jpg,1,1,1,0,0,0.000000,False
Ruokolahti,Ruokolahti\ruokolahti_DJI_0080_frame178.jpg,1,1,1,0,0,0.000000,False
Ruokolahti,Ruokolahti\ruokolahti_DJI_0080_frame179.jpg,1,1,1,0,0,0.000000,False
Ruokolahti,Ruokolahti\ruokolahti_DJI_0080_frame18.jpg,1,1,1,0,0,0.000000,False
Ruokolahti,Ruokolahti\ruokolahti_DJI_0080_frame180.jpg,1,1,1,0,0,0.000000,False
Ruokolahti,Ruokolahti\ruokolahti_DJI_0080_frame181.jpg,1,1,1,0,0,0.000000,False
Ruokolahti,Ruokolahti\ruokolahti_DJI_0080_frame182.jpg,1,1,1,0,0,0.000000,False
Ruokolahti,Ruokolahti\ruokolahti_DJI_0080_frame183.jpg,1,1,1,0,0,0.000000,False
Ruokolahti,Ruokolahti\ruokolahti_DJI_0080_frame184.jpg,1,1,1,0,0,0.000000,False
Ruokolahti,Ruokolahti\ruokolahti_DJI_0080_frame185.jpg,1,1,1,0,0,0.000000,False
Ruokolahti,Ruokolahti\ruokolahti_DJI_0080_frame186.jpg,1,1,1,0,0,0.000000,False
Ruokolahti,Ruokolahti\ruokolahti_DJI_0080_frame187.jpg,1,1,1,0,0,0.000000,False
Ruokolahti,Ruokolahti\ruokolahti_DJI_0080_frame188.jpg,1,1,1,0,0,0.000000,False
Ruokolahti,Ruokolahti\ruokolahti_DJI_0080_frame189.jpg,1,1,1,0,0,0.000000,False
Ruokolahti,Ruokolahti\ruokolahti_DJI_0080_frame19.jpg,1,1,1,0,0,0.000000,False
Ruokolahti,Ruokolahti\ruokolahti_DJI_0080_frame190.jpg,1,1,1,0,0,0.000000,False
Ruokolahti,Ruokolahti\ruokolahti_DJI_0080_frame191.jpg,1,1,1,0,0,0.000000,False
Ruokolahti,Ruokolahti\ruokolahti_DJI_0080_frame192.jpg,1,1,1,0,0,0.000000,False
Ruokolahti,Ruokolahti\ruokolahti_DJI_0080_frame193.jpg,1,1,1,0,0,0.000000,False
Ruokolahti,Ruokolahti\ruokolahti_DJI_0080_frame194.jpg,1,1,1,0,0,0.000000,False
Ruokolahti,Ruokolahti\ruokolahti_DJI_0080_frame195.jpg,1,1,1,0,0,0.000000,False
Ruokolahti,Ruokolahti\ruokolahti_DJI_0080_frame196.jpg,1,1,1,0,0,0.000000,False
Ruokolahti,Ruokolahti\ruokolahti_DJI_0080_frame197.jpg,1,1,1,0,0,0.000000,False
Ruokolahti,Ruokolahti\ruokolahti_DJI_0080_frame198.jpg,1,1,1,0,0,0.000000,False
Ruokolahti,Ruokolahti\ruokolahti_DJI_0080_frame199.jpg,1,1,1,0,0,0.000000,False
Ruokolahti,Ruokolahti\ruokolahti_DJI_0080_frame2.jpg,1,0,0,0,1,0.000000,False
Ruokolahti,Ruokolahti\ruokolahti_DJI_0080_frame20.jpg,1,1,1,0,0,0.000000,False
Ruokolahti,Ruokolahti\ruokolahti_DJI_0080_frame200.jpg,1,1,1,0,0,0.000000,False
Ruokolahti,Ruokolahti\ruokolahti_DJI_0080_frame201.jpg,1,1,1,0,0,0.000000,False
Ruokolahti,Ruokolahti\ruokolahti_DJI_0080_frame202.jpg,1,1,1,0,0,0.000000,False
Ruokolahti,Ruokolahti\ruokolahti_DJI_0080_frame203.jpg,1,1,1,0,0,0.000000,False
Ruokolahti,Ruokolahti\ruokolahti_DJI_0080_frame204.jpg,1,1,1,0,0,0.000000,False
Ruokolahti,Ruokolahti\ruokolahti_DJI_0080_frame205.jpg,1,1,1,0,0,0.000000,False
Ruokolahti,Ruokolahti\ruokolahti_DJI_0080_frame206.jpg,1,1,1,0,0,0.000000,False
Ruokolahti,Ruokolahti\ruokolahti_DJI_0080_frame207.jpg,1,1,1,0,0,0.000000,False
Ruokolahti,Ruokolahti\ruokolahti_DJI_0080_frame208.jpg,1,1,1,0,0,0.000000,False
Ruokolahti,Ruokolahti\ruokolahti_DJI_0080_frame209.jpg,1,1,1,0,0,0.000000,False
Ruokolahti,Ruokolahti\ruokolahti_DJI_0080_frame21.jpg,1,1,1,0,0,0.000000,False
Ruokolahti,Ruokolahti\ruokolahti_DJI_0080_frame210.jpg,1,1,1,0,0,0.000000,False
Ruokolahti,Ruokolahti\ruokolahti_DJI_0080_frame211.jpg,1,1,1,0,0,0.000000,False
Ruokolahti,Ruokolahti\ruokolahti_DJI_0080_frame212.jpg,1,1,1,0,0,0.000000,False
Ruokolahti,Ruokolahti\ruokolahti_DJI_0080_frame213.jpg,1,1,1,0,0,0.000000,False
Ruokolahti,Ruokolahti\ruokolahti_DJI_0080_frame214.jpg,1,1,1,0,0,0.000000,False
Ruokolahti,Ruokolahti\ruokolahti_DJI_0080_frame215.jpg,1,1,1,0,0,0.000000,False
Ruokolahti,Ruokolahti\ruokolahti_DJI_0080_frame216.jpg,1,1,1,0,0,0.000000,False
Ruokolahti,Ruokolahti\ruokolahti_DJI_0080_frame217.jpg,1,1,1,0,0,0.000000,False
Ruokolahti,Ruokolahti\ruokolahti_DJI_0080_frame218.jpg,1,1,1,0,0,0.000000,False
Ruokolahti,Ruokolahti\ruokolahti_DJI_0080_frame219.jpg,1,1,1,0,0,0.000000,False
Ruokolahti,Ruokolahti\ruokolahti_DJI_0080_frame22.jpg,1,1,1,0,0,0.000000,False
Ruokolahti,Ruokolahti\ruokolahti_DJI_0080_frame220.jpg,1,1,1,0,0,0.000000,False
Ruokolahti,Ruokolahti\ruokolahti_DJI_0080_frame221.jpg,1,1,1,0,0,0.000000,False
Ruokolahti,Ruokolahti\ruokolahti_DJI_0080_frame222.jpg,1,1,1,0,0,0.000000,False
Ruokolahti,Ruokolahti\ruokolahti_DJI_0080_frame223.jpg,1,1,1,0,0,0.000000,False
Ruokolahti,Ruokolahti\ruokolahti_DJI_0080_frame224.jpg,1,1,1,0,0,0.000000,False
Ruokolahti,Ruokolahti\ruokolahti_DJI_0080_frame225.jpg,1,1,1,0,0,0.000000,False
Ruokolahti,Ruokolahti\ruokolahti_DJI_0080_frame226.jpg,1,1,1,0,0,0.000000,False
Ruokolahti,Ruokolahti\ruokolahti_DJI_0080_frame227.jpg,1,1,1,0,0,0.000000,False
Ruokolahti,Ruokolahti\ruokolahti_DJI_0080_frame228.jpg,1,1,1,0,0,0.000000,False
Ruokolahti,Ruokolahti\ruokolahti_DJI_0080_frame229.jpg,1,1,1,0,0,0.000000,False
Ruokolahti,Ruokolahti\ruokolahti_DJI_0080_frame23.jpg,1,1,1,0,0,0.000000,False
Ruokolahti,Ruokolahti\ruokolahti_DJI_0080_frame230.jpg,1,1,1,0,0,0.000000,False
Ruokolahti,Ruokolahti\ruokolahti_DJI_0080_frame231.jpg,1,1,1,0,0,0.000000,False
Ruokolahti,Ruokolahti\ruokolahti_DJI_0080_frame232.jpg,1,1,1,0,0,0.000000,False
Ruokolahti,Ruokolahti\ruokolahti_DJI_0080_frame233.jpg,1,1,1,0,0,0.000000,False
Ruokolahti,Ruokolahti\ruokolahti_DJI_0080_frame234.jpg,1,1,1,0,0,0.000000,False
Ruokolahti,Ruokolahti\ruokolahti_DJI_0080_frame235.jpg,1,1,1,0,0,0.000000,False
Ruokolahti,Ruokolahti\ruokolahti_DJI_0080_frame236.jpg,1,1,1,0,0,0.000000,False
Ruokolahti,Ruokolahti\ruokolahti_DJI_0080_frame237.jpg,1,1,1,0,0,0.000000,False
Ruokolahti,Ruokolahti\ruokolahti_DJI_0080_frame238.jpg,1,1,1,0,0,0.000000,False
Ruokolahti,Ruokolahti\ruokolahti_DJI_0080_frame239.jpg,1,1,1,0,0,0.000000,False
Ruokolahti,Ruokolahti\ruokolahti_DJI_0080_frame24.jpg,1,1,1,0,0,0.000000,False
Ruokolahti,Ruokolahti\ruokolahti_DJI_0080_frame240.jpg,1,1,1,0,0,0.000000,False
Ruokolahti,Ruokolahti\ruokolahti_DJI_0080_frame241.jpg,1,1,1,0,0,0.000000,False
Ruokolahti,Ruokolahti\ruokolahti_DJI_0080_frame242.jpg,1,1,1,0,0,0.000000,False
Ruokolahti,Ruokolahti\ruokolahti_DJI_0080_frame243.jpg,1,1,1,0,0,0.000000,False
Ruokolahti,Ruokolahti\ruokolahti_DJI_0080_frame244.jpg,1,1,1,0,0,0.000000,False
Ruokolahti,Ruokolahti\ruokolahti_DJI_0080_frame245.jpg,1,1,1,0,0,0.000000,False
Ruokolahti,Ruokolahti\ruokolahti_DJI_0080_frame246.jpg,1,1,1,0,0,0.000000,False
Ruokolahti,Ruokolahti\ruokolahti_DJI_0080_frame247.jpg,1,1,1,0,0,0.000000,False
Ruokolahti,Ruokolahti\ruokolahti_DJI_0080_frame248.jpg,1,1,1,0,0,0.000000,False
Ruokolahti,Ruokolahti\ruokolahti_DJI_0080_frame249.jpg,1,1,1,0,0,0.000000,False
Ruokolahti,Ruokolahti\ruokolahti_DJI_0080_frame25.jpg,1,1,1,0,0,0.000000,False
Ruokolahti,Ruokolahti\ruokolahti_DJI_0080_frame250.jpg,1,1,1,0,0,0.000000,False
Ruokolahti,Ruokolahti\ruokolahti_DJI_0080_frame251.jpg,1,1,1,0,0,0.000000,False
Ruokolahti,Ruokolahti\ruokolahti_DJI_0080_frame252.jpg,11,1,1,0,10,0.000000,False
Ruokolahti,Ruokolahti\ruokolahti_DJI_0080_frame253.jpg,1,1,1,0,0,0.000000,False
Ruokolahti,Ruokolahti\ruokolahti_DJI_0080_frame254.jpg,1,1,1,0,0,0.000000,False
Ruokolahti,Ruokolahti\ruokolahti_DJI_0080_frame255.jpg,1,1,1,0,0,0.000000,False
Ruokolahti,Ruokolahti\ruokolahti_DJI_0080_frame256.jpg,1,1,1,0,0,0.000000,False
Ruokolahti,Ruokolahti\ruokolahti_DJI_0080_frame257.jpg,1,1,1,0,0,0.000000,False
Ruokolahti,Ruokolahti\ruokolahti_DJI_0080_frame258.jpg,1,1,1,0,0,0.000000,False
Ruokolahti,Ruokolahti\ruokolahti_DJI_0080_frame259.jpg,1,1,1,0,0,0.000000,False
Ruokolahti,Ruokolahti\ruokolahti_DJI_0080_frame26.jpg,1,1,1,0,0,0.000000,False
Ruokolahti,Ruokolahti\ruokolahti_DJI_0080_frame260.jpg,7,1,1,0,6,0.000000,False
Ruokolahti,Ruokolahti\ruokolahti_DJI_0080_frame261.jpg,1,1,1,0,0,0.000000,False
Ruokolahti,Ruokolahti\ruokolahti_DJI_0080_frame262.jpg,1,1,1,0,0,0.000000,False
Ruokolahti,Ruokolahti\ruokolahti_DJI_0080_frame263.jpg,1,1,1,0,0,0.000000,False
Ruokolahti,Ruokolahti\ruokolahti_DJI_0080_frame264.jpg,1,1,1,0,0,0.000000,False
Ruokolahti,Ruokolahti\ruokolahti_DJI_0080_frame265.jpg,1,1,1,0,0,0.000000,False
Ruokolahti,Ruokolahti\ruokolahti_DJI_0080_frame266.jpg,1,1,1,0,0,0.000000,False
Ruokolahti,Ruokolahti\ruokolahti_DJI_0080_frame267.jpg,1,1,1,0,0,0.000000,False
Ruokolahti,Ruokolahti\ruokolahti_DJI_0080_frame268.jpg,1,1,1,0,0,0.000000,False
Ruokolahti,Ruokolahti\ruokolahti_DJI_0080_frame269.jpg,1,1,1,0,0,0.000000,False
Ruokolahti,Ruokolahti\ruokolahti_DJI_0080_frame27.jpg,1,1,1,0,0,0.000000,False
Ruokolahti,Ruokolahti\ruokolahti_DJI_0080_frame270.jpg,1,1,1,0,0,0.000000,False
Ruokolahti,Ruokolahti\ruokolahti_DJI_0080_frame271.jpg,1,1,1,0,0,0.000000,False
Ruokolahti,Ruokolahti\ruokolahti_DJI_0080_frame272.jpg,1,1,1,0,0,0.000000,False
Ruokolahti,Ruokolahti\ruokolahti_DJI_0080_frame273.jpg,1,1,1,0,0,0.000000,False
Ruokolahti,Ruokolahti\ruokolahti_DJI_0080_frame274.jpg,1,1,1,0,0,0.000000,False
Ruokolahti,Ruokolahti\ruokolahti_DJI_0080_frame275.jpg,1,1,1,0,0,0.000000,False
Ruokolahti,Ruokolahti\ruokolahti_DJI_0080_frame276.jpg,1,1,1,0,0,0.000000,False
Ruokolahti,Ruokolahti\ruokolahti_DJI_0080_frame277.jpg,1,1,1,0,0,0.000000,False
Ruokolahti,Ruokolahti\ruokolahti_DJI_0080_frame278.jpg,1,1,1,0,0,0.000000,False
Ruokolahti,Ruokolahti\ruokolahti_DJI_0080_frame279.jpg,1,1,1,0,0,0.000000,False
Ruokolahti,Ruokolahti\ruokolahti_DJI_0080_frame28.jpg,1,1,1,0,0,0.000000,False
Ruokolahti,Ruokolahti\ruokolahti_DJI_0080_frame280.jpg,1,1,1,0,0,0.000000,False
Ruokolahti,Ruokolahti\ruokolahti_DJI_0080_frame281.jpg,1,1,1,0,0,0.000000,False
Ruokolahti,Ruokolahti\ruokolahti_DJI_0080_frame282.jpg,1,1,1,0,0,0.000000,False
Ruokolahti,Ruokolahti\ruokolahti_DJI_0080_frame283.jpg,1,1,1,0,0,0.000000,False
Ruokolahti,Ruokolahti\ruokolahti_DJI_0080_frame284.jpg,1,1,1,0,0,0.000000,False
Ruokolahti,Ruokolahti\ruokolahti_DJI_0080_frame285.jpg,1,1,1,0,0,0.000000,False
Ruokolahti,Ruokolahti\ruokolahti_DJI_0080_frame286.jpg,1,1,1,0,0,0.000000,False
Ruokolahti,Ruokolahti\ruokolahti_DJI_0080_frame287.jpg,1,1,1,0,0,0.000000,False
Ruokolahti,Ruokolahti\ruokolahti_DJI_0080_frame288.jpg,1,1,1,0,0,0.000000,False
Ruokolahti,Ruokolahti\ruokolahti_DJI_0080_frame289.jpg,1,1,1,0,0,0.000000,False
Ruokolahti,Ruokolahti\ruokolahti_DJI_0080_frame29.jpg,1,1,1,0,0,0.000000,False
Ruokolahti,Ruokolahti\ruokolahti_DJI_0080_frame290.jpg,1,1,1,0,0,0.000000,False
Ruokolahti,Ruokolahti\ruokolahti_DJI_0080_frame291.jpg,1,1,1,0,0,0.000000,False
Ruokolahti,Ruokolahti\ruokolahti_DJI_0080_frame292.jpg,1,1,1,0,0,0.000000,False
Ruokolahti,Ruokolahti\ruokolahti_DJI_0080_frame293.jpg,1,1,1,0,0,0.000000,False
Ruokolahti,Ruokolahti\ruokolahti_DJI_0080_frame294.jpg,11,1,1,0,10,0.000000,False
Ruokolahti,Ruokolahti\ruokolahti_DJI_0080_frame295.jpg,1,1,1,0,0,0.000000,False
Ruokolahti,Ruokolahti\ruokolahti_DJI_0080_frame296.jpg,1,1,1,0,0,0.000000,False
Ruokolahti,Ruokolahti\ruokolahti_DJI_0080_frame297.jpg,1,1,1,0,0,0.000000,False
Ruokolahti,Ruokolahti\ruokolahti_DJI_0080_frame298.jpg,1,1,1,0,0,0.000000,False
Ruokolahti,Ruokolahti\ruokolahti_DJI_0080_frame299.jpg,1,1,1,0,0,0.000000,False
Ruokolahti,Ruokolahti\ruokolahti_DJI_0080_frame3.jpg,1,0,0,0,1,0.000000,False
Ruokolahti,Ruokolahti\ruokolahti_DJI_0080_frame30.jpg,1,1,1,0,0,0.000000,False
Ruokolahti,Ruokolahti\ruokolahti_DJI_0080_frame300.jpg,9,1,1,0,8,0.000000,False
Ruokolahti,Ruokolahti\ruokolahti_DJI_0080_frame301.jpg,1,1,1,0,0,0.000000,False
Ruokolahti,Ruokolahti\ruokolahti_DJI_0080_frame302.jpg,8,1,1,0,7,0.000000,False
Ruokolahti,Ruokolahti\ruokolahti_DJI_0080_frame303.jpg,1,1,1,0,0,0.000000,False
Ruokolahti,Ruokolahti\ruokolahti_DJI_0080_frame304.jpg,1,1,1,0,0,0.000000,False
Ruokolahti,Ruokolahti\ruokolahti_DJI_0080_frame305.jpg,1,1,1,0,0,0.000000,False
Ruokolahti,Ruokolahti\ruokolahti_DJI_0080_frame306.jpg,1,1,1,0,0,0.000000,False
Ruokolahti,Ruokolahti\ruokolahti_DJI_0080_frame307.jpg,1,1,1,0,0,0.000000,False
Ruokolahti,Ruokolahti\ruokolahti_DJI_0080_frame308.jpg,1,1,1,0,0,0.000000,False
Ruokolahti,Ruokolahti\ruokolahti_DJI_0080_frame309.jpg,1,1,1,0,0,0.000000,False
Ruokolahti,Ruokolahti\ruokolahti_DJI_0080_frame31.jpg,1,1,1,0,0,0.000000,False
Ruokolahti,Ruokolahti\ruokolahti_DJI_0080_frame310.jpg,1,1,1,0,0,0.000000,False
Ruokolahti,Ruokolahti\ruokolahti_DJI_0080_frame311.jpg,1,1,1,0,0,0.000000,False
Ruokolahti,Ruokolahti\ruokolahti_DJI_0080_frame312.jpg,1,1,1,0,0,0.000000,False
Ruokolahti,Ruokolahti\ruokolahti_DJI_0080_frame313.jpg,1,1,1,0,0,0.000000,False
Ruokolahti,Ruokolahti\ruokolahti_DJI_0080_frame314.jpg,1,1,1,0,0,0.000000,False
Ruokolahti,Ruokolahti\ruokolahti_DJI_0080_frame315.jpg,1,1,1,0,0,0.000000,False
Ruokolahti,Ruokolahti\ruokolahti_DJI_0080_frame316.jpg,1,1,1,0,0,0.000000,False
Ruokolahti,Ruokolahti\ruokolahti_DJI_0080_frame317.jpg,1,1,1,0,0,0.000000,False
Ruokolahti,Ruokolahti\ruokolahti_DJI_0080_frame318.jpg,1,1,1,0,0,0.000000,False
Ruokolahti,Ruokolahti\ruokolahti_DJI_0080_frame319.jpg,1,1,1,0,0,0.000000,False
Ruokolahti,Ruokolahti\ruokolahti_DJI_0080_frame32.jpg,1,1,1,0,0,0.000000,False
Ruokolahti,Ruokolahti\ruokolahti_DJI_0080_frame320.jpg,1,1,1,0,0,0.000000,False
Ruokolahti,Ruokolahti\ruokolahti_DJI_0080_frame321.jpg,1,1,1,0,0,0.000000,False
Ruokolahti,Ruokolahti\ruokolahti_DJI_0080_frame322.jpg,1,1,1,0,0,0.000000,False
Ruokolahti,Ruokolahti\ruokolahti_DJI_0080_frame323.jpg,1,1,1,0,0,0.000000,False
Ruokolahti,Ruokolahti\ruokolahti_DJI_0080_frame324.jpg,1,1,1,0,0,0.000000,False
Ruokolahti,Ruokolahti\ruokolahti_DJI_0080_frame325.jpg,1,1,1,0,0,0.000000,False
Ruokolahti,Ruokolahti\ruokolahti_DJI_0080_frame326.jpg,1,1,1,0,0,0.000000,False
Ruokolahti,Ruokolahti\ruokolahti_DJI_0080_frame327.jpg,1,1,1,0,0,0.000000,False
Ruokolahti,Ruokolahti\ruokolahti_DJI_0080_frame328.jpg,1,1,1,0,0,0.000000,False
Ruokolahti,Ruokolahti\ruokolahti_DJI_0080_frame329.jpg,1,1,1,0,0,0.000000,False
Ruokolahti,Ruokolahti\ruokolahti_DJI_0080_frame33.jpg,1,1,1,0,0,0.000000,False
Ruokolahti,Ruokolahti\ruokolahti_DJI_0080_frame330.jpg,1,1,1,0,0,0.000000,False
Ruokolahti,Ruokolahti\ruokolahti_DJI_0080_frame331.jpg,1,1,1,0,0,0.000000,False
Ruokolahti,Ruokolahti\ruokolahti_DJI_0080_frame332.jpg,1,1,1,0,0,0.000000,False
Ruokolahti,Ruokolahti\ruokolahti_DJI_0080_frame333.jpg,1,1,1,0,0,0.000000,False
Ruokolahti,Ruokolahti\ruokolahti_DJI_0080_frame334.jpg,1,1,1,0,0,0.000000,False
Ruokolahti,Ruokolahti\ruokolahti_DJI_0080_frame335.jpg,1,1,1,0,0,0.000000,False
Ruokolahti,Ruokolahti\ruokolahti_DJI_0080_frame336.jpg,1,1,1,0,0,0.000000,False
Ruokolahti,Ruokolahti\ruokolahti_DJI_0080_frame337.jpg,1,1,1,0,0,0.000000,False
Ruokolahti,Ruokolahti\ruokolahti_DJI_0080_frame338.jpg,1,1,1,0,0,0.000000,False
Ruokolahti,Ruokolahti\ruokolahti_DJI_0080_frame339.jpg,1,1,1,0,0,0.000000,False
Ruokolahti,Ruokolahti\ruokolahti_DJI_0080_frame34.jpg,1,1,1,0,0,0.000000,False
Ruokolahti,Ruokolahti\ruokolahti_DJI_0080_frame340.jpg,1,1,1,0,0,0.000000,False
Ruokolahti,Ruokolahti\ruokolahti_DJI_0080_frame35.jpg,1,1,1,0,0,0.000000,False
Ruokolahti,Ruokolahti\ruokolahti_DJI_0080_frame36.jpg,1,1,1,0,0,0.000000,False
Ruokolahti,Ruokolahti\ruokolahti_DJI_0080_frame37.jpg,1,1,1,0,0,0.000000,False
Ruokolahti,Ruokolahti\ruokolahti_DJI_0080_frame38.jpg,1,1,1,0,0,0.000000,False
Ruokolahti,Ruokolahti\ruokolahti_DJI_0080_frame39.jpg,1,1,1,0,0,0.000000,False
Ruokolahti,Ruokolahti\ruokolahti_DJI_0080_frame4.jpg,1,0,0,0,1,0.000000,False
Ruokolahti,Ruokolahti\ruokolahti_DJI_0080_frame40.jpg,1,1,1,0,0,0.000000,False
Ruokolahti,Ruokolahti\ruokolahti_DJI_0080_frame41.jpg,1,1,1,0,0,0.000000,False
Ruokolahti,Ruokolahti\ruokolahti_DJI_0080_frame42.jpg,1,1,1,0,0,0.000000,False
Ruokolahti,Ruokolahti\ruokolahti_DJI_0080_frame43.jpg,1,1,1,0,0,0.000000,False
Ruokolahti,Ruokolahti\ruokolahti_DJI_0080_frame44.jpg,1,1,1,0,0,0.000000,False
Ruokolahti,Ruokolahti\ruokolahti_DJI_0080_frame45.jpg,1,1,1,0,0,0.000000,False
Ruokolahti,Ruokolahti\ruokolahti_DJI_0080_frame46.jpg,1,1,1,0,0,0.000000,False
Ruokolahti,Ruokolahti\ruokolahti_DJI_0080_frame47.jpg,1,1,1,0,0,0.000000,False
Ruokolahti,Ruokolahti\ruokolahti_DJI_0080_frame48.jpg,1,1,1,0,0,0.000000,False
Ruokolahti,Ruokolahti\ruokolahti_DJI_0080_frame49.jpg,1,1,1,0,0,0.000000,False
Ruokolahti,Ruokolahti\ruokolahti_DJI_0080_frame5.jpg,1,0,0,0,1,0.000000,False
Ruokolahti,Ruokolahti\ruokolahti_DJI_0080_frame50.jpg,1,1,1,0,0,0.000000,False
Ruokolahti,Ruokolahti\ruokolahti_DJI_0080_frame51.jpg,1,1,1,0,0,0.000000,False
Ruokolahti,Ruokolahti\ruokolahti_DJI_0080_frame52.jpg,1,1,1,0,0,0.000000,False
Ruokolahti,Ruokolahti\ruokolahti_DJI_0080_frame53.jpg,1,1,1,0,0,0.000000,False
Ruokolahti,Ruokolahti\ruokolahti_DJI_0080_frame54.jpg,1,1,1,0,0,0.000000,False
Ruokolahti,Ruokolahti\ruokolahti_DJI_0080_frame55.jpg,1,1,1,0,0,0.000000,False
Ruokolahti,Ruokolahti\ruokolahti_DJI_0080_frame56.jpg,1,1,1,0,0,0.000000,False
Ruokolahti,Ruokolahti\ruokolahti_DJI_0080_frame57.jpg,1,1,1,0,0,0.000000,False
Ruokolahti,Ruokolahti\ruokolahti_DJI_0080_frame58.jpg,1,1,1,0,0,0.000000,False
Ruokolahti,Ruokolahti\ruokolahti_DJI_0080_frame59.jpg,1,1,1,0,0,0.000000,False
Ruokolahti,Ruokolahti\ruokolahti_DJI_0080_frame6.jpg,4,0,0,0,4,0.000000,False
Ruokolahti,Ruokolahti\ruokolahti_DJI_0080_frame60.jpg,1,1,1,0,0,0.000000,False
Ruokolahti,Ruokolahti\ruokolahti_DJI_0080_frame61.jpg,1,1,1,0,0,0.000000,False
Ruokolahti,Ruokolahti\ruokolahti_DJI_0080_frame62.jpg,1,1,1,0,0,0.000000,False
Ruokolahti,Ruokolahti\ruokolahti_DJI_0080_frame63.jpg,1,1,1,0,0,0.000000,False
Ruokolahti,Ruokolahti\ruokolahti_DJI_0080_frame64.jpg,1,1,1,0,0,0.000000,False
Ruokolahti,Ruokolahti\ruokolahti_DJI_0080_frame65.jpg,1,1,1,0,0,0.000000,False
Ruokolahti,Ruokolahti\ruokolahti_DJI_0080_frame66.jpg,1,1,1,0,0,0.000000,False
Ruokolahti,Ruokolahti\ruokolahti_DJI_0080_frame67.jpg,1,1,1,0,0,0.000000,False
Ruokolahti,Ruokolahti\ruokolahti_DJI_0080_frame68.jpg,1,1,1,0,0,0.000000,False
Ruokolahti,Ruokolahti\ruokolahti_DJI_0080_frame69.jpg,1,1,1,0,0,0.000000,False
Ruokolahti,Ruokolahti\ruokolahti_DJI_0080_frame7.jpg,1,0,0,0,1,0.000000,False
Ruokolahti,Ruokolahti\ruokolahti_DJI_0080_frame70.jpg,1,1,1,0,0,0.000000,False
Ruokolahti,Ruokolahti\ruokolahti_DJI_0080_frame71.jpg,1,1,1,0,0,0.000000,False
Ruokolahti,Ruokolahti\ruokolahti_DJI_0080_frame72.jpg,1,1,1,0,0,0.000000,False
Ruokolahti,Ruokolahti\ruokolahti_DJI_0080_frame73.jpg,1,1,1,0,0,0.000000,False
Ruokolahti,Ruokolahti\ruokolahti_DJI_0080_frame74.jpg,1,1,1,0,0,0.000000,False
Ruokolahti,Ruokolahti\ruokolahti_DJI_0080_frame75.jpg,1,1,1,0,0,0.000000,False
Ruokolahti,Ruokolahti\ruokolahti_DJI_0080_frame76.jpg,1,1,1,0,0,0.000000,False
Ruokolahti,Ruokolahti\ruokolahti_DJI_0080_frame77.jpg,1,1,1,0,0,0.000000,False
Ruokolahti,Ruokolahti\ruokolahti_DJI_0080_frame78.jpg,1,1,1,0,0,0.000000,False
Ruokolahti,Ruokolahti\ruokolahti_DJI_0080_frame79.jpg,1,1,1,0,0,0.000000,False
Ruokolahti,Ruokolahti\ruokolahti_DJI_0080_frame8.jpg,1,0,0,0,1,0.000000,False
Ruokolahti,Ruokolahti\ruokolahti_DJI_0080_frame80.jpg,1,1,1,0,0,0.000000,False
Ruokolahti,Ruokolahti\ruokolahti_DJI_0080_frame81.jpg,1,1,1,0,0,0.000000,False
Ruokolahti,Ruokolahti\ruokolahti_DJI_0080_frame82.jpg,1,1,1,0,0,0.000000,False
Ruokolahti,Ruokolahti\ruokolahti_DJI_0080_frame83.jpg,1,1,1,0,0,0.000000,False
Ruokolahti,Ruokolahti\ruokolahti_DJI_0080_frame84.jpg,1,1,1,0,0,0.000000,False
Ruokolahti,Ruokolahti\ruokolahti_DJI_0080_frame85.jpg,1,1,1,0,0,0.000000,False
Ruokolahti,Ruokolahti\ruokolahti_DJI_0080_frame86.jpg,1,1,1,0,0,0.000000,False
Ruokolahti,Ruokolahti\ruokolahti_DJI_0080_frame87.jpg,1,1,1,0,0,0.000000,False
Ruokolahti,Ruokolahti\ruokolahti_DJI_0080_frame88.jpg,1,1,1,0,0,0.000000,False
Ruokolahti,Ruokolahti\ruokolahti_DJI_0080_frame89.jpg,1,1,1,0,0,0.000000,False
Ruokolahti,Ruokolahti\ruokolahti_DJI_0080_frame9.jpg,1,0,0,0,1,0.000000,False
Ruokolahti,Ruokolahti\ruokolahti_DJI_0080_frame90.jpg,1,1,1,0,0,0.000000,False
Ruokolahti,Ruokolahti\ruokolahti_DJI_0080_frame91.jpg,1,1,1,0,0,0.000000,False
Ruokolahti,Ruokolahti\ruokolahti_DJI_0080_frame92.jpg,9,1,1,0,8,0.000000,False
Ruokolahti,Ruokolahti\ruokolahti_DJI_0080_frame93.jpg,1,1,1,0,0,0.000000,False
Ruokolahti,Ruokolahti\ruokolahti_DJI_0080_frame94.jpg,1,1,1,0,0,0.000000,False
Ruokolahti,Ruokolahti\ruokolahti_DJI_0080_frame95.jpg,1,1,1,0,0,0.000000,False
Ruokolahti,Ruokolahti\ruokolahti_DJI_0080_frame96.jpg,1,1,1,0,0,0.000000,False
Ruokolahti,Ruokolahti\ruokolahti_DJI_0080_frame97.jpg,1,1,1,0,0,0.000000,False
Ruokolahti,Ruokolahti\ruokolahti_DJI_0080_frame98.jpg,1,1,1,0,0,0.000000,False
Ruokolahti,Ruokolahti\ruokolahti_DJI_0080_frame99.jpg,1,1,1,0,0,0.000000,False
Ruokolahti,Ruokolahti\ruokolahti_DJI_0081_frame0.jpg,1,1,1,0,0,0.000000,False
Ruokolahti,Ruokolahti\ruokolahti_DJI_0081_frame1.jpg,1,1,1,0,0,0.000000,False
Ruokolahti,Ruokolahti\ruokolahti_DJI_0081_frame10.jpg,1,1,1,0,0,0.000000,False
Ruokolahti,Ruokolahti\ruokolahti_DJI_0081_frame100.jpg,1,1,1,0,0,0.000000,False
Ruokolahti,Ruokolahti\ruokolahti_DJI_0081_frame101.jpg,1,1,1,0,0,0.000000,False
Ruokolahti,Ruokolahti\ruokolahti_DJI_0081_frame102.jpg,1,1,1,0,0,0.000000,False
Ruokolahti,Ruokolahti\ruokolahti_DJI_0081_frame103.jpg,1,1,1,0,0,0.000000,False
Ruokolahti,Ruokolahti\ruokolahti_DJI_0081_frame104.jpg,1,1,1,0,0,0.000000,False
Ruokolahti,Ruokolahti\ruokolahti_DJI_0081_frame105.jpg,1,1,1,0,0,0.000000,False
Ruokolahti,Ruokolahti\ruokolahti_DJI_0081_frame106.jpg,1,1,1,0,0,0.000000,False
Ruokolahti,Ruokolahti\ruokolahti_DJI_0081_frame107.jpg,1,1,1,0,0,0.000000,False
Ruokolahti,Ruokolahti\ruokolahti_DJI_0081_frame108.jpg,1,1,1,0,0,0.000000,False
Ruokolahti,Ruokolahti\ruokolahti_DJI_0081_frame109.jpg,1,1,1,0,0,0.000000,False
Ruokolahti,Ruokolahti\ruokolahti_DJI_0081_frame11.jpg,1,1,1,0,0,0.000000,False
Ruokolahti,Ruokolahti\ruokolahti_DJI_0081_frame110.jpg,1,1,1,0,0,0.000000,False
Ruokolahti,Ruokolahti\ruokolahti_DJI_0081_frame111.jpg,1,1,1,0,0,0.000000,False
Ruokolahti,Ruokolahti\ruokolahti_DJI_0081_frame112.jpg,1,1,1,0,0,0.000000,False
Ruokolahti,Ruokolahti\ruokolahti_DJI_0081_frame113.jpg,1,1,1,0,0,0.000000,False
Ruokolahti,Ruokolahti\ruokolahti_DJI_0081_frame114.jpg,1,1,1,0,0,0.000000,False
Ruokolahti,Ruokolahti\ruokolahti_DJI_0081_frame115.jpg,1,1,1,0,0,0.000000,False
Ruokolahti,Ruokolahti\ruokolahti_DJI_0081_frame116.jpg,1,1,1,0,0,0.000000,False
Ruokolahti,Ruokolahti\ruokolahti_DJI_0081_frame117.jpg,1,1,1,0,0,0.000000,False
Ruokolahti,Ruokolahti\ruokolahti_DJI_0081_frame118.jpg,1,1,1,0,0,0.000000,False
Ruokolahti,Ruokolahti\ruokolahti_DJI_0081_frame119.jpg,8,1,1,0,7,0.000000,False
Ruokolahti,Ruokolahti\ruokolahti_DJI_0081_frame12.jpg,1,1,1,0,0,0.000000,False
Ruokolahti,Ruokolahti\ruokolahti_DJI_0081_frame120.jpg,1,1,1,0,0,0.000000,False
Ruokolahti,Ruokolahti\ruokolahti_DJI_0081_frame121.jpg,1,1,1,0,0,0.000000,False
Ruokolahti,Ruokolahti\ruokolahti_DJI_0081_frame122.jpg,1,1,1,0,0,0.000000,False
Ruokolahti,Ruokolahti\ruokolahti_DJI_0081_frame123.jpg,1,1,1,0,0,0.000000,False
Ruokolahti,Ruokolahti\ruokolahti_DJI_0081_frame124.jpg,1,1,1,0,0,0.000000,False
Ruokolahti,Ruokolahti\ruokolahti_DJI_0081_frame125.jpg,1,1,1,0,0,0.000000,False
Ruokolahti,Ruokolahti\ruokolahti_DJI_0081_frame126.jpg,1,1,1,0,0,0.000000,False
Ruokolahti,Ruokolahti\ruokolahti_DJI_0081_frame127.jpg,1,1,1,0,0,0.000000,False
Ruokolahti,Ruokolahti\ruokolahti_DJI_0081_frame13.jpg,1,1,1,0,0,0.000000,False
Ruokolahti,Ruokolahti\ruokolahti_DJI_0081_frame14.jpg,1,1,1,0,0,0.000000,False
Ruokolahti,Ruokolahti\ruokolahti_DJI_0081_frame15.jpg,1,1,1,0,0,0.000000,False
Ruokolahti,Ruokolahti\ruokolahti_DJI_0081_frame16.jpg,1,1,1,0,0,0.000000,False
Ruokolahti,Ruokolahti\ruokolahti_DJI_0081_frame17.jpg,1,1,1,0,0,0.000000,False
Ruokolahti,Ruokolahti\ruokolahti_DJI_0081_frame18.jpg,1,1,1,0,0,0.000000,False
Ruokolahti,Ruokolahti\ruokolahti_DJI_0081_frame19.jpg,1,1,1,0,0,0.000000,False
Ruokolahti,Ruokolahti\ruokolahti_DJI_0081_frame2.jpg,1,1,1,0,0,0.000000,False
Ruokolahti,Ruokolahti\ruokolahti_DJI_0081_frame20.jpg,1,1,1,0,0,0.000000,False
Ruokolahti,Ruokolahti\ruokolahti_DJI_0081_frame21.jpg,1,1,1,0,0,0.000000,False
Ruokolahti,Ruokolahti\ruokolahti_DJI_0081_frame22.jpg,1,1,1,0,0,0.000000,False
Ruokolahti,Ruokolahti\ruokolahti_DJI_0081_frame23.jpg,1,1,1,0,0,0.000000,False
Ruokolahti,Ruokolahti\ruokolahti_DJI_0081_frame24.jpg,1,1,1,0,0,0.000000,False
Ruokolahti,Ruokolahti\ruokolahti_DJI_0081_frame25.jpg,1,1,1,0,0,0.000000,False
Ruokolahti,Ruokolahti\ruokolahti_DJI_0081_frame26.jpg,1,1,1,0,0,0.000000,False
Ruokolahti,Ruokolahti\ruokolahti_DJI_0081_frame27.jpg,1,1,1,0,0,0.000000,False
Ruokolahti,Ruokolahti\ruokolahti_DJI_0081_frame28.jpg,1,1,1,0,0,0.000000,False
Ruokolahti,Ruokolahti\ruokolahti_DJI_0081_frame29.jpg,1,1,1,0,0,0.000000,False
Ruokolahti,Ruokolahti\ruokolahti_DJI_0081_frame3.jpg,1,1,1,0,0,0.000000,False
Ruokolahti,Ruokolahti\ruokolahti_DJI_0081_frame30.jpg,1,1,1,0,0,0.000000,False
Ruokolahti,Ruokolahti\ruokolahti_DJI_0081_frame31.jpg,1,1,1,0,0,0.000000,False
Ruokolahti,Ruokolahti\ruokolahti_DJI_0081_frame32.jpg,1,1,1,0,0,0.000000,False
Ruokolahti,Ruokolahti\ruokolahti_DJI_0081_frame33.jpg,1,1,1,0,0,0.000000,False
Ruokolahti,Ruokolahti\ruokolahti_DJI_0081_frame34.jpg,1,1,1,0,0,0.000000,False
Ruokolahti,Ruokolahti\ruokolahti_DJI_0081_frame35.jpg,1,1,1,0,0,0.000000,False
Ruokolahti,Ruokolahti\ruokolahti_DJI_0081_frame36.jpg,1,1,1,0,0,0.000000,False
Ruokolahti,Ruokolahti\ruokolahti_DJI_0081_frame37.jpg,1,1,1,0,0,0.000000,False
Ruokolahti,Ruokolahti\ruokolahti_DJI_0081_frame38.jpg,1,1,1,0,0,0.000000,False
Ruokolahti,Ruokolahti\ruokolahti_DJI_0081_frame39.jpg,1,1,1,0,0,0.000000,False
Ruokolahti,Ruokolahti\ruokolahti_DJI_0081_frame4.jpg,1,1,1,0,0,0.000000,False
Ruokolahti,Ruokolahti\ruokolahti_DJI_0081_frame40.jpg,1,1,1,0,0,0.000000,False
Ruokolahti,Ruokolahti\ruokolahti_DJI_0081_frame41.jpg,1,1,1,0,0,0.000000,False
Ruokolahti,Ruokolahti\ruokolahti_DJI_0081_frame42.jpg,1,1,1,0,0,0.000000,False
Ruokolahti,Ruokolahti\ruokolahti_DJI_0081_frame43.jpg,1,1,1,0,0,0.000000,False
Ruokolahti,Ruokolahti\ruokolahti_DJI_0081_frame44.jpg,1,1,1,0,0,0.000000,False
Ruokolahti,Ruokolahti\ruokolahti_DJI_0081_frame45.jpg,1,1,1,0,0,0.000000,False
Ruokolahti,Ruokolahti\ruokolahti_DJI_0081_frame46.jpg,1,1,1,0,0,0.000000,False
Ruokolahti,Ruokolahti\ruokolahti_DJI_0081_frame47.jpg,1,1,1,0,0,0.000000,False
Ruokolahti,Ruokolahti\ruokolahti_DJI_0081_frame48.jpg,1,1,1,0,0,0.000000,False
Ruokolahti,Ruokolahti\ruokolahti_DJI_0081_frame49.jpg,1,1,1,0,0,0.000000,False
Ruokolahti,Ruokolahti\ruokolahti_DJI_0081_frame5.jpg,1,1,1,0,0,0.000000,False
Ruokolahti,Ruokolahti\ruokolahti_DJI_0081_frame50.jpg,1,1,1,0,0,0.000000,False
Ruokolahti,Ruokolahti\ruokolahti_DJI_0081_frame51.jpg,1,1,1,0,0,0.000000,False
Ruokolahti,Ruokolahti\ruokolahti_DJI_0081_frame52.jpg,1,1,1,0,0,0.000000,False
Ruokolahti,Ruokolahti\ruokolahti_DJI_0081_frame53.jpg,1,1,1,0,0,0.000000,False
Ruokolahti,Ruokolahti\ruokolahti_DJI_0081_frame54.jpg,1,1,1,0,0,0.000000,False
Ruokolahti,Ruokolahti\ruokolahti_DJI_0081_frame55.jpg,1,1,1,0,0,0.000000,False
Ruokolahti,Ruokolahti\ruokolahti_DJI_0081_frame56.jpg,1,1,1,0,0,0.000000,False
Ruokolahti,Ruokolahti\ruokolahti_DJI_0081_frame57.jpg,1,1,1,0,0,0.000000,False
Ruokolahti,Ruokolahti\ruokolahti_DJI_0081_frame58.jpg,1,1,1,0,0,0.000000,False
Ruokolahti,Ruokolahti\ruokolahti_DJI_0081_frame59.jpg,1,1,1,0,0,0.000000,False
Ruokolahti,Ruokolahti\ruokolahti_DJI_0081_frame6.jpg,1,1,1,0,0,0.000000,False
Ruokolahti,Ruokolahti\ruokolahti_DJI_0081_frame60.jpg,1,1,1,0,0,0.000000,False
Ruokolahti,Ruokolahti\ruokolahti_DJI_0081_frame61.jpg,1,1,1,0,0,0.000000,False
Ruokolahti,Ruokolahti\ruokolahti_DJI_0081_frame62.jpg,1,1,1,0,0,0.000000,False
Ruokolahti,Ruokolahti\ruokolahti_DJI_0081_frame63.jpg,1,1,1,0,0,0.000000,False
Ruokolahti,Ruokolahti\ruokolahti_DJI_0081_frame64.jpg,1,1,1,0,0,0.000000,False
Ruokolahti,Ruokolahti\ruokolahti_DJI_0081_frame65.jpg,1,1,1,0,0,0.000000,False
Ruokolahti,Ruokolahti\ruokolahti_DJI_0081_frame66.jpg,1,1,1,0,0,0.000000,False
Ruokolahti,Ruokolahti\ruokolahti_DJI_0081_frame67.jpg,1,1,1,0,0,0.000000,False
Ruokolahti,Ruokolahti\ruokolahti_DJI_0081_frame68.jpg,1,1,1,0,0,0.000000,False
Ruokolahti,Ruokolahti\ruokolahti_DJI_0081_frame69.jpg,1,1,1,0,0,0.000000,False
Ruokolahti,Ruokolahti\ruokolahti_DJI_0081_frame7.jpg,1,1,1,0,0,0.000000,False
Ruokolahti,Ruokolahti\ruokolahti_DJI_0081_frame70.jpg,1,1,1,0,0,0.000000,False
Ruokolahti,Ruokolahti\ruokolahti_DJI_0081_frame71.jpg,1,1,1,0,0,0.000000,False
Ruokolahti,Ruokolahti\ruokolahti_DJI_0081_frame72.jpg,1,1,1,0,0,0.000000,False
Ruokolahti,Ruokolahti\ruokolahti_DJI_0081_frame73.jpg,1,1,1,0,0,0.000000,False
Ruokolahti,Ruokolahti\ruokolahti_DJI_0081_frame74.jpg,1,1,1,0,0,0.000000,False
Ruokolahti,Ruokolahti\ruokolahti_DJI_0081_frame75.jpg,1,1,1,0,0,0.000000,False
Ruokolahti,Ruokolahti\ruokolahti_DJI_0081_frame76.jpg,1,1,1,0,0,0.000000,False
Ruokolahti,Ruokolahti\ruokolahti_DJI_0081_frame77.jpg,1,1,1,0,0,0.000000,False
Ruokolahti,Ruokolahti\ruokolahti_DJI_0081_frame78.jpg,1,1,1,0,0,0.000000,False
Ruokolahti,Ruokolahti\ruokolahti_DJI_0081_frame79.jpg,1,1,1,0,0,0.000000,False
Ruokolahti,Ruokolahti\ruokolahti_DJI_0081_frame8.jpg,1,1,1,0,0,0.000000,False
Ruokolahti,Ruokolahti\ruokolahti_DJI_0081_frame80.jpg,1,1,1,0,0,0.000000,False
Ruokolahti,Ruokolahti\ruokolahti_DJI_0081_frame81.jpg,1,1,1,0,0,0.000000,False
Ruokolahti,Ruokolahti\ruokolahti_DJI_0081_frame82.jpg,1,1,1,0,0,0.000000,False
Ruokolahti,Ruokolahti\ruokolahti_DJI_0081_frame83.jpg,1,1,1,0,0,0.000000,False
Ruokolahti,Ruokolahti\ruokolahti_DJI_0081_frame84.jpg,1,1,1,0,0,0.000000,False
Ruokolahti,Ruokolahti\ruokolahti_DJI_0081_frame85.jpg,1,1,1,0,0,0.000000,False
Ruokolahti,Ruokolahti\ruokolahti_DJI_0081_frame86.jpg,1,1,1,0,0,0.000000,False
Ruokolahti,Ruokolahti\ruokolahti_DJI_0081_frame87.jpg,1,1,1,0,0,0.000000,False
Ruokolahti,Ruokolahti\ruokolahti_DJI_0081_frame88.jpg,1,1,1,0,0,0.000000,False
Ruokolahti,Ruokolahti\ruokolahti_DJI_0081_frame89.jpg,1,1,1,0,0,0.000000,False
Ruokolahti,Ruokolahti\ruokolahti_DJI_0081_frame9.jpg,1,1,1,0,0,0.000000,False
Ruokolahti,Ruokolahti\ruokolahti_DJI_0081_frame90.jpg,1,1,1,0,0,0.000000,False
Ruokolahti,Ruokolahti\ruokolahti_DJI_0081_frame91.jpg,1,1,1,0,0,0.000000,False
Ruokolahti,Ruokolahti\ruokolahti_DJI_0081_frame92.jpg,1,1,1,0,0,0.000000,False
Ruokolahti,Ruokolahti\ruokolahti_DJI_0081_frame93.jpg,1,1,1,0,0,0.000000,False
Ruokolahti,Ruokolahti\ruokolahti_DJI_0081_frame94.jpg,1,1,1,0,0,0.000000,False
Ruokolahti,Ruokolahti\ruokolahti_DJI_0081_frame95.jpg,1,1,1,0,0,0.000000,False
Ruokolahti,Ruokolahti\ruokolahti_DJI_0081_frame96.jpg,1,1,1,0,0,0.000000,False
Ruokolahti,Ruokolahti\ruokolahti_DJI_0081_frame97.jpg,1,1,1,0,0,0.000000,False
Ruokolahti,Ruokolahti\ruokolahti_DJI_0081_frame98.jpg,1,1,1,0,0,0.000000,False
Ruokolahti,Ruokolahti\ruokolahti_DJI_0081_frame99.jpg,1,1,1,0,0,0.000000,False
Ruokolahti,Ruokolahti\ruokolahti_DJI_0082_frame0.jpg,1,1,1,0,0,0.000000,False
Ruokolahti,Ruokolahti\ruokolahti_DJI_0082_frame1.jpg,1,1,1,0,0,0.000000,False
Ruokolahti,Ruokolahti\ruokolahti_DJI_0082_frame10.jpg,1,1,1,0,0,0.000000,False
Ruokolahti,Ruokolahti\ruokolahti_DJI_0082_frame11.jpg,1,1,1,0,0,0.000000,False
Ruokolahti,Ruokolahti\ruokolahti_DJI_0082_frame12.jpg,1,1,1,0,0,0.000000,False
Ruokolahti,Ruokolahti\ruokolahti_DJI_0082_frame13.jpg,1,1,1,0,0,0.000000,False
Ruokolahti,Ruokolahti\ruokolahti_DJI_0082_frame14.jpg,1,1,1,0,0,0.000000,False
Ruokolahti,Ruokolahti\ruokolahti_DJI_0082_frame15.jpg,1,1,1,0,0,0.000000,False
Ruokolahti,Ruokolahti\ruokolahti_DJI_0082_frame16.jpg,1,1,1,0,0,0.000000,False
Ruokolahti,Ruokolahti\ruokolahti_DJI_0082_frame17.jpg,1,1,1,0,0,0.000000,False
Ruokolahti,Ruokolahti\ruokolahti_DJI_0082_frame18.jpg,1,1,1,0,0,0.000000,False
Ruokolahti,Ruokolahti\ruokolahti_DJI_0082_frame19.jpg,1,1,1,0,0,0.000000,False
Ruokolahti,Ruokolahti\ruokolahti_DJI_0082_frame2.jpg,1,1,1,0,0,0.000000,False
Ruokolahti,Ruokolahti\ruokolahti_DJI_0082_frame20.jpg,1,1,1,0,0,0.000000,False
Ruokolahti,Ruokolahti\ruokolahti_DJI_0082_frame21.jpg,1,1,1,0,0,0.000000,False
Ruokolahti,Ruokolahti\ruokolahti_DJI_0082_frame22.jpg,1,1,1,0,0,0.000000,False
Ruokolahti,Ruokolahti\ruokolahti_DJI_0082_frame23.jpg,1,1,1,0,0,0.000000,False
Ruokolahti,Ruokolahti\ruokolahti_DJI_0082_frame24.jpg,1,1,1,0,0,0.000000,False
Ruokolahti,Ruokolahti\ruokolahti_DJI_0082_frame25.jpg,1,1,1,0,0,0.000000,False
Ruokolahti,Ruokolahti\ruokolahti_DJI_0082_frame26.jpg,1,1,1,0,0,0.000000,False
Ruokolahti,Ruokolahti\ruokolahti_DJI_0082_frame27.jpg,1,1,1,0,0,0.000000,False
Ruokolahti,Ruokolahti\ruokolahti_DJI_0082_frame28.jpg,1,1,1,0,0,0.000000,False
Ruokolahti,Ruokolahti\ruokolahti_DJI_0082_frame29.jpg,1,1,1,0,0,0.000000,False
Ruokolahti,Ruokolahti\ruokolahti_DJI_0082_frame3.jpg,1,1,1,0,0,0.000000,False
Ruokolahti,Ruokolahti\ruokolahti_DJI_0082_frame30.jpg,1,1,1,0,0,0.000000,False
Ruokolahti,Ruokolahti\ruokolahti_DJI_0082_frame31.jpg,1,1,1,0,0,0.000000,False
Ruokolahti,Ruokolahti\ruokolahti_DJI_0082_frame32.jpg,1,1,1,0,0,0.000000,False
Ruokolahti,Ruokolahti\ruokolahti_DJI_0082_frame33.jpg,1,1,1,0,0,0.000000,False
Ruokolahti,Ruokolahti\ruokolahti_DJI_0082_frame34.jpg,1,1,1,0,0,0.000000,False
Ruokolahti,Ruokolahti\ruokolahti_DJI_0082_frame35.jpg,1,1,1,0,0,0.000000,False
Ruokolahti,Ruokolahti\ruokolahti_DJI_0082_frame36.jpg,1,1,1,0,0,0.000000,False
Ruokolahti,Ruokolahti\ruokolahti_DJI_0082_frame37.jpg,1,1,1,0,0,0.000000,False
Ruokolahti,Ruokolahti\ruokolahti_DJI_0082_frame38.jpg,1,1,1,0,0,0.000000,False
Ruokolahti,Ruokolahti\ruokolahti_DJI_0082_frame39.jpg,1,1,1,0,0,0.000000,False
Ruokolahti,Ruokolahti\ruokolahti_DJI_0082_frame4.jpg,1,1,1,0,0,0.000000,False
Ruokolahti,Ruokolahti\ruokolahti_DJI_0082_frame40.jpg,1,1,1,0,0,0.000000,False
Ruokolahti,Ruokolahti\ruokolahti_DJI_0082_frame41.jpg,1,1,1,0,0,0.000000,False
Ruokolahti,Ruokolahti\ruokolahti_DJI_0082_frame42.jpg,1,1,1,0,0,0.000000,False
Ruokolahti,Ruokolahti\ruokolahti_DJI_0082_frame43.jpg,1,1,1,0,0,0.000000,False
Ruokolahti,Ruokolahti\ruokolahti_DJI_0082_frame44.jpg,1,1,1,0,0,0.000000,False
Ruokolahti,Ruokolahti\ruokolahti_DJI_0082_frame45.jpg,1,1,1,0,0,0.000000,False
Ruokolahti,Ruokolahti\ruokolahti_DJI_0082_frame46.jpg,1,1,1,0,0,0.000000,False
Ruokolahti,Ruokolahti\ruokolahti_DJI_0082_frame47.jpg,1,1,1,0,0,0.000000,False
Ruokolahti,Ruokolahti\ruokolahti_DJI_0082_frame48.jpg,1,1,1,0,0,0.000000,False
Ruokolahti,Ruokolahti\ruokolahti_DJI_0082_frame49.jpg,1,1,1,0,0,0.000000,False
Ruokolahti,Ruokolahti\ruokolahti_DJI_0082_frame5.jpg,1,1,1,0,0,0.000000,False
Ruokolahti,Ruokolahti\ruokolahti_DJI_0082_frame50.jpg,1,1,1,0,0,0.000000,False
Ruokolahti,Ruokolahti\ruokolahti_DJI_0082_frame51.jpg,1,1,1,0,0,0.000000,False
Ruokolahti,Ruokolahti\ruokolahti_DJI_0082_frame52.jpg,1,1,1,0,0,0.000000,False
Ruokolahti,Ruokolahti\ruokolahti_DJI_0082_frame53.jpg,1,1,1,0,0,0.000000,False
Ruokolahti,Ruokolahti\ruokolahti_DJI_0082_frame54.jpg,1,1,1,0,0,0.000000,False
Ruokolahti,Ruokolahti\ruokolahti_DJI_0082_frame55.jpg,1,1,1,0,0,0.000000,False
Ruokolahti,Ruokolahti\ruokolahti_DJI_0082_frame56.jpg,1,1,1,0,0,0.000000,False
Ruokolahti,Ruokolahti\ruokolahti_DJI_0082_frame57.jpg,1,1,1,0,0,0.000000,False
Ruokolahti,Ruokolahti\ruokolahti_DJI_0082_frame58.jpg,1,1,1,0,0,0.000000,False
Ruokolahti,Ruokolahti\ruokolahti_DJI_0082_frame59.jpg,1,1,1,0,0,0.000000,False
Ruokolahti,Ruokolahti\ruokolahti_DJI_0082_frame6.jpg,1,1,1,0,0,0.000000,False
Ruokolahti,Ruokolahti\ruokolahti_DJI_0082_frame60.jpg,1,1,1,0,0,0.000000,False
Ruokolahti,Ruokolahti\ruokolahti_DJI_0082_frame61.jpg,1,1,1,0,0,0.000000,False
Ruokolahti,Ruokolahti\ruokolahti_DJI_0082_frame62.jpg,1,1,1,0,0,0.000000,False
Ruokolahti,Ruokolahti\ruokolahti_DJI_0082_frame63.jpg,1,1,1,0,0,0.000000,False
Ruokolahti,Ruokolahti\ruokolahti_DJI_0082_frame64.jpg,1,1,1,0,0,0.000000,False
Ruokolahti,Ruokolahti\ruokolahti_DJI_0082_frame65.jpg,1,1,1,0,0,0.000000,False
Ruokolahti,Ruokolahti\ruokolahti_DJI_0082_frame66.jpg,1,1,1,0,0,0.000000,False
Ruokolahti,Ruokolahti\ruokolahti_DJI_0082_frame67.jpg,1,1,1,0,0,0.000000,False
Ruokolahti,Ruokolahti\ruokolahti_DJI_0082_frame68.jpg,1,1,1,0,0,0.000000,False
Ruokolahti,Ruokolahti\ruokolahti_DJI_0082_frame69.jpg,1,1,1,0,0,0.000000,False
Ruokolahti,Ruokolahti\ruokolahti_DJI_0082_frame7.jpg,1,1,1,0,0,0.000000,False
Ruokolahti,Ruokolahti\ruokolahti_DJI_0082_frame8.jpg,1,1,1,0,0,0.000000,False
Ruokolahti,Ruokolahti\ruokolahti_DJI_0082_frame9.jpg,1,1,1,0,0,0.000000,False
Ruokolahti,Ruokolahti\ruokolahti_DJI_0084_frame0.jpg,1,1,1,0,0,0.000000,False
Ruokolahti,Ruokolahti\ruokolahti_DJI_0084_frame1.jpg,1,1,1,0,0,0.000000,False
Ruokolahti,Ruokolahti\ruokolahti_DJI_0084_frame10.jpg,1,1,1,0,0,0.000000,False
Ruokolahti,Ruokolahti\ruokolahti_DJI_0084_frame11.jpg,1,1,1,0,0,0.000000,False
Ruokolahti,Ruokolahti\ruokolahti_DJI_0084_frame12.jpg,1,1,1,0,0,0.000000,False
Ruokolahti,Ruokolahti\ruokolahti_DJI_0084_frame13.jpg,1,1,1,0,0,0.000000,False
Ruokolahti,Ruokolahti\ruokolahti_DJI_0084_frame14.jpg,1,1,1,0,0,0.000000,False
Ruokolahti,Ruokolahti\ruokolahti_DJI_0084_frame15.jpg,1,1,1,0,0,0.000000,False
Ruokolahti,Ruokolahti\ruokolahti_DJI_0084_frame16.jpg,1,1,1,0,0,0.000000,False
Ruokolahti,Ruokolahti\ruokolahti_DJI_0084_frame17.jpg,1,1,1,0,0,0.000000,False
Ruokolahti,Ruokolahti\ruokolahti_DJI_0084_frame18.jpg,1,1,1,0,0,0.000000,False
Ruokolahti,Ruokolahti\ruokolahti_DJI_0084_frame19.jpg,1,1,1,0,0,0.000000,False
Ruokolahti,Ruokolahti\ruokolahti_DJI_0084_frame2.jpg,1,1,1,0,0,0.000000,False
Ruokolahti,Ruokolahti\ruokolahti_DJI_0084_frame20.jpg,1,1,1,0,0,0.000000,False
Ruokolahti,Ruokolahti\ruokolahti_DJI_0084_frame21.jpg,1,1,1,0,0,0.000000,False
Ruokolahti,Ruokolahti\ruokolahti_DJI_0084_frame22.jpg,1,1,1,0,0,0.000000,False
Ruokolahti,Ruokolahti\ruokolahti_DJI_0084_frame3.jpg,1,1,1,0,0,0.000000,False
Ruokolahti,Ruokolahti\ruokolahti_DJI_0084_frame4.jpg,1,1,1,0,0,0.000000,False
Ruokolahti,Ruokolahti\ruokolahti_DJI_0084_frame5.jpg,1,1,1,0,0,0.000000,False
Ruokolahti,Ruokolahti\ruokolahti_DJI_0084_frame6.jpg,1,1,1,0,0,0.000000,False
Ruokolahti,Ruokolahti\ruokolahti_DJI_0084_frame7.jpg,1,1,1,0,0,0.000000,False
Ruokolahti,Ruokolahti\ruokolahti_DJI_0084_frame8.jpg,1,1,1,0,0,0.000000,False
Ruokolahti,Ruokolahti\ruokolahti_DJI_0084_frame9.jpg,1,1,1,0,0,0.000000,False
Ruokolahti,Ruokolahti\ruokolahti_DJI_0085_frame0.jpg,1,1,1,0,0,0.000000,False
Ruokolahti,Ruokolahti\ruokolahti_DJI_0085_frame1.jpg,1,1,1,0,0,0.000000,False
Ruokolahti,Ruokolahti\ruokolahti_DJI_0085_frame10.jpg,1,1,1,0,0,0.000000,False
Ruokolahti,Ruokolahti\ruokolahti_DJI_0085_frame100.jpg,1,1,1,0,0,0.000000,False
Ruokolahti,Ruokolahti\ruokolahti_DJI_0085_frame101.jpg,1,1,1,0,0,0.000000,False
Ruokolahti,Ruokolahti\ruokolahti_DJI_0085_frame102.jpg,1,1,1,0,0,0.000000,False
Ruokolahti,Ruokolahti\ruokolahti_DJI_0085_frame103.jpg,1,1,1,0,0,0.000000,False
Ruokolahti,Ruokolahti\ruokolahti_DJI_0085_frame104.jpg,1,1,1,0,0,0.000000,False
Ruokolahti,Ruokolahti\ruokolahti_DJI_0085_frame105.jpg,1,1,1,0,0,0.000000,False
Ruokolahti,Ruokolahti\ruokolahti_DJI_0085_frame106.jpg,1,1,1,0,0,0.000000,False
Ruokolahti,Ruokolahti\ruokolahti_DJI_0085_frame107.jpg,1,1,1,0,0,0.000000,False
Ruokolahti,Ruokolahti\ruokolahti_DJI_0085_frame108.jpg,1,1,1,0,0,0.000000,False
Ruokolahti,Ruokolahti\ruokolahti_DJI_0085_frame109.jpg,1,1,1,0,0,0.000000,False
Ruokolahti,Ruokolahti\ruokolahti_DJI_0085_frame11.jpg,1,1,1,0,0,0.000000,False
Ruokolahti,Ruokolahti\ruokolahti_DJI_0085_frame110.jpg,1,1,1,0,0,0.000000,False
Ruokolahti,Ruokolahti\ruokolahti_DJI_0085_frame111.jpg,1,1,1,0,0,0.000000,False
Ruokolahti,Ruokolahti\ruokolahti_DJI_0085_frame112.jpg,1,1,1,0,0,0.000000,False
Ruokolahti,Ruokolahti\ruokolahti_DJI_0085_frame113.jpg,1,1,1,0,0,0.000000,False
Ruokolahti,Ruokolahti\ruokolahti_DJI_0085_frame114.jpg,1,1,1,0,0,0.000000,False
Ruokolahti,Ruokolahti\ruokolahti_DJI_0085_frame115.jpg,1,1,1,0,0,0.000000,False
Ruokolahti,Ruokolahti\ruokolahti_DJI_0085_frame116.jpg,1,1,1,0,0,0.000000,False
Ruokolahti,Ruokolahti\ruokolahti_DJI_0085_frame117.jpg,1,1,1,0,0,0.000000,False
Ruokolahti,Ruokolahti\ruokolahti_DJI_0085_frame118.jpg,1,1,1,0,0,0.000000,False
Ruokolahti,Ruokolahti\ruokolahti_DJI_0085_frame119.jpg,1,1,1,0,0,0.000000,False
Ruokolahti,Ruokolahti\ruokolahti_DJI_0085_frame12.jpg,1,1,1,0,0,0.000000,False
Ruokolahti,Ruokolahti\ruokolahti_DJI_0085_frame120.jpg,1,1,1,0,0,0.000000,False
Ruokolahti,Ruokolahti\ruokolahti_DJI_0085_frame121.jpg,1,1,1,0,0,0.000000,False
Ruokolahti,Ruokolahti\ruokolahti_DJI_0085_frame122.jpg,1,1,1,0,0,0.000000,False
Ruokolahti,Ruokolahti\ruokolahti_DJI_0085_frame123.jpg,1,1,1,0,0,0.000000,False
Ruokolahti,Ruokolahti\ruokolahti_DJI_0085_frame124.jpg,1,1,1,0,0,0.000000,False
Ruokolahti,Ruokolahti\ruokolahti_DJI_0085_frame125.jpg,1,1,1,0,0,0.000000,False
Ruokolahti,Ruokolahti\ruokolahti_DJI_0085_frame126.jpg,1,1,1,0,0,0.000000,False
Ruokolahti,Ruokolahti\ruokolahti_DJI_0085_frame127.jpg,1,1,1,0,0,0.000000,False
Ruokolahti,Ruokolahti\ruokolahti_DJI_0085_frame128.jpg,1,1,1,0,0,0.000000,False
Ruokolahti,Ruokolahti\ruokolahti_DJI_0085_frame129.jpg,1,1,1,0,0,0.000000,False
Ruokolahti,Ruokolahti\ruokolahti_DJI_0085_frame13.jpg,1,1,1,0,0,0.000000,False
Ruokolahti,Ruokolahti\ruokolahti_DJI_0085_frame130.jpg,1,1,1,0,0,0.000000,False
Ruokolahti,Ruokolahti\ruokolahti_DJI_0085_frame131.jpg,1,1,1,0,0,0.000000,False
Ruokolahti,Ruokolahti\ruokolahti_DJI_0085_frame132.jpg,1,1,1,0,0,0.000000,False
Ruokolahti,Ruokolahti\ruokolahti_DJI_0085_frame133.jpg,1,1,1,0,0,0.000000,False
Ruokolahti,Ruokolahti\ruokolahti_DJI_0085_frame134.jpg,1,1,1,0,0,0.000000,False
Ruokolahti,Ruokolahti\ruokolahti_DJI_0085_frame135.jpg,1,1,1,0,0,0.000000,False
Ruokolahti,Ruokolahti\ruokolahti_DJI_0085_frame136.jpg,1,1,1,0,0,0.000000,False
Ruokolahti,Ruokolahti\ruokolahti_DJI_0085_frame137.jpg,1,1,1,0,0,0.000000,False
Ruokolahti,Ruokolahti\ruokolahti_DJI_0085_frame138.jpg,1,1,1,0,0,0.000000,False
Ruokolahti,Ruokolahti\ruokolahti_DJI_0085_frame139.jpg,1,1,1,0,0,0.000000,False
Ruokolahti,Ruokolahti\ruokolahti_DJI_0085_frame14.jpg,1,1,1,0,0,0.000000,False
Ruokolahti,Ruokolahti\ruokolahti_DJI_0085_frame140.jpg,1,1,1,0,0,0.000000,False
Ruokolahti,Ruokolahti\ruokolahti_DJI_0085_frame141.jpg,1,1,1,0,0,0.000000,False
Ruokolahti,Ruokolahti\ruokolahti_DJI_0085_frame142.jpg,1,1,1,0,0,0.000000,False
Ruokolahti,Ruokolahti\ruokolahti_DJI_0085_frame143.jpg,1,1,1,0,0,0.000000,False
Ruokolahti,Ruokolahti\ruokolahti_DJI_0085_frame144.jpg,1,1,1,0,0,0.000000,False
Ruokolahti,Ruokolahti\ruokolahti_DJI_0085_frame145.jpg,1,1,1,0,0,0.000000,False
Ruokolahti,Ruokolahti\ruokolahti_DJI_0085_frame146.jpg,1,1,1,0,0,0.000000,False
Ruokolahti,Ruokolahti\ruokolahti_DJI_0085_frame147.jpg,1,1,1,0,0,0.000000,False
Ruokolahti,Ruokolahti\ruokolahti_DJI_0085_frame148.jpg,1,1,1,0,0,0.000000,False
Ruokolahti,Ruokolahti\ruokolahti_DJI_0085_frame149.jpg,1,1,1,0,0,0.000000,False
Ruokolahti,Ruokolahti\ruokolahti_DJI_0085_frame15.jpg,1,1,1,0,0,0.000000,False
Ruokolahti,Ruokolahti\ruokolahti_DJI_0085_frame150.jpg,1,1,1,0,0,0.000000,False
Ruokolahti,Ruokolahti\ruokolahti_DJI_0085_frame151.jpg,1,1,1,0,0,0.000000,False
Ruokolahti,Ruokolahti\ruokolahti_DJI_0085_frame152.jpg,1,1,1,0,0,0.000000,False
Ruokolahti,Ruokolahti\ruokolahti_DJI_0085_frame153.jpg,1,1,1,0,0,0.000000,False
Ruokolahti,Ruokolahti\ruokolahti_DJI_0085_frame154.jpg,1,1,1,0,0,0.000000,False
Ruokolahti,Ruokolahti\ruokolahti_DJI_0085_frame155.jpg,1,1,1,0,0,0.000000,False
Ruokolahti,Ruokolahti\ruokolahti_DJI_0085_frame156.jpg,1,1,1,0,0,0.000000,False
Ruokolahti,Ruokolahti\ruokolahti_DJI_0085_frame157.jpg,1,1,1,0,0,0.000000,False
Ruokolahti,Ruokolahti\ruokolahti_DJI_0085_frame158.jpg,1,1,1,0,0,0.000000,False
Ruokolahti,Ruokolahti\ruokolahti_DJI_0085_frame159.jpg,1,1,1,0,0,0.000000,False
Ruokolahti,Ruokolahti\ruokolahti_DJI_0085_frame16.jpg,1,1,1,0,0,0.000000,False
Ruokolahti,Ruokolahti\ruokolahti_DJI_0085_frame160.jpg,1,1,1,0,0,0.000000,False
Ruokolahti,Ruokolahti\ruokolahti_DJI_0085_frame161.jpg,1,1,1,0,0,0.000000,False
Ruokolahti,Ruokolahti\ruokolahti_DJI_0085_frame162.jpg,1,1,1,0,0,0.000000,False
Ruokolahti,Ruokolahti\ruokolahti_DJI_0085_frame163.jpg,1,1,1,0,0,0.000000,False
Ruokolahti,Ruokolahti\ruokolahti_DJI_0085_frame164.jpg,1,1,1,0,0,0.000000,False
Ruokolahti,Ruokolahti\ruokolahti_DJI_0085_frame165.jpg,1,1,1,0,0,0.000000,False
Ruokolahti,Ruokolahti\ruokolahti_DJI_0085_frame166.jpg,1,1,1,0,0,0.000000,False
Ruokolahti,Ruokolahti\ruokolahti_DJI_0085_frame167.jpg,1,1,1,0,0,0.000000,False
Ruokolahti,Ruokolahti\ruokolahti_DJI_0085_frame168.jpg,1,1,1,0,0,0.000000,False
Ruokolahti,Ruokolahti\ruokolahti_DJI_0085_frame169.jpg,1,1,1,0,0,0.000000,False
Ruokolahti,Ruokolahti\ruokolahti_DJI_0085_frame17.jpg,1,1,1,0,0,0.000000,False
Ruokolahti,Ruokolahti\ruokolahti_DJI_0085_frame170.jpg,1,1,1,0,0,0.000000,False
Ruokolahti,Ruokolahti\ruokolahti_DJI_0085_frame171.jpg,1,1,1,0,0,0.000000,False
Ruokolahti,Ruokolahti\ruokolahti_DJI_0085_frame172.jpg,1,1,1,0,0,0.000000,False
Ruokolahti,Ruokolahti\ruokolahti_DJI_0085_frame173.jpg,1,1,1,0,0,0.000000,False
Ruokolahti,Ruokolahti\ruokolahti_DJI_0085_frame174.jpg,1,1,1,0,0,0.000000,False
Ruokolahti,Ruokolahti\ruokolahti_DJI_0085_frame175.jpg,1,1,1,0,0,0.000000,False
Ruokolahti,Ruokolahti\ruokolahti_DJI_0085_frame176.jpg,0,0,0,0,0,0.000000,False
Ruokolahti,Ruokolahti\ruokolahti_DJI_0085_frame177.jpg,0,0,0,0,0,0.000000,False
Ruokolahti,Ruokolahti\ruokolahti_DJI_0085_frame18.jpg,1,1,1,0,0,0.000000,False
Ruokolahti,Ruokolahti\ruokolahti_DJI_0085_frame19.jpg,1,1,1,0,0,0.000000,False
Ruokolahti,Ruokolahti\ruokolahti_DJI_0085_frame2.jpg,1,1,1,0,0,0.000000,False
Ruokolahti,Ruokolahti\ruokolahti_DJI_0085_frame20.jpg,1,1,1,0,0,0.000000,False
Ruokolahti,Ruokolahti\ruokolahti_DJI_0085_frame21.jpg,1,1,1,0,0,0.000000,False
Ruokolahti,Ruokolahti\ruokolahti_DJI_0085_frame22.jpg,1,1,1,0,0,0.000000,False
Ruokolahti,Ruokolahti\ruokolahti_DJI_0085_frame23.jpg,1,1,1,0,0,0.000000,False
Ruokolahti,Ruokolahti\ruokolahti_DJI_0085_frame24.jpg,1,1,1,0,0,0.000000,False
Ruokolahti,Ruokolahti\ruokolahti_DJI_0085_frame25.jpg,1,1,1,0,0,0.000000,False
Ruokolahti,Ruokolahti\ruokolahti_DJI_0085_frame26.jpg,1,1,1,0,0,0.000000,False
Ruokolahti,Ruokolahti\ruokolahti_DJI_0085_frame27.jpg,1,1,1,0,0,0.000000,False
Ruokolahti,Ruokolahti\ruokolahti_DJI_0085_frame28.jpg,1,1,1,0,0,0.000000,False
Ruokolahti,Ruokolahti\ruokolahti_DJI_0085_frame29.jpg,1,1,1,0,0,0.000000,False
Ruokolahti,Ruokolahti\ruokolahti_DJI_0085_frame3.jpg,1,1,1,0,0,0.000000,False
Ruokolahti,Ruokolahti\ruokolahti_DJI_0085_frame30.jpg,1,1,1,0,0,0.000000,False
Ruokolahti,Ruokolahti\ruokolahti_DJI_0085_frame31.jpg,1,1,1,0,0,0.000000,False
Ruokolahti,Ruokolahti\ruokolahti_DJI_0085_frame32.jpg,1,1,1,0,0,0.000000,False
Ruokolahti,Ruokolahti\ruokolahti_DJI_0085_frame33.jpg,1,1,1,0,0,0.000000,False
Ruokolahti,Ruokolahti\ruokolahti_DJI_0085_frame34.jpg,1,1,1,0,0,0.000000,False
Ruokolahti,Ruokolahti\ruokolahti_DJI_0085_frame35.jpg,1,1,1,0,0,0.000000,False
Ruokolahti,Ruokolahti\ruokolahti_DJI_0085_frame36.jpg,1,1,1,0,0,0.000000,False
Ruokolahti,Ruokolahti\ruokolahti_DJI_0085_frame37.jpg,1,1,1,0,0,0.000000,False
Ruokolahti,Ruokolahti\ruokolahti_DJI_0085_frame38.jpg,1,1,1,0,0,0.000000,False
Ruokolahti,Ruokolahti\ruokolahti_DJI_0085_frame39.jpg,1,1,1,0,0,0.000000,False
Ruokolahti,Ruokolahti\ruokolahti_DJI_0085_frame4.jpg,1,1,1,0,0,0.000000,False
Ruokolahti,Ruokolahti\ruokolahti_DJI_0085_frame40.jpg,1,1,1,0,0,0.000000,False
Ruokolahti,Ruokolahti\ruokolahti_DJI_0085_frame41.jpg,1,1,1,0,0,0.000000,False
Ruokolahti,Ruokolahti\ruokolahti_DJI_0085_frame42.jpg,1,1,1,0,0,0.000000,False
Ruokolahti,Ruokolahti\ruokolahti_DJI_0085_frame43.jpg,1,1,1,0,0,0.000000,False
Ruokolahti,Ruokolahti\ruokolahti_DJI_0085_frame44.jpg,1,1,1,0,0,0.000000,False
Ruokolahti,Ruokolahti\ruokolahti_DJI_0085_frame45.jpg,1,1,1,0,0,0.000000,False
Ruokolahti,Ruokolahti\ruokolahti_DJI_0085_frame46.jpg,1,1,1,0,0,0.000000,False
Ruokolahti,Ruokolahti\ruokolahti_DJI_0085_frame47.jpg,1,1,1,0,0,0.000000,False
Ruokolahti,Ruokolahti\ruokolahti_DJI_0085_frame48.jpg,1,1,1,0,0,0.000000,False
Ruokolahti,Ruokolahti\ruokolahti_DJI_0085_frame49.jpg,1,1,1,0,0,0.000000,False
Ruokolahti,Ruokolahti\ruokolahti_DJI_0085_frame5.jpg,1,1,1,0,0,0.000000,False
Ruokolahti,Ruokolahti\ruokolahti_DJI_0085_frame50.jpg,1,1,1,0,0,0.000000,False
Ruokolahti,Ruokolahti\ruokolahti_DJI_0085_frame51.jpg,1,1,1,0,0,0.000000,False
Ruokolahti,Ruokolahti\ruokolahti_DJI_0085_frame52.jpg,1,1,1,0,0,0.000000,False
Ruokolahti,Ruokolahti\ruokolahti_DJI_0085_frame53.jpg,1,1,1,0,0,0.000000,False
Ruokolahti,Ruokolahti\ruokolahti_DJI_0085_frame54.jpg,1,1,1,0,0,0.000000,False
Ruokolahti,Ruokolahti\ruokolahti_DJI_0085_frame55.jpg,1,1,1,0,0,0.000000,False
Ruokolahti,Ruokolahti\ruokolahti_DJI_0085_frame56.jpg,1,1,1,0,0,0.000000,False
Ruokolahti,Ruokolahti\ruokolahti_DJI_0085_frame57.jpg,1,1,1,0,0,0.000000,False
Ruokolahti,Ruokolahti\ruokolahti_DJI_0085_frame58.jpg,1,1,1,0,0,0.000000,False
Ruokolahti,Ruokolahti\ruokolahti_DJI_0085_frame59.jpg,1,1,1,0,0,0.000000,False
Ruokolahti,Ruokolahti\ruokolahti_DJI_0085_frame6.jpg,1,1,1,0,0,0.000000,False
Ruokolahti,Ruokolahti\ruokolahti_DJI_0085_frame60.jpg,1,1,1,0,0,0.000000,False
Ruokolahti,Ruokolahti\ruokolahti_DJI_0085_frame61.jpg,1,1,1,0,0,0.000000,False
Ruokolahti,Ruokolahti\ruokolahti_DJI_0085_frame62.jpg,1,1,1,0,0,0.000000,False
Ruokolahti,Ruokolahti\ruokolahti_DJI_0085_frame63.jpg,1,1,1,0,0,0.000000,False
Ruokolahti,Ruokolahti\ruokolahti_DJI_0085_frame64.jpg,1,1,1,0,0,0.000000,False
Ruokolahti,Ruokolahti\ruokolahti_DJI_0085_frame65.jpg,1,1,1,0,0,0.000000,False
Ruokolahti,Ruokolahti\ruokolahti_DJI_0085_frame66.jpg,1,1,1,0,0,0.000000,False
Ruokolahti,Ruokolahti\ruokolahti_DJI_0085_frame67.jpg,1,1,1,0,0,0.000000,False
Ruokolahti,Ruokolahti\ruokolahti_DJI_0085_frame68.jpg,1,1,1,0,0,0.000000,False
Ruokolahti,Ruokolahti\ruokolahti_DJI_0085_frame69.jpg,1,1,1,0,0,0.000000,False
Ruokolahti,Ruokolahti\ruokolahti_DJI_0085_frame7.jpg,1,1,1,0,0,0.000000,False
Ruokolahti,Ruokolahti\ruokolahti_DJI_0085_frame70.jpg,1,1,1,0,0,0.000000,False
Ruokolahti,Ruokolahti\ruokolahti_DJI_0085_frame71.jpg,1,1,1,0,0,0.000000,False
Ruokolahti,Ruokolahti\ruokolahti_DJI_0085_frame72.jpg,1,1,1,0,0,0.000000,False
Ruokolahti,Ruokolahti\ruokolahti_DJI_0085_frame73.jpg,1,1,1,0,0,0.000000,False
Ruokolahti,Ruokolahti\ruokolahti_DJI_0085_frame74.jpg,1,1,1,0,0,0.000000,False
Ruokolahti,Ruokolahti\ruokolahti_DJI_0085_frame75.jpg,1,1,1,0,0,0.000000,False
Ruokolahti,Ruokolahti\ruokolahti_DJI_0085_frame76.jpg,1,1,1,0,0,0.000000,False
Ruokolahti,Ruokolahti\ruokolahti_DJI_0085_frame77.jpg,1,1,1,0,0,0.000000,False
Ruokolahti,Ruokolahti\ruokolahti_DJI_0085_frame78.jpg,1,1,1,0,0,0.000000,False
Ruokolahti,Ruokolahti\ruokolahti_DJI_0085_frame79.jpg,1,1,1,0,0,0.000000,False
Ruokolahti,Ruokolahti\ruokolahti_DJI_0085_frame8.jpg,1,1,1,0,0,0.000000,False
Ruokolahti,Ruokolahti\ruokolahti_DJI_0085_frame80.jpg,1,1,1,0,0,0.000000,False
Ruokolahti,Ruokolahti\ruokolahti_DJI_0085_frame81.jpg,1,1,1,0,0,0.000000,False
Ruokolahti,Ruokolahti\ruokolahti_DJI_0085_frame82.jpg,1,1,1,0,0,0.000000,False
Ruokolahti,Ruokolahti\ruokolahti_DJI_0085_frame83.jpg,1,1,1,0,0,0.000000,False
Ruokolahti,Ruokolahti\ruokolahti_DJI_0085_frame84.jpg,1,1,1,0,0,0.000000,False
Ruokolahti,Ruokolahti\ruokolahti_DJI_0085_frame85.jpg,1,1,1,0,0,0.000000,False
Ruokolahti,Ruokolahti\ruokolahti_DJI_0085_frame86.jpg,1,1,1,0,0,0.000000,False
Ruokolahti,Ruokolahti\ruokolahti_DJI_0085_frame87.jpg,1,1,1,0,0,0.000000,False
Ruokolahti,Ruokolahti\ruokolahti_DJI_0085_frame88.jpg,1,1,1,0,0,0.000000,False
Ruokolahti,Ruokolahti\ruokolahti_DJI_0085_frame89.jpg,1,1,1,0,0,0.000000,False
Ruokolahti,Ruokolahti\ruokolahti_DJI_0085_frame9.jpg,1,1,1,0,0,0.000000,False
Ruokolahti,Ruokolahti\ruokolahti_DJI_0085_frame90.jpg,1,1,1,0,0,0.000000,False
Ruokolahti,Ruokolahti\ruokolahti_DJI_0085_frame91.jpg,1,1,1,0,0,0.000000,False
Ruokolahti,Ruokolahti\ruokolahti_DJI_0085_frame92.jpg,1,1,1,0,0,0.000000,False
Ruokolahti,Ruokolahti\ruokolahti_DJI_0085_frame93.jpg,1,1,1,0,0,0.000000,False
Ruokolahti,Ruokolahti\ruokolahti_DJI_0085_frame94.jpg,1,1,1,0,0,0.000000,False
Ruokolahti,Ruokolahti\ruokolahti_DJI_0085_frame95.jpg,1,1,1,0,0,0.000000,False
Ruokolahti,Ruokolahti\ruokolahti_DJI_0085_frame96.jpg,1,1,1,0,0,0.000000,False
Ruokolahti,Ruokolahti\ruokolahti_DJI_0085_frame97.jpg,1,1,1,0,0,0.000000,False
Ruokolahti,Ruokolahti\ruokolahti_DJI_0085_frame98.jpg,1,1,1,0,0,0.000000,False
Ruokolahti,Ruokolahti\ruokolahti_DJI_0085_frame99.jpg,1,1,1,0,0,0.000000,False
Ruokolahti,Ruokolahti\ruokolahti_DJI_0086_frame0.jpg,1,1,1,0,0,0.000000,False
Ruokolahti,Ruokolahti\ruokolahti_DJI_0086_frame1.jpg,1,1,1,0,0,0.000000,False
Ruokolahti,Ruokolahti\ruokolahti_DJI_0086_frame10.jpg,1,1,1,0,0,0.000000,False
Ruokolahti,Ruokolahti\ruokolahti_DJI_0086_frame100.jpg,1,1,1,0,0,0.000000,False
Ruokolahti,Ruokolahti\ruokolahti_DJI_0086_frame101.jpg,1,1,1,0,0,0.000000,False
Ruokolahti,Ruokolahti\ruokolahti_DJI_0086_frame102.jpg,1,1,1,0,0,0.000000,False
Ruokolahti,Ruokolahti\ruokolahti_DJI_0086_frame103.jpg,1,1,1,0,0,0.000000,False
Ruokolahti,Ruokolahti\ruokolahti_DJI_0086_frame104.jpg,1,1,1,0,0,0.000000,False
Ruokolahti,Ruokolahti\ruokolahti_DJI_0086_frame105.jpg,1,1,1,0,0,0.000000,False
Ruokolahti,Ruokolahti\ruokolahti_DJI_0086_frame106.jpg,1,1,1,0,0,0.000000,False
Ruokolahti,Ruokolahti\ruokolahti_DJI_0086_frame107.jpg,1,1,1,0,0,0.000000,False
Ruokolahti,Ruokolahti\ruokolahti_DJI_0086_frame108.jpg,1,1,1,0,0,0.000000,False
Ruokolahti,Ruokolahti\ruokolahti_DJI_0086_frame109.jpg,1,1,1,0,0,0.000000,False
Ruokolahti,Ruokolahti\ruokolahti_DJI_0086_frame11.jpg,1,1,1,0,0,0.000000,False
Ruokolahti,Ruokolahti\ruokolahti_DJI_0086_frame110.jpg,1,1,1,0,0,0.000000,False
Ruokolahti,Ruokolahti\ruokolahti_DJI_0086_frame111.jpg,1,1,1,0,0,0.000000,False
Ruokolahti,Ruokolahti\ruokolahti_DJI_0086_frame112.jpg,1,1,1,0,0,0.000000,False
Ruokolahti,Ruokolahti\ruokolahti_DJI_0086_frame113.jpg,1,1,1,0,0,0.000000,False
Ruokolahti,Ruokolahti\ruokolahti_DJI_0086_frame114.jpg,1,1,1,0,0,0.000000,False
Ruokolahti,Ruokolahti\ruokolahti_DJI_0086_frame115.jpg,1,1,1,0,0,0.000000,False
Ruokolahti,Ruokolahti\ruokolahti_DJI_0086_frame116.jpg,1,1,1,0,0,0.000000,False
Ruokolahti,Ruokolahti\ruokolahti_DJI_0086_frame117.jpg,1,1,1,0,0,0.000000,False
Ruokolahti,Ruokolahti\ruokolahti_DJI_0086_frame118.jpg,1,1,1,0,0,0.000000,False
Ruokolahti,Ruokolahti\ruokolahti_DJI_0086_frame119.jpg,1,1,1,0,0,0.000000,False
Ruokolahti,Ruokolahti\ruokolahti_DJI_0086_frame12.jpg,1,1,1,0,0,0.000000,False
Ruokolahti,Ruokolahti\ruokolahti_DJI_0086_frame120.jpg,1,1,1,0,0,0.000000,False
Ruokolahti,Ruokolahti\ruokolahti_DJI_0086_frame121.jpg,1,1,1,0,0,0.000000,False
Ruokolahti,Ruokolahti\ruokolahti_DJI_0086_frame122.jpg,1,1,1,0,0,0.000000,False
Ruokolahti,Ruokolahti\ruokolahti_DJI_0086_frame123.jpg,1,1,1,0,0,0.000000,False
Ruokolahti,Ruokolahti\ruokolahti_DJI_0086_frame124.jpg,1,1,1,0,0,0.000000,False
Ruokolahti,Ruokolahti\ruokolahti_DJI_0086_frame125.jpg,1,1,1,0,0,0.000000,False
Ruokolahti,Ruokolahti\ruokolahti_DJI_0086_frame126.jpg,1,1,1,0,0,0.000000,False
Ruokolahti,Ruokolahti\ruokolahti_DJI_0086_frame127.jpg,1,1,1,0,0,0.000000,False
Ruokolahti,Ruokolahti\ruokolahti_DJI_0086_frame128.jpg,1,1,1,0,0,0.000000,False
Ruokolahti,Ruokolahti\ruokolahti_DJI_0086_frame129.jpg,1,1,1,0,0,0.000000,False
Ruokolahti,Ruokolahti\ruokolahti_DJI_0086_frame13.jpg,1,1,1,0,0,0.000000,False
Ruokolahti,Ruokolahti\ruokolahti_DJI_0086_frame130.jpg,1,1,1,0,0,0.000000,False
Ruokolahti,Ruokolahti\ruokolahti_DJI_0086_frame131.jpg,1,1,1,0,0,0.000000,False
Ruokolahti,Ruokolahti\ruokolahti_DJI_0086_frame132.jpg,1,1,1,0,0,0.000000,False
Ruokolahti,Ruokolahti\ruokolahti_DJI_0086_frame133.jpg,1,1,1,0,0,0.000000,False
Ruokolahti,Ruokolahti\ruokolahti_DJI_0086_frame134.jpg,1,1,1,0,0,0.000000,False
Ruokolahti,Ruokolahti\ruokolahti_DJI_0086_frame135.jpg,1,1,1,0,0,0.000000,False
Ruokolahti,Ruokolahti\ruokolahti_DJI_0086_frame136.jpg,1,1,1,0,0,0.000000,False
Ruokolahti,Ruokolahti\ruokolahti_DJI_0086_frame137.jpg,1,1,1,0,0,0.000000,False
Ruokolahti,Ruokolahti\ruokolahti_DJI_0086_frame138.jpg,1,1,1,0,0,0.000000,False
Ruokolahti,Ruokolahti\ruokolahti_DJI_0086_frame139.jpg,1,1,1,0,0,0.000000,False
Ruokolahti,Ruokolahti\ruokolahti_DJI_0086_frame14.jpg,1,1,1,0,0,0.000000,False
Ruokolahti,Ruokolahti\ruokolahti_DJI_0086_frame140.jpg,1,1,1,0,0,0.000000,False
Ruokolahti,Ruokolahti\ruokolahti_DJI_0086_frame141.jpg,1,1,1,0,0,0.000000,False
Ruokolahti,Ruokolahti\ruokolahti_DJI_0086_frame142.jpg,1,1,1,0,0,0.000000,False
Ruokolahti,Ruokolahti\ruokolahti_DJI_0086_frame143.jpg,1,1,1,0,0,0.000000,False
Ruokolahti,Ruokolahti\ruokolahti_DJI_0086_frame144.jpg,1,1,1,0,0,0.000000,False
Ruokolahti,Ruokolahti\ruokolahti_DJI_0086_frame145.jpg,1,1,1,0,0,0.000000,False
Ruokolahti,Ruokolahti\ruokolahti_DJI_0086_frame146.jpg,1,1,1,0,0,0.000000,False
Ruokolahti,Ruokolahti\ruokolahti_DJI_0086_frame147.jpg,1,1,1,0,0,0.000000,False
Ruokolahti,Ruokolahti\ruokolahti_DJI_0086_frame148.jpg,1,1,1,0,0,0.000000,False
Ruokolahti,Ruokolahti\ruokolahti_DJI_0086_frame149.jpg,1,1,1,0,0,0.000000,False
Ruokolahti,Ruokolahti\ruokolahti_DJI_0086_frame15.jpg,1,1,1,0,0,0.000000,False
Ruokolahti,Ruokolahti\ruokolahti_DJI_0086_frame150.jpg,1,1,1,0,0,0.000000,False
Ruokolahti,Ruokolahti\ruokolahti_DJI_0086_frame151.jpg,1,1,1,0,0,0.000000,False
Ruokolahti,Ruokolahti\ruokolahti_DJI_0086_frame152.jpg,1,1,1,0,0,0.000000,False
Ruokolahti,Ruokolahti\ruokolahti_DJI_0086_frame153.jpg,1,1,1,0,0,0.000000,False
Ruokolahti,Ruokolahti\ruokolahti_DJI_0086_frame154.jpg,1,1,1,0,0,0.000000,False
Ruokolahti,Ruokolahti\ruokolahti_DJI_0086_frame155.jpg,1,1,1,0,0,0.000000,False
Ruokolahti,Ruokolahti\ruokolahti_DJI_0086_frame156.jpg,1,1,1,0,0,0.000000,False
Ruokolahti,Ruokolahti\ruokolahti_DJI_0086_frame157.jpg,1,1,1,0,0,0.000000,False
Ruokolahti,Ruokolahti\ruokolahti_DJI_0086_frame158.jpg,1,1,1,0,0,0.000000,False
Ruokolahti,Ruokolahti\ruokolahti_DJI_0086_frame159.jpg,1,1,1,0,0,0.000000,False
Ruokolahti,Ruokolahti\ruokolahti_DJI_0086_frame16.jpg,1,1,1,0,0,0.000000,False
Ruokolahti,Ruokolahti\ruokolahti_DJI_0086_frame160.jpg,1,1,1,0,0,0.000000,False
Ruokolahti,Ruokolahti\ruokolahti_DJI_0086_frame161.jpg,1,1,1,0,0,0.000000,False
Ruokolahti,Ruokolahti\ruokolahti_DJI_0086_frame162.jpg,1,1,1,0,0,0.000000,False
Ruokolahti,Ruokolahti\ruokolahti_DJI_0086_frame163.jpg,1,1,1,0,0,0.000000,False
Ruokolahti,Ruokolahti\ruokolahti_DJI_0086_frame164.jpg,1,1,1,0,0,0.000000,False
Ruokolahti,Ruokolahti\ruokolahti_DJI_0086_frame165.jpg,1,1,1,0,0,0.000000,False
Ruokolahti,Ruokolahti\ruokolahti_DJI_0086_frame166.jpg,1,1,1,0,0,0.000000,False
Ruokolahti,Ruokolahti\ruokolahti_DJI_0086_frame167.jpg,1,1,1,0,0,0.000000,False
Ruokolahti,Ruokolahti\ruokolahti_DJI_0086_frame168.jpg,1,1,1,0,0,0.000000,False
Ruokolahti,Ruokolahti\ruokolahti_DJI_0086_frame169.jpg,6,1,1,0,5,0.000000,False
Ruokolahti,Ruokolahti\ruokolahti_DJI_0086_frame17.jpg,1,1,1,0,0,0.000000,False
Ruokolahti,Ruokolahti\ruokolahti_DJI_0086_frame170.jpg,1,1,1,0,0,0.000000,False
Ruokolahti,Ruokolahti\ruokolahti_DJI_0086_frame171.jpg,1,1,1,0,0,0.000000,False
Ruokolahti,Ruokolahti\ruokolahti_DJI_0086_frame172.jpg,1,1,1,0,0,0.000000,False
Ruokolahti,Ruokolahti\ruokolahti_DJI_0086_frame173.jpg,1,1,1,0,0,0.000000,False
Ruokolahti,Ruokolahti\ruokolahti_DJI_0086_frame174.jpg,1,1,1,0,0,0.000000,False
Ruokolahti,Ruokolahti\ruokolahti_DJI_0086_frame175.jpg,1,1,1,0,0,0.000000,False
Ruokolahti,Ruokolahti\ruokolahti_DJI_0086_frame176.jpg,1,1,1,0,0,0.000000,False
Ruokolahti,Ruokolahti\ruokolahti_DJI_0086_frame177.jpg,1,1,1,0,0,0.000000,False
Ruokolahti,Ruokolahti\ruokolahti_DJI_0086_frame178.jpg,1,1,1,0,0,0.000000,False
Ruokolahti,Ruokolahti\ruokolahti_DJI_0086_frame179.jpg,1,1,1,0,0,0.000000,False
Ruokolahti,Ruokolahti\ruokolahti_DJI_0086_frame18.jpg,1,1,1,0,0,0.000000,False
Ruokolahti,Ruokolahti\ruokolahti_DJI_0086_frame180.jpg,1,1,1,0,0,0.000000,False
Ruokolahti,Ruokolahti\ruokolahti_DJI_0086_frame181.jpg,1,1,1,0,0,0.000000,False
Ruokolahti,Ruokolahti\ruokolahti_DJI_0086_frame182.jpg,1,1,1,0,0,0.000000,False
Ruokolahti,Ruokolahti\ruokolahti_DJI_0086_frame183.jpg,1,1,1,0,0,0.000000,False
Ruokolahti,Ruokolahti\ruokolahti_DJI_0086_frame184.jpg,1,1,1,0,0,0.000000,False
Ruokolahti,Ruokolahti\ruokolahti_DJI_0086_frame185.jpg,1,1,1,0,0,0.000000,False
Ruokolahti,Ruokolahti\ruokolahti_DJI_0086_frame186.jpg,1,1,1,0,0,0.000000,False
Ruokolahti,Ruokolahti\ruokolahti_DJI_0086_frame187.jpg,1,1,1,0,0,0.000000,False
Ruokolahti,Ruokolahti\ruokolahti_DJI_0086_frame188.jpg,1,1,1,0,0,0.000000,False
Ruokolahti,Ruokolahti\ruokolahti_DJI_0086_frame189.jpg,1,1,1,0,0,0.000000,False
Ruokolahti,Ruokolahti\ruokolahti_DJI_0086_frame19.jpg,1,1,1,0,0,0.000000,False
Ruokolahti,Ruokolahti\ruokolahti_DJI_0086_frame190.jpg,1,1,1,0,0,0.000000,False
Ruokolahti,Ruokolahti\ruokolahti_DJI_0086_frame191.jpg,1,1,1,0,0,0.000000,False
Ruokolahti,Ruokolahti\ruokolahti_DJI_0086_frame192.jpg,1,1,1,0,0,0.000000,False
Ruokolahti,Ruokolahti\ruokolahti_DJI_0086_frame193.jpg,1,1,1,0,0,0.000000,False
Ruokolahti,Ruokolahti\ruokolahti_DJI_0086_frame194.jpg,1,1,1,0,0,0.000000,False
Ruokolahti,Ruokolahti\ruokolahti_DJI_0086_frame195.jpg,1,1,1,0,0,0.000000,False
Ruokolahti,Ruokolahti\ruokolahti_DJI_0086_frame196.jpg,1,1,1,0,0,0.000000,False
Ruokolahti,Ruokolahti\ruokolahti_DJI_0086_frame197.jpg,1,1,1,0,0,0.000000,False
Ruokolahti,Ruokolahti\ruokolahti_DJI_0086_frame198.jpg,1,1,1,0,0,0.000000,False
Ruokolahti,Ruokolahti\ruokolahti_DJI_0086_frame199.jpg,1,1,1,0,0,0.000000,False
Ruokolahti,Ruokolahti\ruokolahti_DJI_0086_frame2.jpg,1,1,1,0,0,0.000000,False
Ruokolahti,Ruokolahti\ruokolahti_DJI_0086_frame20.jpg,1,1,1,0,0,0.000000,False
Ruokolahti,Ruokolahti\ruokolahti_DJI_0086_frame200.jpg,1,1,1,0,0,0.000000,False
Ruokolahti,Ruokolahti\ruokolahti_DJI_0086_frame201.jpg,1,1,1,0,0,0.000000,False
Ruokolahti,Ruokolahti\ruokolahti_DJI_0086_frame202.jpg,1,1,1,0,0,0.000000,False
Ruokolahti,Ruokolahti\ruokolahti_DJI_0086_frame203.jpg,1,1,1,0,0,0.000000,False
Ruokolahti,Ruokolahti\ruokolahti_DJI_0086_frame204.jpg,1,1,1,0,0,0.000000,False
Ruokolahti,Ruokolahti\ruokolahti_DJI_0086_frame205.jpg,1,1,1,0,0,0.000000,False
Ruokolahti,Ruokolahti\ruokolahti_DJI_0086_frame206.jpg,1,1,1,0,0,0.000000,False
Ruokolahti,Ruokolahti\ruokolahti_DJI_0086_frame207.jpg,1,1,1,0,0,0.000000,False
Ruokolahti,Ruokolahti\ruokolahti_DJI_0086_frame208.jpg,1,1,1,0,0,0.000000,False
Ruokolahti,Ruokolahti\ruokolahti_DJI_0086_frame209.jpg,10,1,1,0,9,0.000000,False
Ruokolahti,Ruokolahti\ruokolahti_DJI_0086_frame21.jpg,1,1,1,0,0,0.000000,False
Ruokolahti,Ruokolahti\ruokolahti_DJI_0086_frame210.jpg,1,1,1,0,0,0.000000,False
Ruokolahti,Ruokolahti\ruokolahti_DJI_0086_frame211.jpg,1,1,1,0,0,0.000000,False
Ruokolahti,Ruokolahti\ruokolahti_DJI_0086_frame212.jpg,1,1,1,0,0,0.000000,False
Ruokolahti,Ruokolahti\ruokolahti_DJI_0086_frame213.jpg,1,1,1,0,0,0.000000,False
Ruokolahti,Ruokolahti\ruokolahti_DJI_0086_frame214.jpg,1,1,1,0,0,0.000000,False
Ruokolahti,Ruokolahti\ruokolahti_DJI_0086_frame215.jpg,1,1,1,0,0,0.000000,False
Ruokolahti,Ruokolahti\ruokolahti_DJI_0086_frame216.jpg,1,1,1,0,0,0.000000,False
Ruokolahti,Ruokolahti\ruokolahti_DJI_0086_frame217.jpg,1,1,1,0,0,0.000000,False
Ruokolahti,Ruokolahti\ruokolahti_DJI_0086_frame218.jpg,1,1,1,0,0,0.000000,False
Ruokolahti,Ruokolahti\ruokolahti_DJI_0086_frame219.jpg,1,1,1,0,0,0.000000,False
Ruokolahti,Ruokolahti\ruokolahti_DJI_0086_frame22.jpg,1,1,1,0,0,0.000000,False
Ruokolahti,Ruokolahti\ruokolahti_DJI_0086_frame220.jpg,1,1,1,0,0,0.000000,False
Ruokolahti,Ruokolahti\ruokolahti_DJI_0086_frame221.jpg,1,1,1,0,0,0.000000,False
Ruokolahti,Ruokolahti\ruokolahti_DJI_0086_frame222.jpg,1,1,1,0,0,0.000000,False
Ruokolahti,Ruokolahti\ruokolahti_DJI_0086_frame223.jpg,1,1,1,0,0,0.000000,False
Ruokolahti,Ruokolahti\ruokolahti_DJI_0086_frame224.jpg,1,1,1,0,0,0.000000,False
Ruokolahti,Ruokolahti\ruokolahti_DJI_0086_frame225.jpg,1,1,1,0,0,0.000000,False
Ruokolahti,Ruokolahti\ruokolahti_DJI_0086_frame226.jpg,1,1,1,0,0,0.000000,False
Ruokolahti,Ruokolahti\ruokolahti_DJI_0086_frame227.jpg,1,1,1,0,0,0.000000,False
Ruokolahti,Ruokolahti\ruokolahti_DJI_0086_frame228.jpg,1,1,1,0,0,0.000000,False
Ruokolahti,Ruokolahti\ruokolahti_DJI_0086_frame229.jpg,1,1,1,0,0,0.000000,False
Ruokolahti,Ruokolahti\ruokolahti_DJI_0086_frame23.jpg,1,1,1,0,0,0.000000,False
Ruokolahti,Ruokolahti\ruokolahti_DJI_0086_frame230.jpg,1,1,1,0,0,0.000000,False
Ruokolahti,Ruokolahti\ruokolahti_DJI_0086_frame231.jpg,1,1,1,0,0,0.000000,False
Ruokolahti,Ruokolahti\ruokolahti_DJI_0086_frame232.jpg,1,1,1,0,0,0.000000,False
Ruokolahti,Ruokolahti\ruokolahti_DJI_0086_frame233.jpg,1,1,1,0,0,0.000000,False
Ruokolahti,Ruokolahti\ruokolahti_DJI_0086_frame234.jpg,1,1,1,0,0,0.000000,False
Ruokolahti,Ruokolahti\ruokolahti_DJI_0086_frame235.jpg,1,1,1,0,0,0.000000,False
Ruokolahti,Ruokolahti\ruokolahti_DJI_0086_frame236.jpg,1,1,1,0,0,0.000000,False
Ruokolahti,Ruokolahti\ruokolahti_DJI_0086_frame237.jpg,11,1,1,0,10,0.000000,False
Ruokolahti,Ruokolahti\ruokolahti_DJI_0086_frame238.jpg,12,1,1,0,11,0.000000,False
Ruokolahti,Ruokolahti\ruokolahti_DJI_0086_frame239.jpg,1,1,1,0,0,0.000000,False
Ruokolahti,Ruokolahti\ruokolahti_DJI_0086_frame24.jpg,1,1,1,0,0,0.000000,False
Ruokolahti,Ruokolahti\ruokolahti_DJI_0086_frame240.jpg,1,1,1,0,0,0.000000,False
Ruokolahti,Ruokolahti\ruokolahti_DJI_0086_frame241.jpg,1,1,1,0,0,0.000000,False
Ruokolahti,Ruokolahti\ruokolahti_DJI_0086_frame242.jpg,1,1,1,0,0,0.000000,False
Ruokolahti,Ruokolahti\ruokolahti_DJI_0086_frame243.jpg,1,1,1,0,0,0.000000,False
Ruokolahti,Ruokolahti\ruokolahti_DJI_0086_frame244.jpg,1,1,1,0,0,0.000000,False
Ruokolahti,Ruokolahti\ruokolahti_DJI_0086_frame245.jpg,1,1,1,0,0,0.000000,False
Ruokolahti,Ruokolahti\ruokolahti_DJI_0086_frame246.jpg,1,1,1,0,0,0.000000,False
Ruokolahti,Ruokolahti\ruokolahti_DJI_0086_frame247.jpg,1,1,1,0,0,0.000000,False
Ruokolahti,Ruokolahti\ruokolahti_DJI_0086_frame248.jpg,1,1,1,0,0,0.000000,False
Ruokolahti,Ruokolahti\ruokolahti_DJI_0086_frame249.jpg,1,1,1,0,0,0.000000,False
Ruokolahti,Ruokolahti\ruokolahti_DJI_0086_frame25.jpg,1,1,1,0,0,0.000000,False
Ruokolahti,Ruokolahti\ruokolahti_DJI_0086_frame250.jpg,1,1,1,0,0,0.000000,False
Ruokolahti,Ruokolahti\ruokolahti_DJI_0086_frame251.jpg,1,1,1,0,0,0.000000,False
Ruokolahti,Ruokolahti\ruokolahti_DJI_0086_frame252.jpg,1,1,1,0,0,0.000000,False
Ruokolahti,Ruokolahti\ruokolahti_DJI_0086_frame253.jpg,1,1,1,0,0,0.000000,False
Ruokolahti,Ruokolahti\ruokolahti_DJI_0086_frame254.jpg,1,1,1,0,0,0.000000,False
Ruokolahti,Ruokolahti\ruokolahti_DJI_0086_frame255.jpg,1,1,1,0,0,0.000000,False
Ruokolahti,Ruokolahti\ruokolahti_DJI_0086_frame256.jpg,1,1,1,0,0,0.000000,False
Ruokolahti,Ruokolahti\ruokolahti_DJI_0086_frame257.jpg,1,1,1,0,0,0.000000,False
Ruokolahti,Ruokolahti\ruokolahti_DJI_0086_frame258.jpg,1,1,1,0,0,0.000000,False
Ruokolahti,Ruokolahti\ruokolahti_DJI_0086_frame259.jpg,1,1,1,0,0,0.000000,False
Ruokolahti,Ruokolahti\ruokolahti_DJI_0086_frame26.jpg,1,1,1,0,0,0.000000,False
Ruokolahti,Ruokolahti\ruokolahti_DJI_0086_frame260.jpg,1,1,1,0,0,0.000000,False
Ruokolahti,Ruokolahti\ruokolahti_DJI_0086_frame261.jpg,1,1,1,0,0,0.000000,False
Ruokolahti,Ruokolahti\ruokolahti_DJI_0086_frame262.jpg,1,1,1,0,0,0.000000,False
Ruokolahti,Ruokolahti\ruokolahti_DJI_0086_frame263.jpg,1,1,1,0,0,0.000000,False
Ruokolahti,Ruokolahti\ruokolahti_DJI_0086_frame264.jpg,1,1,1,0,0,0.000000,False
Ruokolahti,Ruokolahti\ruokolahti_DJI_0086_frame265.jpg,1,1,1,0,0,0.000000,False
Ruokolahti,Ruokolahti\ruokolahti_DJI_0086_frame266.jpg,1,1,1,0,0,0.000000,False
Ruokolahti,Ruokolahti\ruokolahti_DJI_0086_frame267.jpg,1,1,1,0,0,0.000000,False
Ruokolahti,Ruokolahti\ruokolahti_DJI_0086_frame268.jpg,1,1,1,0,0,0.000000,False
Ruokolahti,Ruokolahti\ruokolahti_DJI_0086_frame269.jpg,1,1,1,0,0,0.000000,False
Ruokolahti,Ruokolahti\ruokolahti_DJI_0086_frame27.jpg,1,1,1,0,0,0.000000,False
Ruokolahti,Ruokolahti\ruokolahti_DJI_0086_frame270.jpg,1,1,1,0,0,0.000000,False
Ruokolahti,Ruokolahti\ruokolahti_DJI_0086_frame271.jpg,1,1,1,0,0,0.000000,False
Ruokolahti,Ruokolahti\ruokolahti_DJI_0086_frame272.jpg,1,1,1,0,0,0.000000,False
Ruokolahti,Ruokolahti\ruokolahti_DJI_0086_frame273.jpg,1,1,1,0,0,0.000000,False
Ruokolahti,Ruokolahti\ruokolahti_DJI_0086_frame274.jpg,1,1,1,0,0,0.000000,False
Ruokolahti,Ruokolahti\ruokolahti_DJI_0086_frame275.jpg,1,1,1,0,0,0.000000,False
Ruokolahti,Ruokolahti\ruokolahti_DJI_0086_frame276.jpg,1,1,1,0,0,0.000000,False
Ruokolahti,Ruokolahti\ruokolahti_DJI_0086_frame277.jpg,1,1,1,0,0,0.000000,False
Ruokolahti,Ruokolahti\ruokolahti_DJI_0086_frame278.jpg,1,1,1,0,0,0.000000,False
Ruokolahti,Ruokolahti\ruokolahti_DJI_0086_frame279.jpg,1,1,1,0,0,0.000000,False
Ruokolahti,Ruokolahti\ruokolahti_DJI_0086_frame28.jpg,1,1,1,0,0,0.000000,False
Ruokolahti,Ruokolahti\ruokolahti_DJI_0086_frame280.jpg,1,1,1,0,0,0.000000,False
Ruokolahti,Ruokolahti\ruokolahti_DJI_0086_frame281.jpg,1,1,1,0,0,0.000000,False
Ruokolahti,Ruokolahti\ruokolahti_DJI_0086_frame282.jpg,1,1,1,0,0,0.000000,False
Ruokolahti,Ruokolahti\ruokolahti_DJI_0086_frame283.jpg,1,1,1,0,0,0.000000,False
Ruokolahti,Ruokolahti\ruokolahti_DJI_0086_frame284.jpg,1,1,1,0,0,0.000000,False
Ruokolahti,Ruokolahti\ruokolahti_DJI_0086_frame285.jpg,1,1,1,0,0,0.000000,False
Ruokolahti,Ruokolahti\ruokolahti_DJI_0086_frame286.jpg,1,1,1,0,0,0.000000,False
Ruokolahti,Ruokolahti\ruokolahti_DJI_0086_frame287.jpg,1,1,1,0,0,0.000000,False
Ruokolahti,Ruokolahti\ruokolahti_DJI_0086_frame288.jpg,1,1,1,0,0,0.000000,False
Ruokolahti,Ruokolahti\ruokolahti_DJI_0086_frame289.jpg,1,1,1,0,0,0.000000,False
Ruokolahti,Ruokolahti\ruokolahti_DJI_0086_frame29.jpg,1,1,1,0,0,0.000000,False
Ruokolahti,Ruokolahti\ruokolahti_DJI_0086_frame290.jpg,1,1,1,0,0,0.000000,False
Ruokolahti,Ruokolahti\ruokolahti_DJI_0086_frame291.jpg,1,1,1,0,0,0.000000,False
Ruokolahti,Ruokolahti\ruokolahti_DJI_0086_frame292.jpg,1,1,1,0,0,0.000000,False
Ruokolahti,Ruokolahti\ruokolahti_DJI_0086_frame293.jpg,1,1,1,0,0,0.000000,False
Ruokolahti,Ruokolahti\ruokolahti_DJI_0086_frame294.jpg,11,1,1,0,10,0.000000,False
Ruokolahti,Ruokolahti\ruokolahti_DJI_0086_frame295.jpg,11,1,1,0,10,0.000000,False
Ruokolahti,Ruokolahti\ruokolahti_DJI_0086_frame296.jpg,1,1,1,0,0,0.000000,False
Ruokolahti,Ruokolahti\ruokolahti_DJI_0086_frame297.jpg,1,1,1,0,0,0.000000,False
Ruokolahti,Ruokolahti\ruokolahti_DJI_0086_frame298.jpg,1,1,1,0,0,0.000000,False
Ruokolahti,Ruokolahti\ruokolahti_DJI_0086_frame299.jpg,1,1,1,0,0,0.000000,False
Ruokolahti,Ruokolahti\ruokolahti_DJI_0086_frame3.jpg,1,1,1,0,0,0.000000,False
Ruokolahti,Ruokolahti\ruokolahti_DJI_0086_frame30.jpg,1,1,1,0,0,0.000000,False
Ruokolahti,Ruokolahti\ruokolahti_DJI_0086_frame300.jpg,1,1,1,0,0,0.000000,False
Ruokolahti,Ruokolahti\ruokolahti_DJI_0086_frame301.jpg,1,1,1,0,0,0.000000,False
Ruokolahti,Ruokolahti\ruokolahti_DJI_0086_frame302.jpg,1,1,1,0,0,0.000000,False
Ruokolahti,Ruokolahti\ruokolahti_DJI_0086_frame303.jpg,1,1,1,0,0,0.000000,False
Ruokolahti,Ruokolahti\ruokolahti_DJI_0086_frame304.jpg,1,1,1,0,0,0.000000,False
Ruokolahti,Ruokolahti\ruokolahti_DJI_0086_frame305.jpg,1,1,1,0,0,0.000000,False
Ruokolahti,Ruokolahti\ruokolahti_DJI_0086_frame306.jpg,1,1,1,0,0,0.000000,False
Ruokolahti,Ruokolahti\ruokolahti_DJI_0086_frame307.jpg,1,1,1,0,0,0.000000,False
Ruokolahti,Ruokolahti\ruokolahti_DJI_0086_frame308.jpg,1,1,1,0,0,0.000000,False
Ruokolahti,Ruokolahti\ruokolahti_DJI_0086_frame309.jpg,1,1,1,0,0,0.000000,False
Ruokolahti,Ruokolahti\ruokolahti_DJI_0086_frame31.jpg,1,1,1,0,0,0.000000,False
Ruokolahti,Ruokolahti\ruokolahti_DJI_0086_frame310.jpg,1,1,1,0,0,0.000000,False
Ruokolahti,Ruokolahti\ruokolahti_DJI_0086_frame311.jpg,1,1,1,0,0,0.000000,False
Ruokolahti,Ruokolahti\ruokolahti_DJI_0086_frame312.jpg,1,1,1,0,0,0.000000,False
Ruokolahti,Ruokolahti\ruokolahti_DJI_0086_frame313.jpg,1,1,1,0,0,0.000000,False
Ruokolahti,Ruokolahti\ruokolahti_DJI_0086_frame314.jpg,1,1,1,0,0,0.000000,False
Ruokolahti,Ruokolahti\ruokolahti_DJI_0086_frame315.jpg,1,1,1,0,0,0.000000,False
Ruokolahti,Ruokolahti\ruokolahti_DJI_0086_frame316.jpg,1,1,1,0,0,0.000000,False
Ruokolahti,Ruokolahti\ruokolahti_DJI_0086_frame317.jpg,1,1,1,0,0,0.000000,False
Ruokolahti,Ruokolahti\ruokolahti_DJI_0086_frame318.jpg,1,1,1,0,0,0.000000,False
Ruokolahti,Ruokolahti\ruokolahti_DJI_0086_frame319.jpg,1,1,1,0,0,0.000000,False
Ruokolahti,Ruokolahti\ruokolahti_DJI_0086_frame32.jpg,1,1,1,0,0,0.000000,False
Ruokolahti,Ruokolahti\ruokolahti_DJI_0086_frame320.jpg,1,1,1,0,0,0.000000,False
Ruokolahti,Ruokolahti\ruokolahti_DJI_0086_frame321.jpg,1,1,1,0,0,0.000000,False
Ruokolahti,Ruokolahti\ruokolahti_DJI_0086_frame322.jpg,1,1,1,0,0,0.000000,False
Ruokolahti,Ruokolahti\ruokolahti_DJI_0086_frame323.jpg,1,1,1,0,0,0.000000,False
Ruokolahti,Ruokolahti\ruokolahti_DJI_0086_frame324.jpg,1,1,1,0,0,0.000000,False
Ruokolahti,Ruokolahti\ruokolahti_DJI_0086_frame325.jpg,1,1,1,0,0,0.000000,False
Ruokolahti,Ruokolahti\ruokolahti_DJI_0086_frame326.jpg,1,1,1,0,0,0.000000,False
Ruokolahti,Ruokolahti\ruokolahti_DJI_0086_frame327.jpg,1,1,1,0,0,0.000000,False
Ruokolahti,Ruokolahti\ruokolahti_DJI_0086_frame33.jpg,1,1,1,0,0,0.000000,False
Ruokolahti,Ruokolahti\ruokolahti_DJI_0086_frame34.jpg,1,1,1,0,0,0.000000,False
Ruokolahti,Ruokolahti\ruokolahti_DJI_0086_frame35.jpg,1,1,1,0,0,0.000000,False
Ruokolahti,Ruokolahti\ruokolahti_DJI_0086_frame36.jpg,1,1,1,0,0,0.000000,False
Ruokolahti,Ruokolahti\ruokolahti_DJI_0086_frame37.jpg,1,1,1,0,0,0.000000,False
Ruokolahti,Ruokolahti\ruokolahti_DJI_0086_frame38.jpg,1,1,1,0,0,0.000000,False
Ruokolahti,Ruokolahti\ruokolahti_DJI_0086_frame39.jpg,1,1,1,0,0,0.000000,False
Ruokolahti,Ruokolahti\ruokolahti_DJI_0086_frame4.jpg,1,1,1,0,0,0.000000,False
Ruokolahti,Ruokolahti\ruokolahti_DJI_0086_frame40.jpg,1,1,1,0,0,0.000000,False
Ruokolahti,Ruokolahti\ruokolahti_DJI_0086_frame41.jpg,1,1,1,0,0,0.000000,False
Ruokolahti,Ruokolahti\ruokolahti_DJI_0086_frame42.jpg,1,1,1,0,0,0.000000,False
Ruokolahti,Ruokolahti\ruokolahti_DJI_0086_frame43.jpg,1,1,1,0,0,0.000000,False
Ruokolahti,Ruokolahti\ruokolahti_DJI_0086_frame44.jpg,1,1,1,0,0,0.000000,False
Ruokolahti,Ruokolahti\ruokolahti_DJI_0086_frame45.jpg,1,1,1,0,0,0.000000,False
Ruokolahti,Ruokolahti\ruokolahti_DJI_0086_frame46.jpg,1,1,1,0,0,0.000000,False
Ruokolahti,Ruokolahti\ruokolahti_DJI_0086_frame47.jpg,1,1,1,0,0,0.000000,False
Ruokolahti,Ruokolahti\ruokolahti_DJI_0086_frame48.jpg,1,1,1,0,0,0.000000,False
Ruokolahti,Ruokolahti\ruokolahti_DJI_0086_frame49.jpg,1,1,1,0,0,0.000000,False
Ruokolahti,Ruokolahti\ruokolahti_DJI_0086_frame5.jpg,1,1,1,0,0,0.000000,False
Ruokolahti,Ruokolahti\ruokolahti_DJI_0086_frame50.jpg,1,1,1,0,0,0.000000,False
Ruokolahti,Ruokolahti\ruokolahti_DJI_0086_frame51.jpg,1,1,1,0,0,0.000000,False
Ruokolahti,Ruokolahti\ruokolahti_DJI_0086_frame52.jpg,1,1,1,0,0,0.000000,False
Ruokolahti,Ruokolahti\ruokolahti_DJI_0086_frame53.jpg,1,1,1,0,0,0.000000,False
Ruokolahti,Ruokolahti\ruokolahti_DJI_0086_frame54.jpg,1,1,1,0,0,0.000000,False
Ruokolahti,Ruokolahti\ruokolahti_DJI_0086_frame55.jpg,1,1,1,0,0,0.000000,False
Ruokolahti,Ruokolahti\ruokolahti_DJI_0086_frame56.jpg,1,1,1,0,0,0.000000,False
Ruokolahti,Ruokolahti\ruokolahti_DJI_0086_frame57.jpg,1,1,1,0,0,0.000000,False
Ruokolahti,Ruokolahti\ruokolahti_DJI_0086_frame58.jpg,1,1,1,0,0,0.000000,False
Ruokolahti,Ruokolahti\ruokolahti_DJI_0086_frame59.jpg,1,1,1,0,0,0.000000,False
Ruokolahti,Ruokolahti\ruokolahti_DJI_0086_frame6.jpg,1,1,1,0,0,0.000000,False
Ruokolahti,Ruokolahti\ruokolahti_DJI_0086_frame60.jpg,1,1,1,0,0,0.000000,False
Ruokolahti,Ruokolahti\ruokolahti_DJI_0086_frame61.jpg,1,1,1,0,0,0.000000,False
Ruokolahti,Ruokolahti\ruokolahti_DJI_0086_frame62.jpg,1,1,1,0,0,0.000000,False
Ruokolahti,Ruokolahti\ruokolahti_DJI_0086_frame63.jpg,1,1,1,0,0,0.000000,False
Ruokolahti,Ruokolahti\ruokolahti_DJI_0086_frame64.jpg,1,1,1,0,0,0.000000,False
Ruokolahti,Ruokolahti\ruokolahti_DJI_0086_frame65.jpg,1,1,1,0,0,0.000000,False
Ruokolahti,Ruokolahti\ruokolahti_DJI_0086_frame66.jpg,1,1,1,0,0,0.000000,False
Ruokolahti,Ruokolahti\ruokolahti_DJI_0086_frame67.jpg,1,1,1,0,0,0.000000,False
Ruokolahti,Ruokolahti\ruokolahti_DJI_0086_frame68.jpg,1,1,1,0,0,0.000000,False
Ruokolahti,Ruokolahti\ruokolahti_DJI_0086_frame69.jpg,1,1,1,0,0,0.000000,False
Ruokolahti,Ruokolahti\ruokolahti_DJI_0086_frame7.jpg,1,1,1,0,0,0.000000,False
Ruokolahti,Ruokolahti\ruokolahti_DJI_0086_frame70.jpg,1,1,1,0,0,0.000000,False
Ruokolahti,Ruokolahti\ruokolahti_DJI_0086_frame71.jpg,1,1,1,0,0,0.000000,False
Ruokolahti,Ruokolahti\ruokolahti_DJI_0086_frame72.jpg,1,1,1,0,0,0.000000,False
Ruokolahti,Ruokolahti\ruokolahti_DJI_0086_frame73.jpg,1,1,1,0,0,0.000000,False
Ruokolahti,Ruokolahti\ruokolahti_DJI_0086_frame74.jpg,1,1,1,0,0,0.000000,False
Ruokolahti,Ruokolahti\ruokolahti_DJI_0086_frame75.jpg,1,1,1,0,0,0.000000,False
Ruokolahti,Ruokolahti\ruokolahti_DJI_0086_frame76.jpg,1,1,1,0,0,0.000000,False
Ruokolahti,Ruokolahti\ruokolahti_DJI_0086_frame77.jpg,1,1,1,0,0,0.000000,False
Ruokolahti,Ruokolahti\ruokolahti_DJI_0086_frame78.jpg,1,1,1,0,0,0.000000,False
Ruokolahti,Ruokolahti\ruokolahti_DJI_0086_frame79.jpg,1,1,1,0,0,0.000000,False
Ruokolahti,Ruokolahti\ruokolahti_DJI_0086_frame8.jpg,1,1,1,0,0,0.000000,False
Ruokolahti,Ruokolahti\ruokolahti_DJI_0086_frame80.jpg,1,1,1,0,0,0.000000,False
Ruokolahti,Ruokolahti\ruokolahti_DJI_0086_frame81.jpg,1,1,1,0,0,0.000000,False
Ruokolahti,Ruokolahti\ruokolahti_DJI_0086_frame82.jpg,1,1,1,0,0,0.000000,False
Ruokolahti,Ruokolahti\ruokolahti_DJI_0086_frame83.jpg,1,1,1,0,0,0.000000,False
Ruokolahti,Ruokolahti\ruokolahti_DJI_0086_frame84.jpg,1,1,1,0,0,0.000000,False
Ruokolahti,Ruokolahti\ruokolahti_DJI_0086_frame85.jpg,1,1,1,0,0,0.000000,False
Ruokolahti,Ruokolahti\ruokolahti_DJI_0086_frame86.jpg,1,1,1,0,0,0.000000,False
Ruokolahti,Ruokolahti\ruokolahti_DJI_0086_frame87.jpg,1,1,1,0,0,0.000000,False
Ruokolahti,Ruokolahti\ruokolahti_DJI_0086_frame88.jpg,1,1,1,0,0,0.000000,False
Ruokolahti,Ruokolahti\ruokolahti_DJI_0086_frame89.jpg,1,1,1,0,0,0.000000,False
Ruokolahti,Ruokolahti\ruokolahti_DJI_0086_frame9.jpg,1,1,1,0,0,0.000000,False
Ruokolahti,Ruokolahti\ruokolahti_DJI_0086_frame90.jpg,1,1,1,0,0,0.000000,False
Ruokolahti,Ruokolahti\ruokolahti_DJI_0086_frame91.jpg,1,1,1,0,0,0.000000,False
Ruokolahti,Ruokolahti\ruokolahti_DJI_0086_frame92.jpg,1,1,1,0,0,0.000000,False
Ruokolahti,Ruokolahti\ruokolahti_DJI_0086_frame93.jpg,1,1,1,0,0,0.000000,False
Ruokolahti,Ruokolahti\ruokolahti_DJI_0086_frame94.jpg,1,1,1,0,0,0.000000,False
Ruokolahti,Ruokolahti\ruokolahti_DJI_0086_frame95.jpg,1,1,1,0,0,0.000000,False
Ruokolahti,Ruokolahti\ruokolahti_DJI_0086_frame96.jpg,1,1,1,0,0,0.000000,False
Ruokolahti,Ruokolahti\ruokolahti_DJI_0086_frame97.jpg,1,1,1,0,0,0.000000,False
Ruokolahti,Ruokolahti\ruokolahti_DJI_0086_frame98.jpg,1,1,1,0,0,0.000000,False
Ruokolahti,Ruokolahti\ruokolahti_DJI_0086_frame99.jpg,1,1,1,0,0,0.000000,False
Ruokolahti,Ruokolahti\ruokolahti_DJI_0087_frame0.jpg,1,1,1,0,0,0.000000,False
Ruokolahti,Ruokolahti\ruokolahti_DJI_0087_frame1.jpg,1,1,1,0,0,0.000000,False
Ruokolahti,Ruokolahti\ruokolahti_DJI_0087_frame10.jpg,1,1,1,0,0,0.000000,False
Ruokolahti,Ruokolahti\ruokolahti_DJI_0087_frame100.jpg,1,1,1,0,0,0.000000,False
Ruokolahti,Ruokolahti\ruokolahti_DJI_0087_frame101.jpg,1,1,1,0,0,0.000000,False
Ruokolahti,Ruokolahti\ruokolahti_DJI_0087_frame102.jpg,1,1,1,0,0,0.000000,False
Ruokolahti,Ruokolahti\ruokolahti_DJI_0087_frame103.jpg,1,1,1,0,0,0.000000,False
Ruokolahti,Ruokolahti\ruokolahti_DJI_0087_frame104.jpg,1,1,1,0,0,0.000000,False
Ruokolahti,Ruokolahti\ruokolahti_DJI_0087_frame105.jpg,1,1,1,0,0,0.000000,False
Ruokolahti,Ruokolahti\ruokolahti_DJI_0087_frame106.jpg,1,1,1,0,0,0.000000,False
Ruokolahti,Ruokolahti\ruokolahti_DJI_0087_frame107.jpg,1,1,1,0,0,0.000000,False
Ruokolahti,Ruokolahti\ruokolahti_DJI_0087_frame108.jpg,1,1,1,0,0,0.000000,False
Ruokolahti,Ruokolahti\ruokolahti_DJI_0087_frame109.jpg,1,1,1,0,0,0.000000,False
Ruokolahti,Ruokolahti\ruokolahti_DJI_0087_frame11.jpg,1,1,1,0,0,0.000000,False
Ruokolahti,Ruokolahti\ruokolahti_DJI_0087_frame110.jpg,1,1,1,0,0,0.000000,False
Ruokolahti,Ruokolahti\ruokolahti_DJI_0087_frame111.jpg,1,1,1,0,0,0.000000,False
Ruokolahti,Ruokolahti\ruokolahti_DJI_0087_frame112.jpg,1,1,1,0,0,0.000000,False
Ruokolahti,Ruokolahti\ruokolahti_DJI_0087_frame113.jpg,1,1,1,0,0,0.000000,False
Ruokolahti,Ruokolahti\ruokolahti_DJI_0087_frame114.jpg,1,1,1,0,0,0.000000,False
Ruokolahti,Ruokolahti\ruokolahti_DJI_0087_frame115.jpg,1,1,1,0,0,0.000000,False
Ruokolahti,Ruokolahti\ruokolahti_DJI_0087_frame116.jpg,1,1,1,0,0,0.000000,False
Ruokolahti,Ruokolahti\ruokolahti_DJI_0087_frame117.jpg,1,1,1,0,0,0.000000,False
Ruokolahti,Ruokolahti\ruokolahti_DJI_0087_frame118.jpg,1,1,1,0,0,0.000000,False
Ruokolahti,Ruokolahti\ruokolahti_DJI_0087_frame119.jpg,1,1,1,0,0,0.000000,False
Ruokolahti,Ruokolahti\ruokolahti_DJI_0087_frame12.jpg,1,1,1,0,0,0.000000,False
Ruokolahti,Ruokolahti\ruokolahti_DJI_0087_frame120.jpg,1,1,1,0,0,0.000000,False
Ruokolahti,Ruokolahti\ruokolahti_DJI_0087_frame121.jpg,1,1,1,0,0,0.000000,False
Ruokolahti,Ruokolahti\ruokolahti_DJI_0087_frame122.jpg,1,1,1,0,0,0.000000,False
Ruokolahti,Ruokolahti\ruokolahti_DJI_0087_frame123.jpg,1,1,1,0,0,0.000000,False
Ruokolahti,Ruokolahti\ruokolahti_DJI_0087_frame124.jpg,1,1,1,0,0,0.000000,False
Ruokolahti,Ruokolahti\ruokolahti_DJI_0087_frame125.jpg,1,1,1,0,0,0.000000,False
Ruokolahti,Ruokolahti\ruokolahti_DJI_0087_frame126.jpg,1,1,1,0,0,0.000000,False
Ruokolahti,Ruokolahti\ruokolahti_DJI_0087_frame127.jpg,1,1,1,0,0,0.000000,False
Ruokolahti,Ruokolahti\ruokolahti_DJI_0087_frame128.jpg,1,1,1,0,0,0.000000,False
Ruokolahti,Ruokolahti\ruokolahti_DJI_0087_frame129.jpg,1,1,1,0,0,0.000000,False
Ruokolahti,Ruokolahti\ruokolahti_DJI_0087_frame13.jpg,1,1,1,0,0,0.000000,False
Ruokolahti,Ruokolahti\ruokolahti_DJI_0087_frame130.jpg,1,1,1,0,0,0.000000,False
Ruokolahti,Ruokolahti\ruokolahti_DJI_0087_frame131.jpg,1,1,1,0,0,0.000000,False
Ruokolahti,Ruokolahti\ruokolahti_DJI_0087_frame132.jpg,1,1,1,0,0,0.000000,False
Ruokolahti,Ruokolahti\ruokolahti_DJI_0087_frame133.jpg,1,1,1,0,0,0.000000,False
Ruokolahti,Ruokolahti\ruokolahti_DJI_0087_frame134.jpg,1,1,1,0,0,0.000000,False
Ruokolahti,Ruokolahti\ruokolahti_DJI_0087_frame135.jpg,1,1,1,0,0,0.000000,False
Ruokolahti,Ruokolahti\ruokolahti_DJI_0087_frame136.jpg,1,1,1,0,0,0.000000,False
Ruokolahti,Ruokolahti\ruokolahti_DJI_0087_frame137.jpg,1,1,1,0,0,0.000000,False
Ruokolahti,Ruokolahti\ruokolahti_DJI_0087_frame138.jpg,1,1,1,0,0,0.000000,False
Ruokolahti,Ruokolahti\ruokolahti_DJI_0087_frame139.jpg,1,1,1,0,0,0.000000,False
Ruokolahti,Ruokolahti\ruokolahti_DJI_0087_frame14.jpg,1,1,1,0,0,0.000000,False
Ruokolahti,Ruokolahti\ruokolahti_DJI_0087_frame140.jpg,1,1,1,0,0,0.000000,False
Ruokolahti,Ruokolahti\ruokolahti_DJI_0087_frame141.jpg,1,1,1,0,0,0.000000,False
Ruokolahti,Ruokolahti\ruokolahti_DJI_0087_frame142.jpg,1,1,1,0,0,0.000000,False
Ruokolahti,Ruokolahti\ruokolahti_DJI_0087_frame143.jpg,1,1,1,0,0,0.000000,False
Ruokolahti,Ruokolahti\ruokolahti_DJI_0087_frame144.jpg,1,1,1,0,0,0.000000,False
Ruokolahti,Ruokolahti\ruokolahti_DJI_0087_frame145.jpg,1,1,1,0,0,0.000000,False
Ruokolahti,Ruokolahti\ruokolahti_DJI_0087_frame146.jpg,1,1,1,0,0,0.000000,False
Ruokolahti,Ruokolahti\ruokolahti_DJI_0087_frame147.jpg,1,1,1,0,0,0.000000,False
Ruokolahti,Ruokolahti\ruokolahti_DJI_0087_frame148.jpg,1,1,1,0,0,0.000000,False
Ruokolahti,Ruokolahti\ruokolahti_DJI_0087_frame149.jpg,1,1,1,0,0,0.000000,False
Ruokolahti,Ruokolahti\ruokolahti_DJI_0087_frame15.jpg,1,1,1,0,0,0.000000,False
Ruokolahti,Ruokolahti\ruokolahti_DJI_0087_frame150.jpg,1,1,1,0,0,0.000000,False
Ruokolahti,Ruokolahti\ruokolahti_DJI_0087_frame151.jpg,1,1,1,0,0,0.000000,False
Ruokolahti,Ruokolahti\ruokolahti_DJI_0087_frame152.jpg,1,1,1,0,0,0.000000,False
Ruokolahti,Ruokolahti\ruokolahti_DJI_0087_frame153.jpg,1,1,1,0,0,0.000000,False
Ruokolahti,Ruokolahti\ruokolahti_DJI_0087_frame154.jpg,1,1,1,0,0,0.000000,False
Ruokolahti,Ruokolahti\ruokolahti_DJI_0087_frame155.jpg,1,1,1,0,0,0.000000,False
Ruokolahti,Ruokolahti\ruokolahti_DJI_0087_frame156.jpg,1,1,1,0,0,0.000000,False
Ruokolahti,Ruokolahti\ruokolahti_DJI_0087_frame157.jpg,1,1,1,0,0,0.000000,False
Ruokolahti,Ruokolahti\ruokolahti_DJI_0087_frame158.jpg,1,1,1,0,0,0.000000,False
Ruokolahti,Ruokolahti\ruokolahti_DJI_0087_frame159.jpg,1,1,1,0,0,0.000000,False
Ruokolahti,Ruokolahti\ruokolahti_DJI_0087_frame16.jpg,1,1,1,0,0,0.000000,False
Ruokolahti,Ruokolahti\ruokolahti_DJI_0087_frame160.jpg,1,1,1,0,0,0.000000,False
Ruokolahti,Ruokolahti\ruokolahti_DJI_0087_frame161.jpg,1,1,1,0,0,0.000000,False
Ruokolahti,Ruokolahti\ruokolahti_DJI_0087_frame162.jpg,1,1,1,0,0,0.000000,False
Ruokolahti,Ruokolahti\ruokolahti_DJI_0087_frame163.jpg,1,1,1,0,0,0.000000,False
Ruokolahti,Ruokolahti\ruokolahti_DJI_0087_frame164.jpg,1,1,1,0,0,0.000000,False
Ruokolahti,Ruokolahti\ruokolahti_DJI_0087_frame165.jpg,1,1,1,0,0,0.000000,False
Ruokolahti,Ruokolahti\ruokolahti_DJI_0087_frame166.jpg,1,1,1,0,0,0.000000,False
Ruokolahti,Ruokolahti\ruokolahti_DJI_0087_frame167.jpg,1,1,1,0,0,0.000000,False
Ruokolahti,Ruokolahti\ruokolahti_DJI_0087_frame168.jpg,1,1,1,0,0,0.000000,False
Ruokolahti,Ruokolahti\ruokolahti_DJI_0087_frame169.jpg,1,2,1,1,0,0.287922,False
Ruokolahti,Ruokolahti\ruokolahti_DJI_0087_frame17.jpg,1,1,1,0,0,0.000000,False
Ruokolahti,Ruokolahti\ruokolahti_DJI_0087_frame170.jpg,1,1,1,0,0,0.000000,False
Ruokolahti,Ruokolahti\ruokolahti_DJI_0087_frame171.jpg,1,1,1,0,0,0.000000,False
Ruokolahti,Ruokolahti\ruokolahti_DJI_0087_frame172.jpg,1,1,1,0,0,0.000000,False
Ruokolahti,Ruokolahti\ruokolahti_DJI_0087_frame173.jpg,1,1,1,0,0,0.000000,False
Ruokolahti,Ruokolahti\ruokolahti_DJI_0087_frame174.jpg,1,1,1,0,0,0.000000,False
Ruokolahti,Ruokolahti\ruokolahti_DJI_0087_frame175.jpg,1,1,1,0,0,0.000000,False
Ruokolahti,Ruokolahti\ruokolahti_DJI_0087_frame176.jpg,1,1,1,0,0,0.000000,False
Ruokolahti,Ruokolahti\ruokolahti_DJI_0087_frame177.jpg,1,1,1,0,0,0.000000,False
Ruokolahti,Ruokolahti\ruokolahti_DJI_0087_frame178.jpg,1,1,1,0,0,0.000000,False
Ruokolahti,Ruokolahti\ruokolahti_DJI_0087_frame179.jpg,1,1,1,0,0,0.000000,False
Ruokolahti,Ruokolahti\ruokolahti_DJI_0087_frame18.jpg,1,1,1,0,0,0.000000,False
Ruokolahti,Ruokolahti\ruokolahti_DJI_0087_frame180.jpg,1,1,1,0,0,0.000000,False
Ruokolahti,Ruokolahti\ruokolahti_DJI_0087_frame181.jpg,1,1,1,0,0,0.000000,False
Ruokolahti,Ruokolahti\ruokolahti_DJI_0087_frame182.jpg,1,1,1,0,0,0.000000,False
Ruokolahti,Ruokolahti\ruokolahti_DJI_0087_frame183.jpg,1,1,1,0,0,0.000000,False
Ruokolahti,Ruokolahti\ruokolahti_DJI_0087_frame184.jpg,1,1,1,0,0,0.000000,False
Ruokolahti,Ruokolahti\ruokolahti_DJI_0087_frame185.jpg,1,1,1,0,0,0.000000,False
Ruokolahti,Ruokolahti\ruokolahti_DJI_0087_frame186.jpg,1,1,1,0,0,0.000000,False
Ruokolahti,Ruokolahti\ruokolahti_DJI_0087_frame187.jpg,1,1,1,0,0,0.000000,False
Ruokolahti,Ruokolahti\ruokolahti_DJI_0087_frame188.jpg,1,1,1,0,0,0.000000,False
Ruokolahti,Ruokolahti\ruokolahti_DJI_0087_frame189.jpg,1,1,1,0,0,0.000000,False
Ruokolahti,Ruokolahti\ruokolahti_DJI_0087_frame19.jpg,1,1,1,0,0,0.000000,False
Ruokolahti,Ruokolahti\ruokolahti_DJI_0087_frame190.jpg,1,1,1,0,0,0.000000,False
Ruokolahti,Ruokolahti\ruokolahti_DJI_0087_frame191.jpg,1,1,1,0,0,0.000000,False
Ruokolahti,Ruokolahti\ruokolahti_DJI_0087_frame192.jpg,1,1,1,0,0,0.000000,False
Ruokolahti,Ruokolahti\ruokolahti_DJI_0087_frame193.jpg,1,1,1,0,0,0.000000,False
Ruokolahti,Ruokolahti\ruokolahti_DJI_0087_frame194.jpg,1,1,1,0,0,0.000000,False
Ruokolahti,Ruokolahti\ruokolahti_DJI_0087_frame195.jpg,1,1,1,0,0,0.000000,False
Ruokolahti,Ruokolahti\ruokolahti_DJI_0087_frame196.jpg,1,1,1,0,0,0.000000,False
Ruokolahti,Ruokolahti\ruokolahti_DJI_0087_frame197.jpg,1,1,1,0,0,0.000000,False
Ruokolahti,Ruokolahti\ruokolahti_DJI_0087_frame198.jpg,1,1,1,0,0,0.000000,False
Ruokolahti,Ruokolahti\ruokolahti_DJI_0087_frame199.jpg,1,1,1,0,0,0.000000,False
Ruokolahti,Ruokolahti\ruokolahti_DJI_0087_frame2.jpg,1,1,1,0,0,0.000000,False
Ruokolahti,Ruokolahti\ruokolahti_DJI_0087_frame20.jpg,1,1,1,0,0,0.000000,False
Ruokolahti,Ruokolahti\ruokolahti_DJI_0087_frame200.jpg,1,1,1,0,0,0.000000,False
Ruokolahti,Ruokolahti\ruokolahti_DJI_0087_frame201.jpg,1,1,1,0,0,0.000000,False
Ruokolahti,Ruokolahti\ruokolahti_DJI_0087_frame202.jpg,1,1,1,0,0,0.000000,False
Ruokolahti,Ruokolahti\ruokolahti_DJI_0087_frame203.jpg,1,1,1,0,0,0.000000,False
Ruokolahti,Ruokolahti\ruokolahti_DJI_0087_frame204.jpg,1,1,1,0,0,0.000000,False
Ruokolahti,Ruokolahti\ruokolahti_DJI_0087_frame205.jpg,1,1,1,0,0,0.000000,False
Ruokolahti,Ruokolahti\ruokolahti_DJI_0087_frame206.jpg,1,1,1,0,0,0.000000,False
Ruokolahti,Ruokolahti\ruokolahti_DJI_0087_frame207.jpg,1,1,1,0,0,0.000000,False
Ruokolahti,Ruokolahti\ruokolahti_DJI_0087_frame208.jpg,1,1,1,0,0,0.000000,False
Ruokolahti,Ruokolahti\ruokolahti_DJI_0087_frame209.jpg,1,1,1,0,0,0.000000,False
Ruokolahti,Ruokolahti\ruokolahti_DJI_0087_frame21.jpg,1,1,1,0,0,0.000000,False
Ruokolahti,Ruokolahti\ruokolahti_DJI_0087_frame210.jpg,1,1,1,0,0,0.000000,False
Ruokolahti,Ruokolahti\ruokolahti_DJI_0087_frame211.jpg,1,1,1,0,0,0.000000,False
Ruokolahti,Ruokolahti\ruokolahti_DJI_0087_frame212.jpg,1,1,1,0,0,0.000000,False
Ruokolahti,Ruokolahti\ruokolahti_DJI_0087_frame213.jpg,1,1,1,0,0,0.000000,False
Ruokolahti,Ruokolahti\ruokolahti_DJI_0087_frame214.jpg,1,1,1,0,0,0.000000,False
Ruokolahti,Ruokolahti\ruokolahti_DJI_0087_frame215.jpg,1,1,1,0,0,0.000000,False
Ruokolahti,Ruokolahti\ruokolahti_DJI_0087_frame216.jpg,1,1,1,0,0,0.000000,False
Ruokolahti,Ruokolahti\ruokolahti_DJI_0087_frame217.jpg,1,1,1,0,0,0.000000,False
Ruokolahti,Ruokolahti\ruokolahti_DJI_0087_frame218.jpg,1,1,1,0,0,0.000000,False
Ruokolahti,Ruokolahti\ruokolahti_DJI_0087_frame219.jpg,1,1,1,0,0,0.000000,False
Ruokolahti,Ruokolahti\ruokolahti_DJI_0087_frame22.jpg,1,1,1,0,0,0.000000,False
Ruokolahti,Ruokolahti\ruokolahti_DJI_0087_frame220.jpg,1,1,1,0,0,0.000000,False
Ruokolahti,Ruokolahti\ruokolahti_DJI_0087_frame221.jpg,1,1,1,0,0,0.000000,False
Ruokolahti,Ruokolahti\ruokolahti_DJI_0087_frame222.jpg,1,1,1,0,0,0.000000,False
Ruokolahti,Ruokolahti\ruokolahti_DJI_0087_frame223.jpg,1,1,1,0,0,0.000000,False
Ruokolahti,Ruokolahti\ruokolahti_DJI_0087_frame224.jpg,1,1,1,0,0,0.000000,False
Ruokolahti,Ruokolahti\ruokolahti_DJI_0087_frame225.jpg,1,1,1,0,0,0.000000,False
Ruokolahti,Ruokolahti\ruokolahti_DJI_0087_frame226.jpg,1,1,1,0,0,0.000000,False
Ruokolahti,Ruokolahti\ruokolahti_DJI_0087_frame227.jpg,1,1,1,0,0,0.000000,False
Ruokolahti,Ruokolahti\ruokolahti_DJI_0087_frame228.jpg,1,1,1,0,0,0.000000,False
Ruokolahti,Ruokolahti\ruokolahti_DJI_0087_frame229.jpg,1,1,1,0,0,0.000000,False
Ruokolahti,Ruokolahti\ruokolahti_DJI_0087_frame23.jpg,1,1,1,0,0,0.000000,False
Ruokolahti,Ruokolahti\ruokolahti_DJI_0087_frame230.jpg,1,1,1,0,0,0.000000,False
Ruokolahti,Ruokolahti\ruokolahti_DJI_0087_frame231.jpg,1,1,1,0,0,0.000000,False
Ruokolahti,Ruokolahti\ruokolahti_DJI_0087_frame232.jpg,1,1,1,0,0,0.000000,False
Ruokolahti,Ruokolahti\ruokolahti_DJI_0087_frame233.jpg,1,1,1,0,0,0.000000,False
Ruokolahti,Ruokolahti\ruokolahti_DJI_0087_frame234.jpg,1,1,1,0,0,0.000000,False
Ruokolahti,Ruokolahti\ruokolahti_DJI_0087_frame235.jpg,1,1,1,0,0,0.000000,False
Ruokolahti,Ruokolahti\ruokolahti_DJI_0087_frame236.jpg,1,1,1,0,0,0.000000,False
Ruokolahti,Ruokolahti\ruokolahti_DJI_0087_frame237.jpg,1,1,1,0,0,0.000000,False
Ruokolahti,Ruokolahti\ruokolahti_DJI_0087_frame238.jpg,1,1,1,0,0,0.000000,False
Ruokolahti,Ruokolahti\ruokolahti_DJI_0087_frame239.jpg,1,1,1,0,0,0.000000,False
Ruokolahti,Ruokolahti\ruokolahti_DJI_0087_frame24.jpg,1,1,1,0,0,0.000000,False
Ruokolahti,Ruokolahti\ruokolahti_DJI_0087_frame240.jpg,1,1,1,0,0,0.000000,False
Ruokolahti,Ruokolahti\ruokolahti_DJI_0087_frame241.jpg,1,1,1,0,0,0.000000,False
Ruokolahti,Ruokolahti\ruokolahti_DJI_0087_frame242.jpg,1,1,1,0,0,0.000000,False
Ruokolahti,Ruokolahti\ruokolahti_DJI_0087_frame243.jpg,1,1,1,0,0,0.000000,False
Ruokolahti,Ruokolahti\ruokolahti_DJI_0087_frame244.jpg,1,1,1,0,0,0.000000,False
Ruokolahti,Ruokolahti\ruokolahti_DJI_0087_frame245.jpg,1,1,1,0,0,0.000000,False
Ruokolahti,Ruokolahti\ruokolahti_DJI_0087_frame246.jpg,1,1,1,0,0,0.000000,False
Ruokolahti,Ruokolahti\ruokolahti_DJI_0087_frame247.jpg,1,1,1,0,0,0.000000,False
Ruokolahti,Ruokolahti\ruokolahti_DJI_0087_frame248.jpg,1,1,1,0,0,0.000000,False
Ruokolahti,Ruokolahti\ruokolahti_DJI_0087_frame249.jpg,0,1,0,1,0,0.892048,True
Ruokolahti,Ruokolahti\ruokolahti_DJI_0087_frame25.jpg,1,1,1,0,0,0.000000,False
Ruokolahti,Ruokolahti\ruokolahti_DJI_0087_frame250.jpg,1,1,1,0,0,0.000000,False
Ruokolahti,Ruokolahti\ruokolahti_DJI_0087_frame251.jpg,1,1,1,0,0,0.000000,False
Ruokolahti,Ruokolahti\ruokolahti_DJI_0087_frame252.jpg,1,1,1,0,0,0.000000,False
Ruokolahti,Ruokolahti\ruokolahti_DJI_0087_frame253.jpg,1,1,1,0,0,0.000000,False
Ruokolahti,Ruokolahti\ruokolahti_DJI_0087_frame254.jpg,1,1,1,0,0,0.000000,False
Ruokolahti,Ruokolahti\ruokolahti_DJI_0087_frame255.jpg,1,1,1,0,0,0.000000,False
Ruokolahti,Ruokolahti\ruokolahti_DJI_0087_frame256.jpg,1,1,1,0,0,0.000000,False
Ruokolahti,Ruokolahti\ruokolahti_DJI_0087_frame257.jpg,1,1,1,0,0,0.000000,False
Ruokolahti,Ruokolahti\ruokolahti_DJI_0087_frame258.jpg,1,1,1,0,0,0.000000,False
Ruokolahti,Ruokolahti\ruokolahti_DJI_0087_frame259.jpg,0,1,0,1,0,0.875750,True
Ruokolahti,Ruokolahti\ruokolahti_DJI_0087_frame26.jpg,1,1,1,0,0,0.000000,False
Ruokolahti,Ruokolahti\ruokolahti_DJI_0087_frame260.jpg,1,1,1,0,0,0.000000,False
Ruokolahti,Ruokolahti\ruokolahti_DJI_0087_frame261.jpg,1,1,1,0,0,0.000000,False
Ruokolahti,Ruokolahti\ruokolahti_DJI_0087_frame262.jpg,1,1,1,0,0,0.000000,False
Ruokolahti,Ruokolahti\ruokolahti_DJI_0087_frame263.jpg,1,1,1,0,0,0.000000,False
Ruokolahti,Ruokolahti\ruokolahti_DJI_0087_frame264.jpg,1,1,1,0,0,0.000000,False
Ruokolahti,Ruokolahti\ruokolahti_DJI_0087_frame265.jpg,1,1,1,0,0,0.000000,False
Ruokolahti,Ruokolahti\ruokolahti_DJI_0087_frame266.jpg,1,1,1,0,0,0.000000,False
Ruokolahti,Ruokolahti\ruokolahti_DJI_0087_frame267.jpg,1,1,1,0,0,0.000000,False
Ruokolahti,Ruokolahti\ruokolahti_DJI_0087_frame268.jpg,1,1,1,0,0,0.000000,False
Ruokolahti,Ruokolahti\ruokolahti_DJI_0087_frame269.jpg,1,1,1,0,0,0.000000,False
Ruokolahti,Ruokolahti\ruokolahti_DJI_0087_frame27.jpg,1,1,1,0,0,0.000000,False
Ruokolahti,Ruokolahti\ruokolahti_DJI_0087_frame270.jpg,1,1,1,0,0,0.000000,False
Ruokolahti,Ruokolahti\ruokolahti_DJI_0087_frame271.jpg,1,1,1,0,0,0.000000,False
Ruokolahti,Ruokolahti\ruokolahti_DJI_0087_frame272.jpg,1,1,1,0,0,0.000000,False
Ruokolahti,Ruokolahti\ruokolahti_DJI_0087_frame273.jpg,1,1,1,0,0,0.000000,False
Ruokolahti,Ruokolahti\ruokolahti_DJI_0087_frame274.jpg,1,1,1,0,0,0.000000,False
Ruokolahti,Ruokolahti\ruokolahti_DJI_0087_frame275.jpg,1,1,1,0,0,0.000000,False
Ruokolahti,Ruokolahti\ruokolahti_DJI_0087_frame276.jpg,1,1,1,0,0,0.000000,False
Ruokolahti,Ruokolahti\ruokolahti_DJI_0087_frame277.jpg,1,1,1,0,0,0.000000,False
Ruokolahti,Ruokolahti\ruokolahti_DJI_0087_frame278.jpg,1,1,1,0,0,0.000000,False
Ruokolahti,Ruokolahti\ruokolahti_DJI_0087_frame279.jpg,1,1,1,0,0,0.000000,False
Ruokolahti,Ruokolahti\ruokolahti_DJI_0087_frame28.jpg,1,1,1,0,0,0.000000,False
Ruokolahti,Ruokolahti\ruokolahti_DJI_0087_frame280.jpg,1,1,1,0,0,0.000000,False
Ruokolahti,Ruokolahti\ruokolahti_DJI_0087_frame281.jpg,1,1,1,0,0,0.000000,False
Ruokolahti,Ruokolahti\ruokolahti_DJI_0087_frame282.jpg,1,1,1,0,0,0.000000,False
Ruokolahti,Ruokolahti\ruokolahti_DJI_0087_frame283.jpg,1,1,1,0,0,0.000000,False
Ruokolahti,Ruokolahti\ruokolahti_DJI_0087_frame284.jpg,1,1,1,0,0,0.000000,False
Ruokolahti,Ruokolahti\ruokolahti_DJI_0087_frame285.jpg,1,1,1,0,0,0.000000,False
Ruokolahti,Ruokolahti\ruokolahti_DJI_0087_frame286.jpg,1,1,1,0,0,0.000000,False
Ruokolahti,Ruokolahti\ruokolahti_DJI_0087_frame287.jpg,1,1,1,0,0,0.000000,False
Ruokolahti,Ruokolahti\ruokolahti_DJI_0087_frame288.jpg,1,1,1,0,0,0.000000,False
Ruokolahti,Ruokolahti\ruokolahti_DJI_0087_frame289.jpg,1,1,1,0,0,0.000000,False
Ruokolahti,Ruokolahti\ruokolahti_DJI_0087_frame29.jpg,1,1,1,0,0,0.000000,False
Ruokolahti,Ruokolahti\ruokolahti_DJI_0087_frame290.jpg,1,1,1,0,0,0.000000,False
Ruokolahti,Ruokolahti\ruokolahti_DJI_0087_frame291.jpg,1,1,1,0,0,0.000000,False
Ruokolahti,Ruokolahti\ruokolahti_DJI_0087_frame292.jpg,1,1,1,0,0,0.000000,False
Ruokolahti,Ruokolahti\ruokolahti_DJI_0087_frame293.jpg,1,1,1,0,0,0.000000,False
Ruokolahti,Ruokolahti\ruokolahti_DJI_0087_frame294.jpg,1,1,1,0,0,0.000000,False
Ruokolahti,Ruokolahti\ruokolahti_DJI_0087_frame295.jpg,1,1,1,0,0,0.000000,False
Ruokolahti,Ruokolahti\ruokolahti_DJI_0087_frame296.jpg,1,1,1,0,0,0.000000,False
Ruokolahti,Ruokolahti\ruokolahti_DJI_0087_frame297.jpg,1,1,1,0,0,0.000000,False
Ruokolahti,Ruokolahti\ruokolahti_DJI_0087_frame298.jpg,1,1,1,0,0,0.000000,False
Ruokolahti,Ruokolahti\ruokolahti_DJI_0087_frame299.jpg,1,1,1,0,0,0.000000,False
Ruokolahti,Ruokolahti\ruokolahti_DJI_0087_frame3.jpg,1,1,1,0,0,0.000000,False
Ruokolahti,Ruokolahti\ruokolahti_DJI_0087_frame30.jpg,1,1,1,0,0,0.000000,False
Ruokolahti,Ruokolahti\ruokolahti_DJI_0087_frame300.jpg,1,1,1,0,0,0.000000,False
Ruokolahti,Ruokolahti\ruokolahti_DJI_0087_frame301.jpg,1,1,1,0,0,0.000000,False
Ruokolahti,Ruokolahti\ruokolahti_DJI_0087_frame302.jpg,1,1,1,0,0,0.000000,False
Ruokolahti,Ruokolahti\ruokolahti_DJI_0087_frame303.jpg,1,1,1,0,0,0.000000,False
Ruokolahti,Ruokolahti\ruokolahti_DJI_0087_frame304.jpg,1,1,1,0,0,0.000000,False
Ruokolahti,Ruokolahti\ruokolahti_DJI_0087_frame305.jpg,1,1,1,0,0,0.000000,False
Ruokolahti,Ruokolahti\ruokolahti_DJI_0087_frame306.jpg,1,1,1,0,0,0.000000,False
Ruokolahti,Ruokolahti\ruokolahti_DJI_0087_frame307.jpg,1,1,1,0,0,0.000000,False
Ruokolahti,Ruokolahti\ruokolahti_DJI_0087_frame308.jpg,1,1,1,0,0,0.000000,False
Ruokolahti,Ruokolahti\ruokolahti_DJI_0087_frame309.jpg,1,1,1,0,0,0.000000,False
Ruokolahti,Ruokolahti\ruokolahti_DJI_0087_frame31.jpg,1,1,1,0,0,0.000000,False
Ruokolahti,Ruokolahti\ruokolahti_DJI_0087_frame310.jpg,1,1,1,0,0,0.000000,False
Ruokolahti,Ruokolahti\ruokolahti_DJI_0087_frame311.jpg,1,1,1,0,0,0.000000,False
Ruokolahti,Ruokolahti\ruokolahti_DJI_0087_frame312.jpg,1,1,1,0,0,0.000000,False
Ruokolahti,Ruokolahti\ruokolahti_DJI_0087_frame313.jpg,1,1,1,0,0,0.000000,False
Ruokolahti,Ruokolahti\ruokolahti_DJI_0087_frame314.jpg,1,1,1,0,0,0.000000,False
Ruokolahti,Ruokolahti\ruokolahti_DJI_0087_frame315.jpg,1,1,1,0,0,0.000000,False
Ruokolahti,Ruokolahti\ruokolahti_DJI_0087_frame316.jpg,1,1,1,0,0,0.000000,False
Ruokolahti,Ruokolahti\ruokolahti_DJI_0087_frame317.jpg,1,1,1,0,0,0.000000,False
Ruokolahti,Ruokolahti\ruokolahti_DJI_0087_frame318.jpg,1,1,1,0,0,0.000000,False
Ruokolahti,Ruokolahti\ruokolahti_DJI_0087_frame319.jpg,1,1,1,0,0,0.000000,False
Ruokolahti,Ruokolahti\ruokolahti_DJI_0087_frame32.jpg,1,1,1,0,0,0.000000,False
Ruokolahti,Ruokolahti\ruokolahti_DJI_0087_frame320.jpg,1,2,1,1,0,0.600814,False
Ruokolahti,Ruokolahti\ruokolahti_DJI_0087_frame321.jpg,1,1,1,0,0,0.000000,False
Ruokolahti,Ruokolahti\ruokolahti_DJI_0087_frame322.jpg,1,1,1,0,0,0.000000,False
Ruokolahti,Ruokolahti\ruokolahti_DJI_0087_frame323.jpg,1,1,1,0,0,0.000000,False
Ruokolahti,Ruokolahti\ruokolahti_DJI_0087_frame324.jpg,1,1,1,0,0,0.000000,False
Ruokolahti,Ruokolahti\ruokolahti_DJI_0087_frame325.jpg,1,1,1,0,0,0.000000,False
Ruokolahti,Ruokolahti\ruokolahti_DJI_0087_frame326.jpg,1,1,1,0,0,0.000000,False
Ruokolahti,Ruokolahti\ruokolahti_DJI_0087_frame327.jpg,1,1,1,0,0,0.000000,False
Ruokolahti,Ruokolahti\ruokolahti_DJI_0087_frame33.jpg,1,1,1,0,0,0.000000,False
Ruokolahti,Ruokolahti\ruokolahti_DJI_0087_frame34.jpg,1,1,1,0,0,0.000000,False
Ruokolahti,Ruokolahti\ruokolahti_DJI_0087_frame35.jpg,1,1,1,0,0,0.000000,False
Ruokolahti,Ruokolahti\ruokolahti_DJI_0087_frame36.jpg,1,1,1,0,0,0.000000,False
Ruokolahti,Ruokolahti\ruokolahti_DJI_0087_frame37.jpg,1,1,1,0,0,0.000000,False
Ruokolahti,Ruokolahti\ruokolahti_DJI_0087_frame38.jpg,1,1,1,0,0,0.000000,False
Ruokolahti,Ruokolahti\ruokolahti_DJI_0087_frame39.jpg,1,1,1,0,0,0.000000,False
Ruokolahti,Ruokolahti\ruokolahti_DJI_0087_frame4.jpg,1,1,1,0,0,0.000000,False
Ruokolahti,Ruokolahti\ruokolahti_DJI_0087_frame40.jpg,1,1,1,0,0,0.000000,False
Ruokolahti,Ruokolahti\ruokolahti_DJI_0087_frame41.jpg,1,1,1,0,0,0.000000,False
Ruokolahti,Ruokolahti\ruokolahti_DJI_0087_frame42.jpg,1,1,1,0,0,0.000000,False
Ruokolahti,Ruokolahti\ruokolahti_DJI_0087_frame43.jpg,1,1,1,0,0,0.000000,False
Ruokolahti,Ruokolahti\ruokolahti_DJI_0087_frame44.jpg,1,1,1,0,0,0.000000,False
Ruokolahti,Ruokolahti\ruokolahti_DJI_0087_frame45.jpg,1,1,1,0,0,0.000000,False
Ruokolahti,Ruokolahti\ruokolahti_DJI_0087_frame46.jpg,0,1,0,1,0,0.880393,True
Ruokolahti,Ruokolahti\ruokolahti_DJI_0087_frame47.jpg,1,1,1,0,0,0.000000,False
Ruokolahti,Ruokolahti\ruokolahti_DJI_0087_frame49.jpg,1,1,1,0,0,0.000000,False
Ruokolahti,Ruokolahti\ruokolahti_DJI_0087_frame50.jpg,1,1,1,0,0,0.000000,False
Ruokolahti,Ruokolahti\ruokolahti_DJI_0087_frame51.jpg,1,1,1,0,0,0.000000,False
Ruokolahti,Ruokolahti\ruokolahti_DJI_0087_frame52.jpg,1,1,1,0,0,0.000000,False
Ruokolahti,Ruokolahti\ruokolahti_DJI_0087_frame53.jpg,1,1,1,0,0,0.000000,False
Ruokolahti,Ruokolahti\ruokolahti_DJI_0087_frame54.jpg,1,1,1,0,0,0.000000,False
Ruokolahti,Ruokolahti\ruokolahti_DJI_0087_frame55.jpg,1,1,1,0,0,0.000000,False
Ruokolahti,Ruokolahti\ruokolahti_DJI_0087_frame56.jpg,1,1,1,0,0,0.000000,False
Ruokolahti,Ruokolahti\ruokolahti_DJI_0087_frame57.jpg,1,1,1,0,0,0.000000,False
Ruokolahti,Ruokolahti\ruokolahti_DJI_0087_frame58.jpg,1,1,1,0,0,0.000000,False
Ruokolahti,Ruokolahti\ruokolahti_DJI_0087_frame59.jpg,1,1,1,0,0,0.000000,False
Ruokolahti,Ruokolahti\ruokolahti_DJI_0088_frame0.jpg,1,1,1,0,0,0.000000,False
Ruokolahti,Ruokolahti\ruokolahti_DJI_0088_frame1.jpg,1,1,1,0,0,0.000000,False
Ruokolahti,Ruokolahti\ruokolahti_DJI_0088_frame10.jpg,1,1,1,0,0,0.000000,False
Ruokolahti,Ruokolahti\ruokolahti_DJI_0088_frame100.jpg,1,1,1,0,0,0.000000,False
Ruokolahti,Ruokolahti\ruokolahti_DJI_0088_frame101.jpg,1,1,1,0,0,0.000000,False
Ruokolahti,Ruokolahti\ruokolahti_DJI_0088_frame102.jpg,1,1,1,0,0,0.000000,False
Ruokolahti,Ruokolahti\ruokolahti_DJI_0088_frame103.jpg,1,1,1,0,0,0.000000,False
Ruokolahti,Ruokolahti\ruokolahti_DJI_0088_frame104.jpg,1,1,1,0,0,0.000000,False
Ruokolahti,Ruokolahti\ruokolahti_DJI_0088_frame105.jpg,1,1,1,0,0,0.000000,False
Ruokolahti,Ruokolahti\ruokolahti_DJI_0088_frame106.jpg,1,1,1,0,0,0.000000,False
Ruokolahti,Ruokolahti\ruokolahti_DJI_0088_frame107.jpg,1,1,1,0,0,0.000000,False
Ruokolahti,Ruokolahti\ruokolahti_DJI_0088_frame108.jpg,1,1,1,0,0,0.000000,False
Ruokolahti,Ruokolahti\ruokolahti_DJI_0088_frame109.jpg,1,1,1,0,0,0.000000,False
Ruokolahti,Ruokolahti\ruokolahti_DJI_0088_frame11.jpg,1,1,1,0,0,0.000000,False
Ruokolahti,Ruokolahti\ruokolahti_DJI_0088_frame110.jpg,1,1,1,0,0,0.000000,False
Ruokolahti,Ruokolahti\ruokolahti_DJI_0088_frame111.jpg,1,1,1,0,0,0.000000,False
Ruokolahti,Ruokolahti\ruokolahti_DJI_0088_frame112.jpg,1,1,1,0,0,0.000000,False
Ruokolahti,Ruokolahti\ruokolahti_DJI_0088_frame113.jpg,1,1,1,0,0,0.000000,False
Ruokolahti,Ruokolahti\ruokolahti_DJI_0088_frame114.jpg,1,1,1,0,0,0.000000,False
Ruokolahti,Ruokolahti\ruokolahti_DJI_0088_frame115.jpg,1,1,1,0,0,0.000000,False
Ruokolahti,Ruokolahti\ruokolahti_DJI_0088_frame116.jpg,1,1,1,0,0,0.000000,False
Ruokolahti,Ruokolahti\ruokolahti_DJI_0088_frame117.jpg,1,1,1,0,0,0.000000,False
Ruokolahti,Ruokolahti\ruokolahti_DJI_0088_frame118.jpg,1,1,1,0,0,0.000000,False
Ruokolahti,Ruokolahti\ruokolahti_DJI_0088_frame119.jpg,1,1,1,0,0,0.000000,False
Ruokolahti,Ruokolahti\ruokolahti_DJI_0088_frame12.jpg,1,1,1,0,0,0.000000,False
Ruokolahti,Ruokolahti\ruokolahti_DJI_0088_frame120.jpg,1,1,1,0,0,0.000000,False
Ruokolahti,Ruokolahti\ruokolahti_DJI_0088_frame121.jpg,1,1,1,0,0,0.000000,False
Ruokolahti,Ruokolahti\ruokolahti_DJI_0088_frame122.jpg,1,1,1,0,0,0.000000,False
Ruokolahti,Ruokolahti\ruokolahti_DJI_0088_frame123.jpg,1,1,1,0,0,0.000000,False
Ruokolahti,Ruokolahti\ruokolahti_DJI_0088_frame124.jpg,1,1,1,0,0,0.000000,False
Ruokolahti,Ruokolahti\ruokolahti_DJI_0088_frame125.jpg,1,1,1,0,0,0.000000,False
Ruokolahti,Ruokolahti\ruokolahti_DJI_0088_frame126.jpg,1,1,1,0,0,0.000000,False
Ruokolahti,Ruokolahti\ruokolahti_DJI_0088_frame127.jpg,1,1,1,0,0,0.000000,False
Ruokolahti,Ruokolahti\ruokolahti_DJI_0088_frame128.jpg,1,1,1,0,0,0.000000,False
Ruokolahti,Ruokolahti\ruokolahti_DJI_0088_frame129.jpg,1,1,1,0,0,0.000000,False
Ruokolahti,Ruokolahti\ruokolahti_DJI_0088_frame13.jpg,1,1,1,0,0,0.000000,False
Ruokolahti,Ruokolahti\ruokolahti_DJI_0088_frame130.jpg,1,1,1,0,0,0.000000,False
Ruokolahti,Ruokolahti\ruokolahti_DJI_0088_frame131.jpg,1,1,1,0,0,0.000000,False
Ruokolahti,Ruokolahti\ruokolahti_DJI_0088_frame132.jpg,1,1,1,0,0,0.000000,False
Ruokolahti,Ruokolahti\ruokolahti_DJI_0088_frame133.jpg,1,1,1,0,0,0.000000,False
Ruokolahti,Ruokolahti\ruokolahti_DJI_0088_frame134.jpg,1,1,1,0,0,0.000000,False
Ruokolahti,Ruokolahti\ruokolahti_DJI_0088_frame135.jpg,1,1,1,0,0,0.000000,False
Ruokolahti,Ruokolahti\ruokolahti_DJI_0088_frame136.jpg,1,1,1,0,0,0.000000,False
Ruokolahti,Ruokolahti\ruokolahti_DJI_0088_frame137.jpg,1,1,1,0,0,0.000000,False
Ruokolahti,Ruokolahti\ruokolahti_DJI_0088_frame138.jpg,1,1,1,0,0,0.000000,False
Ruokolahti,Ruokolahti\ruokolahti_DJI_0088_frame139.jpg,1,1,1,0,0,0.000000,False
Ruokolahti,Ruokolahti\ruokolahti_DJI_0088_frame14.jpg,1,1,1,0,0,0.000000,False
Ruokolahti,Ruokolahti\ruokolahti_DJI_0088_frame140.jpg,1,1,1,0,0,0.000000,False
Ruokolahti,Ruokolahti\ruokolahti_DJI_0088_frame141.jpg,1,1,1,0,0,0.000000,False
Ruokolahti,Ruokolahti\ruokolahti_DJI_0088_frame142.jpg,1,1,1,0,0,0.000000,False
Ruokolahti,Ruokolahti\ruokolahti_DJI_0088_frame143.jpg,1,1,1,0,0,0.000000,False
Ruokolahti,Ruokolahti\ruokolahti_DJI_0088_frame144.jpg,1,1,1,0,0,0.000000,False
Ruokolahti,Ruokolahti\ruokolahti_DJI_0088_frame145.jpg,1,1,1,0,0,0.000000,False
Ruokolahti,Ruokolahti\ruokolahti_DJI_0088_frame146.jpg,1,1,1,0,0,0.000000,False
Ruokolahti,Ruokolahti\ruokolahti_DJI_0088_frame147.jpg,1,1,1,0,0,0.000000,False
Ruokolahti,Ruokolahti\ruokolahti_DJI_0088_frame148.jpg,1,1,1,0,0,0.000000,False
Ruokolahti,Ruokolahti\ruokolahti_DJI_0088_frame149.jpg,1,1,1,0,0,0.000000,False
Ruokolahti,Ruokolahti\ruokolahti_DJI_0088_frame15.jpg,1,1,1,0,0,0.000000,False
Ruokolahti,Ruokolahti\ruokolahti_DJI_0088_frame150.jpg,1,1,1,0,0,0.000000,False
Ruokolahti,Ruokolahti\ruokolahti_DJI_0088_frame151.jpg,1,1,1,0,0,0.000000,False
Ruokolahti,Ruokolahti\ruokolahti_DJI_0088_frame152.jpg,1,1,1,0,0,0.000000,False
Ruokolahti,Ruokolahti\ruokolahti_DJI_0088_frame153.jpg,1,1,1,0,0,0.000000,False
Ruokolahti,Ruokolahti\ruokolahti_DJI_0088_frame154.jpg,1,1,1,0,0,0.000000,False
Ruokolahti,Ruokolahti\ruokolahti_DJI_0088_frame155.jpg,1,1,1,0,0,0.000000,False
Ruokolahti,Ruokolahti\ruokolahti_DJI_0088_frame156.jpg,1,1,1,0,0,0.000000,False
Ruokolahti,Ruokolahti\ruokolahti_DJI_0088_frame157.jpg,1,1,1,0,0,0.000000,False
Ruokolahti,Ruokolahti\ruokolahti_DJI_0088_frame158.jpg,1,1,1,0,0,0.000000,False
Ruokolahti,Ruokolahti\ruokolahti_DJI_0088_frame159.jpg,1,1,1,0,0,0.000000,False
Ruokolahti,Ruokolahti\ruokolahti_DJI_0088_frame16.jpg,1,1,1,0,0,0.000000,False
Ruokolahti,Ruokolahti\ruokolahti_DJI_0088_frame160.jpg,1,1,1,0,0,0.000000,False
Ruokolahti,Ruokolahti\ruokolahti_DJI_0088_frame161.jpg,1,1,1,0,0,0.000000,False
Ruokolahti,Ruokolahti\ruokolahti_DJI_0088_frame162.jpg,1,1,1,0,0,0.000000,False
Ruokolahti,Ruokolahti\ruokolahti_DJI_0088_frame163.jpg,1,1,1,0,0,0.000000,False
Ruokolahti,Ruokolahti\ruokolahti_DJI_0088_frame164.jpg,1,1,1,0,0,0.000000,False
Ruokolahti,Ruokolahti\ruokolahti_DJI_0088_frame165.jpg,1,1,1,0,0,0.000000,False
Ruokolahti,Ruokolahti\ruokolahti_DJI_0088_frame166.jpg,1,1,1,0,0,0.000000,False
Ruokolahti,Ruokolahti\ruokolahti_DJI_0088_frame167.jpg,1,1,1,0,0,0.000000,False
Ruokolahti,Ruokolahti\ruokolahti_DJI_0088_frame168.jpg,1,1,1,0,0,0.000000,False
Ruokolahti,Ruokolahti\ruokolahti_DJI_0088_frame169.jpg,1,1,1,0,0,0.000000,False
Ruokolahti,Ruokolahti\ruokolahti_DJI_0088_frame17.jpg,1,1,1,0,0,0.000000,False
Ruokolahti,Ruokolahti\ruokolahti_DJI_0088_frame170.jpg,1,1,1,0,0,0.000000,False
Ruokolahti,Ruokolahti\ruokolahti_DJI_0088_frame171.jpg,1,1,1,0,0,0.000000,False
Ruokolahti,Ruokolahti\ruokolahti_DJI_0088_frame172.jpg,1,1,1,0,0,0.000000,False
Ruokolahti,Ruokolahti\ruokolahti_DJI_0088_frame173.jpg,1,1,1,0,0,0.000000,False
Ruokolahti,Ruokolahti\ruokolahti_DJI_0088_frame174.jpg,1,1,1,0,0,0.000000,False
Ruokolahti,Ruokolahti\ruokolahti_DJI_0088_frame175.jpg,1,1,1,0,0,0.000000,False
Ruokolahti,Ruokolahti\ruokolahti_DJI_0088_frame176.jpg,1,1,1,0,0,0.000000,False
Ruokolahti,Ruokolahti\ruokolahti_DJI_0088_frame177.jpg,1,1,1,0,0,0.000000,False
Ruokolahti,Ruokolahti\ruokolahti_DJI_0088_frame178.jpg,1,1,1,0,0,0.000000,False
Ruokolahti,Ruokolahti\ruokolahti_DJI_0088_frame179.jpg,1,1,1,0,0,0.000000,False
Ruokolahti,Ruokolahti\ruokolahti_DJI_0088_frame18.jpg,1,1,1,0,0,0.000000,False
Ruokolahti,Ruokolahti\ruokolahti_DJI_0088_frame180.jpg,1,1,1,0,0,0.000000,False
Ruokolahti,Ruokolahti\ruokolahti_DJI_0088_frame181.jpg,1,1,1,0,0,0.000000,False
Ruokolahti,Ruokolahti\ruokolahti_DJI_0088_frame182.jpg,1,1,1,0,0,0.000000,False
Ruokolahti,Ruokolahti\ruokolahti_DJI_0088_frame183.jpg,1,1,1,0,0,0.000000,False
Ruokolahti,Ruokolahti\ruokolahti_DJI_0088_frame184.jpg,1,1,1,0,0,0.000000,False
Ruokolahti,Ruokolahti\ruokolahti_DJI_0088_frame185.jpg,1,1,1,0,0,0.000000,False
Ruokolahti,Ruokolahti\ruokolahti_DJI_0088_frame186.jpg,1,1,1,0,0,0.000000,False
Ruokolahti,Ruokolahti\ruokolahti_DJI_0088_frame187.jpg,1,1,1,0,0,0.000000,False
Ruokolahti,Ruokolahti\ruokolahti_DJI_0088_frame188.jpg,1,1,1,0,0,0.000000,False
Ruokolahti,Ruokolahti\ruokolahti_DJI_0088_frame189.jpg,1,1,1,0,0,0.000000,False
Ruokolahti,Ruokolahti\ruokolahti_DJI_0088_frame19.jpg,1,1,1,0,0,0.000000,False
Ruokolahti,Ruokolahti\ruokolahti_DJI_0088_frame190.jpg,1,1,1,0,0,0.000000,False
Ruokolahti,Ruokolahti\ruokolahti_DJI_0088_frame191.jpg,1,1,1,0,0,0.000000,False
Ruokolahti,Ruokolahti\ruokolahti_DJI_0088_frame192.jpg,1,1,1,0,0,0.000000,False
Ruokolahti,Ruokolahti\ruokolahti_DJI_0088_frame193.jpg,1,1,1,0,0,0.000000,False
Ruokolahti,Ruokolahti\ruokolahti_DJI_0088_frame194.jpg,1,1,1,0,0,0.000000,False
Ruokolahti,Ruokolahti\ruokolahti_DJI_0088_frame195.jpg,1,1,1,0,0,0.000000,False
Ruokolahti,Ruokolahti\ruokolahti_DJI_0088_frame196.jpg,1,1,1,0,0,0.000000,False
Ruokolahti,Ruokolahti\ruokolahti_DJI_0088_frame197.jpg,1,1,1,0,0,0.000000,False
Ruokolahti,Ruokolahti\ruokolahti_DJI_0088_frame198.jpg,1,1,1,0,0,0.000000,False
Ruokolahti,Ruokolahti\ruokolahti_DJI_0088_frame199.jpg,1,1,1,0,0,0.000000,False
Ruokolahti,Ruokolahti\ruokolahti_DJI_0088_frame2.jpg,1,1,1,0,0,0.000000,False
Ruokolahti,Ruokolahti\ruokolahti_DJI_0088_frame20.jpg,1,1,1,0,0,0.000000,False
Ruokolahti,Ruokolahti\ruokolahti_DJI_0088_frame200.jpg,1,1,1,0,0,0.000000,False
Ruokolahti,Ruokolahti\ruokolahti_DJI_0088_frame201.jpg,1,1,1,0,0,0.000000,False
Ruokolahti,Ruokolahti\ruokolahti_DJI_0088_frame202.jpg,1,1,1,0,0,0.000000,False
Ruokolahti,Ruokolahti\ruokolahti_DJI_0088_frame203.jpg,1,1,1,0,0,0.000000,False
Ruokolahti,Ruokolahti\ruokolahti_DJI_0088_frame204.jpg,1,1,1,0,0,0.000000,False
Ruokolahti,Ruokolahti\ruokolahti_DJI_0088_frame205.jpg,1,1,1,0,0,0.000000,False
Ruokolahti,Ruokolahti\ruokolahti_DJI_0088_frame206.jpg,1,1,1,0,0,0.000000,False
Ruokolahti,Ruokolahti\ruokolahti_DJI_0088_frame207.jpg,1,1,1,0,0,0.000000,False
Ruokolahti,Ruokolahti\ruokolahti_DJI_0088_frame208.jpg,1,1,1,0,0,0.000000,False
Ruokolahti,Ruokolahti\ruokolahti_DJI_0088_frame209.jpg,1,1,1,0,0,0.000000,False
Ruokolahti,Ruokolahti\ruokolahti_DJI_0088_frame21.jpg,1,1,1,0,0,0.000000,False
Ruokolahti,Ruokolahti\ruokolahti_DJI_0088_frame210.jpg,1,1,1,0,0,0.000000,False
Ruokolahti,Ruokolahti\ruokolahti_DJI_0088_frame211.jpg,1,1,1,0,0,0.000000,False
Ruokolahti,Ruokolahti\ruokolahti_DJI_0088_frame212.jpg,1,1,1,0,0,0.000000,False
Ruokolahti,Ruokolahti\ruokolahti_DJI_0088_frame213.jpg,1,1,1,0,0,0.000000,False
Ruokolahti,Ruokolahti\ruokolahti_DJI_0088_frame214.jpg,1,1,1,0,0,0.000000,False
Ruokolahti,Ruokolahti\ruokolahti_DJI_0088_frame215.jpg,1,1,1,0,0,0.000000,False
Ruokolahti,Ruokolahti\ruokolahti_DJI_0088_frame216.jpg,1,1,1,0,0,0.000000,False
Ruokolahti,Ruokolahti\ruokolahti_DJI_0088_frame217.jpg,1,1,1,0,0,0.000000,False
Ruokolahti,Ruokolahti\ruokolahti_DJI_0088_frame218.jpg,1,1,1,0,0,0.000000,False
Ruokolahti,Ruokolahti\ruokolahti_DJI_0088_frame219.jpg,1,1,1,0,0,0.000000,False
Ruokolahti,Ruokolahti\ruokolahti_DJI_0088_frame22.jpg,1,1,1,0,0,0.000000,False
Ruokolahti,Ruokolahti\ruokolahti_DJI_0088_frame220.jpg,1,1,1,0,0,0.000000,False
Ruokolahti,Ruokolahti\ruokolahti_DJI_0088_frame221.jpg,1,1,1,0,0,0.000000,False
Ruokolahti,Ruokolahti\ruokolahti_DJI_0088_frame222.jpg,1,1,1,0,0,0.000000,False
Ruokolahti,Ruokolahti\ruokolahti_DJI_0088_frame223.jpg,1,1,1,0,0,0.000000,False
Ruokolahti,Ruokolahti\ruokolahti_DJI_0088_frame224.jpg,1,1,1,0,0,0.000000,False
Ruokolahti,Ruokolahti\ruokolahti_DJI_0088_frame225.jpg,1,1,1,0,0,0.000000,False
Ruokolahti,Ruokolahti\ruokolahti_DJI_0088_frame226.jpg,1,1,1,0,0,0.000000,False
Ruokolahti,Ruokolahti\ruokolahti_DJI_0088_frame227.jpg,1,1,1,0,0,0.000000,False
Ruokolahti,Ruokolahti\ruokolahti_DJI_0088_frame228.jpg,1,1,1,0,0,0.000000,False
Ruokolahti,Ruokolahti\ruokolahti_DJI_0088_frame229.jpg,1,1,1,0,0,0.000000,False
Ruokolahti,Ruokolahti\ruokolahti_DJI_0088_frame23.jpg,1,1,1,0,0,0.000000,False
Ruokolahti,Ruokolahti\ruokolahti_DJI_0088_frame230.jpg,1,1,1,0,0,0.000000,False
Ruokolahti,Ruokolahti\ruokolahti_DJI_0088_frame231.jpg,1,1,1,0,0,0.000000,False
Ruokolahti,Ruokolahti\ruokolahti_DJI_0088_frame232.jpg,1,1,1,0,0,0.000000,False
Ruokolahti,Ruokolahti\ruokolahti_DJI_0088_frame233.jpg,1,1,1,0,0,0.000000,False
Ruokolahti,Ruokolahti\ruokolahti_DJI_0088_frame234.jpg,1,1,1,0,0,0.000000,False
Ruokolahti,Ruokolahti\ruokolahti_DJI_0088_frame235.jpg,1,1,1,0,0,0.000000,False
Ruokolahti,Ruokolahti\ruokolahti_DJI_0088_frame236.jpg,1,1,1,0,0,0.000000,False
Ruokolahti,Ruokolahti\ruokolahti_DJI_0088_frame237.jpg,1,1,1,0,0,0.000000,False
Ruokolahti,Ruokolahti\ruokolahti_DJI_0088_frame238.jpg,1,1,1,0,0,0.000000,False
Ruokolahti,Ruokolahti\ruokolahti_DJI_0088_frame239.jpg,1,1,1,0,0,0.000000,False
Ruokolahti,Ruokolahti\ruokolahti_DJI_0088_frame24.jpg,1,1,1,0,0,0.000000,False
Ruokolahti,Ruokolahti\ruokolahti_DJI_0088_frame240.jpg,1,1,1,0,0,0.000000,False
Ruokolahti,Ruokolahti\ruokolahti_DJI_0088_frame241.jpg,1,1,1,0,0,0.000000,False
Ruokolahti,Ruokolahti\ruokolahti_DJI_0088_frame242.jpg,1,1,1,0,0,0.000000,False
Ruokolahti,Ruokolahti\ruokolahti_DJI_0088_frame243.jpg,1,1,1,0,0,0.000000,False
Ruokolahti,Ruokolahti\ruokolahti_DJI_0088_frame244.jpg,1,1,1,0,0,0.000000,False
Ruokolahti,Ruokolahti\ruokolahti_DJI_0088_frame245.jpg,1,1,1,0,0,0.000000,False
Ruokolahti,Ruokolahti\ruokolahti_DJI_0088_frame246.jpg,1,1,1,0,0,0.000000,False
Ruokolahti,Ruokolahti\ruokolahti_DJI_0088_frame247.jpg,1,1,1,0,0,0.000000,False
Ruokolahti,Ruokolahti\ruokolahti_DJI_0088_frame248.jpg,1,1,1,0,0,0.000000,False
Ruokolahti,Ruokolahti\ruokolahti_DJI_0088_frame249.jpg,1,1,1,0,0,0.000000,False
Ruokolahti,Ruokolahti\ruokolahti_DJI_0088_frame25.jpg,1,1,1,0,0,0.000000,False
Ruokolahti,Ruokolahti\ruokolahti_DJI_0088_frame250.jpg,1,1,1,0,0,0.000000,False
Ruokolahti,Ruokolahti\ruokolahti_DJI_0088_frame251.jpg,1,1,1,0,0,0.000000,False
Ruokolahti,Ruokolahti\ruokolahti_DJI_0088_frame252.jpg,1,1,1,0,0,0.000000,False
Ruokolahti,Ruokolahti\ruokolahti_DJI_0088_frame253.jpg,1,1,1,0,0,0.000000,False
Ruokolahti,Ruokolahti\ruokolahti_DJI_0088_frame254.jpg,1,1,1,0,0,0.000000,False
Ruokolahti,Ruokolahti\ruokolahti_DJI_0088_frame255.jpg,1,1,1,0,0,0.000000,False
Ruokolahti,Ruokolahti\ruokolahti_DJI_0088_frame256.jpg,1,1,1,0,0,0.000000,False
Ruokolahti,Ruokolahti\ruokolahti_DJI_0088_frame257.jpg,9,1,0,1,9,0.893636,False
Ruokolahti,Ruokolahti\ruokolahti_DJI_0088_frame258.jpg,1,1,1,0,0,0.000000,False
Ruokolahti,Ruokolahti\ruokolahti_DJI_0088_frame259.jpg,1,1,1,0,0,0.000000,False
Ruokolahti,Ruokolahti\ruokolahti_DJI_0088_frame26.jpg,1,1,1,0,0,0.000000,False
Ruokolahti,Ruokolahti\ruokolahti_DJI_0088_frame260.jpg,1,1,1,0,0,0.000000,False
Ruokolahti,Ruokolahti\ruokolahti_DJI_0088_frame261.jpg,1,1,1,0,0,0.000000,False
Ruokolahti,Ruokolahti\ruokolahti_DJI_0088_frame262.jpg,1,1,1,0,0,0.000000,False
Ruokolahti,Ruokolahti\ruokolahti_DJI_0088_frame263.jpg,1,1,1,0,0,0.000000,False
Ruokolahti,Ruokolahti\ruokolahti_DJI_0088_frame264.jpg,1,1,1,0,0,0.000000,False
Ruokolahti,Ruokolahti\ruokolahti_DJI_0088_frame265.jpg,1,1,1,0,0,0.000000,False
Ruokolahti,Ruokolahti\ruokolahti_DJI_0088_frame266.jpg,1,1,1,0,0,0.000000,False
Ruokolahti,Ruokolahti\ruokolahti_DJI_0088_frame267.jpg,1,1,1,0,0,0.000000,False
Ruokolahti,Ruokolahti\ruokolahti_DJI_0088_frame268.jpg,1,1,1,0,0,0.000000,False
Ruokolahti,Ruokolahti\ruokolahti_DJI_0088_frame269.jpg,1,1,1,0,0,0.000000,False
Ruokolahti,Ruokolahti\ruokolahti_DJI_0088_frame27.jpg,1,1,1,0,0,0.000000,False
Ruokolahti,Ruokolahti\ruokolahti_DJI_0088_frame270.jpg,1,1,1,0,0,0.000000,False
Ruokolahti,Ruokolahti\ruokolahti_DJI_0088_frame271.jpg,1,1,1,0,0,0.000000,False
Ruokolahti,Ruokolahti\ruokolahti_DJI_0088_frame272.jpg,1,1,1,0,0,0.000000,False
Ruokolahti,Ruokolahti\ruokolahti_DJI_0088_frame273.jpg,1,1,1,0,0,0.000000,False
Ruokolahti,Ruokolahti\ruokolahti_DJI_0088_frame274.jpg,1,1,1,0,0,0.000000,False
Ruokolahti,Ruokolahti\ruokolahti_DJI_0088_frame275.jpg,1,1,1,0,0,0.000000,False
Ruokolahti,Ruokolahti\ruokolahti_DJI_0088_frame276.jpg,1,1,1,0,0,0.000000,False
Ruokolahti,Ruokolahti\ruokolahti_DJI_0088_frame277.jpg,1,1,1,0,0,0.000000,False
Ruokolahti,Ruokolahti\ruokolahti_DJI_0088_frame278.jpg,1,1,1,0,0,0.000000,False
Ruokolahti,Ruokolahti\ruokolahti_DJI_0088_frame279.jpg,1,1,1,0,0,0.000000,False
Ruokolahti,Ruokolahti\ruokolahti_DJI_0088_frame28.jpg,1,1,1,0,0,0.000000,False
Ruokolahti,Ruokolahti\ruokolahti_DJI_0088_frame280.jpg,1,1,1,0,0,0.000000,False
Ruokolahti,Ruokolahti\ruokolahti_DJI_0088_frame281.jpg,1,1,1,0,0,0.000000,False
Ruokolahti,Ruokolahti\ruokolahti_DJI_0088_frame282.jpg,1,1,1,0,0,0.000000,False
Ruokolahti,Ruokolahti\ruokolahti_DJI_0088_frame283.jpg,1,1,1,0,0,0.000000,False
Ruokolahti,Ruokolahti\ruokolahti_DJI_0088_frame284.jpg,1,1,1,0,0,0.000000,False
Ruokolahti,Ruokolahti\ruokolahti_DJI_0088_frame285.jpg,1,1,1,0,0,0.000000,False
Ruokolahti,Ruokolahti\ruokolahti_DJI_0088_frame286.jpg,1,1,1,0,0,0.000000,False
Ruokolahti,Ruokolahti\ruokolahti_DJI_0088_frame287.jpg,1,1,1,0,0,0.000000,False
Ruokolahti,Ruokolahti\ruokolahti_DJI_0088_frame288.jpg,1,1,1,0,0,0.000000,False
Ruokolahti,Ruokolahti\ruokolahti_DJI_0088_frame289.jpg,1,1,1,0,0,0.000000,False
Ruokolahti,Ruokolahti\ruokolahti_DJI_0088_frame29.jpg,1,1,1,0,0,0.000000,False
Ruokolahti,Ruokolahti\ruokolahti_DJI_0088_frame290.jpg,1,1,1,0,0,0.000000,False
Ruokolahti,Ruokolahti\ruokolahti_DJI_0088_frame291.jpg,1,1,1,0,0,0.000000,False
Ruokolahti,Ruokolahti\ruokolahti_DJI_0088_frame292.jpg,1,1,1,0,0,0.000000,False
Ruokolahti,Ruokolahti\ruokolahti_DJI_0088_frame293.jpg,1,1,1,0,0,0.000000,False
Ruokolahti,Ruokolahti\ruokolahti_DJI_0088_frame294.jpg,1,1,1,0,0,0.000000,False
Ruokolahti,Ruokolahti\ruokolahti_DJI_0088_frame295.jpg,1,1,1,0,0,0.000000,False
Ruokolahti,Ruokolahti\ruokolahti_DJI_0088_frame296.jpg,1,1,1,0,0,0.000000,False
Ruokolahti,Ruokolahti\ruokolahti_DJI_0088_frame297.jpg,1,1,1,0,0,0.000000,False
Ruokolahti,Ruokolahti\ruokolahti_DJI_0088_frame298.jpg,1,1,1,0,0,0.000000,False
Ruokolahti,Ruokolahti\ruokolahti_DJI_0088_frame299.jpg,1,1,1,0,0,0.000000,False
Ruokolahti,Ruokolahti\ruokolahti_DJI_0088_frame3.jpg,1,1,1,0,0,0.000000,False
Ruokolahti,Ruokolahti\ruokolahti_DJI_0088_frame30.jpg,1,1,1,0,0,0.000000,False
Ruokolahti,Ruokolahti\ruokolahti_DJI_0088_frame300.jpg,1,1,1,0,0,0.000000,False
Ruokolahti,Ruokolahti\ruokolahti_DJI_0088_frame301.jpg,1,1,1,0,0,0.000000,False
Ruokolahti,Ruokolahti\ruokolahti_DJI_0088_frame302.jpg,1,1,1,0,0,0.000000,False
Ruokolahti,Ruokolahti\ruokolahti_DJI_0088_frame303.jpg,1,1,1,0,0,0.000000,False
Ruokolahti,Ruokolahti\ruokolahti_DJI_0088_frame304.jpg,1,1,1,0,0,0.000000,False
Ruokolahti,Ruokolahti\ruokolahti_DJI_0088_frame305.jpg,1,1,1,0,0,0.000000,False
Ruokolahti,Ruokolahti\ruokolahti_DJI_0088_frame306.jpg,1,1,1,0,0,0.000000,False
Ruokolahti,Ruokolahti\ruokolahti_DJI_0088_frame307.jpg,1,1,1,0,0,0.000000,False
Ruokolahti,Ruokolahti\ruokolahti_DJI_0088_frame308.jpg,1,1,1,0,0,0.000000,False
Ruokolahti,Ruokolahti\ruokolahti_DJI_0088_frame309.jpg,1,1,1,0,0,0.000000,False
Ruokolahti,Ruokolahti\ruokolahti_DJI_0088_frame31.jpg,1,1,1,0,0,0.000000,False
Ruokolahti,Ruokolahti\ruokolahti_DJI_0088_frame310.jpg,1,1,1,0,0,0.000000,False
Ruokolahti,Ruokolahti\ruokolahti_DJI_0088_frame311.jpg,1,1,1,0,0,0.000000,False
Ruokolahti,Ruokolahti\ruokolahti_DJI_0088_frame312.jpg,1,1,1,0,0,0.000000,False
Ruokolahti,Ruokolahti\ruokolahti_DJI_0088_frame313.jpg,1,1,1,0,0,0.000000,False
Ruokolahti,Ruokolahti\ruokolahti_DJI_0088_frame314.jpg,1,1,1,0,0,0.000000,False
Ruokolahti,Ruokolahti\ruokolahti_DJI_0088_frame315.jpg,1,1,1,0,0,0.000000,False
Ruokolahti,Ruokolahti\ruokolahti_DJI_0088_frame316.jpg,1,1,1,0,0,0.000000,False
Ruokolahti,Ruokolahti\ruokolahti_DJI_0088_frame317.jpg,1,1,1,0,0,0.000000,False
Ruokolahti,Ruokolahti\ruokolahti_DJI_0088_frame318.jpg,1,1,1,0,0,0.000000,False
Ruokolahti,Ruokolahti\ruokolahti_DJI_0088_frame319.jpg,1,1,1,0,0,0.000000,False
Ruokolahti,Ruokolahti\ruokolahti_DJI_0088_frame32.jpg,1,1,1,0,0,0.000000,False
Ruokolahti,Ruokolahti\ruokolahti_DJI_0088_frame320.jpg,1,1,1,0,0,0.000000,False
Ruokolahti,Ruokolahti\ruokolahti_DJI_0088_frame321.jpg,1,1,1,0,0,0.000000,False
Ruokolahti,Ruokolahti\ruokolahti_DJI_0088_frame322.jpg,1,1,1,0,0,0.000000,False
Ruokolahti,Ruokolahti\ruokolahti_DJI_0088_frame323.jpg,1,1,1,0,0,0.000000,False
Ruokolahti,Ruokolahti\ruokolahti_DJI_0088_frame324.jpg,1,1,1,0,0,0.000000,False
Ruokolahti,Ruokolahti\ruokolahti_DJI_0088_frame325.jpg,1,1,1,0,0,0.000000,False
Ruokolahti,Ruokolahti\ruokolahti_DJI_0088_frame326.jpg,1,1,1,0,0,0.000000,False
Ruokolahti,Ruokolahti\ruokolahti_DJI_0088_frame327.jpg,1,1,1,0,0,0.000000,False
Ruokolahti,Ruokolahti\ruokolahti_DJI_0088_frame33.jpg,1,1,1,0,0,0.000000,False
Ruokolahti,Ruokolahti\ruokolahti_DJI_0088_frame34.jpg,1,1,1,0,0,0.000000,False
Ruokolahti,Ruokolahti\ruokolahti_DJI_0088_frame35.jpg,1,1,1,0,0,0.000000,False
Ruokolahti,Ruokolahti\ruokolahti_DJI_0088_frame36.jpg,1,1,1,0,0,0.000000,False
Ruokolahti,Ruokolahti\ruokolahti_DJI_0088_frame37.jpg,1,1,1,0,0,0.000000,False
Ruokolahti,Ruokolahti\ruokolahti_DJI_0088_frame38.jpg,1,1,1,0,0,0.000000,False
Ruokolahti,Ruokolahti\ruokolahti_DJI_0088_frame39.jpg,1,1,1,0,0,0.000000,False
Ruokolahti,Ruokolahti\ruokolahti_DJI_0088_frame4.jpg,1,1,1,0,0,0.000000,False
Ruokolahti,Ruokolahti\ruokolahti_DJI_0088_frame40.jpg,1,1,1,0,0,0.000000,False
Ruokolahti,Ruokolahti\ruokolahti_DJI_0088_frame41.jpg,1,1,1,0,0,0.000000,False
Ruokolahti,Ruokolahti\ruokolahti_DJI_0088_frame42.jpg,1,1,1,0,0,0.000000,False
Ruokolahti,Ruokolahti\ruokolahti_DJI_0088_frame43.jpg,1,1,1,0,0,0.000000,False
Ruokolahti,Ruokolahti\ruokolahti_DJI_0088_frame44.jpg,1,1,1,0,0,0.000000,False
Ruokolahti,Ruokolahti\ruokolahti_DJI_0088_frame45.jpg,1,1,1,0,0,0.000000,False
Ruokolahti,Ruokolahti\ruokolahti_DJI_0088_frame46.jpg,1,1,1,0,0,0.000000,False
Ruokolahti,Ruokolahti\ruokolahti_DJI_0088_frame47.jpg,1,1,1,0,0,0.000000,False
Ruokolahti,Ruokolahti\ruokolahti_DJI_0088_frame48.jpg,1,1,1,0,0,0.000000,False
Ruokolahti,Ruokolahti\ruokolahti_DJI_0088_frame49.jpg,1,1,1,0,0,0.000000,False
Ruokolahti,Ruokolahti\ruokolahti_DJI_0088_frame5.jpg,1,1,1,0,0,0.000000,False
Ruokolahti,Ruokolahti\ruokolahti_DJI_0088_frame50.jpg,1,1,1,0,0,0.000000,False
Ruokolahti,Ruokolahti\ruokolahti_DJI_0088_frame51.jpg,1,1,1,0,0,0.000000,False
Ruokolahti,Ruokolahti\ruokolahti_DJI_0088_frame52.jpg,1,1,1,0,0,0.000000,False
Ruokolahti,Ruokolahti\ruokolahti_DJI_0088_frame53.jpg,1,1,1,0,0,0.000000,False
Ruokolahti,Ruokolahti\ruokolahti_DJI_0088_frame54.jpg,1,1,1,0,0,0.000000,False
Ruokolahti,Ruokolahti\ruokolahti_DJI_0088_frame55.jpg,1,1,1,0,0,0.000000,False
Ruokolahti,Ruokolahti\ruokolahti_DJI_0088_frame56.jpg,1,1,1,0,0,0.000000,False
Ruokolahti,Ruokolahti\ruokolahti_DJI_0088_frame57.jpg,1,1,1,0,0,0.000000,False
Ruokolahti,Ruokolahti\ruokolahti_DJI_0088_frame58.jpg,1,1,1,0,0,0.000000,False
Ruokolahti,Ruokolahti\ruokolahti_DJI_0088_frame59.jpg,1,2,1,1,0,0.574842,False
Ruokolahti,Ruokolahti\ruokolahti_DJI_0088_frame6.jpg,1,1,1,0,0,0.000000,False
Ruokolahti,Ruokolahti\ruokolahti_DJI_0088_frame60.jpg,1,1,1,0,0,0.000000,False
Ruokolahti,Ruokolahti\ruokolahti_DJI_0088_frame61.jpg,1,1,1,0,0,0.000000,False
Ruokolahti,Ruokolahti\ruokolahti_DJI_0088_frame62.jpg,1,1,1,0,0,0.000000,False
Ruokolahti,Ruokolahti\ruokolahti_DJI_0088_frame63.jpg,1,1,1,0,0,0.000000,False
Ruokolahti,Ruokolahti\ruokolahti_DJI_0088_frame64.jpg,1,1,1,0,0,0.000000,False
Ruokolahti,Ruokolahti\ruokolahti_DJI_0088_frame65.jpg,1,1,1,0,0,0.000000,False
Ruokolahti,Ruokolahti\ruokolahti_DJI_0088_frame66.jpg,1,1,1,0,0,0.000000,False
Ruokolahti,Ruokolahti\ruokolahti_DJI_0088_frame67.jpg,1,1,1,0,0,0.000000,False
Ruokolahti,Ruokolahti\ruokolahti_DJI_0088_frame68.jpg,1,1,1,0,0,0.000000,False
Ruokolahti,Ruokolahti\ruokolahti_DJI_0088_frame69.jpg,1,1,1,0,0,0.000000,False
Ruokolahti,Ruokolahti\ruokolahti_DJI_0088_frame7.jpg,1,1,1,0,0,0.000000,False
Ruokolahti,Ruokolahti\ruokolahti_DJI_0088_frame70.jpg,1,1,1,0,0,0.000000,False
Ruokolahti,Ruokolahti\ruokolahti_DJI_0088_frame71.jpg,1,1,1,0,0,0.000000,False
Ruokolahti,Ruokolahti\ruokolahti_DJI_0088_frame72.jpg,1,1,1,0,0,0.000000,False
Ruokolahti,Ruokolahti\ruokolahti_DJI_0088_frame73.jpg,1,1,1,0,0,0.000000,False
Ruokolahti,Ruokolahti\ruokolahti_DJI_0088_frame74.jpg,1,1,1,0,0,0.000000,False
Ruokolahti,Ruokolahti\ruokolahti_DJI_0088_frame75.jpg,1,1,1,0,0,0.000000,False
Ruokolahti,Ruokolahti\ruokolahti_DJI_0088_frame76.jpg,1,1,1,0,0,0.000000,False
Ruokolahti,Ruokolahti\ruokolahti_DJI_0088_frame77.jpg,1,1,1,0,0,0.000000,False
Ruokolahti,Ruokolahti\ruokolahti_DJI_0088_frame78.jpg,1,1,1,0,0,0.000000,False
Ruokolahti,Ruokolahti\ruokolahti_DJI_0088_frame79.jpg,1,1,1,0,0,0.000000,False
Ruokolahti,Ruokolahti\ruokolahti_DJI_0088_frame8.jpg,1,1,1,0,0,0.000000,False
Ruokolahti,Ruokolahti\ruokolahti_DJI_0088_frame80.jpg,1,1,1,0,0,0.000000,False
Ruokolahti,Ruokolahti\ruokolahti_DJI_0088_frame81.jpg,1,1,1,0,0,0.000000,False
Ruokolahti,Ruokolahti\ruokolahti_DJI_0088_frame82.jpg,1,1,1,0,0,0.000000,False
Ruokolahti,Ruokolahti\ruokolahti_DJI_0088_frame83.jpg,1,1,1,0,0,0.000000,False
Ruokolahti,Ruokolahti\ruokolahti_DJI_0088_frame84.jpg,1,1,1,0,0,0.000000,False
Ruokolahti,Ruokolahti\ruokolahti_DJI_0088_frame85.jpg,1,1,1,0,0,0.000000,False
Ruokolahti,Ruokolahti\ruokolahti_DJI_0088_frame86.jpg,1,1,1,0,0,0.000000,False
Ruokolahti,Ruokolahti\ruokolahti_DJI_0088_frame87.jpg,1,1,1,0,0,0.000000,False
Ruokolahti,Ruokolahti\ruokolahti_DJI_0088_frame88.jpg,1,1,1,0,0,0.000000,False
Ruokolahti,Ruokolahti\ruokolahti_DJI_0088_frame89.jpg,1,1,1,0,0,0.000000,False
Ruokolahti,Ruokolahti\ruokolahti_DJI_0088_frame9.jpg,1,1,1,0,0,0.000000,False
Ruokolahti,Ruokolahti\ruokolahti_DJI_0088_frame90.jpg,1,1,1,0,0,0.000000,False
Ruokolahti,Ruokolahti\ruokolahti_DJI_0088_frame91.jpg,1,1,1,0,0,0.000000,False
Ruokolahti,Ruokolahti\ruokolahti_DJI_0088_frame92.jpg,1,1,1,0,0,0.000000,False
Ruokolahti,Ruokolahti\ruokolahti_DJI_0088_frame93.jpg,1,1,1,0,0,0.000000,False
Ruokolahti,Ruokolahti\ruokolahti_DJI_0088_frame94.jpg,1,1,1,0,0,0.000000,False
Ruokolahti,Ruokolahti\ruokolahti_DJI_0088_frame95.jpg,1,1,1,0,0,0.000000,False
Ruokolahti,Ruokolahti\ruokolahti_DJI_0088_frame96.jpg,1,1,1,0,0,0.000000,False
Ruokolahti,Ruokolahti\ruokolahti_DJI_0088_frame97.jpg,1,1,1,0,0,0.000000,False
Ruokolahti,Ruokolahti\ruokolahti_DJI_0088_frame98.jpg,1,1,1,0,0,0.000000,False
Ruokolahti,Ruokolahti\ruokolahti_DJI_0088_frame99.jpg,1,1,1,0,0,0.000000,False
Ruokolahti,Ruokolahti\ruokolahti_DJI_0089_frame0.jpg,1,1,1,0,0,0.000000,False
Ruokolahti,Ruokolahti\ruokolahti_DJI_0089_frame1.jpg,1,1,1,0,0,0.000000,False
Ruokolahti,Ruokolahti\ruokolahti_DJI_0089_frame10.jpg,1,1,1,0,0,0.000000,False
Ruokolahti,Ruokolahti\ruokolahti_DJI_0089_frame11.jpg,1,1,1,0,0,0.000000,False
Ruokolahti,Ruokolahti\ruokolahti_DJI_0089_frame12.jpg,1,1,1,0,0,0.000000,False
Ruokolahti,Ruokolahti\ruokolahti_DJI_0089_frame13.jpg,1,1,1,0,0,0.000000,False
Ruokolahti,Ruokolahti\ruokolahti_DJI_0089_frame14.jpg,1,1,1,0,0,0.000000,False
Ruokolahti,Ruokolahti\ruokolahti_DJI_0089_frame15.jpg,1,1,1,0,0,0.000000,False
Ruokolahti,Ruokolahti\ruokolahti_DJI_0089_frame16.jpg,1,1,1,0,0,0.000000,False
Ruokolahti,Ruokolahti\ruokolahti_DJI_0089_frame17.jpg,1,1,1,0,0,0.000000,False
Ruokolahti,Ruokolahti\ruokolahti_DJI_0089_frame18.jpg,1,1,1,0,0,0.000000,False
Ruokolahti,Ruokolahti\ruokolahti_DJI_0089_frame19.jpg,1,1,1,0,0,0.000000,False
Ruokolahti,Ruokolahti\ruokolahti_DJI_0089_frame2.jpg,1,1,1,0,0,0.000000,False
Ruokolahti,Ruokolahti\ruokolahti_DJI_0089_frame20.jpg,1,1,1,0,0,0.000000,False
Ruokolahti,Ruokolahti\ruokolahti_DJI_0089_frame21.jpg,1,1,1,0,0,0.000000,False
Ruokolahti,Ruokolahti\ruokolahti_DJI_0089_frame22.jpg,1,1,1,0,0,0.000000,False
Ruokolahti,Ruokolahti\ruokolahti_DJI_0089_frame23.jpg,1,1,1,0,0,0.000000,False
Ruokolahti,Ruokolahti\ruokolahti_DJI_0089_frame24.jpg,1,1,1,0,0,0.000000,False
Ruokolahti,Ruokolahti\ruokolahti_DJI_0089_frame25.jpg,1,1,1,0,0,0.000000,False
Ruokolahti,Ruokolahti\ruokolahti_DJI_0089_frame26.jpg,1,1,1,0,0,0.000000,False
Ruokolahti,Ruokolahti\ruokolahti_DJI_0089_frame27.jpg,1,1,1,0,0,0.000000,False
Ruokolahti,Ruokolahti\ruokolahti_DJI_0089_frame28.jpg,1,1,1,0,0,0.000000,False
Ruokolahti,Ruokolahti\ruokolahti_DJI_0089_frame29.jpg,1,1,1,0,0,0.000000,False
Ruokolahti,Ruokolahti\ruokolahti_DJI_0089_frame3.jpg,1,1,1,0,0,0.000000,False
Ruokolahti,Ruokolahti\ruokolahti_DJI_0089_frame30.jpg,1,1,1,0,0,0.000000,False
Ruokolahti,Ruokolahti\ruokolahti_DJI_0089_frame31.jpg,1,1,1,0,0,0.000000,False
Ruokolahti,Ruokolahti\ruokolahti_DJI_0089_frame32.jpg,1,1,1,0,0,0.000000,False
Ruokolahti,Ruokolahti\ruokolahti_DJI_0089_frame33.jpg,1,1,1,0,0,0.000000,False
Ruokolahti,Ruokolahti\ruokolahti_DJI_0089_frame34.jpg,1,1,1,0,0,0.000000,False
Ruokolahti,Ruokolahti\ruokolahti_DJI_0089_frame35.jpg,1,1,1,0,0,0.000000,False
Ruokolahti,Ruokolahti\ruokolahti_DJI_0089_frame36.jpg,1,1,1,0,0,0.000000,False
Ruokolahti,Ruokolahti\ruokolahti_DJI_0089_frame37.jpg,1,1,1,0,0,0.000000,False
Ruokolahti,Ruokolahti\ruokolahti_DJI_0089_frame38.jpg,1,1,1,0,0,0.000000,False
Ruokolahti,Ruokolahti\ruokolahti_DJI_0089_frame39.jpg,1,1,1,0,0,0.000000,False
Ruokolahti,Ruokolahti\ruokolahti_DJI_0089_frame4.jpg,1,1,1,0,0,0.000000,False
Ruokolahti,Ruokolahti\ruokolahti_DJI_0089_frame40.jpg,1,1,1,0,0,0.000000,False
Ruokolahti,Ruokolahti\ruokolahti_DJI_0089_frame41.jpg,1,1,1,0,0,0.000000,False
Ruokolahti,Ruokolahti\ruokolahti_DJI_0089_frame42.jpg,1,1,1,0,0,0.000000,False
Ruokolahti,Ruokolahti\ruokolahti_DJI_0089_frame43.jpg,1,1,1,0,0,0.000000,False
Ruokolahti,Ruokolahti\ruokolahti_DJI_0089_frame44.jpg,1,1,1,0,0,0.000000,False
Ruokolahti,Ruokolahti\ruokolahti_DJI_0089_frame45.jpg,1,1,1,0,0,0.000000,False
Ruokolahti,Ruokolahti\ruokolahti_DJI_0089_frame46.jpg,1,1,1,0,0,0.000000,False
Ruokolahti,Ruokolahti\ruokolahti_DJI_0089_frame47.jpg,1,1,1,0,0,0.000000,False
Ruokolahti,Ruokolahti\ruokolahti_DJI_0089_frame48.jpg,1,1,1,0,0,0.000000,False
Ruokolahti,Ruokolahti\ruokolahti_DJI_0089_frame49.jpg,1,1,1,0,0,0.000000,False
Ruokolahti,Ruokolahti\ruokolahti_DJI_0089_frame5.jpg,1,1,1,0,0,0.000000,False
Ruokolahti,Ruokolahti\ruokolahti_DJI_0089_frame50.jpg,1,1,1,0,0,0.000000,False
Ruokolahti,Ruokolahti\ruokolahti_DJI_0089_frame51.jpg,1,1,1,0,0,0.000000,False
Ruokolahti,Ruokolahti\ruokolahti_DJI_0089_frame52.jpg,1,1,1,0,0,0.000000,False
Ruokolahti,Ruokolahti\ruokolahti_DJI_0089_frame53.jpg,1,1,1,0,0,0.000000,False
Ruokolahti,Ruokolahti\ruokolahti_DJI_0089_frame54.jpg,1,1,1,0,0,0.000000,False
Ruokolahti,Ruokolahti\ruokolahti_DJI_0089_frame55.jpg,1,1,1,0,0,0.000000,False
Ruokolahti,Ruokolahti\ruokolahti_DJI_0089_frame56.jpg,1,1,1,0,0,0.000000,False
Ruokolahti,Ruokolahti\ruokolahti_DJI_0089_frame57.jpg,1,1,1,0,0,0.000000,False
Ruokolahti,Ruokolahti\ruokolahti_DJI_0089_frame58.jpg,1,1,1,0,0,0.000000,False
Ruokolahti,Ruokolahti\ruokolahti_DJI_0089_frame59.jpg,1,1,1,0,0,0.000000,False
Ruokolahti,Ruokolahti\ruokolahti_DJI_0089_frame6.jpg,1,1,1,0,0,0.000000,False
Ruokolahti,Ruokolahti\ruokolahti_DJI_0089_frame60.jpg,1,1,1,0,0,0.000000,False
Ruokolahti,Ruokolahti\ruokolahti_DJI_0089_frame61.jpg,1,1,1,0,0,0.000000,False
Ruokolahti,Ruokolahti\ruokolahti_DJI_0089_frame62.jpg,1,1,1,0,0,0.000000,False
Ruokolahti,Ruokolahti\ruokolahti_DJI_0089_frame63.jpg,1,1,1,0,0,0.000000,False
Ruokolahti,Ruokolahti\ruokolahti_DJI_0089_frame64.jpg,1,1,1,0,0,0.000000,False
Ruokolahti,Ruokolahti\ruokolahti_DJI_0089_frame65.jpg,1,1,1,0,0,0.000000,False
Ruokolahti,Ruokolahti\ruokolahti_DJI_0089_frame7.jpg,1,1,1,0,0,0.000000,False
Ruokolahti,Ruokolahti\ruokolahti_DJI_0089_frame72.jpg,1,1,1,0,0,0.000000,False
Ruokolahti,Ruokolahti\ruokolahti_DJI_0089_frame73.jpg,1,1,1,0,0,0.000000,False
Ruokolahti,Ruokolahti\ruokolahti_DJI_0089_frame74.jpg,1,1,1,0,0,0.000000,False
Ruokolahti,Ruokolahti\ruokolahti_DJI_0089_frame75.jpg,1,1,1,0,0,0.000000,False
Ruokolahti,Ruokolahti\ruokolahti_DJI_0089_frame76.jpg,1,1,1,0,0,0.000000,False
Ruokolahti,Ruokolahti\ruokolahti_DJI_0089_frame77.jpg,1,1,1,0,0,0.000000,False
Ruokolahti,Ruokolahti\ruokolahti_DJI_0089_frame78.jpg,1,1,1,0,0,0.000000,False
Ruokolahti,Ruokolahti\ruokolahti_DJI_0089_frame79.jpg,1,1,1,0,0,0.000000,False
Ruokolahti,Ruokolahti\ruokolahti_DJI_0089_frame8.jpg,1,1,1,0,0,0.000000,False
Ruokolahti,Ruokolahti\ruokolahti_DJI_0089_frame80.jpg,1,1,1,0,0,0.000000,False
Ruokolahti,Ruokolahti\ruokolahti_DJI_0089_frame81.jpg,1,1,1,0,0,0.000000,False
Ruokolahti,Ruokolahti\ruokolahti_DJI_0089_frame82.jpg,1,1,1,0,0,0.000000,False
Ruokolahti,Ruokolahti\ruokolahti_DJI_0089_frame83.jpg,1,1,1,0,0,0.000000,False
Ruokolahti,Ruokolahti\ruokolahti_DJI_0089_frame84.jpg,1,1,1,0,0,0.000000,False
Ruokolahti,Ruokolahti\ruokolahti_DJI_0089_frame85.jpg,1,1,1,0,0,0.000000,False
Ruokolahti,Ruokolahti\ruokolahti_DJI_0089_frame86.jpg,1,1,1,0,0,0.000000,False
Ruokolahti,Ruokolahti\ruokolahti_DJI_0089_frame87.jpg,1,0,0,0,1,0.000000,False
Ruokolahti,Ruokolahti\ruokolahti_DJI_0089_frame88.jpg,1,0,0,0,1,0.000000,False
Ruokolahti,Ruokolahti\ruokolahti_DJI_0089_frame89.jpg,1,0,0,0,1,0.000000,False
Ruokolahti,Ruokolahti\ruokolahti_DJI_0089_frame9.jpg,1,1,1,0,0,0.000000,False
Ruokolahti,Ruokolahti\ruokolahti_DJI_0089_frame90.jpg,1,0,0,0,1,0.000000,False
Ruokolahti,Ruokolahti\ruokolahti_DJI_0089_frame91.jpg,1,0,0,0,1,0.000000,False
Ruokolahti,Ruokolahti\ruokolahti_DJI_0089_frame92.jpg,1,0,0,0,1,0.000000,False
Ruokolahti,Ruokolahti\ruokolahti_DJI_0089_frame93.jpg,1,0,0,0,1,0.000000,False
Ruokolahti,Ruokolahti\ruokolahti_DJI_0089_frame94.jpg,1,0,0,0,1,0.000000,False
