path,bytes,sha256
.gitattributes,187,b37ce322564a3be8f19b558879f51e39e83cb4c3f2b23de0a565d104e7b9e38f
.gitignore,387,8161f16dfaee4c941b0085bc313254b17afef6d440a056aedfa0b9a73334c50d
CITATION.md,885,d00e033198e500935a133ae0d661f53600882dd5ee7a5b434460de75806fa152
data/labels/Evo/evoDJI_0001_frame0.txt,38,495db7526adb6b604e09a4e844a7f797109f9b346b20393e18a5d619fbeb244a
data/labels/Evo/evoDJI_0001_frame1.txt,38,fdabfcd91c4064d0f0fa80a71c3b3a37c2407d9f9356cc2dc89f733a5caad01a
data/labels/Evo/evoDJI_0001_frame10.txt,38,212deefeca0ed322e3a41eb0111a1a74737457294289add843f30c4b51ec4506
data/labels/Evo/evoDJI_0001_frame100.txt,38,05e1cca81ec5e1733862180b8d17cf45ab836ea0100d58c2984373dc8974a80b
data/labels/Evo/evoDJI_0001_frame101.txt,38,9aa326ed4d09140e67977631b979bda7c9fe02cba58e0f4716d0a369bc6dfc5c
data/labels/Evo/evoDJI_0001_frame102.txt,38,f1ba916b55f541dffaceb3dc4621727e3db640103dd4ab8f2463d2e14c5b07f2
data/labels/Evo/evoDJI_0001_frame103.txt,38,c3fa5d07596bacf6528bd5c00031d469fcc092928229a55660739ab7bb40da49
data/labels/Evo/evoDJI_0001_frame104.txt,38,07e2e951fac8af9c0b36a7a1ee756e82d40a56e136bd86f835a61505cce4bf4b
data/labels/Evo/evoDJI_0001_frame105.txt,38,ac15899a51e5d7da18d70ea43666d30049796fa0ac177903dd010a74383dda21
data/labels/Evo/evoDJI_0001_frame106.txt,38,b0a04be19d63e11b76185f64997ce9b4bb46bee685124b426f576b62ce81b454
data/labels/Evo/evoDJI_0001_frame107.txt,38,bf6ea5d99c64b6992030ffa2e89fbc79065c780d6f5538def2a1a1e9181d5e9b
data/labels/Evo/evoDJI_0001_frame108.txt,38,86d47ddfca8f4299fab320f56a37a8002722c9236857df46df21cbecbf8cda59
data/labels/Evo/evoDJI_0001_frame109.txt,38,58ba90ab6d03296cfec69b232b8f90212a477cf0f4320f0d97c5c3b2a31108d5
data/labels/Evo/evoDJI_0001_frame11.txt,38,794fb0cb5bca1a7043fd8c34396f13a8f13003df06e90d11cb2b4e72953af836
data/labels/Evo/evoDJI_0001_frame110.txt,38,0a855393f5d69f675a168adf251ed93e7240c7f6f70fd585966e8b36ea645457
data/labels/Evo/evoDJI_0001_frame111.txt,38,350a85cbbb7fd559aabbf2fca13b2fc414575e1021d68d72e4200de3cb3de6dd
data/labels/Evo/evoDJI_0001_frame112.txt,38,e8db27bfafc8ea2c01c5d43d90e22df077a8e5ab56097dcc24bb695f7e5cb132
data/labels/Evo/evoDJI_0001_frame113.txt,38,31cd2b4e22ffb4722d63427c7f923d5612d5c25018f7e7bdd12680e8e084dbe7
data/labels/Evo/evoDJI_0001_frame114.txt,38,b55312f82ff6e11b4aabbb7632e03a4d9e4c114a08213917caf0c907c0b688e0
data/labels/Evo/evoDJI_0001_frame115.txt,38,abe9b2217e4720309c46c141ce63cc28b1561c92439c6408908a77d4f64f3d28
data/labels/Evo/evoDJI_0001_frame116.txt,38,57253abdb7f3c436975a7136bd0c9d034f188ffd308d6b7b879a1b51650b88bd
data/labels/Evo/evoDJI_0001_frame117.txt,38,21f688606491ddc12ac8554730f1eca3fbcc81364b185b686ed4429815ac825e
data/labels/Evo/evoDJI_0001_frame118.txt,38,42aca0af4957a535fee6cf4e9dea39bd0f29f9adc674cdf365b4d27d5c897ada
data/labels/Evo/evoDJI_0001_frame119.txt,38,d4ba651ef590a25131afe8f5bab114f999a0e45793b0eeb7382da6dadef7fd27
data/labels/Evo/evoDJI_0001_frame12.txt,38,402f35d1aa266548d627d2b5ff232e4f4f112aa8aecfa96c670c58e0615ac76e
data/labels/Evo/evoDJI_0001_frame120.txt,38,0f9eae1271404b4b8a0e6d215d03036a72e4c5562a25aa3b6a6d786b1418743f
data/labels/Evo/evoDJI_0001_frame121.txt,38,50528aafa970c2e28223ba923c3c8f289387fb7a6d0c9f291aa6ca3644d90ef0
data/labels/Evo/evoDJI_0001_frame122.txt,38,5470efdd8c9ebbe093ebfa29c611b8f102bf961c6f0445d6030288696a89d6fe
data/labels/Evo/evoDJI_0001_frame123.txt,38,9c4cfe624e33f49a7285694863bc47b715ae777f2cc96ef12b1e3b5cf475e698
data/labels/Evo/evoDJI_0001_frame124.txt,38,efefc34efcca4e3432d7958dcc77f30e3c342b8a602260dc8597cd37c01288c0
data/labels/Evo/evoDJI_0001_frame125.txt,38,cccc0127e52cbc37d834cf1e7832a0a3794ff7a825a6503e652a31df15db4321
data/labels/Evo/evoDJI_0001_frame126.txt,38,eb3eeefda6045de890a883552212d5844ff7b8b3bb0d82d003e99cc2283edb81
data/labels/Evo/evoDJI_0001_frame127.txt,265,54c7dca7b4b2b3b1dd2aae67c4a3be72bcd5fe721fcab2cc5a59c36ed88629ed
data/labels/Evo/evoDJI_0001_frame128.txt,38,37f14f283acc7067ce863c34905789319d2b54a86c06410586f80e4e35634b76
data/labels/Evo/evoDJI_0001_frame129.txt,38,1bd283a82e2f6380c6ba9a934aa5fbf87719afaec536e0ad3e166a24b69107f4
data/labels/Evo/evoDJI_0001_frame13.txt,38,6c73afb73fa904d3ff391a527ef9cd64d6433c9c74b214f70b862f6251411af8
data/labels/Evo/evoDJI_0001_frame130.txt,38,e942c425626a2fd08a838ee645d598e66aaa0c5149cfe4c921859d126e8c6e86
data/labels/Evo/evoDJI_0001_frame131.txt,38,7ec37747865b8e85f6ff702f692995afb075ffa0bca2ef514c044318ae7397c6
data/labels/Evo/evoDJI_0001_frame132.txt,38,246e5f64dd0944d98b3f3821c894a10ecb98853aece2e6a538b2e3f1eb4bd40a
data/labels/Evo/evoDJI_0001_frame133.txt,38,89d058bed171f62aece2fd59699a1e24774fbba00830d15b3474e65603a074ae
data/labels/Evo/evoDJI_0001_frame134.txt,38,260eb97b50722c068223335a39b0eced1c6c819fb0ea19614b1cf2dbf5145848
data/labels/Evo/evoDJI_0001_frame135.txt,38,baf61a2b4f030fa27dd829d503759bfe0f3166eb50208b72df9675833d0f2606
data/labels/Evo/evoDJI_0001_frame136.txt,38,a57d60ba74d7d306975279a364d6b422a0c805630df922c9fd20b46bc8dad5b0
data/labels/Evo/evoDJI_0001_frame137.txt,38,51f4a605dd9ba7c59146edae5e0251943b4e202fb89f466531db5c0734e6091a
data/labels/Evo/evoDJI_0001_frame138.txt,38,92134f73377058aadcf7f86ff19aca3b0fd9de4085fead0115822726952e4480
data/labels/Evo/evoDJI_0001_frame139.txt,38,7aa20794586bfc90de062339c014eaaad0cc0a448ba155e22738488f37ae7a3c
data/labels/Evo/evoDJI_0001_frame14.txt,38,f0890fe17af3f301b874b4969b0196c6899095a5f5ef2f838f36e48446303c68
data/labels/Evo/evoDJI_0001_frame140.txt,38,8e3e937fcfedeb3b97b3a35139c7737f8e311b0a680b352241143d04af36c224
data/labels/Evo/evoDJI_0001_frame141.txt,38,897818fc8709aa0d9c7f27937fb92ab321f34341110373c47ce3f9083869d0b2
data/labels/Evo/evoDJI_0001_frame142.txt,38,8a088b0ef5a9b303f3318fa2459fe6ebb5c9cfaba5c4077e94cb999af6d0c70a
data/labels/Evo/evoDJI_0001_frame143.txt,38,470839b38d76f3088149aba6135ca444e32fd8d9e7782953d33fc24ebb17ba63
data/labels/Evo/evoDJI_0001_frame144.txt,38,100fa6d666934f4f3b97e08300fb76205bf086bbced9c4d156599fedd8dd4455
data/labels/Evo/evoDJI_0001_frame145.txt,38,ee4813ef842c9bc8c6645cfe8afb7a0d6a4f78ffb46e51c35ec544a54e28624a
data/labels/Evo/evoDJI_0001_frame146.txt,38,84deb04d458c82e6e6aa566eb4f2facecfc0432e7359d45967deaaa56f136c29
data/labels/Evo/evoDJI_0001_frame147.txt,38,fdfef4c3a3737683272523f03431d74d15553d77527335138af6f5689c39bf3b
data/labels/Evo/evoDJI_0001_frame148.txt,38,852ae11a8994c4610a0e57e1362ad41e9e85380ed7a744c6db57e97badc5a891
data/labels/Evo/evoDJI_0001_frame149.txt,38,cab0598173485ed55005b9560f5c62d56b54430b0cd19c859cf25081d2e73d90
data/labels/Evo/evoDJI_0001_frame15.txt,38,bceb62bbc92ddc06df23c81b2bf6a273c21b9519290635668e484339cbfb9fb2
data/labels/Evo/evoDJI_0001_frame150.txt,38,ac5197fbcbb647974b576ba54d5fabe7b8116a1c56d43212ad6044d5af80e545
data/labels/Evo/evoDJI_0001_frame151.txt,38,322ae6724232383621a4419ef010d137b4b2f9135d9f56349b35a47989fec613
data/labels/Evo/evoDJI_0001_frame152.txt,38,4e6c7a5dfc921c6f10bcef0118d14162d96a76c43d9f721e6436fbef7000b3a4
data/labels/Evo/evoDJI_0001_frame153.txt,38,c90a46d87b0a61f50f4eb4ab8bdbadeeee2b55e5460750a4a44ac56e6c532152
data/labels/Evo/evoDJI_0001_frame154.txt,38,f6f7df938beb14b0b7e457aae426490b416a7acc067619f492e86f06a2c8652b
data/labels/Evo/evoDJI_0001_frame155.txt,38,a28dbeb6a2d526fda9f72e62afd99d363ec52df5a681ed4728ab90e47792244a
data/labels/Evo/evoDJI_0001_frame156.txt,38,521d7d22f4db037d8e476c3c62e92953c56f83cb021e4ccc2e2e5c0dc055ac94
data/labels/Evo/evoDJI_0001_frame157.txt,38,bc5e42dd4e8dc866ae46acdd42d711b4b081d7c76482cc88b6a10a62b39fb637
data/labels/Evo/evoDJI_0001_frame158.txt,38,8b06c690343cf5167fcc17bf3ae1b7993cc436c39eee7b60bb1ee1458e12ae27
data/labels/Evo/evoDJI_0001_frame159.txt,38,ffba70cc8a28534c6ce819be757a5ac73a0aca1d51d5172b96709ebadff8e975
data/labels/Evo/evoDJI_0001_frame16.txt,38,7a344f00fe06eaa14b915e98c792b9584a1000eccd05c32ef49b4a3cd58cb51a
data/labels/Evo/evoDJI_0001_frame160.txt,38,aaa4164dc1a2c9da39956bf802359158636755cf6193daef634a953d0717ca55
data/labels/Evo/evoDJI_0001_frame161.txt,38,ff526910a221027e3ff8ee15c53a544eaff883ad24c36f4c68b037ebda2f7ec7
data/labels/Evo/evoDJI_0001_frame162.txt,38,aca2a41452942a6af7c5cfefeb19838e34bd3ffc103ef846644962006c2d15cd
data/labels/Evo/evoDJI_0001_frame163.txt,38,c1f12ebac3028f4c67e9ec929d6f69e57b0992516ed68c705d10662e394d511d
data/labels/Evo/evoDJI_0001_frame164.txt,38,4aecd8f286f01e39f1b5f1b2801a8f2f0be2077b977c8f06126be5ddfd4cc753
data/labels/Evo/evoDJI_0001_frame165.txt,38,e5874889725ea451d07211192394be3d46dae31cbf2b886d053cd9b47a30514b
data/labels/Evo/evoDJI_0001_frame166.txt,38,c88d27e365d36e35060d41c71fe4f297132122391fb5761516aedabe07bfccc4
data/labels/Evo/evoDJI_0001_frame167.txt,38,7b21147a7b7cb6a12e8606468c11929b6133c5acc65e1e401cfea072dc6dd2ec
data/labels/Evo/evoDJI_0001_frame168.txt,38,968dc7584f9baa686a4c004f792e23f48defffdba3d7baec831574b225d6d894
data/labels/Evo/evoDJI_0001_frame169.txt,38,190518932c7efefe4f411ebf8a48a043248dab6b54888c88390adae2cfbad07a
data/labels/Evo/evoDJI_0001_frame17.txt,38,75a35c16d0dd018041016c15babebd5341108d07d19b637c07f838a3212eb3db
data/labels/Evo/evoDJI_0001_frame170.txt,38,e1f88a4663c5f6b32926e81b36f880ef0aa01099a83422f42913bf384119fb5a
data/labels/Evo/evoDJI_0001_frame171.txt,38,4929b01307c0151d42f3945a2ef45038cc831ab8e32a42853c9b3e66d4c890d6
data/labels/Evo/evoDJI_0001_frame172.txt,38,cf83f4fb212154aefe17d5d91cff809896d128e01724a92bf82fb3868b1da6a7
data/labels/Evo/evoDJI_0001_frame173.txt,38,3c04cad083d6de9a92bdd1f27b1edb15891b037a8bd8d4db9fc0fbdc73401fb7
data/labels/Evo/evoDJI_0001_frame174.txt,38,07734147e9dc8abf2fa6d81ba6fd4c0f8be48ed63f322100433caa3ee0614a17
data/labels/Evo/evoDJI_0001_frame175.txt,38,49376ae61d8d54af8fb6c97ecfe2c2ac1b70e53bbd18f3911e77d15e178ec15e
data/labels/Evo/evoDJI_0001_frame176.txt,38,808996a5fbddc062149d368d05bbd72d58d34613951627e32f3fc0eedda430a1
data/labels/Evo/evoDJI_0001_frame177.txt,38,97de389aa0f3d54aec2f9565350506a932bfc98c73984e4a88e8cf59d1e3deee
data/labels/Evo/evoDJI_0001_frame178.txt,38,39f42721be0b3ae3dcfbd40a78d4d6f793a67138c7f843a351e514e2c8182978
data/labels/Evo/evoDJI_0001_frame179.txt,38,5e8c814e8eb586fb9e7d5aa0333001dc99fa853ab5bea2bd1b880c824d28e142
data/labels/Evo/evoDJI_0001_frame18.txt,38,52fab7be2e22ba98b7cdd6ce9559dfc5469e2817f9f165294dee9149b3ab6c79
data/labels/Evo/evoDJI_0001_frame180.txt,38,39b2329b12d801ab64eb4878fdf66aac37e0a10ed75f88e98773c27fbabba2ac
data/labels/Evo/evoDJI_0001_frame181.txt,38,7e86d50927b0238f4a6d5c056c9cc013d2569374faaccf20bcf683fe55788753
data/labels/Evo/evoDJI_0001_frame182.txt,38,e59a4d418c6e6571471e3844a8d87bc54848328a6fc5fa5c842fd61a140b0b83
data/labels/Evo/evoDJI_0001_frame183.txt,38,583ee554f7c1982b9223695703160aaf9685bce6cda8390647eddee0df39ee20
data/labels/Evo/evoDJI_0001_frame184.txt,38,55406b1f9dd293d07b9472fc7fb1126364d5f278e7ba7c1daa83b7181b2d9b1b
data/labels/Evo/evoDJI_0001_frame185.txt,38,efb9c3cef3fe6911e6c7a53278251d71d09f97dd248fc1d9ec9931377bd18f55
data/labels/Evo/evoDJI_0001_frame186.txt,38,179f80a9e995237d51c2dd55ed07d5e7e1b4dc0d7118b2d2ef6101c539b27088
data/labels/Evo/evoDJI_0001_frame187.txt,38,10609d55d37179f8f9f02b31d9978d50119bc17d00eea41672a0c5e051148b57
data/labels/Evo/evoDJI_0001_frame188.txt,38,7c0e2bc84719648cfb294e3941a0923b0f511548a04fcf0646fc82aa0dd33795
data/labels/Evo/evoDJI_0001_frame189.txt,38,1cab883dc6d275e99e440fc57e065bba753af46882d7ad768ef9b658a12642ab
data/labels/Evo/evoDJI_0001_frame19.txt,38,249e4a6cd36d21c82d0dde03223e12a4ca8edec797c1e0aecec902b44bbb1349
data/labels/Evo/evoDJI_0001_frame190.txt,38,5e510827b8f84501f6944fa2d832350cb05da046dbc4fe1ccb3dd150919ea282
data/labels/Evo/evoDJI_0001_frame191.txt,38,cc819dfaef69310c5f7b12f0ff88dd0c6a4bffddbbd8cff4208900917ce65bdd
data/labels/Evo/evoDJI_0001_frame192.txt,38,519fd0d8ce467997422305f0186fbcea4d11fe8e26248cd56179f575bba3e50c
data/labels/Evo/evoDJI_0001_frame193.txt,38,fd6a0db084a7fdd92141317ec7cb263da71d78604da21a0261e50554b0429aea
data/labels/Evo/evoDJI_0001_frame194.txt,38,b7bad114f5b72cc1e7de68c66899c89d439e2cc44247fa81a78f999b9832a03a
data/labels/Evo/evoDJI_0001_frame195.txt,38,e4d84e9976d159b2d78cb2072299b7eda7973f1542fdb0fee94616f6f4697e15
data/labels/Evo/evoDJI_0001_frame196.txt,38,7777d03fc27fc237af2a0b53db4dcd514266e9ec098f34f81f0f395dd8541a89
data/labels/Evo/evoDJI_0001_frame197.txt,38,5332934e7219fbed5caf2015ad117deeb45a8da7bd3b22b2b2868ad51a0937e0
data/labels/Evo/evoDJI_0001_frame198.txt,38,7f888f34b07682ef69f03285fe47d2baea361b9032c251847d473c4bd00dab7f
data/labels/Evo/evoDJI_0001_frame199.txt,38,2d39a0cc070eb6cda4f45ac16d48b96072f4eea48c863a6b573cfc9381fdf3a8
data/labels/Evo/evoDJI_0001_frame2.txt,38,bdaf6d569ebc6b809dea021ca1c997ca6a2515935ad249fb30e7d040106a9d67
data/labels/Evo/evoDJI_0001_frame20.txt,38,59b4114b78ad0b649040c6e246fe81972f0cb42c2b6f21cab6dfd9cc20db0319
data/labels/Evo/evoDJI_0001_frame200.txt,38,04ec6bcb60ede46394c07af1d345193f5b3e8622482b4a5d471264aeb04a68fd
data/labels/Evo/evoDJI_0001_frame201.txt,38,4aabe2929e01980a3187e4da4b19c2ab20b94e96e4c573eba4ed2b9d8158b2ba
data/labels/Evo/evoDJI_0001_frame202.txt,38,e3b16ae6e16f5cd300be8b9d5d65530faeea17d85fef1e6abedc28a47f3728f5
data/labels/Evo/evoDJI_0001_frame203.txt,38,61b9a61eea82c560c2bb18766baaf7bf82e260ad932d5e201f9094f46f93cb74
data/labels/Evo/evoDJI_0001_frame204.txt,38,1c729d5b7b1fe0ee5f1434e8ee39f7b540658073698055a4fdce6c560b410a27
data/labels/Evo/evoDJI_0001_frame205.txt,38,c12efd011d640d4a106d01c829a8154dbf1241f10665881fbc60300dd7e497f4
data/labels/Evo/evoDJI_0001_frame206.txt,38,e394be5df37366eaa10225fdf5ddcd3661a3485457b9d0eba8a5fa15d9dce7c0
data/labels/Evo/evoDJI_0001_frame207.txt,38,934099de864e472d60df0a3275f997f57fd3af1fabcaf1430ee3b1cb4b5da355
data/labels/Evo/evoDJI_0001_frame208.txt,38,89bd565cf0df6006da5b534a7cf7671ff8daf8f35bb92dcfba02209e3623846d
data/labels/Evo/evoDJI_0001_frame209.txt,38,f54496c0db28df703ba2283a3fe2d09b8dc05a378efffe3e214b1f18e2302650
data/labels/Evo/evoDJI_0001_frame21.txt,38,822dbecfef6b8e3f29aa72e429d71460188d7393cadf9750f0a184d7a78bf090
data/labels/Evo/evoDJI_0001_frame22.txt,38,b3eac6d9690b013d793037d793409a6a1c186202c938b0214003a77c7a8f22c2
data/labels/Evo/evoDJI_0001_frame221.txt,38,4b0500a83b4c6c66b003fd06c084d52952daedaeb3ff6e7900b63669f237e141
data/labels/Evo/evoDJI_0001_frame222.txt,38,a29c1dfa79de7a994abbf1c068a18f5d0d0a3e01df56a2928ac8a0abb46711ea
data/labels/Evo/evoDJI_0001_frame223.txt,38,7a63ebf03a28e0a2e2cd67a43be6bff6931565a766d50b9feb597ac9065b1163
data/labels/Evo/evoDJI_0001_frame224.txt,38,ae86a5539359059cbef00ccef23df0b5961ec9a4551e4ad1ba750119ceb4c8c6
data/labels/Evo/evoDJI_0001_frame225.txt,38,22dcfdc04bbe0e7f1fa29052a25a8f84bc6a105e58523c38ec6cad371ebeb21d
data/labels/Evo/evoDJI_0001_frame226.txt,38,0b0adca8b8873a72e33c9d2293af33c546f89aec711b48e7cd8905937d10aeac
data/labels/Evo/evoDJI_0001_frame227.txt,38,d31a427763e4173a88e2f86b774ac24bb9da70fc7e0dd307b1bfe44517c9b927
data/labels/Evo/evoDJI_0001_frame228.txt,38,ffe255094df0de96358cec39f978c05850b7be95141292748c1f6a795d4c6da5
data/labels/Evo/evoDJI_0001_frame229.txt,38,00bb1bcf2a3ae007aabe09c641e0766bd6359c8d18a80ae58d75f5062434f3be
data/labels/Evo/evoDJI_0001_frame23.txt,0,e3b0c44298fc1c149afbf4c8996fb92427ae41e4649b934ca495991b7852b855
data/labels/Evo/evoDJI_0001_frame230.txt,38,54c724b5f9d5c746f083cb3bd29e4a733dff57146b8932944403e859f5b82658
data/labels/Evo/evoDJI_0001_frame231.txt,38,b2b6ec87e2a3d2ea20e150b7c459c80e4c4bd3be9f0fadf11dbdd15965b7e1ba
data/labels/Evo/evoDJI_0001_frame232.txt,38,2e6f165bccfd05200b51a9e08f168b8c0ba2b4c21b172c5194075ea80f5114f9
data/labels/Evo/evoDJI_0001_frame233.txt,38,8d0c817476339bd5beff7c4b7d025043e3697dd0d0a0b428b2305394676b8984
data/labels/Evo/evoDJI_0001_frame234.txt,38,9ca398cb3f81456918414c931c7f92de288b8912abf94a6d219682284de3e0fa
data/labels/Evo/evoDJI_0001_frame235.txt,38,4d5c2b265a0cbbf6259a92cba269c503567fbd7f50e1adf71121581cfb97b70b
data/labels/Evo/evoDJI_0001_frame236.txt,38,cf8be89475e645bccd63054ccb72bbb37187052c1efab0236af297f0e87cc43d
data/labels/Evo/evoDJI_0001_frame237.txt,38,0ef94d8ae9eee021c1d7e51525361886ff4caa2f9e04fa7571e0219dac07a584
data/labels/Evo/evoDJI_0001_frame238.txt,38,717aca0245ad9bee6efe6ff8dd8899345752fe7dd48fd81c4cfd8dec8bb8e7cd
data/labels/Evo/evoDJI_0001_frame239.txt,38,a89a23918bade389ad59b70f8c7619cb411e634a1518e0e72d57dc8df317f48a
data/labels/Evo/evoDJI_0001_frame24.txt,38,d58fa456c9c0fadce1b38793f3d094030ae47fda7926a0b71432ac4b9f889834
data/labels/Evo/evoDJI_0001_frame240.txt,38,cd4e8468300bd6a150920e747f90820aacb80152a0b95f7878f90b8f4c4b86ab
data/labels/Evo/evoDJI_0001_frame241.txt,38,debf67af458a793dfb26e7044b355ec5d66ad66a7b3d121b9f0c671bf0296592
data/labels/Evo/evoDJI_0001_frame242.txt,38,93c033ebc8815a121adce2b0b0055aa3d59dcb1f74250c7d3ff586e54d64c432
data/labels/Evo/evoDJI_0001_frame243.txt,38,db44394e337c5f7e04720bc1cf8e2d46f5bdd4e24eed3f8cd15fb9196b9dec1c
data/labels/Evo/evoDJI_0001_frame244.txt,38,98dbfbda74c925d28dc73ffea81391ce483970ab8a23437f529c834116bbe120
data/labels/Evo/evoDJI_0001_frame245.txt,38,ea511894ff1527a1452089cef5db26b4668079c138a9e7a41d92544b41296167
data/labels/Evo/evoDJI_0001_frame246.txt,38,830d7aa06a37dc96f69b408f591d5e3ff6264065b4a5d721d8eb140c35676326
data/labels/Evo/evoDJI_0001_frame247.txt,38,6119cc94b56a4740473e3ad7321b79738f9bb198d5bcfbe9c180c344acbae3ed
data/labels/Evo/evoDJI_0001_frame248.txt,38,1e6819e42a357d52099f7b9d3789803e26cd9a38839ed96518876d8e4e0e6249
data/labels/Evo/evoDJI_0001_frame249.txt,38,6e6f4d4c7a798697a4445a08ed69a754ffbc343ab39064fdcdfc255a7880ee7f
data/labels/Evo/evoDJI_0001_frame25.txt,38,179a18435b9e0445d130989808e12d1645e18501893f2428fe7e8a78395469b7
data/labels/Evo/evoDJI_0001_frame250.txt,38,3308edd26eb5cd49934bf92690159935241f3749ce2ec3c1f1b5a71587a0279a
data/labels/Evo/evoDJI_0001_frame251.txt,38,69cfd420afa0ec103e7f2a39a09653c3e7a73de103c3a0a5f2f43a96212ba2c6
data/labels/Evo/evoDJI_0001_frame252.txt,38,9236bce585484d5a3030102eb35511218cecb823e9df76bb7c0e5e983b93405f
data/labels/Evo/evoDJI_0001_frame253.txt,38,7fbe2a957708c67cc6f327e3b98f5e53ec00a6dc27dc201b963c38ac86081349
data/labels/Evo/evoDJI_0001_frame254.txt,38,87ee6917e36217bc81b684c114e88a77c56b1d618178a4e662d83738675f65c8
data/labels/Evo/evoDJI_0001_frame255.txt,38,2497156c611d8c8746b3a1a89dbccab2fc52a15ba41cf729a4b43ba96f9ed918
data/labels/Evo/evoDJI_0001_frame256.txt,38,6c7d85c79b35bdcdf536e5572d778b3090a475190a7a3b10f684d11e6e0e4d09
data/labels/Evo/evoDJI_0001_frame257.txt,38,3abdd6a454ee779530b29bdac3d0cae92cb4dc09bba414863ffe02445c5624b5
data/labels/Evo/evoDJI_0001_frame258.txt,38,c0cbb02100a80ef9d814e936cf1fc7caa6bd448bce06660535399f7bd51da316
data/labels/Evo/evoDJI_0001_frame259.txt,38,1f4231d708026afb712cf44fb4be341e39c90d35b22cfb7b8e4cfffd656318c4
data/labels/Evo/evoDJI_0001_frame26.txt,38,1c18c7112a3b14165aafdf2df51186652e2b57ab6760024750b02215e34ee1a6
data/labels/Evo/evoDJI_0001_frame260.txt,38,20fbb642d3da34846c3fabbe40484cbc777eabefc3030e05cc02bb652292d126
data/labels/Evo/evoDJI_0001_frame261.txt,38,81e736f6fa60cc93e7f18daa975ec707cf7544353abf5b3f09847d928b16c19d
data/labels/Evo/evoDJI_0001_frame262.txt,38,2192021eded42f1e3dfd84befc347f1d87b07a951a2aa2a4aace09fba415165a
data/labels/Evo/evoDJI_0001_frame263.txt,38,6725abff728adb67cd273ec64d42ec04b14eef7c58aefd2ef15b2df8fa5e0d07
data/labels/Evo/evoDJI_0001_frame264.txt,38,2af8202efcd2d4d9794b83612be2dae8ec9c192334353e2fbbc29b1f77479f27
data/labels/Evo/evoDJI_0001_frame265.txt,38,c5afb74a6e21e98c7a249a901e66b327887d0187960a5ad6bdc73c11e4408a0b
data/labels/Evo/evoDJI_0001_frame266.txt,38,98d7232c02452dab4916c90833343bd36fa0bcc73da795b2bbd3140a2b9fa805
data/labels/Evo/evoDJI_0001_frame267.txt,38,2b4ba95e413b2963c3c1d32ae90cdb23f80905b74dad71744d37b61cb804d308
data/labels/Evo/evoDJI_0001_frame268.txt,38,0c74ed9794d24ba5c9f594280d9fcee6dc15c67492f4564afe1bb63872062645
data/labels/Evo/evoDJI_0001_frame269.txt,38,46fbe8f33dc2cc5acdabd7a2e7be8865b3bdb963a99d2e66eedba3af20ccb5c2
data/labels/Evo/evoDJI_0001_frame27.txt,38,6c8e0fc9d5b067dd5fb4823b7d74d7ab4300b3ec95e5dd152d6f955ee6340e8b
data/labels/Evo/evoDJI_0001_frame270.txt,38,bf8737f43a1263bfd6cefb9c5527eb3b73d865515e204c75a5e35b2ba21a7df5
data/labels/Evo/evoDJI_0001_frame271.txt,38,d7a9d03240d3e4763673474db42d094c61a156b054a86e2cb92534801a76fcfe
data/labels/Evo/evoDJI_0001_frame272.txt,38,ca8e2fd7268ec693e17331308e4468b09594705154b12505d448fc635b23cada
data/labels/Evo/evoDJI_0001_frame273.txt,38,f10e2bbdccf01e47d25201b1f6f85019dd971f3831e510b5a1f0ed0ba0f3f183
data/labels/Evo/evoDJI_0001_frame274.txt,38,379db972d562d4eb4177e7cbd6fa57eddda69b9692ecc7b621d9f27d54982673
data/labels/Evo/evoDJI_0001_frame275.txt,38,0f465054f9822269d5d10d8b5d4b77edabf04c5a4374d50ae0d3e281dfe33ce1
data/labels/Evo/evoDJI_0001_frame276.txt,38,2750623caa9780eac553374c3415808a1c92a004cb2e9dfa3c6aeb1d1da0e452
data/labels/Evo/evoDJI_0001_frame277.txt,38,d7b65f641f57c58080cb8fa5674d72fb17fce90e0b2e3da797de21990af82641
data/labels/Evo/evoDJI_0001_frame278.txt,38,b4041dff7f170eaad0e2ad233007aa10a37b618bfa825d286dcf2b7ec3e3dc18
data/labels/Evo/evoDJI_0001_frame279.txt,38,52aa68f440c46d45fb11cb6396bd2858585203531b31cc837b6f891e62095e4e
data/labels/Evo/evoDJI_0001_frame28.txt,38,c35a70cccdc1f12e4f37028e07bd02a8df083cbe116c12e0e4a60f7528856d21
data/labels/Evo/evoDJI_0001_frame280.txt,38,0b627ee6387a7b225211be945a582ddcbed1a05b57f25444cfd9910e0ac95d31
data/labels/Evo/evoDJI_0001_frame281.txt,38,bff52256e2ecd81463b1278887008c88daa8a8e79be8a4fa27204e9a881eaa93
data/labels/Evo/evoDJI_0001_frame282.txt,38,442e5a99fa84a76cc8a7c38b064c28c76c6a3c775917e217e9d5de1cd85a0f20
data/labels/Evo/evoDJI_0001_frame283.txt,38,2dc7c3b6317f46110f414038104f3d1bc1fab924d6ddf391414bf0aef5475529
data/labels/Evo/evoDJI_0001_frame284.txt,38,c7b8595ed8662f5631d0cbf4bd6abc94c802374e2e343005cd845c27130068fb
data/labels/Evo/evoDJI_0001_frame285.txt,38,9836955df9229878b4ae71d79927f27eafda7de4993a2508eb8687b1a8931686
data/labels/Evo/evoDJI_0001_frame286.txt,38,eba757d568595c9d0c281ce0be8d9777487d7b6cd68d4fb0c88dcf997f44efef
data/labels/Evo/evoDJI_0001_frame287.txt,38,8c18230a67f01e0bdb356d675f3c85783cd2967fd2164672ef09927a528b11a6
data/labels/Evo/evoDJI_0001_frame288.txt,38,e39e2c3203606f330b7846b94d52155946662106719a7a68895e6913281d0d03
data/labels/Evo/evoDJI_0001_frame289.txt,38,b53ce9c66445fb96fc5f594cce96606f89eeeff935c23fe2703496b2e9ab41ea
data/labels/Evo/evoDJI_0001_frame29.txt,38,dd68ae844bd289eb39ca75f4c80d86f50078278c0d515b091a6880129355a8a4
data/labels/Evo/evoDJI_0001_frame290.txt,38,1d0ac4a2cc0cfc6cc52ebdabf62820286e70e5a46994f51bd23088d87fb84cc6
data/labels/Evo/evoDJI_0001_frame291.txt,38,f6c177d973eb9e2ffc153c91cf2aab233ba2f611efd141bec12866c1275b3c66
data/labels/Evo/evoDJI_0001_frame292.txt,38,eff7ec4bd4f204077b85e861b9e7ecb3fbce4ac33100542b39f916eb26aef42c
data/labels/Evo/evoDJI_0001_frame293.txt,38,8a789376941bd28dc802e3fa7e21c78e45903f647d11785b9e991743078f4a8d
data/labels/Evo/evoDJI_0001_frame294.txt,38,9e5af7ab0ad3a2209b848a64adcd4cb3874dc1b5f8df911fbbd1323953c27bb5
data/labels/Evo/evoDJI_0001_frame295.txt,38,5ee590330850b606a3ec01f10c199dfe78639c787a7de8335c6a057c23fec01e
data/labels/Evo/evoDJI_0001_frame296.txt,38,4cd287a2fc09fc210d5054fe48fcd713cc4656bb01df913c4a7fcd25d50c9b1a
data/labels/Evo/evoDJI_0001_frame297.txt,38,55cede1100763c5c93e397bb96af38a905da68caa3ab5d285f5d5a135f6d6278
data/labels/Evo/evoDJI_0001_frame298.txt,38,8b7656b25c7851d3c7629094f39e4f710fb1591863ded9804244c1902cdf0370
data/labels/Evo/evoDJI_0001_frame299.txt,38,c82e190424f100997623449af81bf09f5c7bc700060a0c4c5f849b5be721dd0a
data/labels/Evo/evoDJI_0001_frame3.txt,38,69051cec73fb66a4d22d57388060a7837529b994d193a2ba09c5ab9f6276a538
data/labels/Evo/evoDJI_0001_frame30.txt,38,c31c30fae7877410d32ac732bee3666bba328e34f28df63462ab5ee0b2b57524
data/labels/Evo/evoDJI_0001_frame300.txt,38,18d1713c72f65324b32f45b2c54ff1084f7225f68b7c389d61f05478db541ef6
data/labels/Evo/evoDJI_0001_frame301.txt,38,1c6a58ba431f9a68198899888d77739e336c6559abe0d4a3b75623c795c06c82
data/labels/Evo/evoDJI_0001_frame302.txt,38,542a85bbaf6a0c0d235f32f8708014742f4a9f6cb4a36fb4de238e49bb83819b
data/labels/Evo/evoDJI_0001_frame303.txt,38,4123f01d1b1f17dc429c13324803b51b368e255c06971bec346fe619cd40a185
data/labels/Evo/evoDJI_0001_frame304.txt,38,e05d2d52e4653df8292a69a0c553ae96a09fe451c52b930c9f4b8687db064f3a
data/labels/Evo/evoDJI_0001_frame305.txt,38,656784ebec2ac1872da1edd4708a228b01dec3ebfaae71b403277db59005eebc
data/labels/Evo/evoDJI_0001_frame306.txt,38,9b0590c9a6490a8212a73061d7bd55268f8d0dfc47f69415d5f8b4104784e1cb
data/labels/Evo/evoDJI_0001_frame307.txt,38,99801e17431f4a08472bb7b21fb5d090fa9723e0d03983b69c8d064b46589590
data/labels/Evo/evoDJI_0001_frame308.txt,38,d2822610c3782cc53654b7b41f7d9cf694a50581e2eec45fb512f654899878af
data/labels/Evo/evoDJI_0001_frame309.txt,38,b2c16ea60b33bb7e5f4e3a54d85afbb70d15cd12d8691b3c953f2cb88744e622
data/labels/Evo/evoDJI_0001_frame31.txt,38,611e351458390164a85179d16ecd5c7ed3f39d4c96ce3baa6fc887c37cfb3d20
data/labels/Evo/evoDJI_0001_frame310.txt,38,76a451bbfa2ff1f724f48983f876d88ccfc7250cadd840c8d4499acd6dc44510
data/labels/Evo/evoDJI_0001_frame311.txt,38,92e0f7e4b3eef007ed2772b6c425a33553690a05ef1ac49423b691b25e5964f2
data/labels/Evo/evoDJI_0001_frame312.txt,38,4b64ad1db49758f79e5b2ffeed35f270f44d426aa5d6c42a1dd965408030466e
data/labels/Evo/evoDJI_0001_frame313.txt,38,281ce8bf828913dc833cbc71561853fe47ec22ceb2f00b0bf304014552736f34
data/labels/Evo/evoDJI_0001_frame314.txt,38,d005d2424c2cd351b38cc6eef28ed8da7767491e42565fa14d58681a159f9910
data/labels/Evo/evoDJI_0001_frame315.txt,38,c7543a359dcf732bdcff0ff29768e7a2ccfd7f514dc8d1fdcce8ce9aa2144311
data/labels/Evo/evoDJI_0001_frame316.txt,38,d389f9bfcbf2432e982e00dc7c29424e4df6e9320af0c4ebf2b4dc7596592732
data/labels/Evo/evoDJI_0001_frame317.txt,38,370bd2eecc6c22538ea0c3724bb475208a0d101dcfcc49b2003401550ced7fe3
data/labels/Evo/evoDJI_0001_frame318.txt,38,828041c9d2176acc260d5f8154db98757218e1ba13f59c1a8ad07f6e39d0406a
data/labels/Evo/evoDJI_0001_frame319.txt,38,422408b8734bbc2d1d0bbccb9861991d8ca11a9c4b53d8ec4c5e83d5caddd69e
data/labels/Evo/evoDJI_0001_frame32.txt,38,0ffb2299a69c264125d870a7361ab80d9b66845f55a7165e77dfb7cb8640b24b
data/labels/Evo/evoDJI_0001_frame320.txt,38,7aa7e3c17046c5a6d3a4319fa2e4fd4237b7f055d16f85589a457e77ef22e5f2
data/labels/Evo/evoDJI_0001_frame321.txt,38,70061e689f52dd8aa3a60f545188323e19ef02cce3225e2a4364cbbd5ec76d7e
data/labels/Evo/evoDJI_0001_frame322.txt,38,9bdb95b25e179a5555844a63e0b70a1f16e0675fd29c5e434190971ce973ce29
data/labels/Evo/evoDJI_0001_frame323.txt,38,c01e642486772aa0fd40ae335dca84002252c9eeb7bfb0f221372dc61415b9ec
data/labels/Evo/evoDJI_0001_frame324.txt,38,b41548110ca6190b7eb6b621590c91c02c17f023866230b05b881765370b52bc
data/labels/Evo/evoDJI_0001_frame325.txt,38,d24bcccb37cf2d228ff6768cee0cd6037327fc68dd9eea5d89d367ab23b147c8
data/labels/Evo/evoDJI_0001_frame326.txt,38,95d69f77bcea123ca9bd57583aecfbbe13d7230819b90e5c247a64fa882dac02
data/labels/Evo/evoDJI_0001_frame327.txt,38,d9afeb2727fae448a3c231569e8aefb86a2269f4564e3b04b5608539719d7419
data/labels/Evo/evoDJI_0001_frame33.txt,38,792d9c6b05ca1a3fb6a49264aa0c10fc2c2f797da80619a8cd9c1a96032919f6
data/labels/Evo/evoDJI_0001_frame34.txt,38,91b93a55224ade5a99947c50cbd89b7f6ff470ab84daf2df13b8efcae5f7fbbd
data/labels/Evo/evoDJI_0001_frame35.txt,38,10bf591dbbd81666900855fcca5f410e15c7e89ea1abc69b9c78eac686672d47
data/labels/Evo/evoDJI_0001_frame36.txt,38,6385b636231e941f96aa9b2e214d4bc7d77fdfb71e42c6567e99f69d52876e0c
data/labels/Evo/evoDJI_0001_frame37.txt,38,08d66bc5f5f4a9659f17a1a7e2c68a4a8807eec005c4ad015edc824c3bed105d
data/labels/Evo/evoDJI_0001_frame38.txt,38,1d97dfd3e7a32dcc811f39ac9a6b32c7fdad8de07061e67af22b18124fb62109
data/labels/Evo/evoDJI_0001_frame39.txt,38,79a74e8f870343d71e42367a6d22d92abf73e34c33914d797ef948d510bccf5c
data/labels/Evo/evoDJI_0001_frame4.txt,38,88ac0827ffffa8d41843fe7cf85bc3acb05cbb0d71fdd6b86144a97768fde559
data/labels/Evo/evoDJI_0001_frame40.txt,38,fc8aed6c6ef7d25ba3769f18d0d8f1d1ffad20f3cabb4dd9053ab6b4a7fd50d0
data/labels/Evo/evoDJI_0001_frame41.txt,38,c529ec6291a7e72340a3d51b2dda77a4c28397aea0bd48422cd8894cdb1ed546
data/labels/Evo/evoDJI_0001_frame42.txt,38,8ba7735e1b96bdb5a331ef698dc5c0f5510ee2ae1aa2deb3e97ec984cdd95f23
data/labels/Evo/evoDJI_0001_frame43.txt,38,f5c845d91391f9a7203e7f4b03e4f49f1af74cf738a6bd1f31be639ea3b9011f
data/labels/Evo/evoDJI_0001_frame44.txt,38,40efcd11004d762a9274931db653891380f48e979fa8c87e7830daaa79a7b793
data/labels/Evo/evoDJI_0001_frame48.txt,38,6234a61034b21fcb557b2854f592b44302e7336d0e889b8369159ee7775fc93a
data/labels/Evo/evoDJI_0001_frame49.txt,38,429bd93c598c1317634d57e175043370766101681749a63d5830f80a51c8ca1c
data/labels/Evo/evoDJI_0001_frame5.txt,38,d355102c7030ec078361d185058378f09943c3af0874dff473c356cad3a474f0
data/labels/Evo/evoDJI_0001_frame50.txt,38,ad6216da0b6e8f7d631b6a10c44d4ce5d7a27208c4f5900bd08878d28562df8d
data/labels/Evo/evoDJI_0001_frame51.txt,38,0455b1c306e3645b0d4acad85c300ec784ec6c9a4adc9141db5a4acb04ef0a2f
data/labels/Evo/evoDJI_0001_frame52.txt,38,e626009528ad819971bcc7e033cd001f407318fc26038eaf18b9de65989e96dc
data/labels/Evo/evoDJI_0001_frame53.txt,38,dfdb8f9c5e76b180af904662c0c1a85759d7772c80b02d3e80f1083221916cc0
data/labels/Evo/evoDJI_0001_frame54.txt,38,b761b6749a71422c9e83832896cdf1febe9e1051e1088458612386d7eac672a7
data/labels/Evo/evoDJI_0001_frame55.txt,38,9e94e245d977e8b30242f54ed7563a8fa93bf1c486cf87632a69ba12d0151f3e
data/labels/Evo/evoDJI_0001_frame56.txt,38,c35b1bdde2cb278c5dfd2778874a074f9a5e2f41c79c4c0eb840a0ac67406654
data/labels/Evo/evoDJI_0001_frame57.txt,38,d62752712aeadfc17f0a3c0ed9836500b23d72f2d3ee2473419402a596c02428
data/labels/Evo/evoDJI_0001_frame58.txt,38,494be86022270e45c1428d7bde9623ac05cbb549c813d281ac9fa741f7de5892
data/labels/Evo/evoDJI_0001_frame59.txt,38,63ac79ba9e54733f4d6b91998fd0aa6e8bb078c6c0f209c4cfe4d50a80b1f5fd
data/labels/Evo/evoDJI_0001_frame6.txt,38,3c7e6e8cc9c37d62140e6cb21b5d2208c0b86cc6656edc95e6311b040096b5fe
data/labels/Evo/evoDJI_0001_frame60.txt,38,b744f4e11cbcf07049d82cc2325942ad009708a0c98e2f1ba9d29635231d176e
data/labels/Evo/evoDJI_0001_frame61.txt,38,50dc80b28ceae6aa005e0795794f070236e9d0637725bed48c9bb060878bbd75
data/labels/Evo/evoDJI_0001_frame62.txt,38,4439df2d3b43093e79434c6174351ae17ab88922ea528118d691df1d1ed30a63
data/labels/Evo/evoDJI_0001_frame63.txt,38,aa2fcb29eb64d222bb8458de5111e480c9d7f66a0a1ef2668a983565052f6fb6
data/labels/Evo/evoDJI_0001_frame64.txt,38,52dc4f1201eb310853f0a32cd2c2f32bb980d17247915be356341fa6c4863d62
data/labels/Evo/evoDJI_0001_frame65.txt,341,98d1918e7fce950a83e79089afb9978256baff0cba45f30b34dd9708d1d10b6e
data/labels/Evo/evoDJI_0001_frame66.txt,38,b09dbfa95d20f181183ebfbc46dd74b6f818847cd33bf90b19a34b9a35e7614d
data/labels/Evo/evoDJI_0001_frame67.txt,38,ad0d4f8d77ecf2556b6e02a265df32cfcadb3ec0ab8e4b7b0597f70cfb3bc70b
data/labels/Evo/evoDJI_0001_frame68.txt,38,7c6b51aa424f7fabbb45d596825f98f40195c61751ffbf79b592191f4ccd2641
data/labels/Evo/evoDJI_0001_frame69.txt,38,d74e5a124a11f2df3248ad11125f8903f63f6466265f7a876341a86a7f8c8495
data/labels/Evo/evoDJI_0001_frame7.txt,38,32e67dc828b9f9e271d078a65e062febcec89818423c8de1052e14824a9b998b
data/labels/Evo/evoDJI_0001_frame70.txt,38,5382c5459583831f415cd0751fca8fc5b8ba431f359dce60b7ee0f732d860292
data/labels/Evo/evoDJI_0001_frame71.txt,38,9137d4d0a0be44e0d253e1febde003155a5cf7e07ae7017f9cf3318d362f7d15
data/labels/Evo/evoDJI_0001_frame72.txt,38,3cd3f2e210ccfe1810ea5252e335aa2b2ccf31f071e0ef1f0d6855944f8cecf1
data/labels/Evo/evoDJI_0001_frame73.txt,38,0b00c2fc85f48628ee5067c9c76c816b1684c8144884e42725f83284ac58d430
data/labels/Evo/evoDJI_0001_frame74.txt,38,839129afad6efd5715402c6c16f2b14d1c07e8a6a9e5fbc4ff0fbed016eeecf6
data/labels/Evo/evoDJI_0001_frame75.txt,38,d524bc945d61946c745b4baf4efeeebd0c9c5b2834d845e12333b5bd7f8a178f
data/labels/Evo/evoDJI_0001_frame76.txt,38,cce32871ffd0696e8118c85f714382550171b23595b84694848f6661ae2248a3
data/labels/Evo/evoDJI_0001_frame77.txt,38,167777e9e92dd608abc83b37029c10e7aec8b1e10cef702af0d77ddee437f1f7
data/labels/Evo/evoDJI_0001_frame78.txt,38,e7dd70a56a5baebfe334a776dcd0bd3bc06fe3bd9a52a2c87b18bfdb2bc39bc8
data/labels/Evo/evoDJI_0001_frame79.txt,38,77eb73fc996d0cc21e578ff4e6f5ca1ef9a83f9582cdb6ef26666ddc7e12b76f
data/labels/Evo/evoDJI_0001_frame8.txt,38,fd32b28a95f230c79c89aff0ca383f2bb0b54e5b111a40ebe14a3435fc48a82b
data/labels/Evo/evoDJI_0001_frame80.txt,38,e894e212f4efc315392b5148fb3c686ed32725f572ca96af502889329de55495
data/labels/Evo/evoDJI_0001_frame81.txt,38,3e0ba0869ae84cc3e9cbf558523e59fbd811ee9c64ed7293ad299e86492170d7
data/labels/Evo/evoDJI_0001_frame82.txt,38,d2dc7e57882933ee7a24569398c2c83e7e7be68127e745f39a01b504a815d7a3
data/labels/Evo/evoDJI_0001_frame83.txt,38,8af1654446cdbdeb78ca82eff028b28c0170bbbe6717f2c0c2c67c63f536c4ca
data/labels/Evo/evoDJI_0001_frame84.txt,38,b4b72abfc3f5badb31c69a64eae4bc6713308d9b9bea1d15b123e74637a20248
data/labels/Evo/evoDJI_0001_frame85.txt,38,6420bf5f145140a479f48056e7e42736b6a2bb943a3d65cd1d20152afc64cbd0
data/labels/Evo/evoDJI_0001_frame86.txt,38,b5ee1452f150f869a58cbc4b7e5d96491c15b289228b4729f9d729eb00a4d0c6
data/labels/Evo/evoDJI_0001_frame87.txt,38,9091afd8136d7fb85eb6096eccbc6f002d12d92cf49b64b3fe153de62f061af8
data/labels/Evo/evoDJI_0001_frame88.txt,38,b1021c63dc167184bb6f34f939bd315f7997957e399cba019cfcf7d2753e0418
data/labels/Evo/evoDJI_0001_frame89.txt,38,378019b0334aea0ac29e2dbe522134abc4c2383b29bc3b4fdeecd80646aff207
data/labels/Evo/evoDJI_0001_frame9.txt,38,5d6ff2006d69b67661f889aa74d1a3ea7be61454e2932ae9b3e83bdef0989829
data/labels/Evo/evoDJI_0001_frame90.txt,38,98fd3749851c878f07a37d9e354fc2f25ef59fb56c2a544e57d498f2fd66f2c8
data/labels/Evo/evoDJI_0001_frame91.txt,38,23d3facd8fff4cd871a0052b065eb5448c1786021876c44c99e84465e794e35e
data/labels/Evo/evoDJI_0001_frame92.txt,38,06bf7d1ce00d54236dab0e13f572c2b6651243ac56ca5fd204240f5ae90dab4b
data/labels/Evo/evoDJI_0001_frame93.txt,38,e4b2a0e6d6588d0741d15f2643d950405592978c12d3288337585450bab5723f
data/labels/Evo/evoDJI_0001_frame94.txt,38,638a28d81152221eb8098ab5e1d14d51093049753c99d3b9dc5a807068785425
data/labels/Evo/evoDJI_0001_frame95.txt,38,128124f7e41265eb334de7feb4a8127866ab2064306397caae3c41b3b9760825
data/labels/Evo/evoDJI_0001_frame96.txt,38,650e1e7e3b22e9a44dad913d89d8f84aea8f2d19db7e8e97049e4b8c29a9fcb9
data/labels/Evo/evoDJI_0001_frame97.txt,38,d245613238e93541ceb5b9ebe76013ecf952adf6502ab3f6c4437034b6dd5fe4
data/labels/Evo/evoDJI_0001_frame98.txt,38,e229c1c20a215eb410d89d40116b299187e5613ecfab545ef126070efc4fca4b
data/labels/Evo/evoDJI_0001_frame99.txt,38,f376143420c513720e59f3d1dcbf4d74a17c769dcfa3b1cba041d05286f6ffcf
data/labels/Evo/evoDJI_0007_frame0.txt,38,79f35cce5ec6f6648d0b69b9648894650d95b92897fa11bae97dccdce88de4e2
data/labels/Evo/evoDJI_0007_frame1.txt,38,fe6e63802ac3663952f4a12345a1c8fafad0fc12c1e4135f521ad7c1c20340f6
data/labels/Evo/evoDJI_0007_frame10.txt,38,8bc8734d4839a2f0429bc2c1859723fbe0af8dd6bc9d41bb9d91d272ed8e4f06
data/labels/Evo/evoDJI_0007_frame100.txt,38,2c25fc6f1201913c04d827919a4a420734b792d6b5f5b6a11b07648255c59500
data/labels/Evo/evoDJI_0007_frame101.txt,38,35d2d1dc65098fba953b91985847aabc85a4ebc32678367a7a039bb38d8f1851
data/labels/Evo/evoDJI_0007_frame102.txt,38,5f5ed6f888f4443158572635dc504beaaade333c3d04f9bb85ede332c7b048f1
data/labels/Evo/evoDJI_0007_frame103.txt,38,235fe74af9336a49566f6a7a3c7235aa2fa0382de97052c4f3c7b7fdd165dfd1
data/labels/Evo/evoDJI_0007_frame104.txt,38,e2f7c4988b5a646745278db59abd3c1c1554b727a94c7b7be61ff529d4817b92
data/labels/Evo/evoDJI_0007_frame105.txt,38,a84930c209839df8360058739309157cd046ca4763bf158707ccacb63fc24ddf
data/labels/Evo/evoDJI_0007_frame106.txt,38,f91b82e7f000dfe07ff3b90cc76efc270dfb8b0bc20afef7a057b89c0fdc2d16
data/labels/Evo/evoDJI_0007_frame107.txt,38,ac2d362fb9342a4f4469cc64c2983b1a8b2a4d01ca81c7c88c8d5198219326dc
data/labels/Evo/evoDJI_0007_frame108.txt,38,3ff7c0741fdc53a5eb63627a9a7d81720df903ad3cce480ccc8a89a66ad02098
data/labels/Evo/evoDJI_0007_frame109.txt,38,1fc6091db5941fd75ef8e802ee1089689fa7b54b8c838f0c1b72e69b8ea93a5e
data/labels/Evo/evoDJI_0007_frame11.txt,38,1057f338eae6194a463afba6ec282718aeab32b7cc237dbb8c38386be1f86d97
data/labels/Evo/evoDJI_0007_frame110.txt,38,10eca7273c7afa4d7c4520d2ad9a5ce2743d887ec4b15915f81de3f1ed625609
data/labels/Evo/evoDJI_0007_frame111.txt,38,ab2f1975c41a1dd5312cd49e32a30165f84048c836c818d0a29d8f3698b396ec
data/labels/Evo/evoDJI_0007_frame112.txt,38,79d53d5c45b17bec13e00aaa22e4ecbc7447b078a042a2ba5212788855994f30
data/labels/Evo/evoDJI_0007_frame113.txt,38,ae8399bfe9be36c4faee8a04a36837363c251a96bec13a1a67268ed6fb8d49bd
data/labels/Evo/evoDJI_0007_frame114.txt,38,f0e5798f30c44b7302cc0abd987e43d7b04e3099a2ed4b8fae4f7193df1fd6ee
data/labels/Evo/evoDJI_0007_frame115.txt,38,f9eb36365c666d5c6486ff789295d3ae5879861417f6a6c9000345bfd365b83d
data/labels/Evo/evoDJI_0007_frame116.txt,38,f3e201762f58d55ad5145385ff00a51bd19585b22895cdfcc94f26a7f3cbe73f
data/labels/Evo/evoDJI_0007_frame117.txt,38,397131d7798269aee5801a28237fe3c4dca36c7e70a668231e233e7b137217a2
data/labels/Evo/evoDJI_0007_frame118.txt,38,4f28859d7b51aad08297b05019ef9f7ac27e3be86d94f8f1fd84b1eaa237c3ba
data/labels/Evo/evoDJI_0007_frame119.txt,38,80f2a5367088712a607fc221f107a10907c7daa25a999d3876c3799371fa57bc
data/labels/Evo/evoDJI_0007_frame12.txt,38,ce2b9bc3b7385e18918d2b49cd61101d782a7510c7c128e5df8552ae58ccdce5
data/labels/Evo/evoDJI_0007_frame120.txt,38,9c0f38cf3deb8d289aa3c6bacd355a7c3839269dc03d15620fa565b7c41bfe8f
data/labels/Evo/evoDJI_0007_frame121.txt,38,d86e71a0d34d81aec214581fe2aa75e7f6721e43514098af55316e03e427cc28
data/labels/Evo/evoDJI_0007_frame122.txt,38,95292ce6d22c2f738c3fdaee887d53a1420efc32bfccfcf31c9ccf64fd1560e6
data/labels/Evo/evoDJI_0007_frame123.txt,38,c456e747609174c92694ac2bb82740863b0046a60cf2af778a950838b392ddd9
data/labels/Evo/evoDJI_0007_frame124.txt,38,e1d90e2eefec9269e52097a1464833bad61781177a983ab4f92ae4439472125c
data/labels/Evo/evoDJI_0007_frame125.txt,38,073720116f8b2288104e1e2b2ee879a6e120d3ad99db0b5560383fdd16fbc250
data/labels/Evo/evoDJI_0007_frame126.txt,38,a0068ac2b4d8a60f15aa7e53bdd7ca153b6800b382d131811e4d424fa0d1e469
data/labels/Evo/evoDJI_0007_frame127.txt,38,32e7e807c08acd1a11bd7fd120e3d83d7a63a9a84b4fce3e14b18c49fa399c10
data/labels/Evo/evoDJI_0007_frame128.txt,38,5cbeba3b05678f677bf21ecde107f06c1bb96e02615c7b8b1d8baeb775b2a9cf
data/labels/Evo/evoDJI_0007_frame129.txt,38,bac00f740f6ea776c6033b222992bd2161338f1a749e9c2c907581e6cd692528
data/labels/Evo/evoDJI_0007_frame13.txt,38,54f494a5aa0289a5b220ebc3bea7e3202ee81871c2a41e119d8cc98e62ebc281
data/labels/Evo/evoDJI_0007_frame130.txt,38,d0c1014517280d22f4c7c0e1c101a03161ae5a7215256e835a09f39e0a916c8c
data/labels/Evo/evoDJI_0007_frame131.txt,38,5d6ed9788e53af16639f81d62af12ee645089be1183b185e5a0bc60db1d572fb
data/labels/Evo/evoDJI_0007_frame132.txt,38,0f6169ac002948fcd2b3d1a794a7311f70fc9327a3e2f30231ef7851c3cc60b3
data/labels/Evo/evoDJI_0007_frame133.txt,38,ec774581523e3836ffdf31422a4965ff9d67bd576163eb6c81b8902ae9ca7a16
data/labels/Evo/evoDJI_0007_frame134.txt,38,f9cd033ebea81debf42599668403b7d2da47feed7494297b8b90d91ea243b6e3
data/labels/Evo/evoDJI_0007_frame135.txt,38,ce22f49d9f425290a318ce89893a39de3a20a14b51fce5bb4ba1b7597b844e20
data/labels/Evo/evoDJI_0007_frame136.txt,38,c8fa79316aed1d8e9f2ea46f88f28c41c9b249543ca71fe3a3a707c4437172fd
data/labels/Evo/evoDJI_0007_frame137.txt,38,33e64d4720abd2108e5680460ad8eee7e315d5af5a4c2e83832c397ff1e2f7e6
data/labels/Evo/evoDJI_0007_frame138.txt,38,c197b4798b26fdf843375a16e990c8873119511f0d4b87f90b5a5ccb4066fe5e
data/labels/Evo/evoDJI_0007_frame139.txt,38,d336ccb5fa9e2c0ac5fc9f37b71b5da70c873888033a0def16ee07f9de63db5e
data/labels/Evo/evoDJI_0007_frame14.txt,38,0fcfe7e40bb7aaa5429944ca4c93adcc99083e83a0e05bc3ca5879a3fb8fe0bc
data/labels/Evo/evoDJI_0007_frame140.txt,38,abf2e969336d6a74ecdd481a18d724caf1a77c3f596116c9e7cc359c1ddd9c98
data/labels/Evo/evoDJI_0007_frame141.txt,38,f9a5f4c73fe86af4c434d6cab6df2e72b898df7c5695a93bad6e4a343768c74b
data/labels/Evo/evoDJI_0007_frame142.txt,38,fa35cf9d2109b7f0a1e3de15b6681c4ee92260b07959de19f051a6c6c48868b4
data/labels/Evo/evoDJI_0007_frame143.txt,38,306ef6bd8bd00f8d720646c4cbf3851fb70a4d6f8cea70371a44987ceda0a89e
data/labels/Evo/evoDJI_0007_frame144.txt,38,600addb583397e0ce711c7963c50adaf754120785b28511f87746a538590a155
data/labels/Evo/evoDJI_0007_frame145.txt,38,fd7a4f46480a401f91d1d9b006e4e7d1e7beb13ff79388bc01837740ce5b1b8b
data/labels/Evo/evoDJI_0007_frame146.txt,38,1c14ece73d711f42a7f215614e579a35e11ada05ee4f5ed5891fc8871c0cb336
data/labels/Evo/evoDJI_0007_frame147.txt,38,34339704021d4303b79be8a11d97b847070e9db256000b4a9bab51b1a7979f95
data/labels/Evo/evoDJI_0007_frame148.txt,38,506d743aa64638d12c378d86a0da77599fcfcfa089feaf4436ea0ee48fef2bd7
data/labels/Evo/evoDJI_0007_frame149.txt,38,3bd728a8db05eb48153961c239163dad05eabb070c415f1225ba74541611e7d3
data/labels/Evo/evoDJI_0007_frame15.txt,38,82a70f0c2c2efee2d57eaf72c164b1d3119f79b074ab04479502e194ef7a8927
data/labels/Evo/evoDJI_0007_frame150.txt,38,1f8e8c056b8a4f14179ab8f267b0666b5e6c4a4c8c4340ce65db369f9c5f34b3
data/labels/Evo/evoDJI_0007_frame151.txt,38,f7eb1c2fb743fc287e73d6f1280db06c31397b89eb679b4a6ca760ce7206bcce
data/labels/Evo/evoDJI_0007_frame152.txt,38,6350dd68b9d16ea7dd36307b8273484b29ba21515b1ef2a79786ca6ef4ed0f5b
data/labels/Evo/evoDJI_0007_frame153.txt,38,3db2f97f633d6f595b10a1ae9cc42cee45ad4dcc1505501d50fd8b79c77c2cdc
data/labels/Evo/evoDJI_0007_frame154.txt,38,b6d6edc9eddc5b3abc98cc89fc14369378199515aa23ddc5ef4a45f55d2dcffb
data/labels/Evo/evoDJI_0007_frame155.txt,38,4ec20161e805948dcf6496355a4fb672fdf75896febf069dbcd2a087d5da8f68
data/labels/Evo/evoDJI_0007_frame156.txt,38,295af4c49ed6615d18e6c694f590877e3f2d3fcf57b116c950c52b2e610dc4ed
data/labels/Evo/evoDJI_0007_frame157.txt,38,f01dabc489fd3d87cf1e4805a62fec1de1a551c9a46889217b1f8b386852a363
data/labels/Evo/evoDJI_0007_frame158.txt,38,74287dabf3b2471f06526c15fbcc214c7d6fe43e9b7f4dfff718d861ee99808f
data/labels/Evo/evoDJI_0007_frame159.txt,38,4167e5619fe64d8b2932bfb6918cc41fe3ef3f633507ea1530dc23a290af012e
data/labels/Evo/evoDJI_0007_frame16.txt,265,efa35ed4c5978d911dd3cd6a1458f520b1bf691bca6c30499f7da8677fe5b0ac
data/labels/Evo/evoDJI_0007_frame160.txt,38,48c278419baae36979bc963d74bde5095aa12004be6cc57f7c51c0ed38a9014d
data/labels/Evo/evoDJI_0007_frame161.txt,38,c8f6245a3446efe03c6ecaf9ff180ed890cf31fbba3956860b21bca6f4375f9a
data/labels/Evo/evoDJI_0007_frame162.txt,38,03282434ac1b9e4d5c439911de01cf938266e7d272d45a596c5f97d09110f115
data/labels/Evo/evoDJI_0007_frame163.txt,38,adb8d0e3f35c0ebeb889f4aed709bf628f09d6f322d14eac7ab9f3a1ac2a6b0b
data/labels/Evo/evoDJI_0007_frame164.txt,38,b28d3405bb4ad27085f522c010ffe5e6af17128c7b7f20ae88c042803864fffa
data/labels/Evo/evoDJI_0007_frame165.txt,38,51991b5a73d82a83f9d6aa5db534e29da2d4815653b0236c93e5a4afbbc85441
data/labels/Evo/evoDJI_0007_frame166.txt,38,6b54d9600da1265b877e61aabcbc8064ea7a3bb9790de34eb30f4f2bae33cd25
data/labels/Evo/evoDJI_0007_frame167.txt,38,eebeeccff6617ad5e0eee3c2a332c1a53375485b832df560840b14f97a34cf6d
data/labels/Evo/evoDJI_0007_frame168.txt,38,194167f86d114c112ad721d004e8c95c660a0ce383f642cd9f8fde675da21500
data/labels/Evo/evoDJI_0007_frame169.txt,38,002539c3131408be287dc5196b20ed002c20c36570558426940621f37f7bdd02
data/labels/Evo/evoDJI_0007_frame17.txt,38,6dbd11b302830693d7d27a5ef87fdc5c2ca5888282c14c35406cea8a8bddf847
data/labels/Evo/evoDJI_0007_frame170.txt,38,b4a2fa51a45b29250c9b1c44c3121d54a5a4282841004a730aa72b933985035a
data/labels/Evo/evoDJI_0007_frame171.txt,38,dc1f9b512ef25d857c962ee24af7c90ea4eb83d04996da6cb5490eceaa65a0f7
data/labels/Evo/evoDJI_0007_frame172.txt,38,cca7b98f272bc6d3555664907e168a82598cf40b028d3fc655f438ba503e8ebb
data/labels/Evo/evoDJI_0007_frame173.txt,38,6881f19e5d04d28dab131b5265771a2fd0aa8afc11437782cbb8c085f3a589dd
data/labels/Evo/evoDJI_0007_frame174.txt,38,7d53fcd590ae26854e1931823e32aff2cf63bcbe4764d7df6fadec2c63cd6b9d
data/labels/Evo/evoDJI_0007_frame175.txt,38,527308cb47c8cd440b1a87129794e4ce8a3d4efb634b2ebe444c5ec9f16e84d7
data/labels/Evo/evoDJI_0007_frame176.txt,38,6b65ebfa07e2014cced143a99f14645ee5973d5891e54c348190dfb95adc360a
data/labels/Evo/evoDJI_0007_frame177.txt,38,101b5c65c95d507e16df60b4fd092618a5914c32bcd8256d7172a58c5ebbbb6e
data/labels/Evo/evoDJI_0007_frame178.txt,38,b764960839c20ffbbe35af1a8feff596903ae02b504ea3c5bdbf4b8025d7193e
data/labels/Evo/evoDJI_0007_frame179.txt,38,48f56ba2ae33ff3540e10cb49386680a707e43cb6dd8d3e4c108c46fef734d40
data/labels/Evo/evoDJI_0007_frame18.txt,38,7bff97dd123d6a596a4417fa6cc5a78967d74b7020f512c4e2f771aa37e5f627
data/labels/Evo/evoDJI_0007_frame180.txt,38,87333202ea9d2205160bb937e632518330730c856eb8b199f09e4ed2aec906c1
data/labels/Evo/evoDJI_0007_frame181.txt,38,3f65782fe2611bdd578883da72dca99e997a578ba113fd59475a9eb6e4e7c872
data/labels/Evo/evoDJI_0007_frame182.txt,38,f1b133c7aaf2ffe7168007d6c59d3fc54657091a7b403be7002ae25ae6e8efd0
data/labels/Evo/evoDJI_0007_frame183.txt,38,69f8c47f7ce1898d2bf7741f77afd8a8805422ab80b7463f24f1b65bde6b2713
data/labels/Evo/evoDJI_0007_frame184.txt,38,70d48a278542d3f1a43659c651a203297d142f41c21f8e612271af047be8cef1
data/labels/Evo/evoDJI_0007_frame185.txt,38,1887012bb939d40a47515fd04671efa611d3352f1a36600d04504f9302e66fdf
data/labels/Evo/evoDJI_0007_frame186.txt,38,50329ac939c125eaf51e59c010bdce95b847a8fcf92b41f707ade447b2b1fabb
data/labels/Evo/evoDJI_0007_frame187.txt,38,fc16ddb3b0b0e72e4cec6ee144904592955e4548d2125b092dff91603caec260
data/labels/Evo/evoDJI_0007_frame188.txt,38,371448cce21099a3f8e1a7d151b5392544172622622679fe97c1655c0ea1fb17
data/labels/Evo/evoDJI_0007_frame189.txt,38,125d24f5fe7e66ce016f9ecc6bdd39764d9f54723534393bffc02ea146852e0a
data/labels/Evo/evoDJI_0007_frame19.txt,38,ca3615704c70e6a42445124e7782d7475af4763801c46fc111f8d79fb6ba6a2b
data/labels/Evo/evoDJI_0007_frame190.txt,38,c48345f13aa40063736988f9c8a74417d3049c55fa94ffb40b38199ca13c6bb6
data/labels/Evo/evoDJI_0007_frame191.txt,38,65311b21dc2f1876b73fd94c17892f4f7e65beb0eba68555be8ab7baa79e2037
data/labels/Evo/evoDJI_0007_frame192.txt,38,8f452c7b0b6c9ed1b72470989122125b5613a2df7a113c7ebf1f039b80a46f19
data/labels/Evo/evoDJI_0007_frame193.txt,38,8a1955bc9d488e2d29acf73cba6debd9f6319d37171ba37d6c1eeca7701f75f9
data/labels/Evo/evoDJI_0007_frame194.txt,38,bdd20aebc2316d85914f33ee16081828484027cfb18c7853a889b12e168ecb0f
data/labels/Evo/evoDJI_0007_frame195.txt,38,1ec85a586d448134ac1e38f63761002bbf20340380c571ffaa8624c7bd1065ca
data/labels/Evo/evoDJI_0007_frame196.txt,38,97a3372523e4e53d35a42f030065e9525df9a2b9dcb5e9db4194c8e13052d4e1
data/labels/Evo/evoDJI_0007_frame197.txt,38,2e101bf01bd3f3995925b25c8195fdb189c4a74e1a5b6686074ffab8a92ce197
data/labels/Evo/evoDJI_0007_frame198.txt,38,7b52612cb75447d0fc65d701595cf860a5e412d2b884cfb3c9860ed1beb435e2
data/labels/Evo/evoDJI_0007_frame199.txt,38,ac1a5ef85d60b02e2ca144482a27acf5e70869381cf2016388fbb83301e1b94a
data/labels/Evo/evoDJI_0007_frame2.txt,38,62be9143de5bf99afc8c9a0c6a29f52cca5beb7775e934f9d077a173508758f3
data/labels/Evo/evoDJI_0007_frame20.txt,38,289a69f2f5399887aa5b6858b9962bcdcd544bc61a94d4dc0e6455671839f932
data/labels/Evo/evoDJI_0007_frame200.txt,38,6f04fdb8026b2a14c518c2127b5b6124e5216da95cdb80886bd9e2871fb86553
data/labels/Evo/evoDJI_0007_frame201.txt,38,bb05726767953131bb033fd0b9900ce42dae634eaae1da34e81d3d9a829a5b06
data/labels/Evo/evoDJI_0007_frame202.txt,38,81e894c0c14d4d521cc0f20ce8b09a45a31ef3c324e3b9ed5f61a26e2a16baae
data/labels/Evo/evoDJI_0007_frame203.txt,38,f28bc9b67db8028d9d455993abd722cd82a6a1615bf7fb1f689793a631a9e7f2
data/labels/Evo/evoDJI_0007_frame204.txt,38,0c2d6ffcc769900d6cd2178892af7feee5472e86438e3ddde9cac494d85f73dc
data/labels/Evo/evoDJI_0007_frame205.txt,38,78db2ceda623f27b35eaed23d22bd6df1114169d1952b7f25cecfb3f5e7af114
data/labels/Evo/evoDJI_0007_frame206.txt,38,6fc3eefc8ed95551aa5c529835ba1487c1632c0538dcbcadf61a8ab1eda8b9ed
data/labels/Evo/evoDJI_0007_frame207.txt,38,445b0cf54c7c096b3209c0f65cdfb9ef477b46b2458456f089f596335faa33c4
data/labels/Evo/evoDJI_0007_frame208.txt,38,2f2616b06b57c4f60469bf2e6c800fb2e6866d7f2f81a25e1bd75c9b38ee5202
data/labels/Evo/evoDJI_0007_frame209.txt,38,a60421f3215060c08c0deb286e24a42336a94559759f4266133c97666fc2ded8
data/labels/Evo/evoDJI_0007_frame21.txt,38,156041952974d302643551ace8e3d99c1a1828aecd8072c961613186fd42ef30
data/labels/Evo/evoDJI_0007_frame210.txt,38,6386770f09ba8547c611b9e5e0a37fa1b6645baf75ecbb02db39484544e584fc
data/labels/Evo/evoDJI_0007_frame211.txt,38,6d0663b044cc5bbec86e5241872afbc59e71a5614fc36f95e9203eda69656b6f
data/labels/Evo/evoDJI_0007_frame212.txt,38,fd22bf24f10944b70a6ed8d4d6605358f9a3d2b61d9c7b2c955cc76d8f110f09
data/labels/Evo/evoDJI_0007_frame213.txt,38,f53b3b1a69398d7b0b30a9e90ce503d4e407d9768fdc026598b2150ad20fff6b
data/labels/Evo/evoDJI_0007_frame214.txt,38,6087416d30fc592fdf499086ee88f7aa0b85311a375a62b31fc53f71901039ca
data/labels/Evo/evoDJI_0007_frame215.txt,38,4ccaecdeec379269f03fa2349c1035f823276e680e8ecd577f1e3aea5941f920
data/labels/Evo/evoDJI_0007_frame216.txt,38,b8eef6a9d8cdc0bc43dcf5a8dfbec44303186518ff61f082d6afba5adb74f3f6
data/labels/Evo/evoDJI_0007_frame217.txt,38,86f8be25838e7a12a2127197e80aedeaae1fadb4de85661d23f41fc59245abee
data/labels/Evo/evoDJI_0007_frame218.txt,38,2abc739ea0b30c61fb26e3a585c089a80a3e7bead36108f0bf490d21d6d69eaf
data/labels/Evo/evoDJI_0007_frame219.txt,38,cc0955771e1d429e935156b23231653a7baa17598d81dc82fc84748782e96070
data/labels/Evo/evoDJI_0007_frame22.txt,38,3d38a46b560e07c92892b19991418ab50cc26db63e64f53d16da7e066241ec2a
data/labels/Evo/evoDJI_0007_frame220.txt,38,b77557e60bc1ab92eb76effc9e430c26d9e50a78cba02915d349f2fa37eaae63
data/labels/Evo/evoDJI_0007_frame221.txt,38,3f18bdf078851df3d0329fe4500eaa98154cde9bc72fd341507b96a7dc09ecf5
data/labels/Evo/evoDJI_0007_frame222.txt,38,5b118927c6e92d3c364da19bb0075e26bcac15b19ca4107a614e277db2e0038d
data/labels/Evo/evoDJI_0007_frame223.txt,38,f32c1e7fb10e740d8a065b100e27a500bc7c0a52335c810ed9fd36d3965e5024
data/labels/Evo/evoDJI_0007_frame224.txt,38,156d59eb3cbf5a19113778380dc2b9afeca9fdc950b6f6384a2ceacb4ea3c042
data/labels/Evo/evoDJI_0007_frame225.txt,38,9c9cfa1f26409f572ae34044a05491261ef1954315f229437bcff255dded223a
data/labels/Evo/evoDJI_0007_frame226.txt,38,9d685555bfe7399b39044df60a30a71015c7508561d5ca5e244c6728410d995f
data/labels/Evo/evoDJI_0007_frame227.txt,38,e26e3374bbd0968bc27200936c5904b0166737b95fd4584f0b8df4d580c0a64d
data/labels/Evo/evoDJI_0007_frame228.txt,38,1c4d4246d21b52c1a0056f10351181a385eb126f77d7e07cf83705998e0887d8
data/labels/Evo/evoDJI_0007_frame229.txt,38,5bbed3e84b227e0f48e5ecac8f0f91f678e67eed097c7328ba87c1e723e7bde4
data/labels/Evo/evoDJI_0007_frame23.txt,38,b13153c3d4fa60f1c029e11f941b2b93e4c3299f14442934f551883bb8745d60
data/labels/Evo/evoDJI_0007_frame230.txt,38,3af9b0740ef8e5a0604958c5f7164ac3a1d7c2323170c72ca63a2ef946f98565
data/labels/Evo/evoDJI_0007_frame231.txt,38,1bcc8f8627b4a36732fcb9cb7302a3e0ee77d376aaaabac1c71abb91c7e7c0d8
data/labels/Evo/evoDJI_0007_frame232.txt,38,5f790d1ec882d481515d5fbc87421dec513337113f773ace27e685bac604d065
data/labels/Evo/evoDJI_0007_frame233.txt,38,e18ff4288d61386537c068031fa79bca798df4eee20c2fec84b92e3ab32ba872
data/labels/Evo/evoDJI_0007_frame234.txt,38,f01ad6a6be4b3829632a8719894405b5ab4af75ada3b5a595ad3cb9be21c157b
data/labels/Evo/evoDJI_0007_frame235.txt,38,993720a226d403530bd4ef28ca1b92aa5272a436311834043e3cd3c65d7cabb7
data/labels/Evo/evoDJI_0007_frame236.txt,38,353f1c2d211c2458eb4582f014fdf15dba05630c0b410184301be26cfafbfbbf
data/labels/Evo/evoDJI_0007_frame237.txt,38,d6d1492a2af49cb52930089460e12d2b6edb13300a5826546436b16b6bad0098
data/labels/Evo/evoDJI_0007_frame238.txt,38,779d7758d57e067ff49d23d71a47bd3ac392b71a201e004146c151bac483a502
data/labels/Evo/evoDJI_0007_frame239.txt,38,6c49625e33a43c1c2cbbf8a060a0ca0e2faeeecf24d18f939b3e8c5f33979ec8
data/labels/Evo/evoDJI_0007_frame24.txt,38,549c8b97dcc35e6c74cea1f622addd520fa03c44e55563a70531d341582fceef
data/labels/Evo/evoDJI_0007_frame240.txt,38,42e9590910f60123b4b4c23f9a20381fcddace6bdfe1a2915b257461fd581e47
data/labels/Evo/evoDJI_0007_frame241.txt,38,b7f96b24d1ae071103df697dd743edd742cf1b7fccf690ad0d62882e4e90cbb9
data/labels/Evo/evoDJI_0007_frame242.txt,38,1e2db6806a1da9115be0947f89645f45b840d8ec15f89eb2aa6e6010b8fb284b
data/labels/Evo/evoDJI_0007_frame243.txt,38,82b8d7951767367092535a46c84b0f69e803c120bef4c966ea18e6e93367af24
data/labels/Evo/evoDJI_0007_frame244.txt,38,afca0bc0f286ef76a2efc4bb34ec7fdc7e4d953568279996d8ba142f85f13409
data/labels/Evo/evoDJI_0007_frame245.txt,38,c0ffbfe2ab5253b454b3b2883b90f93a3a56b07d01ab4736341301760a048d9e
data/labels/Evo/evoDJI_0007_frame246.txt,38,dd5d31f86f1cc15f7a87a64ea90cfeed8e1d9f5e9f5dd0f7ae6ba4b8dd8bbb6b
data/labels/Evo/evoDJI_0007_frame247.txt,38,9e258eadcfe92d24f0f27e83f131035e9edbc1b5bf4666c322462af1d16d4e49
data/labels/Evo/evoDJI_0007_frame248.txt,38,3ec93f773db44ffbb30acc4090787b35e1bb71427737f87cb0832e00309f1d69
data/labels/Evo/evoDJI_0007_frame249.txt,38,d9a2ee06717f89e3634d33f58f6aaeb653a3e82468282e4c2fffca1e2e71c1d5
data/labels/Evo/evoDJI_0007_frame25.txt,38,a6c17b1edc818a9da8092c451aee13f66b9452f3bb9a69e3a7510d0457621e20
data/labels/Evo/evoDJI_0007_frame250.txt,38,d301488d0ca631cf60a64fea14877e9fcbb43352dd62629abd4ef24bd3340683
data/labels/Evo/evoDJI_0007_frame251.txt,38,3658daefc69ac6c82c81feaa3202fe107b53db3b74756346028abbf1180c5a9e
data/labels/Evo/evoDJI_0007_frame252.txt,38,7a39c3b2364f17c9342480c3caa08f5e42c00d1a9ab8a5c051f6d19b120ef4d1
data/labels/Evo/evoDJI_0007_frame253.txt,38,e4f44cd72c1cf128c08f2c30cef2e71177f319623b2f058881ddb0746c38a232
data/labels/Evo/evoDJI_0007_frame254.txt,38,449a3d875824d6ee350d244c7d277c95b68bab6b34dbd9ef0f66b0b7bc339a36
data/labels/Evo/evoDJI_0007_frame255.txt,38,356c699d020ca875a38434766b9e2edc857e1ded1daabff410f4b01955bd6848
data/labels/Evo/evoDJI_0007_frame256.txt,38,db07ffb6619f3e11a54341177bfd54716006c20620d54cc640255c5ba6757317
data/labels/Evo/evoDJI_0007_frame257.txt,38,7b9be2b8c3e2be22d416d053091a9e5e8c82f78a0408012b37d0198a1bca5e4f
data/labels/Evo/evoDJI_0007_frame258.txt,38,b1272272e3e533dcf889ce02959edfbe63c8d021db959d13e25e4c77efb8062a
data/labels/Evo/evoDJI_0007_frame259.txt,38,c40e6593bebc37834b885693f78ad42b578d6b57475150dd3123566fe705879c
data/labels/Evo/evoDJI_0007_frame26.txt,38,340bb9387b3a5ca1881e9b31ac70cbd55186a4c721f6848ca2af2add2e1c66e8
data/labels/Evo/evoDJI_0007_frame260.txt,38,204e35c2f1b68286a0118f1f64d3577082d25ddbb215641fba5b8fc92806f46c
data/labels/Evo/evoDJI_0007_frame261.txt,38,f9eee0da7c2f12c0731f4fdfe36cb62c3e2bede86e5439e36359b5863411ce01
data/labels/Evo/evoDJI_0007_frame262.txt,38,a3de2b6cacebf39c00a52bf32569dc0adc4a6408abb82cf4bfc82eef61445c3c
data/labels/Evo/evoDJI_0007_frame263.txt,38,a9b26a3b478d5a329f075777a26ed1cdedae96a96088d6da1f69f736fb15b5f4
data/labels/Evo/evoDJI_0007_frame264.txt,38,88d03c08816efc9189a5d3e2de50105901e50f43a0dda6ccda2b7e484ea79f19
data/labels/Evo/evoDJI_0007_frame265.txt,38,15d2ba87b75d9c0c84d843d57fccf4c460d180514fd141d938960239cfdfb73b
data/labels/Evo/evoDJI_0007_frame266.txt,38,b8c32dedc4897438296003bc108bc60348e52751497d1eb7120b1ffad3e9979b
data/labels/Evo/evoDJI_0007_frame267.txt,38,286a88bdb2a09a7a6cfa9fedf8700589ce4cdf7776f6c26e35f1b838fd16336b
data/labels/Evo/evoDJI_0007_frame268.txt,38,207df19c8ac9710d4b6c7cf9dc95e253a5fbfa30465fcce6b5a27f4810143dc0
data/labels/Evo/evoDJI_0007_frame269.txt,38,dcb7047c64dbef108c0e213deaf7c42d8f9cfd307bc92dfbd3cca68c6280438f
data/labels/Evo/evoDJI_0007_frame27.txt,38,67b8f125a52184902a08a45bcf41e7d720f4277d7db4a980ddda185e5e7b7aa5
data/labels/Evo/evoDJI_0007_frame270.txt,38,a492902a0712fb0f091033d8c5761dc81194a4f6eacc0a94a25970ee5f30ec5f
data/labels/Evo/evoDJI_0007_frame271.txt,38,2439fe18a838d3818b38395f26d3c1c572c5d9c21595873cb6b156a5d3bc8b27
data/labels/Evo/evoDJI_0007_frame272.txt,38,637984511944ceda6cc336b5de6b02dca9ba96f1f319629c6c1c4ed7706b55bb
data/labels/Evo/evoDJI_0007_frame273.txt,38,946654e5be4c9d65a7ce5b01515ede2ba739e039203aa1a4160a2fad4bdeba2e
data/labels/Evo/evoDJI_0007_frame274.txt,38,f601184d65a0b8648cf1e7bf144ae757461ac0279d05655162ad9df3dfa08473
data/labels/Evo/evoDJI_0007_frame275.txt,38,9e2593aedc9b5ccdaa6c844e774fc25d9a8d5f6c72aacdff65eaeece8b532577
data/labels/Evo/evoDJI_0007_frame276.txt,38,8dedce5927f87b81224e28ebcff9fdd54ef4bafb832f971575054d504e64a6dd
data/labels/Evo/evoDJI_0007_frame277.txt,38,f9dd4cd9c29ab903b5e8664647ef2dc6b4e67deb95f77a9b81cd0d2c68f8e793
data/labels/Evo/evoDJI_0007_frame278.txt,38,bdf3fa4827ad3cac7d58923ac33c37ed7f71574a86d34c432dce26c53553c5ac
data/labels/Evo/evoDJI_0007_frame279.txt,38,a85e825f1f937d5aa97a7f20b358bff2eb0a167680f5cf563091fe4ce0a8fc18
data/labels/Evo/evoDJI_0007_frame28.txt,38,249a057a7fa4485a940042b4516702092b7dfee1bdd85aaacfa5162a25e9f147
data/labels/Evo/evoDJI_0007_frame280.txt,38,b2087919cb1317359dd1ba4bc92b82404fdb3c2feb52a28997e61b731240ba6c
data/labels/Evo/evoDJI_0007_frame281.txt,38,9a4cb05dd7b8b881deb6524a76e97c35a38f46dbaf0ab81bb7c30ebb3f7e2b38
data/labels/Evo/evoDJI_0007_frame282.txt,38,28ca206c340b96cff299cfcdd061529da328966fbc8deb7c444521f031bb7418
data/labels/Evo/evoDJI_0007_frame283.txt,38,22521468640a89d47e8c44111463d58a25efa3e380c482649f2946c1b0c13423
data/labels/Evo/evoDJI_0007_frame284.txt,38,5a2739991b55d779ee3d09924543502c3f1730ee313c8759142509f0a81d5e79
data/labels/Evo/evoDJI_0007_frame285.txt,38,96a95c9839987534524b19bec91493219ff26bad1550825e879ad6fc9014b1d1
data/labels/Evo/evoDJI_0007_frame286.txt,38,75a93a1de4894e349bffb48295b670e5d532c6cf7a8328e554062fef4200be69
data/labels/Evo/evoDJI_0007_frame287.txt,38,105ccb7b151136df5d9fffb4cd1da6543ce18aaa5e7b33ca778907b994db593b
data/labels/Evo/evoDJI_0007_frame288.txt,38,de1bc16e04d1ae2e737d90fc60fa5fb492595903f42429e8cf7500c82e2c47de
data/labels/Evo/evoDJI_0007_frame289.txt,38,2802e80b9c6c8627ad50d8f9baec10d52b8aad6c5cd841b894f291648d6b079b
data/labels/Evo/evoDJI_0007_frame29.txt,38,4abb846095601e4f11a0065ac031eb2e89f9e9d84f9b64533d1431be779c3058
data/labels/Evo/evoDJI_0007_frame290.txt,38,671a9e31a55d207562ffd56bac4a339f91d3803e2bbc2aa74fe2e1f3477b52b2
data/labels/Evo/evoDJI_0007_frame291.txt,38,ad31b0de7f95eaf2f809267ff0e9a2ec0a1ab7a2f301abc16d8c504636c9ce11
data/labels/Evo/evoDJI_0007_frame292.txt,38,74ccd731afe560b7f483f452d240773d83655364979aa119390d119892615bbc
data/labels/Evo/evoDJI_0007_frame293.txt,38,4564613eee8e40eeb1933c7a8437096e7531fe31c6832e6048232bc8ba32dd52
data/labels/Evo/evoDJI_0007_frame294.txt,38,da1a0815d73200c6f5f4a504563b7f54dfd1a255bd75dc076c03eeef245c7089
data/labels/Evo/evoDJI_0007_frame295.txt,38,136fbffef32c8756b497ac400eeded2a5fa663d80580ef2ae6c98fc182544605
data/labels/Evo/evoDJI_0007_frame296.txt,38,6fa4fc36c5ec371028d30d57e2a1f03c3781dcf734f6e9f0bcca5c7c89a2cba1
data/labels/Evo/evoDJI_0007_frame297.txt,38,68d5e6d1c03485446cd112baf7599492068545d00cca2eab4e24a25034c7a0ae
data/labels/Evo/evoDJI_0007_frame298.txt,38,dc3bee7ecf58ed765364a3c43a3dc5a4ac9ff50f2422ab08278ff7c963b51539
data/labels/Evo/evoDJI_0007_frame299.txt,38,3fd6da4a4f344aaac2baa796af3d8fffb0af431ec66fe57967b87f67c425791d
data/labels/Evo/evoDJI_0007_frame3.txt,38,86197a871ad6d9be565669b7d4e82c038e536e0975efc9102dad59303fabac52
data/labels/Evo/evoDJI_0007_frame30.txt,38,03555161941ebe04ebcd69eec25c7757603e5d05b1bb8b55333b8519ad75d591
data/labels/Evo/evoDJI_0007_frame300.txt,38,eb58e40f7ac10f45ab3242526d107c7c55d0f34b88eb965ee3cd8736973b4358
data/labels/Evo/evoDJI_0007_frame301.txt,38,48ace0d5d3e6b01167fb2945299189ae8ef2816c5cde28e6fec3cf39ba7a3da9
data/labels/Evo/evoDJI_0007_frame302.txt,38,4159adeaa1cf54e7f1ceb72b755dbb652bc2eba636002ce76436f8dec86e508a
data/labels/Evo/evoDJI_0007_frame303.txt,38,741ad9684181304a81124150830b0571e70e94539fd773c6a8a522b19e7aa2f0
data/labels/Evo/evoDJI_0007_frame304.txt,38,2cbfb5c1d46791f1c6f515e016fad356ce15827206637d27bc31726c2f718269
data/labels/Evo/evoDJI_0007_frame305.txt,38,b3e9ae47640af7575562dea0e2a4f219e59d3996b878d4e9a32747ee828a38fe
data/labels/Evo/evoDJI_0007_frame306.txt,38,26a659ce9c03b462cdef2aa8c371f505fa1ddf8f3f53bc7483db1df73234c93a
data/labels/Evo/evoDJI_0007_frame307.txt,38,a7bbc261a043597731cafd3219549ab0b570a2e90b48f935809820c2b2dc579c
data/labels/Evo/evoDJI_0007_frame308.txt,38,91785c00b2e2832255bbb3f9f9ca0515fd72a59365b086a2a278d63193315ab8
data/labels/Evo/evoDJI_0007_frame309.txt,38,9a32f6a6105cd4f1aaf6a508b9860793381e419956c1ceed8f0cf31b4adb3cc1
data/labels/Evo/evoDJI_0007_frame31.txt,38,d9ea7def2067307b18d45c0d6f5637df49cbf59daebaf982171ded1856abb2f8
data/labels/Evo/evoDJI_0007_frame310.txt,38,72a74ede2e9d688af14da1741b9f42ccdeebd86a4c86144a97b310091a1ec6c4
data/labels/Evo/evoDJI_0007_frame311.txt,38,b7034f2e94ea37ecd5982fbf3d703947d67ba60cc0e8a8ab9b4fcb6407c3e5e0
data/labels/Evo/evoDJI_0007_frame312.txt,38,cac541f16e50a14da52ed4d19a7bdf66d6229fe21d8d304aa0726cae5e5d4abb
data/labels/Evo/evoDJI_0007_frame313.txt,38,0a4c83fef230fd3446aa8aba713ac414193b3b62abd210704b11c694ad28b054
data/labels/Evo/evoDJI_0007_frame314.txt,38,444b99add1c9fac319315f4473b2a8afd716d07d0c5dbd0ef24c154f88c883e8
data/labels/Evo/evoDJI_0007_frame315.txt,38,b4f5ace3a0ecf42766a0468ee0441f8bf7441c3c51c86c7d575774d6871c333d
data/labels/Evo/evoDJI_0007_frame316.txt,38,e87aebd9caa4ef60f711cdaca9f8ef2918e9d47c4e30a4590f0046b8289ebb41
data/labels/Evo/evoDJI_0007_frame317.txt,38,560eee4622148601695ccebd7aefda3c2213d18e7bd872a321fae99ecb85d0a0
data/labels/Evo/evoDJI_0007_frame318.txt,38,6929a767f4f94ecf65f2c19bc7769b96b16d1a3bbd2912c401ff062993284118
data/labels/Evo/evoDJI_0007_frame319.txt,38,7159647a302e737f19a06be7185192cffd6c5a2a0dfe7dcce0393816fc5dad64
data/labels/Evo/evoDJI_0007_frame32.txt,38,00e436efac156b1b2c4500496b9f4825c87753d2ab4d1d045f9333966f502b87
data/labels/Evo/evoDJI_0007_frame320.txt,38,caca417e46d1cfc0c667350d1d092e09b1eefc55224ec669b1272ee2bd88411a
data/labels/Evo/evoDJI_0007_frame321.txt,38,933a059ee61944939d9ab3e53eef92258d436d2d37f611b061439fb74baa1413
data/labels/Evo/evoDJI_0007_frame322.txt,38,b0b55c23ae6d4d166ffff4dafa0615c79235712a9f709927f30b486686cb9f95
data/labels/Evo/evoDJI_0007_frame323.txt,38,b1d8815302880dd02daa1f2b710fb87aac4b665f0ead058d025274dc706f2d4f
data/labels/Evo/evoDJI_0007_frame324.txt,38,8c519f37be0652ee68bd207beb58f4a1fd53da95cc5881f80dfb2cd41c5774d2
data/labels/Evo/evoDJI_0007_frame325.txt,38,d70efa5776bfcf8055dd70c96ff46718b60858226cf88996a01dbb38ba09a5fb
data/labels/Evo/evoDJI_0007_frame326.txt,38,88c8949d6a5aeb46328da288147cf4cf9622c21a39125f628be56bbae6918cb3
data/labels/Evo/evoDJI_0007_frame327.txt,38,f95eb191a8ab1818af26be54ef9d0855afba94f517c1c125fc98ecc013be25f4
data/labels/Evo/evoDJI_0007_frame33.txt,38,923d75983bac8273347f8ce9ee9c1af449c1805e6f77a1771de9f75fe2407796
data/labels/Evo/evoDJI_0007_frame34.txt,38,fd4675ec51391acd4782f46634b3669107e13c286f9a22b091a4fbee7d204dce
data/labels/Evo/evoDJI_0007_frame35.txt,38,8727fc1724d039a60e8a9a6ffc0ded75f5c1be9162272cf3d0d60aef1f0f16d6
data/labels/Evo/evoDJI_0007_frame36.txt,38,5d8704ca12e133c5168f099eb94c3e1c71d98c20b4fbf2a7018c51b80b2720ee
data/labels/Evo/evoDJI_0007_frame37.txt,38,cd2fd25c9542b64b2c18cd3760e6bcd3d7fec0af197356d19cd6cbf33e32eaf3
data/labels/Evo/evoDJI_0007_frame38.txt,38,4c07c78a7e996b6a631ac8578a04c8391b9393cf78cf591437bcbc3e9dfb8a73
data/labels/Evo/evoDJI_0007_frame39.txt,38,f38948ceac1cfa76bb351c90f547e1244b3882ce5ed1812c37933c6fa42e0539
data/labels/Evo/evoDJI_0007_frame4.txt,38,a6c3d0aae00ff086458fcf0303e3af963b67c92fc0d7d704075b5015a2a6c0e2
data/labels/Evo/evoDJI_0007_frame40.txt,38,6f5d41c6bfe123f352b4b605fe3df7332c220cd17d2f9924745ba0cfd70c864d
data/labels/Evo/evoDJI_0007_frame41.txt,38,9f662a68a63bc7e6a6a75876283103e8ea4384b6b19897b8fc8c89e3ef375880
data/labels/Evo/evoDJI_0007_frame42.txt,38,1ae6b52afa489cfad6921b59b82eb268b2a3d97e3fd293e0098a59a4592d4d36
data/labels/Evo/evoDJI_0007_frame43.txt,38,b733f3ceda81349d5406967165f8dd5e6d6261b29db5905d7cb654315e538de3
data/labels/Evo/evoDJI_0007_frame44.txt,38,cc8a4b4d90255fc74cb1ebe82c6685eeccefe6ae5a5af8f15783d64fea7ab7a4
data/labels/Evo/evoDJI_0007_frame45.txt,38,874d763ae46c00211386783541d9a365ac807665d43302dad854cf8affb92252
data/labels/Evo/evoDJI_0007_frame46.txt,38,1415f889c0336a1617759d9e543a9be2779686f5b7e1b0a70cce4cb130973dbf
data/labels/Evo/evoDJI_0007_frame47.txt,38,51633af36e5a48fc2ba81f59ee2583d3e2870ca851259539a91d70b563008efd
data/labels/Evo/evoDJI_0007_frame48.txt,38,c16a8d7d8602cdcb1da0cdb1e1177b2ad03cc1720ff9ad8f137d48d7e17805d4
data/labels/Evo/evoDJI_0007_frame49.txt,303,09ba25af60119a1c8d56e7aa927a934a8f3b369a91499521e2ebd23814a8ddfc
data/labels/Evo/evoDJI_0007_frame5.txt,38,8bac1e43eb010c0f6e1fc476c206025633624e2a30ad04292650240dd178ad42
data/labels/Evo/evoDJI_0007_frame50.txt,38,38a9ca48cd98d4f8f6cd2b75b3874b9d7eed29b47cb9fcb1927ff24b1b3a7df4
data/labels/Evo/evoDJI_0007_frame51.txt,38,49b443a5f3ee90446495fd3fbe3838a6b8f75af2612da4c3ae973c2e62bd851f
data/labels/Evo/evoDJI_0007_frame52.txt,38,9205749b9bf37138750d7afe70e5d840113d5808fb61e86b1a0fdb095873e2d8
data/labels/Evo/evoDJI_0007_frame53.txt,38,8265898afa395809e19d377b16d8555bfd156d6c739b1c1eff4c6d94717277f6
data/labels/Evo/evoDJI_0007_frame54.txt,38,4cd3e460aa8aa5cdeae1cd7631c420a46761dff62e57e7d3bdb4528555ae1521
data/labels/Evo/evoDJI_0007_frame55.txt,38,9311cea65b183191e3a7eb623e4d3bd22b2fa18f51a13d12fb4d21f00418f0fc
data/labels/Evo/evoDJI_0007_frame56.txt,38,6fb48ae29357f6f05167cacd76b6d2861d4715cc906dfef26de8dcffac3cb148
data/labels/Evo/evoDJI_0007_frame57.txt,38,2ffda1b9a4e006719ba5b2a40cbeeed2a19b4abb08cf7d101a4a6caa6d99465e
data/labels/Evo/evoDJI_0007_frame58.txt,38,33cd43e8b865b3d6d9f9d4bc8d66d42288d0b80303b86351d35c8e609d5ab619
data/labels/Evo/evoDJI_0007_frame59.txt,38,257ae6a6e9e58dfa02a6a65d15edf17407d76e139f5ce0a929816095880396a2
data/labels/Evo/evoDJI_0007_frame6.txt,38,95f58e87d99788ef730bf437262c797f04e5d29e5054d6a1311eb642f12aefb4
data/labels/Evo/evoDJI_0007_frame60.txt,38,681ff7c32cc3cefcd4cb5033efd5a349ba473705d3b75602e80f54ae20911e3e
data/labels/Evo/evoDJI_0007_frame61.txt,38,128fe52a09b790bf2c575cd925a8d4f4007769c99db57cf45ef1ed118413c675
data/labels/Evo/evoDJI_0007_frame62.txt,38,d2c5573d1c64663f3dfd6b5efc5b1360ffd16680fb62738cab9db7024889986f
data/labels/Evo/evoDJI_0007_frame63.txt,38,570c0f24ecab15ffa3c684910d074bde5ca08462e10e44d5be1f23148499bdb3
data/labels/Evo/evoDJI_0007_frame64.txt,38,4e9a2928202e0a418202bfbe26c360318b85d79e84c80e86f470679108da12d0
data/labels/Evo/evoDJI_0007_frame65.txt,38,9334c3c4d713f39529551c7f9619b408d4dbbc386b37c3945f21aec1aadeb548
data/labels/Evo/evoDJI_0007_frame66.txt,38,d6d4bd4ff65a7e0ecdbefb1025df843472b337bea0ed05bd54b66be0ac089181
data/labels/Evo/evoDJI_0007_frame67.txt,38,4929a85195ebae9f33556f7dfe32a844df9b1f01aa9be8f98fdf79e3807e000d
data/labels/Evo/evoDJI_0007_frame68.txt,38,af68648cf8bd56eb9ef4e5cbb8208be3f0c552efcb64084394e9f77170b09375
data/labels/Evo/evoDJI_0007_frame69.txt,38,eb6f015ca675c6b225f3f53bd9cd14373780546b0a2d73bd932acbb315131b7a
data/labels/Evo/evoDJI_0007_frame7.txt,38,0a8093108471499bcba035cffcc67cc6ebaf0999c3ff7df7127aea90203da1bd
data/labels/Evo/evoDJI_0007_frame70.txt,38,58973b8997e500b1e05d9863188e750cb7709020c1b3c02eda59ca9dfb1537d6
data/labels/Evo/evoDJI_0007_frame71.txt,38,4e84d24113551baf666381031fd390e91d942ad6bd312154acb0e9ee66ba2fc9
data/labels/Evo/evoDJI_0007_frame72.txt,38,3f03490cdf636b6224b48c0d90b49e845ce4511dacc29c3eac6500bc4c6eb1e3
data/labels/Evo/evoDJI_0007_frame73.txt,38,4a9a79ac508150872315119f2ebba0951be0f56f091e0cdf5aabaa99a3d51c71
data/labels/Evo/evoDJI_0007_frame74.txt,38,3db69a7ec85556af60456ad4577bf543dc61b2feff39c27e316f8d0581c46dcb
data/labels/Evo/evoDJI_0007_frame75.txt,38,49e47dfcd5ef4a060cfefe6f47f26cef2216aadc57960b5850539036c7de87ec
data/labels/Evo/evoDJI_0007_frame76.txt,38,2ebb13e60f0c00e8d95304d899d47e88b623809726571ac2dd7390b7c89bd1bd
data/labels/Evo/evoDJI_0007_frame77.txt,38,baf402eae41edf2f43df077437868cda0fb5fe91a7f848007b29e7ecf853cf08
data/labels/Evo/evoDJI_0007_frame78.txt,38,0c28e5b2008c66b9d63a4881dbd540196f72fc6520d257fa74716ed0e3f9c14d
data/labels/Evo/evoDJI_0007_frame79.txt,38,31a9b8f4b49d5b7df44440ff650f22d180773f08e27febc26dfd77ac8a6178fe
data/labels/Evo/evoDJI_0007_frame8.txt,38,d9e244ed81aa1d78df3c4d6ccb6b7fa2de9367d6e997cdec55e389ab5911d869
data/labels/Evo/evoDJI_0007_frame80.txt,38,5177225c70efe14a23675591af7707e4e089dad2928c56c9ef3b5f5e242e9a2a
data/labels/Evo/evoDJI_0007_frame81.txt,38,69a38876c0b7270ea86866dde538dad1336c0651d168bc5708e273d3fcb4dc10
data/labels/Evo/evoDJI_0007_frame82.txt,38,5718e85215250ce969a5dd9a055da0625d2fdfa44ba6a9138ec368b766b8206d
data/labels/Evo/evoDJI_0007_frame83.txt,38,6f69adb2e670a07302307b4ec85ac0eb846c4078875b86bc2d23291d6fb6db0c
data/labels/Evo/evoDJI_0007_frame84.txt,38,bfba279fce23fd581ea5a20ea3192333cdc190d503ba57e0e70b9add4abfdcb6
data/labels/Evo/evoDJI_0007_frame85.txt,38,534fd276c9d0fd2bef8270e75d838e6a6623da668895ba79085cfe7e298baa15
data/labels/Evo/evoDJI_0007_frame86.txt,38,7b53082e89ea1611c96d412c0d7dc072eb943081e28fd1168021ecda0514c377
data/labels/Evo/evoDJI_0007_frame87.txt,38,bbc97d8021dd3c93cac069b0098a15d78bb2f4c4fb6a094ffe55df61f54fb845
data/labels/Evo/evoDJI_0007_frame88.txt,38,4489502de25f07ded855a3998361ef7e883cfc96b1fb5994d669ead80f45fd7f
data/labels/Evo/evoDJI_0007_frame89.txt,38,b52762df4926d5d00fcf32d888fda7704730a4df69aa5875a0918c1008660c36
data/labels/Evo/evoDJI_0007_frame9.txt,38,3bc8a70ae10fc25830d62be480e752b52d60c4c69be691789a3f25b50ad2a927
data/labels/Evo/evoDJI_0007_frame90.txt,38,930424308eb47b9f7dc07cf1ad7b92b322e6c24cb7c23c57a302ae5378afb9c5
data/labels/Evo/evoDJI_0007_frame91.txt,38,eeb2e9c27343d79221b6d51c2dff20de97568da6ea080096580533e384b69eba
data/labels/Evo/evoDJI_0007_frame92.txt,38,5d5163979e92f8b1ff00a598eda6afb433dfb1fb72abd3645c01288ba2064ed1
data/labels/Evo/evoDJI_0007_frame93.txt,38,7e965e971fe4a5ddc68eedf0010041bd73212d47397267159f298c47157d5ef3
data/labels/Evo/evoDJI_0007_frame94.txt,38,06e8d093e8d896a20ac3675033be44e0d786c1821e07a9b293ea96b3c839f619
data/labels/Evo/evoDJI_0007_frame95.txt,38,1582e98a9c1e164ba33706f5301ae787a15f957cb6b2ffa9def270e9f81a999b
data/labels/Evo/evoDJI_0007_frame96.txt,38,894e41822c185cd41ad1237c6d23d389b8e4d3860d1540b7c20aa6445bc2cc43
data/labels/Evo/evoDJI_0007_frame97.txt,38,b7c0056913ce3229083a44b1ff670821800020ce1071e68565b7499a2d732f77
data/labels/Evo/evoDJI_0007_frame98.txt,38,a3e866083f31ed78ce273f67baec2a9d6a74cc0e00d749297924b0790eb3cc55
data/labels/Evo/evoDJI_0007_frame99.txt,38,a44cb897272c0e0e62b314eb3ffce469a556e9c8cb11e851a1dd35ea5019c669
data/labels/Evo/evoDJI_0009_frame0.txt,38,52cb75a84d5cf3dffd7fa85b07dacde9c13bbbffa3d0e54b05190df95632c015
data/labels/Evo/evoDJI_0009_frame1.txt,38,e5caa0ccb124dff33abae90246463575af5f1ffda5a6c276582abb6d2fdc73a9
data/labels/Evo/evoDJI_0009_frame10.txt,38,3e1a8f796988c5b3c84792f47dfa3b2b6fd8fc0cc23f25773f0fbc3d2b2ee07b
data/labels/Evo/evoDJI_0009_frame100.txt,38,0ebc1b6c70da3ffbbec97e932a8696b4dd8df98e08fccbd2e505a2ee98024a17
data/labels/Evo/evoDJI_0009_frame101.txt,38,9869dd6627f68d3462e841a962d1cf7cca8a462d92bda3aa26b3d2b2379e29b0
data/labels/Evo/evoDJI_0009_frame102.txt,38,d02a1c0a1015fa6afd8f7405df94e1740721d4009def0c2ca99193263b58bed1
data/labels/Evo/evoDJI_0009_frame103.txt,38,052136cfb1bba229499fefc276bb2335233893f278ee6c2e4c2d2b812aa82a8a
data/labels/Evo/evoDJI_0009_frame104.txt,38,5b7744a29c19e95a759174aef147985b6733e13b186f19b25a5136127ed3e7cd
data/labels/Evo/evoDJI_0009_frame105.txt,38,80d5d929d0c0c1f3f47c7a7589832a866e16b39ab0bcf78c1ca42946128eae57
data/labels/Evo/evoDJI_0009_frame106.txt,38,c2cf5e9bc65ea5e551e7e774fdcdda2f840f9b366b778fdaa648c52c2d196691
data/labels/Evo/evoDJI_0009_frame107.txt,38,bd37a9fc5c5055866dc2eb47ceb97c2ce7cce541947200e1a4a12509d26bcaf9
data/labels/Evo/evoDJI_0009_frame108.txt,38,717994c61e2740af1addc1ce3364252a94a5c2068963e609054884e0c1b4b837
data/labels/Evo/evoDJI_0009_frame109.txt,38,25a0a8a07644ba7b49880f10488348d5da9c29452d7331ec3ceb228fb161180f
data/labels/Evo/evoDJI_0009_frame11.txt,38,5dd600d0171d6341b44b57a7b5bace589adba33e37c3b4f044cd2c61791734fa
data/labels/Evo/evoDJI_0009_frame110.txt,38,8ee43430fd99ae4aeb746049f4d9cbe2e28286c19af7d03f79b6017f33a638ba
data/labels/Evo/evoDJI_0009_frame111.txt,38,decf3ad1353c54bc0923d221a4b5313dcbbd3f8dcacd309a80ea140013d4d17b
data/labels/Evo/evoDJI_0009_frame112.txt,38,ea2824f3b06bbfc269a5241e6262394c317a7c5f66ef86ec1a7b70d92e294528
data/labels/Evo/evoDJI_0009_frame113.txt,38,99681af23166dc980a053f23816a37833f97ab06564635b7178fb1454a3e3006
data/labels/Evo/evoDJI_0009_frame114.txt,38,f6be0d27d1fec8b49677b8888960c073a78315c9f640291d319f0804717676f8
data/labels/Evo/evoDJI_0009_frame115.txt,38,d71b45b5553e1c269a2508787b1d4b13599b7022090e2cb93bff0cdb862543e3
data/labels/Evo/evoDJI_0009_frame116.txt,38,3575c529b10d208ca73904d891a401a6c22633e0fe6ca0ffd0b237680e501cd5
data/labels/Evo/evoDJI_0009_frame117.txt,38,d356f14e528ccb68a9382dad226b8eeb70e8006fa6cf6aecba1ac9392f414251
data/labels/Evo/evoDJI_0009_frame118.txt,38,b35dafc2d6e772100f025f3c71d2da444a93bcfdd4c60392c69e1584cf1c79c0
data/labels/Evo/evoDJI_0009_frame119.txt,38,5989a08239bdaf48881f51da169266c56a8e623c0d2919a7f4c5193022de9480
data/labels/Evo/evoDJI_0009_frame12.txt,38,0115770a026f35fbd00d2e2fd8938b67bd5417803955330dd7435441fbab486a
data/labels/Evo/evoDJI_0009_frame120.txt,38,5da931a5445947eb65785c63a9b90a5ad5b824c26eeb8abea2512d99f3a05629
data/labels/Evo/evoDJI_0009_frame121.txt,38,bc4934122bf9774964f610de26a1e22588b60807fd0e1b6fb030096b94c7ff71
data/labels/Evo/evoDJI_0009_frame122.txt,38,bd032c702052454a0740ca15eca52fb61026b214773713dcbcf20573a923799c
data/labels/Evo/evoDJI_0009_frame123.txt,38,602d9e9533f0d4336ecad4f07b67d0597900b306990a068a08ecf979d6f9bc49
data/labels/Evo/evoDJI_0009_frame124.txt,38,96deacce8cb53565dfa27def724c4882e27ea0a7f3c55db5d20889a1c6fe1802
data/labels/Evo/evoDJI_0009_frame125.txt,38,a51d8985289e5c86a9028d12080bd0808b28139a19be9f2d081e020a6bc1a5c4
data/labels/Evo/evoDJI_0009_frame126.txt,38,9805106b9e95c90ac4486e7db7e508b08690a43f63d3d8fc95f6aaf1d7854235
data/labels/Evo/evoDJI_0009_frame127.txt,38,9a19c6df0fa191b953dd9a16db74a88bc0ea7e1d3f8040919784da0351722af4
data/labels/Evo/evoDJI_0009_frame128.txt,38,57d6eea07f73b30f265cc29bd04066705df6e1c278562ebcf44ada3aaadd8952
data/labels/Evo/evoDJI_0009_frame129.txt,38,83368f64ee79af0fb69f4b0e40c266ee63232c1e2e51eaec0d601077eb187985
data/labels/Evo/evoDJI_0009_frame13.txt,38,4b557a9cfdfd46254d3b7e3c977831c1b7b7004985f36da9d49b43d9e37a59eb
data/labels/Evo/evoDJI_0009_frame130.txt,38,ff787d0d0544aef474a0f2cbf86d6484920d37652c433a50322ecf33ead979c0
data/labels/Evo/evoDJI_0009_frame131.txt,38,58ac3b82cfcc332a384135e6de31892bbd29fe166b1a585db91810b0f8f56cc6
data/labels/Evo/evoDJI_0009_frame132.txt,38,876378783c25e67c3c7a04b033039008eea85ad97c347b20499118b01e9fd6ee
data/labels/Evo/evoDJI_0009_frame133.txt,38,6cc5b70179fd7ff973ea0aedc15acb315350fc80ed2367f4a2016ca7e5a4b611
data/labels/Evo/evoDJI_0009_frame134.txt,38,0afb92393cf125e0e806b8c1657c461cd9adadaec0f35038880084e22d5c8fd1
data/labels/Evo/evoDJI_0009_frame135.txt,38,54d9977c5255fa406e368119749e51dd72db6dea1534e3515188183af80b0696
data/labels/Evo/evoDJI_0009_frame136.txt,38,f13768317da396032080e81953ea6d198d7d8d53ebf8f719eb89ef2047d36c5f
data/labels/Evo/evoDJI_0009_frame137.txt,38,8d29e974306326165a2eb3e1bf8dba8a2151db53c47c4b114f53ae914511805d
data/labels/Evo/evoDJI_0009_frame138.txt,38,6f3fdd21fa2d2f59dbf8c6d52aeb16e20320a06d17f4a4592621eac61a44d433
data/labels/Evo/evoDJI_0009_frame139.txt,38,86db5b3355ce7d00c3490ae9ce3b059504c8de552ba45837dd0a40446586a7b5
data/labels/Evo/evoDJI_0009_frame14.txt,38,986b0c44dafc9ebf412979ccb178e16da8ab41091d0a44f9484f15b536c1b0b0
data/labels/Evo/evoDJI_0009_frame140.txt,38,8c0f58016616c38963e8ef4853ce2e44b9b233338a14a905f7507ebbb716d4f3
data/labels/Evo/evoDJI_0009_frame141.txt,38,c64c34c7da9e86b3569327571dd8fa85092f30eb26425a6e786eda901f9cb555
data/labels/Evo/evoDJI_0009_frame142.txt,38,ebf479092f44d48ec697e8833727b30be49e69a8c19d2183d0f155680801e501
data/labels/Evo/evoDJI_0009_frame143.txt,38,eef2bd4ab9c5d08ed49747a7ce9f6d3b74c2155fbb70e7d88855c4c015107fda
data/labels/Evo/evoDJI_0009_frame144.txt,38,c38aa525f3f8800a96a6609bd01bb5f85d1b5ed682a799e611407e0458b1e4cc
data/labels/Evo/evoDJI_0009_frame145.txt,38,c6d3168f14df9703b1d33fd622a66d1d0afdde28615cfc17a925bd1860e2091b
data/labels/Evo/evoDJI_0009_frame146.txt,38,62df5e468f20a12587b005bb48112301f5aa9c549cc6e32106b46852016f8386
data/labels/Evo/evoDJI_0009_frame147.txt,38,e9fb3d8d7a661cd256c05fcca90516266dcfe39abdeb5c938c874f699121b001
data/labels/Evo/evoDJI_0009_frame148.txt,38,19fdd47a7c7bec59d8e9d5bd8cf4da25d637fa4927df4d677bfab12c29f58ccc
data/labels/Evo/evoDJI_0009_frame149.txt,38,9bd16d6f3b5e55f25425e954f00f71d43c55026d3c4e8bdae55296820ddadde4
data/labels/Evo/evoDJI_0009_frame15.txt,38,a73f2869704e2bdbd789947fb8b55858cf6183520441947bacc318387686a4b2
data/labels/Evo/evoDJI_0009_frame150.txt,38,846bdedded3f7b65594d6463a3c189167c49c63f7d24b9e9bf730019d61751d0
data/labels/Evo/evoDJI_0009_frame151.txt,38,e37ac85823473cc3fb920a6434b285b0b45f860a75d792da3b32c16366b94b0f
data/labels/Evo/evoDJI_0009_frame152.txt,38,9659b08e524c623d6f5dfabf69214ce540457cbae0b7a74871fcb6f5717a1669
data/labels/Evo/evoDJI_0009_frame153.txt,38,68cb8b299da9075f56a7ad42b00a62f408de58e1db43fadb0cbf3448b55386ee
data/labels/Evo/evoDJI_0009_frame154.txt,38,2afb358036f7b462c35f54d8eb187fde69cac1b3330c9ec28a85281e98189c2c
data/labels/Evo/evoDJI_0009_frame155.txt,38,bd8687d91096aa15d216c76e11b7f4e4f7fc4e641321571296266adec85c5631
data/labels/Evo/evoDJI_0009_frame156.txt,38,e070a8df5c2a27186133542359e30d0532758e872373afdad910a38fe68622eb
data/labels/Evo/evoDJI_0009_frame157.txt,38,a3539173fe514e8453c2ec754cb41fc0fdf80f9c5bcb13426da24eaade9b2b3a
data/labels/Evo/evoDJI_0009_frame158.txt,38,ee98bad82e8fd113129a52c4040c4b39a681ca7cbb1574d5536f881ed80e6223
data/labels/Evo/evoDJI_0009_frame159.txt,38,c992d3707ca75b74dc6f644361e33bb5889d86c52338b1f0501103a808803297
data/labels/Evo/evoDJI_0009_frame16.txt,38,34458093b36706adfcd12d33082c359c3dab115178eb1c6c81fc5020fc0327ac
data/labels/Evo/evoDJI_0009_frame160.txt,38,ec27b39ba6376805dfeed9856ba30c810f92b0271ef862ca7f129f7eed130ff2
data/labels/Evo/evoDJI_0009_frame161.txt,38,d57ef2823fab6f31a6ec22c97dc0988995b124f4364554ba89cf6429a7ffe407
data/labels/Evo/evoDJI_0009_frame162.txt,38,8ec98cb6d70c74ca5ca4c08722a16413efff8a03edfe9835c1235d1d85918900
data/labels/Evo/evoDJI_0009_frame163.txt,38,c5d0bd0148679e67d71b8fd65fe8b004b69201353489d283d4557b6b293ad449
data/labels/Evo/evoDJI_0009_frame164.txt,38,44c52b14f19d5708697cb2a11f9f61753ae177ac8cce8d5c0137e93e06f7eca2
data/labels/Evo/evoDJI_0009_frame165.txt,38,34bc7cd86581bb0347ca9bdd3196d5fa865ce094280be93aa23359698101455c
data/labels/Evo/evoDJI_0009_frame166.txt,38,770c50634e9fa5d36bccbe31f4d387c2bd75f491abfd9d5dbf4ce15fe177cc7e
data/labels/Evo/evoDJI_0009_frame167.txt,38,3622b4dc6cb722942ae9930f59f9083643837f00f463703b5b2d34715652ac59
data/labels/Evo/evoDJI_0009_frame168.txt,38,196edd7ffcfee280fde865c69a832009d7057000b34feeb0d2850693cf7ec004
data/labels/Evo/evoDJI_0009_frame169.txt,38,11a52269b0722817da90b4a4a2d2b52239996b400ce6ae94103afc714cfe1902
data/labels/Evo/evoDJI_0009_frame17.txt,38,e5e003dc99c47cb187d0bef8ecf5f2092661cd7ee97e6b5d5476316ee0ad6f8a
data/labels/Evo/evoDJI_0009_frame170.txt,38,b04b795b7efdeafe1a23d6042070e156462ff90d318d2d3f7209bf1c22df303d
data/labels/Evo/evoDJI_0009_frame171.txt,38,0b1a069826b5db28494a00575d9038099bbd10bcc434fc477a3161c61b6d3fb3
data/labels/Evo/evoDJI_0009_frame172.txt,38,239101bd6e74ee789681d19491fd99a23c7922f3736dd0c28ec3245e1321db51
data/labels/Evo/evoDJI_0009_frame173.txt,38,1ab25a2708266d9be4da647b1b6b1745d4d8253e3bba84823aae1f21abb2be95
data/labels/Evo/evoDJI_0009_frame174.txt,38,9f64f494bc3a64c1d79e3de967d1cf44e3d930656a3a2e76fab5567e5c9fb5b8
data/labels/Evo/evoDJI_0009_frame175.txt,38,56a2199eda78067c3afe868ac6e94ceb6784354415d07f5abf2e64d90cb30a44
data/labels/Evo/evoDJI_0009_frame176.txt,38,742fdff7413fcc5b8ee30d08c8baf39c69af7d7e9593b090f01fa0c2c0d57323
data/labels/Evo/evoDJI_0009_frame177.txt,38,a0790e458dd197592a3fdb391b90f34cedc80f103193e9103c1b9f1cb5b9531f
data/labels/Evo/evoDJI_0009_frame178.txt,38,a60d0748d8faecf0192027953bb9a0e4e9f57620209fa87274d1d1a8fa08274c
data/labels/Evo/evoDJI_0009_frame179.txt,38,b5218e354f154f4aa9903431c46117d471f0b4de87581cda16367758ed49157a
data/labels/Evo/evoDJI_0009_frame18.txt,38,608efc2d2d5191637b718e602ec2713fb1ed7d374cc412c81bb22058ea25fb4b
data/labels/Evo/evoDJI_0009_frame180.txt,38,359eac19771509bb6aab523049c845d17a33a6bdf5ff61fde37cedecd6be7d05
data/labels/Evo/evoDJI_0009_frame181.txt,38,776da34e6090bfd763ed686626bca6097acc00bf1716c8587816abd970dbe724
data/labels/Evo/evoDJI_0009_frame182.txt,38,124a1408da66e23ae8fa4bda4ad68ff97692f07ff5ab0642fabbecdabdbf4fba
data/labels/Evo/evoDJI_0009_frame183.txt,38,5ca110c9d026b7a167bba44a0095a1b06899f07d874bbcaa4f8f79eb5f7fb8c1
data/labels/Evo/evoDJI_0009_frame184.txt,38,f88571b40e5133920b10006b6c7fe272c8bc54b7f4fc8cc4e4788eb4ab30ec87
data/labels/Evo/evoDJI_0009_frame185.txt,38,c0fd38c4a1b195158f45ca722f707a871f171262d9f20f3f4804ffcca0b102f7
data/labels/Evo/evoDJI_0009_frame186.txt,38,f48b611b4efad793caffe95e412a76e83873e91aa99312e66bd4e38ae63134c7
data/labels/Evo/evoDJI_0009_frame187.txt,38,e8a3755c02defd8d83125bbf70bd9fe1f96ed960eb4f107cfd5a3da9da6e00bf
data/labels/Evo/evoDJI_0009_frame188.txt,38,81a6d5005077b4c2d32ad658866f592363ace5617775db8e341d963613d3b2a5
data/labels/Evo/evoDJI_0009_frame189.txt,38,9e9597d793b5eef4ca5af7876db4dc5d456ada831ed2ccc30946e86ec5f6a6bd
data/labels/Evo/evoDJI_0009_frame19.txt,38,3086075066e4a64f4b313af3f0b20d6cb72796b8c2ae3a46cd549d30df71b6c3
data/labels/Evo/evoDJI_0009_frame190.txt,38,78c3f8a36dce8fc875d02b39997896961e68208f08f7012535a74547514112e2
data/labels/Evo/evoDJI_0009_frame191.txt,38,b8c74fc2896efa796d2196a8bf7feb172388ac41c606c04d3de69ba06b690f7c
data/labels/Evo/evoDJI_0009_frame192.txt,38,69032b4b5c2b7542be3ef2826856eb8845be7a632ded6f322daef920674b7ce4
data/labels/Evo/evoDJI_0009_frame193.txt,38,172111d56a5915696f4b287ff46e6d8ad9f2dc7d3d8921e2d413dee525051fbe
data/labels/Evo/evoDJI_0009_frame194.txt,38,f126553f90d0eae6273ba8cce92af1f5269ed0dfc92ecd720ec0e41d767b6c5c
data/labels/Evo/evoDJI_0009_frame195.txt,38,1a0606c8a5d08836656105b827dd3a8c5689a326c41c2910f82c00628f2314dd
data/labels/Evo/evoDJI_0009_frame196.txt,38,0571a73998996b6257f520c648cb67fe8a9c181adf2e377a3cb08fc24c459f22
data/labels/Evo/evoDJI_0009_frame197.txt,38,0134b285977619c57fcfd099dcee8582e8744453dee3e75cd691a31585dedd27
data/labels/Evo/evoDJI_0009_frame198.txt,38,b49a31d110dc66d23b9005d7d8f988a4e43a2e868ded3f17a2002541318377f6
data/labels/Evo/evoDJI_0009_frame199.txt,38,dd9e8ea62c9f3d3d2abf8b84a8d689ee68e5db1ff6b937fedc6dd30210513258
data/labels/Evo/evoDJI_0009_frame2.txt,38,f070ac4f27dc89aadbb52e9a506df3a50815e6c5eca481da6edd382dfc5a961c
data/labels/Evo/evoDJI_0009_frame20.txt,38,bfd2160edaa7b9579f30a650d0ceac525baf78de2369d9c57b95524b87a34e9a
data/labels/Evo/evoDJI_0009_frame200.txt,38,bb1beea5725693f6c579951d8f3aa08b647816931f5a401112883cc9435f29be
data/labels/Evo/evoDJI_0009_frame201.txt,38,321cb8ea5fe0dd9fc1b5a1e2e61186e083cd060fa8f914a6ac075ccaa3b1c85b
data/labels/Evo/evoDJI_0009_frame202.txt,38,6097d9537aa4d1366c0304795bd7412655f030bc1c24ffffa67f65f86fd0fda7
data/labels/Evo/evoDJI_0009_frame203.txt,38,798617fffed131269478646431b72a726a641e8d95ae54ef80250ffee141d60f
data/labels/Evo/evoDJI_0009_frame204.txt,38,7c248b6272afbb4a466780938e684ed9065497184c2a3d2180e6a58dbaea2e1a
data/labels/Evo/evoDJI_0009_frame205.txt,38,76891b5262c4c8670fe74f4234b1df49c66eb56f98456ca569116c32bb33cdb0
data/labels/Evo/evoDJI_0009_frame206.txt,38,7e51af70baa3a7aa5759fbbcd3fa986f84f1cfc0f3a401cedf5f947f00a743b6
data/labels/Evo/evoDJI_0009_frame207.txt,38,aebfe325cae999683edc634c3ee6000d8261d46298e0d8a659f5e655ddb39451
data/labels/Evo/evoDJI_0009_frame208.txt,38,e8e67e0fd797dc0118ae27b981fd4949101e7d97b920d9fbde9d7981ed0a480c
data/labels/Evo/evoDJI_0009_frame209.txt,38,6403b728272d02263e9d2b0737bc5446374cd741f56ef00a2a03224f0a37b4b6
data/labels/Evo/evoDJI_0009_frame21.txt,38,da00559ebc292400b500ea7a6d908900c46c563d51998815d36eae798d9ade25
data/labels/Evo/evoDJI_0009_frame210.txt,38,6025941ea8f191ac5c134414946f94b98e81669fcd734528fbc4a6c55251f54d
data/labels/Evo/evoDJI_0009_frame211.txt,38,54b0832048033db990091210d2433e8f9c709b2ea498a4015a87b569ce3f3714
data/labels/Evo/evoDJI_0009_frame212.txt,38,b4da3db2baaf92235a28514f22eb2d467024b10eb50d35edc9152b0e1c61aa73
data/labels/Evo/evoDJI_0009_frame213.txt,38,12b0eeb2b32eac3823e5be08e1bab481907bb5cd8886426e2a7047487b2db246
data/labels/Evo/evoDJI_0009_frame214.txt,38,affc77d4b53d128ed664c08e50e22ef6a8080f2c847ceda014e6d7274ca3698a
data/labels/Evo/evoDJI_0009_frame215.txt,38,2f6b6afecd1ce40721ed468cf8141d506e82f14c3fae8a91e966177fd88bb7cc
data/labels/Evo/evoDJI_0009_frame216.txt,38,b4d19e606f5815d64bdf0446b132760faaf46b4c78f213625c9c0b64da5bdb68
data/labels/Evo/evoDJI_0009_frame217.txt,38,fb4fbbe6b4e9a7951046e17296c1b905af8eaa25b6b2072e1d8921c796314028
data/labels/Evo/evoDJI_0009_frame218.txt,38,20179d2067ef78ae6280f6d00888ab6a9cc6d10a0e658d49981b34cacdd6c070
data/labels/Evo/evoDJI_0009_frame219.txt,38,243cd41c6bd423f4ea5d8fb7e597403a832f7e472d2c2a1f0efd37dd1bf91e3e
data/labels/Evo/evoDJI_0009_frame22.txt,38,7f3a972e73c272333d588319afcfb57c80bb46c1f633f50052a433a3093958b7
data/labels/Evo/evoDJI_0009_frame220.txt,38,9df498264821b3e737bba105dfaf0b42d1c727dcd4d64b651770c49a919f5f4d
data/labels/Evo/evoDJI_0009_frame221.txt,38,546ba2fa19e8e18dd7ea130c2ea8195e6e4f4f69ab9b4a84173d94d95e68a484
data/labels/Evo/evoDJI_0009_frame222.txt,38,8a26f3f96d54483ececc2418dab0ae9374cae0b593b495889ce3ac0e938a945e
data/labels/Evo/evoDJI_0009_frame223.txt,38,0e53a8286758e73c970929332c6033ad59ae722fdffdefea9c0a0bdaae0840f4
data/labels/Evo/evoDJI_0009_frame224.txt,38,679ac3b7169e0752da9a4b72530c38ea2fbbc7f5709b44ea7853905f5a141b66
data/labels/Evo/evoDJI_0009_frame225.txt,38,3898b31ff944b25ed66be9d5a83a1ba242123a94d6bb56ae4346f08d6b6108ee
data/labels/Evo/evoDJI_0009_frame226.txt,38,f318febc40fc4f5dc1cc580be1bdf5f75b90c97d0dee65832497318ebbeb1579
data/labels/Evo/evoDJI_0009_frame227.txt,38,3396071257caee17237278aa9d8650caca09d8ab1b5be7a2f80ad55e93a184b3
data/labels/Evo/evoDJI_0009_frame228.txt,38,32963f002061989b97237cf3a800a4f7ab6c065765e757229baffc4f3bf6a467
data/labels/Evo/evoDJI_0009_frame229.txt,38,992dbd5bc3a96a2323e5e34f68c4f2b5810e85620b36d23cc9a4170e02ec0220
data/labels/Evo/evoDJI_0009_frame23.txt,38,faee77ba80b3083786da9e1168153886864e34d5a620005a582cf2e92e740cac
data/labels/Evo/evoDJI_0009_frame230.txt,38,9e1671106ef3e61bac93d931fdc7c481b8c654430b667dcfe6df27895caa48e1
data/labels/Evo/evoDJI_0009_frame231.txt,38,6be393d80a6fa0abd20bcf2dc53f8a3a0b06377c5cb2227dd067f33b51235c0a
data/labels/Evo/evoDJI_0009_frame232.txt,38,3c799ec440628860b72c8838783e7f0373e9b7fb6bd1284db252472a9fd2b76b
data/labels/Evo/evoDJI_0009_frame233.txt,38,c0ac25ceae5e75c9a7d9a7d3b9a11f649b3350a94603c73393f891b7b903852d
data/labels/Evo/evoDJI_0009_frame234.txt,38,3a6906d0df32fbb72a88690cffe8abf480d49b8471f38f0cb970780d880abd26
data/labels/Evo/evoDJI_0009_frame235.txt,38,1ad0eda50c17d9a8c23a09bc7391dd341a08d1f24531bb26d91824d0cb92dfd1
data/labels/Evo/evoDJI_0009_frame236.txt,38,1acd5e5e23ec55a12df3161c92d95f6076800d0b30550c0c615507c1cf519476
data/labels/Evo/evoDJI_0009_frame237.txt,38,fae81664f96a86d8bdabf83e60032ad80f707a1346f7c9e06e5c5c783602c8f1
data/labels/Evo/evoDJI_0009_frame238.txt,38,6cc77cf5a6bd140d5cc6318b209c376d85b0703647df4c395dc44c7aad8a559f
data/labels/Evo/evoDJI_0009_frame239.txt,38,c87897c0548ba952288ff1e0c795057abe960ec3e4f03bb57fd4a2311072e7bc
data/labels/Evo/evoDJI_0009_frame24.txt,38,dddfb842c6a48e1878bc1ba456c6d6d5c58fa132a4d6c3d0864f4a42c38586f7
data/labels/Evo/evoDJI_0009_frame240.txt,38,0495971547c4e58976f8904a9d4ab9921f96335317bab7c4c0d39c51625e3ea3
data/labels/Evo/evoDJI_0009_frame241.txt,38,3f4b67a76e5a722d408ded57a4a8cefa596907bdf161a80002243544c71902b9
data/labels/Evo/evoDJI_0009_frame242.txt,38,3eef196f1014043b688bbed4c1190d188e6bfb39d8832a84340a53a9cb1eba97
data/labels/Evo/evoDJI_0009_frame243.txt,38,1126293e56f5742afd7453ff8c2c1005c807b3d41be96f28deb30a18af7d3452
data/labels/Evo/evoDJI_0009_frame244.txt,38,5151d729c4b040ffdf6d1376168137e5c735820608107fa2e2b5a87a8c03fec8
data/labels/Evo/evoDJI_0009_frame245.txt,38,7cc1de7fe6e912006e9b4573ca7e483d2a5b209fd20bb9483c042854fbbe978e
data/labels/Evo/evoDJI_0009_frame246.txt,38,559120b071099a81014f42e7bd1db35a93edb350e8c8e8376cec43f30ba00099
data/labels/Evo/evoDJI_0009_frame247.txt,38,16df3b8e76c73cb56d8a3c5a3df1caa89751a6715e549ab827f13a1962bf4a8d
data/labels/Evo/evoDJI_0009_frame248.txt,38,7782d810c3d7f9b5c616dfce80a82b2a007d0637507f3c3f81837617b0873a52
data/labels/Evo/evoDJI_0009_frame249.txt,38,c8b1df0fb3420f51777d7f7d4e422589e38b4349f14532f309c44ec42e35f1a4
data/labels/Evo/evoDJI_0009_frame25.txt,38,4422d8cbbc50015cbb7b1f93a650e4f2ad0a7043a4cbb89a33b1bfc9c6837d90
data/labels/Evo/evoDJI_0009_frame250.txt,38,86703bfc69f9b9e40d2fc5c939fdceae1aaa6a269a0a4f78bb5bfb4f7495c305
data/labels/Evo/evoDJI_0009_frame251.txt,38,3ba541d78e7d698fe86d14770b4adfb592b07651487e436680354c0164be35fb
data/labels/Evo/evoDJI_0009_frame252.txt,38,cdf082f9767e02d0d5bce62da7ef2274b2bbcce44ab18d6221fb1f738f643e40
data/labels/Evo/evoDJI_0009_frame253.txt,38,de1d2acd938882ac9716eb6eaf1470b788c66d4f1ab0cd931227dd3a86847c61
data/labels/Evo/evoDJI_0009_frame254.txt,38,03c8f9e7deab3d9689dc0eaafe60ea060fd9cd442e7f2e8ade8ebbf8cf798c22
data/labels/Evo/evoDJI_0009_frame255.txt,38,72c6c6e7d85aff1e659c479ff8f003df950a297292e586705483c2e3cb0420cc
data/labels/Evo/evoDJI_0009_frame256.txt,38,b3a2319220d9be220f4fca5bbb558df7d5cd13e0236e3e02d952b907f413d05a
data/labels/Evo/evoDJI_0009_frame257.txt,38,1ba2e5857ba5237a98947b8855806d88c57a014cb8bebcdea1a80b7b1593ba42
data/labels/Evo/evoDJI_0009_frame258.txt,38,af26676d30ba20bbc362cab01be0a698118d812223ea7a19e853c7e677b6f211
data/labels/Evo/evoDJI_0009_frame259.txt,38,d539cd4e5d5586264f53b0dadabb53e3cd6e440161136aa93e5e0fbbefd2d948
data/labels/Evo/evoDJI_0009_frame26.txt,38,0bb3a77b4fef2737b236f0d097aa98b3c99003de4eccd26d4430650d6a3215f6
data/labels/Evo/evoDJI_0009_frame260.txt,38,edfe04a45f43b587ab0884721a299b98994f8e612c5c96f03712a697bcdaec94
data/labels/Evo/evoDJI_0009_frame261.txt,38,9b228f38f6a2bd509f3cff91c155a4696506e6a6cedda593caed70fd740f9390
data/labels/Evo/evoDJI_0009_frame262.txt,38,937f5c079a70488ffe10293a9963afb1ae05266f41ad6a6a19cbd95738625ee8
data/labels/Evo/evoDJI_0009_frame263.txt,38,b0c8a73b62ac58548f073c401d15bafdeedea6e382147b3a911a0b7db186f0c1
data/labels/Evo/evoDJI_0009_frame264.txt,38,55fba0cf860378900819487c069a0538143b6d5a606b61e27d542109fb70635b
data/labels/Evo/evoDJI_0009_frame265.txt,38,ce1b9d907d595bd11b5b1f3e37e669445ad1856ad66142f27837191e63db3195
data/labels/Evo/evoDJI_0009_frame266.txt,38,fd3de28d7d373360a546faf995d63aa39571a508fdb73ccae64921aff62c3961
data/labels/Evo/evoDJI_0009_frame267.txt,38,061dc9672d298fba867aadfc567520fb26d53d15b184bcea424eb4efbe66cb6d
data/labels/Evo/evoDJI_0009_frame268.txt,38,c04e3bd935dcee8f8eac09f9ed2d4c498f3dbe3ac97d6def3330a3a89c36965e
data/labels/Evo/evoDJI_0009_frame269.txt,38,b91661423b2fe3592b15119369f01cd9f9318f17de9ffd869f2b2aa0f53d3345
data/labels/Evo/evoDJI_0009_frame27.txt,38,002eb289e6b6d64e6799fc368663754ec6ecc0977d366d4dd120371dc35e06c5
data/labels/Evo/evoDJI_0009_frame270.txt,38,e12016f57ad74a089b75af5e927c9cc947b37ac044322f798f552008a1e4962e
data/labels/Evo/evoDJI_0009_frame271.txt,38,b9ec0b5a63b9fdbbafe6d960c063169b0c205cca37e2e6e802446851fbcaee15
data/labels/Evo/evoDJI_0009_frame272.txt,38,2a85626445d6ec968128f618eb0b3f4c3723250c678e76f8844b6dde5c508a2d
data/labels/Evo/evoDJI_0009_frame273.txt,38,d0eb508977d8ffc2cfdfd3ac327e4e714edc504e6c6cf718213ebbf4bb06aa80
data/labels/Evo/evoDJI_0009_frame274.txt,38,a246b6f7980ed9e200f8b339bc65767dfcc58757a81f3d535302585f97b1ecb8
data/labels/Evo/evoDJI_0009_frame275.txt,38,b3f15a0dde7140e7e81d0eba39992395d15bbe27d231bd1986377a69f220cacc
data/labels/Evo/evoDJI_0009_frame276.txt,38,27f0120cc250dd98e64a75169bc3ccb798fe464adb2e224bf7e1a87323c0f932
data/labels/Evo/evoDJI_0009_frame277.txt,38,d4dd67599f3843403731c486d870f5b88b2993d1eea95248aab68b6b1ced7bd9
data/labels/Evo/evoDJI_0009_frame278.txt,38,94261de2375d5e3930a245065664cf736db411d8964db2dbd311f34cc7c5a169
data/labels/Evo/evoDJI_0009_frame279.txt,38,8943abfe74e4bbb7707465ba48cec6492bb8cbdfc68e2d3ebb916aad01711119
data/labels/Evo/evoDJI_0009_frame28.txt,38,18af7fb95c2f487812b32813bc3c0afa68dc6777ab6b45dad6c2f34c12e1b154
data/labels/Evo/evoDJI_0009_frame280.txt,38,095f10a05285712ced4825164959aaee25664dddacbf597a996f72165a28b0b5
data/labels/Evo/evoDJI_0009_frame281.txt,38,2872583ceee7f7917e79eb716d5b9d6093315fc71b27118f9ee36c17ae3a467e
data/labels/Evo/evoDJI_0009_frame282.txt,38,db56b0fe97e698f6987592f377871d38799bd5f2aaee42bfc3ba2fa55f756e8e
data/labels/Evo/evoDJI_0009_frame283.txt,38,23d6b0043af174cd05c95b973c2c2eced3ad8419935e99e0d34afbc578db9ae7
data/labels/Evo/evoDJI_0009_frame284.txt,38,57d678787da22bb48a45beb70777ebb04e7eeda917aac9be10a6a254d6df9abf
data/labels/Evo/evoDJI_0009_frame285.txt,38,264b9509b8d099652ff4795c9a14b873336e004a8c46fca01583229a4857754f
data/labels/Evo/evoDJI_0009_frame286.txt,38,6ee99d1ae4fdf65f5bbeea29b513268f9d71695a57de9fb0d649fd84d7ac6fd8
data/labels/Evo/evoDJI_0009_frame287.txt,38,1c4f40f23e95dbfa0cf0f674ae5254626dafa919d6de6fdc5f2b580e34cc4376
data/labels/Evo/evoDJI_0009_frame288.txt,38,8a19efeb52b6870b4f41fb1b3cc7bfbf80ce9d2b8f1e22a6fb94ce726b507567
data/labels/Evo/evoDJI_0009_frame29.txt,38,00bfb186d8a69d86ad7d334fc8a177eb577eae13cc336c3e7883f851bbc3be42
data/labels/Evo/evoDJI_0009_frame3.txt,38,cca54fc3a6ed823544e5dd801f4b5f65cc131fe86b87139985ea7b77e26ca945
data/labels/Evo/evoDJI_0009_frame30.txt,38,552ba669835c5e675f60957d7ce1b5bcce1df80c8af1d28f8e78e6a948f72ffc
data/labels/Evo/evoDJI_0009_frame31.txt,38,afa1f3762eb161ab0eed9c83555549d6db0f121938f94b419327d89a5935524d
data/labels/Evo/evoDJI_0009_frame32.txt,38,f9f85a0f91475bfafc528c996a6ce422ae9685b585a1f3dea2e3b640af717027
data/labels/Evo/evoDJI_0009_frame33.txt,38,4b81502c73f1c4b1faf5faad6ea66d469e001696789856f5d9d291962f065a11
data/labels/Evo/evoDJI_0009_frame34.txt,38,db5c4250a8120be04a8cf5049ee3d058301bbb01b3812b191e0fd62e6f4f41aa
data/labels/Evo/evoDJI_0009_frame35.txt,38,d201680872df1e62d46e778ef1d0e1bc8dedf4914082c94181366f1c8fe6e35d
data/labels/Evo/evoDJI_0009_frame36.txt,38,eb308ec0822675b5d0efc058fb28d19ee23f19a6cf210c590ce934862d692526
data/labels/Evo/evoDJI_0009_frame37.txt,38,9bf6212997e61d78221d0edb83890a4a96af97578d980164e1712c92dbfc7a2c
data/labels/Evo/evoDJI_0009_frame38.txt,38,4594346cf3dd973f497fe932b38fbe3e7c13febd7c127efe5acbd2aaf9d4c24e
data/labels/Evo/evoDJI_0009_frame39.txt,38,326a55eca206809dde5a29ed8618a7227477da0c0993f4ecc94d9f954711b4e6
data/labels/Evo/evoDJI_0009_frame4.txt,38,da1304bc4b1c58b7b519bdc4de61f85f62e762ae68a3b7aeff42a75631c5c680
data/labels/Evo/evoDJI_0009_frame40.txt,38,4232e4ba8aebc37987de2666fb5018ab6aa0fc144dab86e42f66c5989bfbeebe
data/labels/Evo/evoDJI_0009_frame41.txt,38,94d1ca24b90d9298fa1c34ca69c6d2e86dfd51fa601108fee11570e695fcf1bb
data/labels/Evo/evoDJI_0009_frame42.txt,38,21d9bc88e97961c80fc093aec7341ad3377ea31c343426fb5e416be868bf8a7d
data/labels/Evo/evoDJI_0009_frame43.txt,38,980bc2e686c460b870d2bf3aa13f0e18fecdf63de8a743fa681104267d2ef870
data/labels/Evo/evoDJI_0009_frame44.txt,38,ea1277c5a508049f13cc7d004ac4c68a7db7fef436e8c5d8eba576af05349e61
data/labels/Evo/evoDJI_0009_frame45.txt,38,c982dfc364769f7ec2d08e72c18c3f0ac0123838e08f5286ee6738b38651f977
data/labels/Evo/evoDJI_0009_frame46.txt,38,2c52b4d6f416811eabf9b3de89de9fa29bc80a6f6a38f4a24972eecd955d8d81
data/labels/Evo/evoDJI_0009_frame47.txt,38,30f4fb234230a6f9446e8eacdabe9a77ca6d27fdfff97d73506a01c9f67fe707
data/labels/Evo/evoDJI_0009_frame48.txt,38,57d8b2b3b583e84b7d434e4c5c361d1c427079e52f3a023915a98d0da52faf75
data/labels/Evo/evoDJI_0009_frame49.txt,38,7936f4f7939fad16e8b6aa52f61f2a7a1d4c1075b3f7c9763393085888fcbac8
data/labels/Evo/evoDJI_0009_frame5.txt,38,6a38976c439d106da0a099f5cc54bc28c3f056299be774a4839080f9090a2282
data/labels/Evo/evoDJI_0009_frame50.txt,38,a547a2d606e22ed85b288f5a28dc0dff76e0dbdb34c390a33a603651cd64f0b4
data/labels/Evo/evoDJI_0009_frame51.txt,38,5d8da9bac4c6dc8987bf1f60d08a18b28e8ea680d91465578c209f0864dafbd5
data/labels/Evo/evoDJI_0009_frame52.txt,38,fadfc9e6a8e59c246573282609c1eea1363e84f3fcdb487fac3810e5bae74371
data/labels/Evo/evoDJI_0009_frame53.txt,38,8d167230c5e9345833b9a85baa1e6f9a7521871879133cbfe0efdedaefed36c8
data/labels/Evo/evoDJI_0009_frame54.txt,38,95b2eddc3a37914ac92d1d6e223747e7e300a76f40a4e607fea5f65c1ef72ec8
data/labels/Evo/evoDJI_0009_frame55.txt,38,4679e925f48d825a2027807af38f36060194871b19b0bdfdc8de95d3a0bd1c43
data/labels/Evo/evoDJI_0009_frame56.txt,38,3045cbda0b1d8c130f2b71c44be4ba6b5ea967752a2a4cb51c1d621177a9706d
data/labels/Evo/evoDJI_0009_frame57.txt,38,1f9ee97aa01d27bc3222938f09897d35db4e1e5ced84124d486aa06190ec0725
data/labels/Evo/evoDJI_0009_frame58.txt,38,075426f87708e0db3ff729c894110ac7b88b75e506bb1392a24240556039b34f
data/labels/Evo/evoDJI_0009_frame59.txt,38,19e1846cb135389cb0f23c30ea0a85849123c9544af1f5aa16db5dedae3faf7d
data/labels/Evo/evoDJI_0009_frame6.txt,38,720c187ac3ce3042e40fe08f779e0ea57cbb67a0c2e61b751e0909f1d7e95f27
data/labels/Evo/evoDJI_0009_frame60.txt,38,5aa667a0b6ea64bd380073468bcb7c5a1be5ca57554afe3e9698d036c760b6ec
data/labels/Evo/evoDJI_0009_frame61.txt,38,980153ffce69e41176e982f23092c6c54d1521f53ccf86406bf6154ddc9376be
data/labels/Evo/evoDJI_0009_frame62.txt,38,5cbbb06bc0929d1b1a2eb1d545f072c0ca0efa4d4727f80370af1c4d37ab8656
data/labels/Evo/evoDJI_0009_frame63.txt,38,d4649a052a24ac8e5b78e13dc5a41e51f20710db057d4bdf1f946f56c87c7ccf
data/labels/Evo/evoDJI_0009_frame64.txt,38,c6b16f21b7b13759ce42d96fab1d86e016d2b528fb385121fccf066c41ab9e9e
data/labels/Evo/evoDJI_0009_frame65.txt,38,10299464d4548b21cad39511637ca32feef9e16292ab6bf3119b4f4a9950786c
data/labels/Evo/evoDJI_0009_frame66.txt,38,deade24fd35358f7d6f6f180f82edb4f8e6f90dfbb50c1805c795cd73622acfa
data/labels/Evo/evoDJI_0009_frame67.txt,38,203e92ff661a978b7d60c9229ba4134a1116747bd8f4afbb628a8eb7c7e67c60
data/labels/Evo/evoDJI_0009_frame68.txt,38,771704bf8c1f8894c6816dd9718aa051bd8256c3850ad7a7a1907a3fcb37db54
data/labels/Evo/evoDJI_0009_frame69.txt,38,4b71e009388c3983d1f66c9d5ff997ecf0ff5b762197d473016e2d52ceb8d442
data/labels/Evo/evoDJI_0009_frame7.txt,38,e9ba2efd72f72f3078a4f360cc91bd52c2067fe9f52376858579109a2cb9685a
data/labels/Evo/evoDJI_0009_frame70.txt,38,e06949bbadca6ce1c2989deb57b21307bd5cd933eb8dddc4a213372daa8d67a9
data/labels/Evo/evoDJI_0009_frame71.txt,38,87eb0a98ab36b81b3034c61be16bf090b4c5e4d4b6aea6779e1e99ff42767f99
data/labels/Evo/evoDJI_0009_frame72.txt,38,009fca53562ea7a290199556fd5cd39cc487f93daaebef0ff2adfa41d4e62326
data/labels/Evo/evoDJI_0009_frame73.txt,38,ca0cee850744548091a9ab548d2e7c43f5a80740e59828fac6aeb1453fe3d97b
data/labels/Evo/evoDJI_0009_frame74.txt,38,974cc68f4c14b611db5d3140d91cda784ce2255fea3f943732fd8b0432649006
data/labels/Evo/evoDJI_0009_frame75.txt,38,66a2dd5f171b57e56b441e32e75244eef5bba2e3e4a68c1c8b5138ae4e861840
data/labels/Evo/evoDJI_0009_frame76.txt,38,43fc4dcb5dc40df3050d2281c7711b334f587abab16ecc422b8fd26e7ab553a6
data/labels/Evo/evoDJI_0009_frame77.txt,38,9eaf33452226d51f74d98ded474b6919146e7eaf0e537b62094808acfe8d9419
data/labels/Evo/evoDJI_0009_frame78.txt,38,5e6853c722895cdcb10d6468c7e23d8821451f6ecd36ea4ff91c3e58c6d71551
data/labels/Evo/evoDJI_0009_frame79.txt,38,dab4771b2d90306f40dca0ab2778623b77bc286eddf3f2f5aee276e7991a809e
data/labels/Evo/evoDJI_0009_frame8.txt,38,883bdb1c9b63d3a8e13998add75960568a71f9aa470d190294c2336803811033
data/labels/Evo/evoDJI_0009_frame80.txt,38,9edf552f2959d8500cc146f76ac9adac17c5e40c6e300a20279cb14b3e3afcba
data/labels/Evo/evoDJI_0009_frame81.txt,38,7b6f57fceae2637d8611c4d0963231972230174c16cf3a0754256a6e4008b8bc
data/labels/Evo/evoDJI_0009_frame82.txt,38,5a8e79fea5fcb33ac31aad6342918352b63502fc88f82ed0595120e00a70bef9
data/labels/Evo/evoDJI_0009_frame83.txt,38,319879e685581432d7a43fac94e252fbd06946aaa9c0ab3207c39474d049ae1a
data/labels/Evo/evoDJI_0009_frame84.txt,38,213da035c5b55ef2b04e58145ec262ad238de3f07a720dc21c551f379a354200
data/labels/Evo/evoDJI_0009_frame85.txt,38,2168daa7f05f832b7d2fb8f8d5a226dd953d08ff59ae926eb652013e9330c087
data/labels/Evo/evoDJI_0009_frame86.txt,38,7bddd1c90cb2301e925960e02bdb7828348cc13e0275a4d821b46a2a02fefbbd
data/labels/Evo/evoDJI_0009_frame87.txt,38,8265e62a9e944688496eaa831d63f7a08eec88014b0da6a01c1ba882c37e95ad
data/labels/Evo/evoDJI_0009_frame88.txt,38,85eff804e137debfa078bf0ffa559141b93e75d796b8ac868c85419a23e819c8
data/labels/Evo/evoDJI_0009_frame89.txt,38,a44848d6f90f3dee7e99dd128d0a31c343e3dd918f4c93cc576325b5c46fc8c2
data/labels/Evo/evoDJI_0009_frame9.txt,38,3d3793237dd587c553fad1ddb0871e7a8b7c873df9a3bb866ce09a865aaa2ff4
data/labels/Evo/evoDJI_0009_frame90.txt,38,513e6fa99f5b246cc66ee12d1a26f23a2ca54a4c03e58181da5008ffac40e597
data/labels/Evo/evoDJI_0009_frame91.txt,38,5b95a099dda214dbd95a836cdf04bb193f2fd1757fd31e21b5aa98d764a0df46
data/labels/Evo/evoDJI_0009_frame92.txt,38,eb8a25a9608751911164b4dc8da442ab924fabbdc0df59d34d6cd770d49ff6e1
data/labels/Evo/evoDJI_0009_frame93.txt,38,b5084f2c25578a42c0a99f9a5aeac88e09458c32efd47f45ae37bad1da1119a0
data/labels/Evo/evoDJI_0009_frame94.txt,38,c7c173127908543be74df58032837d83fc00c1f518162fb76b9f5dfc16a3a939
data/labels/Evo/evoDJI_0009_frame95.txt,38,c2e30cc188887b5dd519b575d1d8e19f1fd9be3cfaa7d80f89437f3aa154c799
data/labels/Evo/evoDJI_0009_frame96.txt,38,860faea482ddb9f505eef2430fb57b4d12ceed3831e1653f2c59d919f49fc818
data/labels/Evo/evoDJI_0009_frame97.txt,38,218693d3f2fa5da561045c1df8e42356f70f98e95dd41eb25a53accf2323ac2a
data/labels/Evo/evoDJI_0009_frame98.txt,38,fd89f446fc3fec364dc88ff75dd0418480ea3b3adb39880635d75e0e1024abe4
data/labels/Evo/evoDJI_0009_frame99.txt,38,dc1e6d72532b9f083d4c1fef923ac318739802819c74d5fee936836dd5fda4a0
data/labels/Heinola/heinola_DJI_0024_frame0.txt,0,e3b0c44298fc1c149afbf4c8996fb92427ae41e4649b934ca495991b7852b855
data/labels/Heinola/heinola_DJI_0024_frame10.txt,0,e3b0c44298fc1c149afbf4c8996fb92427ae41e4649b934ca495991b7852b855
data/labels/Heinola/heinola_DJI_0024_frame12.txt,0,e3b0c44298fc1c149afbf4c8996fb92427ae41e4649b934ca495991b7852b855
data/labels/Heinola/heinola_DJI_0024_frame13.txt,0,e3b0c44298fc1c149afbf4c8996fb92427ae41e4649b934ca495991b7852b855
data/labels/Heinola/heinola_DJI_0024_frame15.txt,0,e3b0c44298fc1c149afbf4c8996fb92427ae41e4649b934ca495991b7852b855
data/labels/Heinola/heinola_DJI_0024_frame16.txt,0,e3b0c44298fc1c149afbf4c8996fb92427ae41e4649b934ca495991b7852b855
data/labels/Heinola/heinola_DJI_0024_frame17.txt,0,e3b0c44298fc1c149afbf4c8996fb92427ae41e4649b934ca495991b7852b855
data/labels/Heinola/heinola_DJI_0024_frame19.txt,0,e3b0c44298fc1c149afbf4c8996fb92427ae41e4649b934ca495991b7852b855
data/labels/Heinola/heinola_DJI_0024_frame2.txt,0,e3b0c44298fc1c149afbf4c8996fb92427ae41e4649b934ca495991b7852b855
data/labels/Heinola/heinola_DJI_0024_frame20.txt,0,e3b0c44298fc1c149afbf4c8996fb92427ae41e4649b934ca495991b7852b855
data/labels/Heinola/heinola_DJI_0024_frame21.txt,0,e3b0c44298fc1c149afbf4c8996fb92427ae41e4649b934ca495991b7852b855
data/labels/Heinola/heinola_DJI_0024_frame23.txt,0,e3b0c44298fc1c149afbf4c8996fb92427ae41e4649b934ca495991b7852b855
data/labels/Heinola/heinola_DJI_0024_frame24.txt,0,e3b0c44298fc1c149afbf4c8996fb92427ae41e4649b934ca495991b7852b855
data/labels/Heinola/heinola_DJI_0024_frame25.txt,0,e3b0c44298fc1c149afbf4c8996fb92427ae41e4649b934ca495991b7852b855
data/labels/Heinola/heinola_DJI_0024_frame27.txt,0,e3b0c44298fc1c149afbf4c8996fb92427ae41e4649b934ca495991b7852b855
data/labels/Heinola/heinola_DJI_0024_frame28.txt,0,e3b0c44298fc1c149afbf4c8996fb92427ae41e4649b934ca495991b7852b855
data/labels/Heinola/heinola_DJI_0024_frame30.txt,0,e3b0c44298fc1c149afbf4c8996fb92427ae41e4649b934ca495991b7852b855
data/labels/Heinola/heinola_DJI_0024_frame31.txt,0,e3b0c44298fc1c149afbf4c8996fb92427ae41e4649b934ca495991b7852b855
data/labels/Heinola/heinola_DJI_0024_frame33.txt,0,e3b0c44298fc1c149afbf4c8996fb92427ae41e4649b934ca495991b7852b855
data/labels/Heinola/heinola_DJI_0024_frame34.txt,0,e3b0c44298fc1c149afbf4c8996fb92427ae41e4649b934ca495991b7852b855
data/labels/Heinola/heinola_DJI_0024_frame35.txt,0,e3b0c44298fc1c149afbf4c8996fb92427ae41e4649b934ca495991b7852b855
data/labels/Heinola/heinola_DJI_0024_frame37.txt,0,e3b0c44298fc1c149afbf4c8996fb92427ae41e4649b934ca495991b7852b855
data/labels/Heinola/heinola_DJI_0024_frame38.txt,0,e3b0c44298fc1c149afbf4c8996fb92427ae41e4649b934ca495991b7852b855
data/labels/Heinola/heinola_DJI_0024_frame4.txt,0,e3b0c44298fc1c149afbf4c8996fb92427ae41e4649b934ca495991b7852b855
data/labels/Heinola/heinola_DJI_0024_frame40.txt,0,e3b0c44298fc1c149afbf4c8996fb92427ae41e4649b934ca495991b7852b855
data/labels/Heinola/heinola_DJI_0024_frame41.txt,0,e3b0c44298fc1c149afbf4c8996fb92427ae41e4649b934ca495991b7852b855
data/labels/Heinola/heinola_DJI_0024_frame43.txt,0,e3b0c44298fc1c149afbf4c8996fb92427ae41e4649b934ca495991b7852b855
data/labels/Heinola/heinola_DJI_0024_frame44.txt,0,e3b0c44298fc1c149afbf4c8996fb92427ae41e4649b934ca495991b7852b855
data/labels/Heinola/heinola_DJI_0024_frame45.txt,0,e3b0c44298fc1c149afbf4c8996fb92427ae41e4649b934ca495991b7852b855
data/labels/Heinola/heinola_DJI_0024_frame47.txt,0,e3b0c44298fc1c149afbf4c8996fb92427ae41e4649b934ca495991b7852b855
data/labels/Heinola/heinola_DJI_0024_frame48.txt,0,e3b0c44298fc1c149afbf4c8996fb92427ae41e4649b934ca495991b7852b855
data/labels/Heinola/heinola_DJI_0024_frame49.txt,0,e3b0c44298fc1c149afbf4c8996fb92427ae41e4649b934ca495991b7852b855
data/labels/Heinola/heinola_DJI_0024_frame50.txt,0,e3b0c44298fc1c149afbf4c8996fb92427ae41e4649b934ca495991b7852b855
data/labels/Heinola/heinola_DJI_0024_frame51.txt,0,e3b0c44298fc1c149afbf4c8996fb92427ae41e4649b934ca495991b7852b855
data/labels/Heinola/heinola_DJI_0024_frame53.txt,0,e3b0c44298fc1c149afbf4c8996fb92427ae41e4649b934ca495991b7852b855
data/labels/Heinola/heinola_DJI_0024_frame54.txt,0,e3b0c44298fc1c149afbf4c8996fb92427ae41e4649b934ca495991b7852b855
data/labels/Heinola/heinola_DJI_0024_frame56.txt,0,e3b0c44298fc1c149afbf4c8996fb92427ae41e4649b934ca495991b7852b855
data/labels/Heinola/heinola_DJI_0024_frame57.txt,0,e3b0c44298fc1c149afbf4c8996fb92427ae41e4649b934ca495991b7852b855
data/labels/Heinola/heinola_DJI_0024_frame59.txt,0,e3b0c44298fc1c149afbf4c8996fb92427ae41e4649b934ca495991b7852b855
data/labels/Heinola/heinola_DJI_0024_frame6.txt,0,e3b0c44298fc1c149afbf4c8996fb92427ae41e4649b934ca495991b7852b855
data/labels/Heinola/heinola_DJI_0024_frame60.txt,0,e3b0c44298fc1c149afbf4c8996fb92427ae41e4649b934ca495991b7852b855
data/labels/Heinola/heinola_DJI_0024_frame62.txt,0,e3b0c44298fc1c149afbf4c8996fb92427ae41e4649b934ca495991b7852b855
data/labels/Heinola/heinola_DJI_0024_frame63.txt,0,e3b0c44298fc1c149afbf4c8996fb92427ae41e4649b934ca495991b7852b855
data/labels/Heinola/heinola_DJI_0024_frame65.txt,0,e3b0c44298fc1c149afbf4c8996fb92427ae41e4649b934ca495991b7852b855
data/labels/Heinola/heinola_DJI_0024_frame66.txt,0,e3b0c44298fc1c149afbf4c8996fb92427ae41e4649b934ca495991b7852b855
data/labels/Heinola/heinola_DJI_0024_frame68.txt,0,e3b0c44298fc1c149afbf4c8996fb92427ae41e4649b934ca495991b7852b855
data/labels/Heinola/heinola_DJI_0024_frame69.txt,0,e3b0c44298fc1c149afbf4c8996fb92427ae41e4649b934ca495991b7852b855
data/labels/Heinola/heinola_DJI_0024_frame7.txt,0,e3b0c44298fc1c149afbf4c8996fb92427ae41e4649b934ca495991b7852b855
data/labels/Heinola/heinola_DJI_0024_frame71.txt,0,e3b0c44298fc1c149afbf4c8996fb92427ae41e4649b934ca495991b7852b855
data/labels/Heinola/heinola_DJI_0024_frame72.txt,0,e3b0c44298fc1c149afbf4c8996fb92427ae41e4649b934ca495991b7852b855
data/labels/Heinola/heinola_DJI_0024_frame73.txt,0,e3b0c44298fc1c149afbf4c8996fb92427ae41e4649b934ca495991b7852b855
data/labels/Heinola/heinola_DJI_0024_frame74.txt,0,e3b0c44298fc1c149afbf4c8996fb92427ae41e4649b934ca495991b7852b855
data/labels/Heinola/heinola_DJI_0024_frame77.txt,0,e3b0c44298fc1c149afbf4c8996fb92427ae41e4649b934ca495991b7852b855
data/labels/Heinola/heinola_DJI_0024_frame78.txt,0,e3b0c44298fc1c149afbf4c8996fb92427ae41e4649b934ca495991b7852b855
data/labels/Heinola/heinola_DJI_0024_frame82.txt,0,e3b0c44298fc1c149afbf4c8996fb92427ae41e4649b934ca495991b7852b855
data/labels/Heinola/heinola_DJI_0024_frame83.txt,0,e3b0c44298fc1c149afbf4c8996fb92427ae41e4649b934ca495991b7852b855
data/labels/Heinola/heinola_DJI_0024_frame85.txt,0,e3b0c44298fc1c149afbf4c8996fb92427ae41e4649b934ca495991b7852b855
data/labels/Heinola/heinola_DJI_0024_frame86.txt,0,e3b0c44298fc1c149afbf4c8996fb92427ae41e4649b934ca495991b7852b855
data/labels/Heinola/heinola_DJI_0024_frame9.txt,0,e3b0c44298fc1c149afbf4c8996fb92427ae41e4649b934ca495991b7852b855
data/labels/Heinola/heinola_DJI_0025_frame1.txt,38,9d527de8d198bcdce9014654245a15524ee6ac0f725527fa9569d69b23cb3113
data/labels/Heinola/heinola_DJI_0025_frame10.txt,38,ed2e53dac0542bcd14bca49dd2dd9f985f495d2560d859def224703f86951f82
data/labels/Heinola/heinola_DJI_0025_frame100.txt,38,122d2104f4f259056804bd2843af6887291aaa6013b4e15ae50b7ccd1c431597
data/labels/Heinola/heinola_DJI_0025_frame101.txt,38,e4b73903da643e786d905939fbe0e3ecc0d22be09297738ea215eed4182ad831
data/labels/Heinola/heinola_DJI_0025_frame102.txt,38,c4e1fcc24b0f38f1137c23826af9b3dee9170c2aa7ecedc8e5cd830826a4829e
data/labels/Heinola/heinola_DJI_0025_frame103.txt,38,80d3dd49473196598289be52525df823bd36255b72ffc47148a5974b6b82f9fa
data/labels/Heinola/heinola_DJI_0025_frame104.txt,38,ea50589637bc61febd626eaa11fbb8167ea5e5a2ac9de0421e43b50612ddfc35
data/labels/Heinola/heinola_DJI_0025_frame105.txt,38,01162acc749cebc26707f81c9958c4ff5042ef6b6cd0440bc528ed90f9780d41
data/labels/Heinola/heinola_DJI_0025_frame106.txt,38,80d4c39c941c786c456a31cc99648b406a2a74d79476ca249383ba919535e4c5
data/labels/Heinola/heinola_DJI_0025_frame107.txt,38,2b545e2c342ff44988018b145f12e0a5da32ebaf18b3ffd998e458ed1c4085b8
data/labels/Heinola/heinola_DJI_0025_frame108.txt,38,688384a434477b82743dc50acdfdac214f385c0f0c36c8cfb4a06c4a95f43432
data/labels/Heinola/heinola_DJI_0025_frame109.txt,38,9fd82635eb0c33df890a2aa159ea2a548697241958b7807096281cec20c840ff
data/labels/Heinola/heinola_DJI_0025_frame11.txt,38,c9d886bcf8e0c4f999f6716dd90bff3dffdc09a527ad9563140d59cf0182c8fd
data/labels/Heinola/heinola_DJI_0025_frame110.txt,38,28f3b5cb6996038903cbed4f87f547c3c8f70d1febe975fe09a5a9a9c3849b6b
data/labels/Heinola/heinola_DJI_0025_frame111.txt,38,bc0fe96d7957605570c0cf65bea0c0b7fc41f5a4f53377226384c764e9ef6316
data/labels/Heinola/heinola_DJI_0025_frame112.txt,38,35326b78eb839a111afee28c6c7e51497a5b59254501c92a30c2f6f24fd08185
data/labels/Heinola/heinola_DJI_0025_frame113.txt,38,8999c97f1ef8b18b0ebaf60e7103534b959e9d934722a0c91d98d348c84a64fd
data/labels/Heinola/heinola_DJI_0025_frame114.txt,38,47cee7df284f0bf91dd9e0ca86e6f9258682acec0f99b92dd26fde577d4b845d
data/labels/Heinola/heinola_DJI_0025_frame115.txt,38,acfc88b74b409a56bd0401dcc01c7fbc32f3b2d44c67fc610834aeeb2dcfa5ea
data/labels/Heinola/heinola_DJI_0025_frame116.txt,38,3f39c671ac409d3f8566d919d19c7be63451ee1e475d84a1365ac27bf3d03936
data/labels/Heinola/heinola_DJI_0025_frame117.txt,38,7e7515cdb0b5cd756558c14cdd2a4c53273e9392b73ddc7f383dd87da98ca5f7
data/labels/Heinola/heinola_DJI_0025_frame118.txt,38,6d80079333a29e55b0409412eccb850372281562bd4cf4fa770473b7a64b88aa
data/labels/Heinola/heinola_DJI_0025_frame119.txt,38,9f0a674959166d7d0638eac44657aa0e1f6f148a689779f98bf01cc07d33c4ae
data/labels/Heinola/heinola_DJI_0025_frame12.txt,38,8654de172c14dde1698e9a47bdb764353bbdf0875293840632102cca44512766
data/labels/Heinola/heinola_DJI_0025_frame120.txt,38,08176e8ea45f506503ce391bd80a3287fac563212d8aeea1de1a9a1f6e24009b
data/labels/Heinola/heinola_DJI_0025_frame121.txt,38,f4e81fdbbf8d7a3ae11658f42aedd7e8ad4e7d820e95a48de18378f556ea53a2
data/labels/Heinola/heinola_DJI_0025_frame122.txt,38,faf98b218af8edc50849c0cea460e3a853b144bc50dcc81116c3e12214056672
data/labels/Heinola/heinola_DJI_0025_frame123.txt,38,c217128f977707ed715d91bd390307311389e492d3a7ba09a1dcc5c54140be22
data/labels/Heinola/heinola_DJI_0025_frame124.txt,38,8f3d6ad3c4de1551dd5415829a0d97e13bce81b1927c42699dd037b4cb92c06f
data/labels/Heinola/heinola_DJI_0025_frame125.txt,38,59d83815b9b6d318a5c5800af6d50c5f8c9f962db5aa94fba608928bbbcf1dd9
data/labels/Heinola/heinola_DJI_0025_frame126.txt,38,099b7e1f21db8f75bcc19c7beb7ec00edf761fd57fb2d872cb1632f57285e573
data/labels/Heinola/heinola_DJI_0025_frame127.txt,38,40a474a507664d2891bf9ee676d65ddd4e695aee00e8055ae6161dcba4186826
data/labels/Heinola/heinola_DJI_0025_frame128.txt,38,058a27977ee036e14ef35ef5679288294cdf3178b35c79c67e800ac4889d4d02
data/labels/Heinola/heinola_DJI_0025_frame129.txt,38,6dc573160914539e027bf7ca230d72deaafe32d71f915decc6b6bcb227b4338f
data/labels/Heinola/heinola_DJI_0025_frame13.txt,38,32d92901f0e11bd6b66d6f9c9f202184225644483a3954a21342ea502bbf9a54
data/labels/Heinola/heinola_DJI_0025_frame130.txt,38,d63aefe8367519db500c748cefd0471b591e8374d40fc74faa483bb49a52224f
data/labels/Heinola/heinola_DJI_0025_frame131.txt,38,e488ae7f7846a8ee2f23c9a0698349609ad14b67313a002ff080d5700217a5d1
data/labels/Heinola/heinola_DJI_0025_frame132.txt,38,19b599437f957ed3cea4237e66cc834b3f2b2a2f903ca64ec42a979b572e4b7a
data/labels/Heinola/heinola_DJI_0025_frame133.txt,38,3a79e426cf2221bf91cca08dc065ce8d1b5aee8d8082c73c5fcd8e952a8dfd1f
data/labels/Heinola/heinola_DJI_0025_frame134.txt,38,503f13dc511f66c08cd4906201bdeb33e91e00d53f3dd77a4436c19aedcdae24
data/labels/Heinola/heinola_DJI_0025_frame135.txt,38,7730d9b2c7acc54e24ad698704357e1d9c9db07d004dba1c38bd80aed2294c35
data/labels/Heinola/heinola_DJI_0025_frame136.txt,38,41dcdc16590dece1ed3bd1f76836ceaffb5d8b5ae1d302dcdfbcbdad483e42da
data/labels/Heinola/heinola_DJI_0025_frame137.txt,38,3f36ab62034674dddcf571c3e67228e3e3a247ef06e2d85b84475548cbb828df
data/labels/Heinola/heinola_DJI_0025_frame138.txt,38,2e623fa96d4599fe1e40390820f232e82b79633afc0964a6f302e2e64074c207
data/labels/Heinola/heinola_DJI_0025_frame139.txt,38,e8b6d01c4d8da0feaa4c182817767f96eea72330d7e2b2fd2249f643ab2bdd0e
data/labels/Heinola/heinola_DJI_0025_frame14.txt,38,ae4ce712e95df64ba93fcf4aeeadc75404dd6ec864f27c7b22ac64e7d9da8e0d
data/labels/Heinola/heinola_DJI_0025_frame140.txt,38,1587b238f022c7ba1958a42d5e80eb40857cd9a94ac1a4c19c891fcee1a2b6b0
data/labels/Heinola/heinola_DJI_0025_frame141.txt,38,6b28a59db5e5b240845b58c99fc90ae497aea60938d257cafce7e3186b5a1fc5
data/labels/Heinola/heinola_DJI_0025_frame142.txt,38,1d5646a0e331cb2121bcc4fbde00eb3217a419d2bd5c199f6becfa0d78f74b77
data/labels/Heinola/heinola_DJI_0025_frame143.txt,38,c036cbd9819a4f80325f89a0192999ebcfcb68a2e0c3a5d8545206d8cc2aba74
data/labels/Heinola/heinola_DJI_0025_frame144.txt,38,84bad10160961ab4d83b8508bdc47af9bde0e4aa6c1335761bf6a382b1c7f423
data/labels/Heinola/heinola_DJI_0025_frame145.txt,38,7f2bd48b585bce0844025c51866185aa1a9d558dec7fcc11e452821819922a36
data/labels/Heinola/heinola_DJI_0025_frame146.txt,38,5dda95e6dc9c70350dacd4cd1eee9acd58758fd16417af9efa79213d7630148a
data/labels/Heinola/heinola_DJI_0025_frame147.txt,38,d891736990c51b6e3fcf1c268c42fa12ed52c9ffcf7b1c09e249a8db165fff8d
data/labels/Heinola/heinola_DJI_0025_frame148.txt,38,1c33a7e5a03631f91bf274ec9f66ac1f84cc3d2d3dd088f2d7eb9dbe196924c6
data/labels/Heinola/heinola_DJI_0025_frame149.txt,38,32c8f7f1c85bb65319cec834af162630215b5d9c1f092ee64fbde3ada7f214f5
data/labels/Heinola/heinola_DJI_0025_frame15.txt,38,a586c9677d81b34721358ab4643a3f09488a253304c26bf692e7f907ae2b5b08
data/labels/Heinola/heinola_DJI_0025_frame150.txt,38,09d499bc53c6178adeb9788646382de1a6ee60edf41df5ba04c1357be74573a8
data/labels/Heinola/heinola_DJI_0025_frame151.txt,38,8ca22edea2858dbd4e692ced935bd092e0d384a388547dd1d9767382fde642e4
data/labels/Heinola/heinola_DJI_0025_frame152.txt,38,c094052a875ce5bd391a070644c2634e82f6183485be344655080c078aec93cf
data/labels/Heinola/heinola_DJI_0025_frame153.txt,38,5489ca9db54996be8081e02de1e5c7b3269803307058d9d9d6ca499bc8abdfa0
data/labels/Heinola/heinola_DJI_0025_frame154.txt,38,bbfd89bc5b70b00f5f6c175aa1897832646529073f1ccdcfd3ebed537cb8cf80
data/labels/Heinola/heinola_DJI_0025_frame155.txt,38,daf2d903e015a88af6033420919a2a05de5353dc253f475469c45b43391d7cfe
data/labels/Heinola/heinola_DJI_0025_frame156.txt,38,b58e583b7ea7b955ae14c5010bc8953d12303609ec4142e732ac347020497675
data/labels/Heinola/heinola_DJI_0025_frame157.txt,38,0b0e86fd5d7b4c5f7628025b99c68e5831721baf40589ad0da02d1c5d911c1a8
data/labels/Heinola/heinola_DJI_0025_frame158.txt,38,57406dbfbf2f38bc986f31222d13eba305cfadd94c29324d215529ef1289fc16
data/labels/Heinola/heinola_DJI_0025_frame159.txt,38,69595a9273f94a25f33ded02e2f1c37bdcbef0f26b823f6745c7e326746064ce
data/labels/Heinola/heinola_DJI_0025_frame16.txt,38,b1dfb5bb5f8279fd303a041655cc9f997ee01faa88b342ecea6c72688c581621
data/labels/Heinola/heinola_DJI_0025_frame160.txt,38,df95a7048305befa15d8a87b79d4aa460fcd8a88761aa3f1999f1211e0b804f7
data/labels/Heinola/heinola_DJI_0025_frame161.txt,38,c40b7bc6ade5e1695edc28b4899722456cba6b4719e19d397b08ed0a99ca41c1
data/labels/Heinola/heinola_DJI_0025_frame162.txt,38,70d208c3a463e4e9769f07982fdb4e70168210fa72b819a2781b09b29c307e71
data/labels/Heinola/heinola_DJI_0025_frame163.txt,38,f752a5edcf3acbf65571d849ab9b98c7063abd692f3328cdeb4117322e2b4441
data/labels/Heinola/heinola_DJI_0025_frame164.txt,38,6a02deebf10237f8174bfee9bd4bc00aeffb029d3f53d1db1d5523f24c626d6d
data/labels/Heinola/heinola_DJI_0025_frame165.txt,38,70d79b91ca973c0027d70110772096d06f6ec81959105bbc2079b5101d031611
data/labels/Heinola/heinola_DJI_0025_frame166.txt,38,8fef23d81edda6c60b2ec345c89b2b771320b1b410ffc83c19e37e6a1aab5096
data/labels/Heinola/heinola_DJI_0025_frame167.txt,38,6f8e43c109ca64a5502324fe4d8dfdb609edc2f287b311f6e5b1113e0998fc9a
data/labels/Heinola/heinola_DJI_0025_frame168.txt,38,ae8113183c0f1a510fe15aa0fbbc27b891d26aac60b0aeb0e22a68f56eabbf16
data/labels/Heinola/heinola_DJI_0025_frame169.txt,38,8f2641e28fa4c3da4a6f46ab60fb3aad41d4f7f541c73afb3c6de9ef0047242a
data/labels/Heinola/heinola_DJI_0025_frame17.txt,38,8f5313f3f32661b71e796a075f5650fe9fc158e1cfb82de5fd02d686d190079a
data/labels/Heinola/heinola_DJI_0025_frame170.txt,38,0782c106214ff41f6f99a0d466cbdd9bf86ab87b8c4152afde859b2628148c7b
data/labels/Heinola/heinola_DJI_0025_frame171.txt,38,8cc154202a8f988c769b0167b93b449cf0566259feb84c4cf458c261a0f1e3d5
data/labels/Heinola/heinola_DJI_0025_frame172.txt,38,ccb66873c8997cb97b89b0fe60464e53711fdb343298f39eac2cee39b34c318b
data/labels/Heinola/heinola_DJI_0025_frame173.txt,38,0b8805bafa0fb576e089d2b6c982aad340ac3af676b41a7284b3d99e40e823ea
data/labels/Heinola/heinola_DJI_0025_frame174.txt,38,d3001c9c08e977c22a4a735620187e469a7e8431dd4c791986d56dc08e0e412e
data/labels/Heinola/heinola_DJI_0025_frame175.txt,38,1788d4138bb1833461ad1a806835e6761cf33b58892768c942f743b8a7f5e4fb
data/labels/Heinola/heinola_DJI_0025_frame176.txt,38,a4e1a5e1b974a72625ca6ad196c31a14c8bec7a751e96a5c80e3ad6aefcd2ccc
data/labels/Heinola/heinola_DJI_0025_frame177.txt,38,962983b8d7bf9f1cf35f90298a614ab14de4ae0c94ee74100c430b13779fe448
data/labels/Heinola/heinola_DJI_0025_frame178.txt,38,810ea844185f7436891d1f9f0c0f025c95126b0aed082646a41c958274da43d0
data/labels/Heinola/heinola_DJI_0025_frame179.txt,38,0e419e9ba186b4439c3e70cf7d606b6a281002977b5243e5107e874266abc378
data/labels/Heinola/heinola_DJI_0025_frame18.txt,38,473b9d5e9c703cee21091f3e8ae84cf5c6c4d8bb235ddce0072ca5b172e2379e
data/labels/Heinola/heinola_DJI_0025_frame180.txt,38,506dbf0cbbc955dfc49bc4e5200498ac680a823bd7fe1e87c6ffc966ffd406e9
data/labels/Heinola/heinola_DJI_0025_frame181.txt,38,0979ea81645a26b10a4ee0dba739fa8b781ea24a5b33ba05436dcc54050c9f1b
data/labels/Heinola/heinola_DJI_0025_frame182.txt,38,4008c86b3ca533b069fdd75f89ac8231cc1628077afe1bc6b6934011dc070052
data/labels/Heinola/heinola_DJI_0025_frame183.txt,38,33b27ff0b1ee09a82cbd46eda088d54a099ad0589a6566b1411c43acd220464c
data/labels/Heinola/heinola_DJI_0025_frame184.txt,38,57ebe7b73662bc0683074a52d8d87b2858a50336997184265d7aa9c208700f4e
data/labels/Heinola/heinola_DJI_0025_frame185.txt,38,e5c1d0947bea0ef284b478732b8506c7f6c37dcbb0de48c68210c725cf070e10
data/labels/Heinola/heinola_DJI_0025_frame186.txt,38,6de0f77367ff37b0009a9615e8faa416ec57e6059bd27ffd78b7eca85e9fadfb
data/labels/Heinola/heinola_DJI_0025_frame187.txt,38,be6c7dc8fa88e1887d1fdb91170ea5c0a46bd65d71f1b775c29786f5f132fafa
data/labels/Heinola/heinola_DJI_0025_frame188.txt,38,1f901fc164767c7bae6ac3eb598815cc15ee3b72b0d655f2bd587d52facd4d2b
data/labels/Heinola/heinola_DJI_0025_frame189.txt,38,a1780d4a416048b5ec32fc3499678d3dd145881cba8f7f795520f367c795c47a
data/labels/Heinola/heinola_DJI_0025_frame19.txt,38,88e61827bcae54db8395e84cb7e24960ce846878e8ac1328590982ab462a24ef
data/labels/Heinola/heinola_DJI_0025_frame190.txt,38,6492ff09ab2683240e6f832bc1c19e806e7a7591860e5af4268197c09b28d890
data/labels/Heinola/heinola_DJI_0025_frame191.txt,38,8038c2eaaf1d16038147d78fb187d15330746a79820af4fda03b161015b16e8a
data/labels/Heinola/heinola_DJI_0025_frame192.txt,38,1efe8b2466a2a331ae8a9f8c5e8022e6a70e06bd2aaa63505e59c1398efdd356
data/labels/Heinola/heinola_DJI_0025_frame193.txt,38,d48bb9a854f9eaa71007e83048c1ed1e4c851f707bc7ae98dc18c1077827e24b
data/labels/Heinola/heinola_DJI_0025_frame194.txt,38,9bcb94c1af0d331985229cbe4e294decb8163d72fe098ad03bc2a364c4b83ed8
data/labels/Heinola/heinola_DJI_0025_frame195.txt,38,995aab9ae9957d90236176615b69c2dcf6701d884f5cccc22854ad9e6feca4dd
data/labels/Heinola/heinola_DJI_0025_frame196.txt,38,deae3307a12b831b182c9a00e0173a28a2ab40e1370eace4b39c3f156603f8ca
data/labels/Heinola/heinola_DJI_0025_frame197.txt,38,b9287f446a9c38f2781ef5198280b605b7a161b7a3ade9f5f936bf87c77e1435
data/labels/Heinola/heinola_DJI_0025_frame198.txt,38,5a0791cbbd2573dd991a6134309baa7dd20c8b852417d8b0a890e170fe036b8b
data/labels/Heinola/heinola_DJI_0025_frame199.txt,38,a0b8d2840e1ce016983bab5a69079aae326edc89216fde8a33f777ec4c16ee17
data/labels/Heinola/heinola_DJI_0025_frame2.txt,38,55d2de5420e30c246a77bd0e06e6361d2026457fd6d49ac89e0aa250b4d9fac7
data/labels/Heinola/heinola_DJI_0025_frame20.txt,38,e223e5a02596ecfaa0690e9d7197bd8d789055b133733ac5546c194946e9aec8
data/labels/Heinola/heinola_DJI_0025_frame200.txt,38,80aa3879d28b1cea9b6542df2f2b5f9990c12badf35c5b7c8db40814c9115670
data/labels/Heinola/heinola_DJI_0025_frame201.txt,38,e025d9cc8a86ec648cffeb14bb83666ec284d2308492848a633392830cdfdb66
data/labels/Heinola/heinola_DJI_0025_frame21.txt,38,dcc5435b45325450878be0274abc6bf9472bf278897b67509175f609c06a89f0
data/labels/Heinola/heinola_DJI_0025_frame22.txt,38,5fe58f360b9d9e4f74ddb210f5f2f29133c44a4e8e2cc909196c86657ec7ba27
data/labels/Heinola/heinola_DJI_0025_frame23.txt,38,2b8e945cd69a2914c1e7e696e1432f0a1bee7daeba02d8e931a378e8178c67fe
data/labels/Heinola/heinola_DJI_0025_frame24.txt,38,c2ea71cd171c7df1b23cee0fc87e25d9b68f6bdb4bc73b3e48a0f32c4c64cfa9
data/labels/Heinola/heinola_DJI_0025_frame25.txt,38,a05a013808e40808b6a3ae30db49cc214f8a308353ce79fe89223c26c5b094a7
data/labels/Heinola/heinola_DJI_0025_frame26.txt,38,50d53968313cf9f7bf4d6204924701bf433cf8383487399dd2af51e67df0f827
data/labels/Heinola/heinola_DJI_0025_frame27.txt,38,7bc91ea7d9d0f9bd29742121eec60aad44e45644afa512b6de55ed37a5f3d77d
data/labels/Heinola/heinola_DJI_0025_frame28.txt,38,c217120f776656397c03b58975ef28f7cc236b0e86cd3c92976264c1cc238079
data/labels/Heinola/heinola_DJI_0025_frame29.txt,38,2c7bd2183d06c8c242e9b06ce4775388cddc9ec1eea533ef659022a096317368
data/labels/Heinola/heinola_DJI_0025_frame3.txt,38,8272287f4ad8461c55c4bcfaa8a616b7807b76c6384c3efb3ffc177b226c03b5
data/labels/Heinola/heinola_DJI_0025_frame30.txt,38,e6d7d591d8d52813e5e5d9040425c8846a83bbf17fcca8b654a15fcb61974b9e
data/labels/Heinola/heinola_DJI_0025_frame31.txt,38,990e6c711975bf9932837205865d36147d92e01917c62c4953bac40612539104
data/labels/Heinola/heinola_DJI_0025_frame32.txt,38,3e36368d5751c2ddda6b3d3cc07a0f1fb55a0fa62e403eb7152fc0e55a433c8f
data/labels/Heinola/heinola_DJI_0025_frame33.txt,38,628d92d0612a6579d976971f1c153ee328ba2ee371fe3b9d77d674c4a79fbfe5
data/labels/Heinola/heinola_DJI_0025_frame34.txt,38,566bada3f4774c053a3d96b6bdf130a58aac01dac5baa2de15d7fc0a20fded15
data/labels/Heinola/heinola_DJI_0025_frame35.txt,38,6a56e9d886b325d946531c0b78c2d8a2f9061833230556cc03407c694d5d51c0
data/labels/Heinola/heinola_DJI_0025_frame36.txt,38,15c83047db8b3e434afcb2cccc6a9228473ea5f72119571d8cac3d2a9ca43499
data/labels/Heinola/heinola_DJI_0025_frame37.txt,38,a91c8f5cc3191bb3ae9948f5defb536156adfe058e1eed9ffa90a6468f9c131c
data/labels/Heinola/heinola_DJI_0025_frame38.txt,38,573b5726904c1f9fa57b771b9af6704ba07366027b2fb0b1793b2d410e93de9e
data/labels/Heinola/heinola_DJI_0025_frame39.txt,38,ea551a8a96928f025b3371a18a10c5e8652b87bca88cf71eecbd85cff98a6682
data/labels/Heinola/heinola_DJI_0025_frame4.txt,38,7e2630c7b8a995697e6b214f4947b0933666358741ca5b2ac92fd5fe4bdbafd0
data/labels/Heinola/heinola_DJI_0025_frame40.txt,38,6497a5f31cdcdacbb7b90aac330a0fcb624c27656b59a7a6275772e400be1362
data/labels/Heinola/heinola_DJI_0025_frame41.txt,38,312b57567b993d789a496e91af354111753e16e231dbe3c6c2d86118e404bcf0
data/labels/Heinola/heinola_DJI_0025_frame42.txt,38,da762dcc20703b1cea17926c8cc658ad10d26b37bcc41bd0d0ffdf18efee6b44
data/labels/Heinola/heinola_DJI_0025_frame43.txt,38,0b4e6c8249f5bac1c916187721db8786e9dc30cbeb5cc692952ed32fb5decb27
data/labels/Heinola/heinola_DJI_0025_frame44.txt,38,23817640275f628fcd6e76725da18785ff1cb2cb8e5ffd980c154713bf720e9f
data/labels/Heinola/heinola_DJI_0025_frame45.txt,38,c33bf5231101aff0ee6f3bea9858e7fe1778687e93dc9b756ab96efaa2c3c17f
data/labels/Heinola/heinola_DJI_0025_frame46.txt,38,3736eca31707d5b4bbcb191feac06da762737bdeb4c7da1505a7c16ae63d5e83
data/labels/Heinola/heinola_DJI_0025_frame47.txt,38,42d3e61bee84fe8540ae780bbc59ee6d8b1050a8cae4e9b131474c9e2607c334
data/labels/Heinola/heinola_DJI_0025_frame48.txt,38,a96b88d778c147e82cdf8930efc7af41a26dbe1803b59739d9353d3463ee7b88
data/labels/Heinola/heinola_DJI_0025_frame49.txt,38,32b5dd945d89052d6480d5d070fff29debc65b448fd1e7fe93053bef52aa1942
data/labels/Heinola/heinola_DJI_0025_frame5.txt,38,5de8776e611c90782308c405c90fe003ef44ce78014b06640a0230f47416c2ff
data/labels/Heinola/heinola_DJI_0025_frame50.txt,38,4ceb63225ce19645fa3abcb5059cbfaf203953a5381fc473a9d4ea8ce168566e
data/labels/Heinola/heinola_DJI_0025_frame51.txt,38,7fb929cc42a0333638d7e01a7efb16321edc1319d306335d4423a7b016b1d290
data/labels/Heinola/heinola_DJI_0025_frame52.txt,38,6fed704aa9ed9a56428d8ebe2ba2cf890328bde46bf27ad718bad52b3effc665
data/labels/Heinola/heinola_DJI_0025_frame53.txt,38,aa43cad9aaa2e3416b404cbe813f95012713185fdcdd9a74d35956a2fe0790ea
data/labels/Heinola/heinola_DJI_0025_frame54.txt,38,2d85586f32a2c023898399bfa0730ecc67cdf22e62bf51ff4abcb96453366e93
data/labels/Heinola/heinola_DJI_0025_frame55.txt,38,e4d4addf5a0030ed3cfbf04b2e96f133bd6adae32e154e1336c5e38f05c8eea1
data/labels/Heinola/heinola_DJI_0025_frame56.txt,38,1df50bd622a3450286fb48ae1d9d6f50429cac5315ecdb74a736823b351b41d1
data/labels/Heinola/heinola_DJI_0025_frame57.txt,38,95e7f4a7954a7d92481807d1cc79cd9631a54a3f94f4820f5ab0626cd7932176
data/labels/Heinola/heinola_DJI_0025_frame58.txt,38,d94d9003994ff40c356e02009a7c341b964b9e2b1beb066157052983bafe0041
data/labels/Heinola/heinola_DJI_0025_frame59.txt,38,37282075e925e04c804172eabf6ed7017b7ea325ffe11f0d76f2f4be7673dcdf
data/labels/Heinola/heinola_DJI_0025_frame6.txt,38,faf6cdd5b1d7a0eb827954ae6bc4dde1e5e0c9f5cadd790ba2c5ee222776402e
data/labels/Heinola/heinola_DJI_0025_frame60.txt,38,4e9ec95dbed9bbb8cfa10084bf28c933e0ce729210106ab178b83576911f31fc
data/labels/Heinola/heinola_DJI_0025_frame61.txt,38,aa2e41123a6efb4b6d34a4f961032c2e0526663c78a3cdbd68c4d9827d119a62
data/labels/Heinola/heinola_DJI_0025_frame62.txt,38,8ec33ec26ff6cf3fc0ade8370c40a18de5c11f1fa2136a9f4a154ddbd3468cb5
data/labels/Heinola/heinola_DJI_0025_frame63.txt,38,6db96c8dfb61386869f2d9b3d9ac71ac54aa52020a92932a6b476c811ee972b2
data/labels/Heinola/heinola_DJI_0025_frame64.txt,38,fc9e709f27d2005c25d0549cda72cf654a89c86dfa34698a2c8482739a473140
data/labels/Heinola/heinola_DJI_0025_frame65.txt,38,2ba99ff88f01d452058c83e30f6003ecbcbe057a5d34d4590ab175c004aa3bb9
data/labels/Heinola/heinola_DJI_0025_frame66.txt,38,e8c5d89aaaf07cff655cdce549622b832886ca48b74191a5adcbc338fe104f9b
data/labels/Heinola/heinola_DJI_0025_frame67.txt,38,d43086ba35ee188b7a6cf7bf87a348a96a0f8e3497c59aaec6a3688c48b5e625
data/labels/Heinola/heinola_DJI_0025_frame68.txt,38,0474c4e07d6af596dcb894aefb37f19efb306f3e3803cf935a0bf2eb60025928
data/labels/Heinola/heinola_DJI_0025_frame69.txt,38,e96d68bfc5f95c44425220e7a3fb6a742fd54eea3cbcc103d8a63d1fa8b10ec5
data/labels/Heinola/heinola_DJI_0025_frame7.txt,38,3f2e41bd1cf5887f0aedef22cf4b7f7da52ca2cf239db3c6dd3937f82febbdba
data/labels/Heinola/heinola_DJI_0025_frame70.txt,38,c3d5a8c7004655549c6f32e3bd51369e0681ec4e758423a01cb55b22092ced23
data/labels/Heinola/heinola_DJI_0025_frame71.txt,38,2a2c6da530a2d15eb9e0e536c302b09cc22b36580c8898ffdcd0d81ee90677fd
data/labels/Heinola/heinola_DJI_0025_frame72.txt,38,561a6aba5609f1dc7c02a4e6cbc4ca8aab008f6ac0ff02a539b3d7bb0dfef04c
data/labels/Heinola/heinola_DJI_0025_frame73.txt,38,fc744f92023587d75ab22e16276dcad66ed46450c28742647694dde4c89530ca
data/labels/Heinola/heinola_DJI_0025_frame74.txt,38,3a56ee5fa522af364c6b02f9bad36216d30c202de0ba7089ca6fe664eda1d428
data/labels/Heinola/heinola_DJI_0025_frame75.txt,38,fa43d196f89840e163c5e90e622a422e4841779a26acc439aa22f50d295e7022
data/labels/Heinola/heinola_DJI_0025_frame76.txt,38,d0d9ee9e8f70b54c515bcef58171492de521fc6c8dbce770e27fbd080b753b92
data/labels/Heinola/heinola_DJI_0025_frame77.txt,38,6e6aa61ab16661ec1bf48be943cb69159f29f8a70a13348b50baf4b41c5da989
data/labels/Heinola/heinola_DJI_0025_frame78.txt,38,db68a98e9f945ebd8c6398c31a7179637af40059daa00fd88662915baadcb2a8
data/labels/Heinola/heinola_DJI_0025_frame79.txt,38,653fc2872bcabfd3beecb8b731c4a127d366739b4b4d0d89b9dca5c2230f06ea
data/labels/Heinola/heinola_DJI_0025_frame8.txt,38,b3a6bed2f9a2cc1debff1de6f9807e9be424d4b0582dfecd888aaa550a987bea
data/labels/Heinola/heinola_DJI_0025_frame80.txt,38,421624e2b244f5560ba6ecda7dda545964ea3db5871a5f026e7be22f34d02ed6
data/labels/Heinola/heinola_DJI_0025_frame81.txt,38,ff0cd00472fc43d0682acaf8891b2deafda62987572c76150d0613c063e4dc65
data/labels/Heinola/heinola_DJI_0025_frame82.txt,38,93fed01d09b4a223f9328e57e358fef63a3f3baa75539a6caebd5b4f1957728c
data/labels/Heinola/heinola_DJI_0025_frame83.txt,38,015909a02afe5ca268916c0766820a1b4887cb7e49170e9103b7445109b68a83
data/labels/Heinola/heinola_DJI_0025_frame84.txt,38,db9e389996d90bc2c076b6d2e38bb0d7b5f15182d4f48d973b93dee0d1debcf5
data/labels/Heinola/heinola_DJI_0025_frame85.txt,38,08f9c2a25a3fc070416ff8938fff9ebfbd1d3749bcc84ee354a27dca8ce16054
data/labels/Heinola/heinola_DJI_0025_frame86.txt,38,3f631c5cf5cbabce3f9cdb0d5ab84074e2bb4fb56644c5ed4949ace9aa36e4ce
data/labels/Heinola/heinola_DJI_0025_frame87.txt,38,5b679c0857f67c2b69053c7cf74c94860b87a989f68f1b0a609146fddd8589e4
data/labels/Heinola/heinola_DJI_0025_frame88.txt,38,b858b2e3ac1640e994ab95af02400b4a5b6800f5fab3eda52ce9de5c93204788
data/labels/Heinola/heinola_DJI_0025_frame89.txt,38,ad8862b5d4d58d62258e5c30566e2b31d326e45ea1bbb2d68cfc778b40641283
data/labels/Heinola/heinola_DJI_0025_frame9.txt,38,bd7efe7c0275123bdc5de23b636ff8b479da33fc5b77f83d918829ebd9aec284
data/labels/Heinola/heinola_DJI_0025_frame90.txt,38,754159ea5a0cf18af985df07e01b2a3f0a803057fd895631e836c0611c20225b
data/labels/Heinola/heinola_DJI_0025_frame91.txt,38,918b30fd1bf7c08856f691284d5c857dfddfbe13ee09fd966bfa6a96cc825bf1
data/labels/Heinola/heinola_DJI_0025_frame92.txt,38,86690c050b1734a275897e9af2780ed0d60568c02347053fca7a1ff026f231c4
data/labels/Heinola/heinola_DJI_0025_frame93.txt,38,086683a615582d48c168d027403ac187aea8e07e239231e37deae91341acacb2
data/labels/Heinola/heinola_DJI_0025_frame94.txt,38,beefda131148123771eb4b5a7223c4bd01c0719f8551e59daeffa8f6eac15847
data/labels/Heinola/heinola_DJI_0025_frame95.txt,38,3f98eff8f5992085cf57a7352bd50393ca7bc1b62cfee0f0b2f13e01e60755de
data/labels/Heinola/heinola_DJI_0025_frame96.txt,38,14ade8bddd3fc93d1bcc233f5e34a6dd53e4905773d9072f0df385df90836c8e
data/labels/Heinola/heinola_DJI_0025_frame97.txt,38,a2751e34e67d9d00bea77b34bf371e5f4b025ca35a1bdbad949a6412a5b2de86
data/labels/Heinola/heinola_DJI_0025_frame98.txt,38,612f9d55c5b75c835dde9f125efbffc20e039d6508fdd8a559c00ae0748a54e5
data/labels/Heinola/heinola_DJI_0025_frame99.txt,38,465a919c59781aba06e67559d03557f28b2e3b33fb2eb7c98b5e50034cc7d2dd
data/labels/Heinola/heinola_DJI_0028_frame0.txt,0,e3b0c44298fc1c149afbf4c8996fb92427ae41e4649b934ca495991b7852b855
data/labels/Heinola/heinola_DJI_0028_frame10.txt,0,e3b0c44298fc1c149afbf4c8996fb92427ae41e4649b934ca495991b7852b855
data/labels/Heinola/heinola_DJI_0028_frame100.txt,0,e3b0c44298fc1c149afbf4c8996fb92427ae41e4649b934ca495991b7852b855
data/labels/Heinola/heinola_DJI_0028_frame103.txt,0,e3b0c44298fc1c149afbf4c8996fb92427ae41e4649b934ca495991b7852b855
data/labels/Heinola/heinola_DJI_0028_frame104.txt,0,e3b0c44298fc1c149afbf4c8996fb92427ae41e4649b934ca495991b7852b855
data/labels/Heinola/heinola_DJI_0028_frame107.txt,0,e3b0c44298fc1c149afbf4c8996fb92427ae41e4649b934ca495991b7852b855
data/labels/Heinola/heinola_DJI_0028_frame108.txt,0,e3b0c44298fc1c149afbf4c8996fb92427ae41e4649b934ca495991b7852b855
data/labels/Heinola/heinola_DJI_0028_frame11.txt,0,e3b0c44298fc1c149afbf4c8996fb92427ae41e4649b934ca495991b7852b855
data/labels/Heinola/heinola_DJI_0028_frame110.txt,0,e3b0c44298fc1c149afbf4c8996fb92427ae41e4649b934ca495991b7852b855
data/labels/Heinola/heinola_DJI_0028_frame111.txt,0,e3b0c44298fc1c149afbf4c8996fb92427ae41e4649b934ca495991b7852b855
data/labels/Heinola/heinola_DJI_0028_frame114.txt,0,e3b0c44298fc1c149afbf4c8996fb92427ae41e4649b934ca495991b7852b855
data/labels/Heinola/heinola_DJI_0028_frame115.txt,0,e3b0c44298fc1c149afbf4c8996fb92427ae41e4649b934ca495991b7852b855
data/labels/Heinola/heinola_DJI_0028_frame116.txt,0,e3b0c44298fc1c149afbf4c8996fb92427ae41e4649b934ca495991b7852b855
data/labels/Heinola/heinola_DJI_0028_frame118.txt,0,e3b0c44298fc1c149afbf4c8996fb92427ae41e4649b934ca495991b7852b855
data/labels/Heinola/heinola_DJI_0028_frame119.txt,0,e3b0c44298fc1c149afbf4c8996fb92427ae41e4649b934ca495991b7852b855
data/labels/Heinola/heinola_DJI_0028_frame122.txt,0,e3b0c44298fc1c149afbf4c8996fb92427ae41e4649b934ca495991b7852b855
data/labels/Heinola/heinola_DJI_0028_frame123.txt,0,e3b0c44298fc1c149afbf4c8996fb92427ae41e4649b934ca495991b7852b855
data/labels/Heinola/heinola_DJI_0028_frame126.txt,0,e3b0c44298fc1c149afbf4c8996fb92427ae41e4649b934ca495991b7852b855
data/labels/Heinola/heinola_DJI_0028_frame127.txt,0,e3b0c44298fc1c149afbf4c8996fb92427ae41e4649b934ca495991b7852b855
data/labels/Heinola/heinola_DJI_0028_frame128.txt,0,e3b0c44298fc1c149afbf4c8996fb92427ae41e4649b934ca495991b7852b855
data/labels/Heinola/heinola_DJI_0028_frame13.txt,0,e3b0c44298fc1c149afbf4c8996fb92427ae41e4649b934ca495991b7852b855
data/labels/Heinola/heinola_DJI_0028_frame131.txt,0,e3b0c44298fc1c149afbf4c8996fb92427ae41e4649b934ca495991b7852b855
data/labels/Heinola/heinola_DJI_0028_frame132.txt,0,e3b0c44298fc1c149afbf4c8996fb92427ae41e4649b934ca495991b7852b855
data/labels/Heinola/heinola_DJI_0028_frame133.txt,0,e3b0c44298fc1c149afbf4c8996fb92427ae41e4649b934ca495991b7852b855
data/labels/Heinola/heinola_DJI_0028_frame134.txt,0,e3b0c44298fc1c149afbf4c8996fb92427ae41e4649b934ca495991b7852b855
data/labels/Heinola/heinola_DJI_0028_frame136.txt,0,e3b0c44298fc1c149afbf4c8996fb92427ae41e4649b934ca495991b7852b855
data/labels/Heinola/heinola_DJI_0028_frame137.txt,0,e3b0c44298fc1c149afbf4c8996fb92427ae41e4649b934ca495991b7852b855
data/labels/Heinola/heinola_DJI_0028_frame138.txt,0,e3b0c44298fc1c149afbf4c8996fb92427ae41e4649b934ca495991b7852b855
data/labels/Heinola/heinola_DJI_0028_frame14.txt,0,e3b0c44298fc1c149afbf4c8996fb92427ae41e4649b934ca495991b7852b855
data/labels/Heinola/heinola_DJI_0028_frame142.txt,0,e3b0c44298fc1c149afbf4c8996fb92427ae41e4649b934ca495991b7852b855
data/labels/Heinola/heinola_DJI_0028_frame143.txt,0,e3b0c44298fc1c149afbf4c8996fb92427ae41e4649b934ca495991b7852b855
data/labels/Heinola/heinola_DJI_0028_frame145.txt,0,e3b0c44298fc1c149afbf4c8996fb92427ae41e4649b934ca495991b7852b855
data/labels/Heinola/heinola_DJI_0028_frame146.txt,0,e3b0c44298fc1c149afbf4c8996fb92427ae41e4649b934ca495991b7852b855
data/labels/Heinola/heinola_DJI_0028_frame147.txt,0,e3b0c44298fc1c149afbf4c8996fb92427ae41e4649b934ca495991b7852b855
data/labels/Heinola/heinola_DJI_0028_frame15.txt,38,e7a9bb9be99502e9aeb8e0bc61e016f2b825cd06cb5d15d4a86b7da28ff474f8
data/labels/Heinola/heinola_DJI_0028_frame153.txt,38,a54e5d8929c00cb996bc415fb833ef0270f0c2b28a7b56b5e32a2cf000b1d46b
data/labels/Heinola/heinola_DJI_0028_frame154.txt,38,fd99ed7605b2869085d8b29b4dc820d7fcb2c191cb82479c2880a88a4d243b7b
data/labels/Heinola/heinola_DJI_0028_frame155.txt,38,ca2cfad69b0343181d1718a146929c9ff642c044d13ea7bd28fd013830041650
data/labels/Heinola/heinola_DJI_0028_frame156.txt,38,5add943c3f8dd8f25e7f18331ab6cdcc36bf373132ea360768ae92a9a6142ce3
data/labels/Heinola/heinola_DJI_0028_frame157.txt,38,9a9ee8f87b58518eb2c44b147f8e8da4d9cd9cc6d8409ba343c1c18f8529f3ee
data/labels/Heinola/heinola_DJI_0028_frame158.txt,38,2390b5ecc8981bb5a519235ded8bc812b3e60f37e5093361f1436ad6b5c30ceb
data/labels/Heinola/heinola_DJI_0028_frame159.txt,38,c750356e78a67ab680a77fc37a61b180b6296964fd662c6fb2fda35297f409b9
data/labels/Heinola/heinola_DJI_0028_frame16.txt,38,6402ce87e3702857d701e99e034cdba313d95ede192f2aa8d26dd18fd87021bf
data/labels/Heinola/heinola_DJI_0028_frame160.txt,38,b9c9b7ae41e0324db1ea9c1c8afb8e6ed136118580f6b5cd19046d329ba7e529
data/labels/Heinola/heinola_DJI_0028_frame161.txt,38,72355201c1508ca1750138e10a774bba17d061da2812ca02693c2b44463009e8
data/labels/Heinola/heinola_DJI_0028_frame162.txt,38,cb88bf98f223081279214812d90dd2a5b0b72bc64ca9cc0e15878e68243b5d2f
data/labels/Heinola/heinola_DJI_0028_frame163.txt,38,321034fd89f798aa0640f9528026241c25cea7b0a98f226a3e7ff1b4fcaa8113
data/labels/Heinola/heinola_DJI_0028_frame164.txt,38,d269d90f535a14f68fe1220a00a0fbacfc6855958480a92e39c172cbde0de8c8
data/labels/Heinola/heinola_DJI_0028_frame165.txt,38,23a50139605e12f60bfbe42fa29554ccdfd0dd1bfbefadb7066f290bf5cd8472
data/labels/Heinola/heinola_DJI_0028_frame166.txt,38,755cd173e57cc4689181bdb0c20280d2fb67bc8b80a81fb6548f2ba48fe0fe5f
data/labels/Heinola/heinola_DJI_0028_frame167.txt,38,d577c84af5f3134565e1fc124549c078f831809e309e5e851db09e8611774d38
data/labels/Heinola/heinola_DJI_0028_frame168.txt,38,b03dfb03dc75d2d1cc3d8c734699cef6ee9c198583c1faf0142066e1f8ce24c4
data/labels/Heinola/heinola_DJI_0028_frame169.txt,38,3cc1c36b86f007006e8c68536e962c634a7dc2a5ad769950797c8af129162eab
data/labels/Heinola/heinola_DJI_0028_frame17.txt,38,41f6362e31aa05509c58ff0351c59432a9fc8546eb6982b5306e787eb4b1411c
data/labels/Heinola/heinola_DJI_0028_frame170.txt,38,34236ef3f0d40747666a1e4bef27d9825e33f6dd359817a65a49205d21071e66
data/labels/Heinola/heinola_DJI_0028_frame171.txt,38,7b780e8a9f3882309b324a20ae7ac7bdfa882d0cb87ff6c325dca4a9273839c4
data/labels/Heinola/heinola_DJI_0028_frame172.txt,38,ca7dd07b5dd0e291e5dc7fb5f067eb28981332b9ee62127a687b84a4762ae755
data/labels/Heinola/heinola_DJI_0028_frame173.txt,38,4835719cb07ec8ae86c04af881e8911da52a9aed4776f4f99cb5547a6627cf9d
data/labels/Heinola/heinola_DJI_0028_frame174.txt,38,d83cf33097e818b15fce00d6279636e510e95b514b01e9799882ed62f9bb444b
data/labels/Heinola/heinola_DJI_0028_frame175.txt,38,6da31ce3ce0a3e0934e3eb3481b109aec526bc08b66bc2ccc5726660671030a5
data/labels/Heinola/heinola_DJI_0028_frame176.txt,38,9c170e9f3ddc7e909a26e981c2392a008dea9d02934b68ea3c963f230b6615a5
data/labels/Heinola/heinola_DJI_0028_frame177.txt,38,6dd3f156a0e8cd41e176b106c052c0c0ca44596d875a76c4b694d209c5c77cec
data/labels/Heinola/heinola_DJI_0028_frame178.txt,38,de155068b14b00f2419f1b533a9c190aa9c2fef5cc863eaf1394ca59a4fc64b7
data/labels/Heinola/heinola_DJI_0028_frame179.txt,38,158a273f13d2fad155425c6c61f386e67aa3b966736d111c0e3ee4d9c23cac63
data/labels/Heinola/heinola_DJI_0028_frame18.txt,38,0c049052a172a3a48011c92cb476e929268529a71813641597612637d058a2ff
data/labels/Heinola/heinola_DJI_0028_frame180.txt,38,7819478094fada2d78470cf98e1716a03591aa87ccf831245e5d4f978cb2a49c
data/labels/Heinola/heinola_DJI_0028_frame181.txt,38,f4b38108d1a69b96ef745bdb57da0f534a70eb6a7eb984e50dcad15a559c8b67
data/labels/Heinola/heinola_DJI_0028_frame182.txt,38,cf61ee19d78b8413f80a5d3c2e23ae5afee29772194ae7bf7c59a5aa39e53d1c
data/labels/Heinola/heinola_DJI_0028_frame183.txt,38,60358c1402b133fd03cb82dae90d924ebd3178d4140975f0fd9476d4646b1841
data/labels/Heinola/heinola_DJI_0028_frame184.txt,38,8bb0cdbd7fa070cfed592a6c473aa3ef1c13ee1f05e7c671befe388d806ab794
data/labels/Heinola/heinola_DJI_0028_frame185.txt,38,c2b5b9f4e52bc914cc64cbfb1f2e3e8a7fcd379b493865e5740e745408e93018
data/labels/Heinola/heinola_DJI_0028_frame186.txt,38,855c719576d32afcd57f0daedaa7e05c53b0c6502ea7a01bd5ef705ef77af12a
data/labels/Heinola/heinola_DJI_0028_frame187.txt,38,193d0d4726165138d3be7eae02a475e6cc5a83cec76acba3b6322a41847beb80
data/labels/Heinola/heinola_DJI_0028_frame19.txt,38,f8d9f513918116abad4eafaf544a6d4e4326e581920f4e7565e9bafbc8c7c6d4
data/labels/Heinola/heinola_DJI_0028_frame195.txt,0,e3b0c44298fc1c149afbf4c8996fb92427ae41e4649b934ca495991b7852b855
data/labels/Heinola/heinola_DJI_0028_frame196.txt,0,e3b0c44298fc1c149afbf4c8996fb92427ae41e4649b934ca495991b7852b855
data/labels/Heinola/heinola_DJI_0028_frame197.txt,0,e3b0c44298fc1c149afbf4c8996fb92427ae41e4649b934ca495991b7852b855
data/labels/Heinola/heinola_DJI_0028_frame198.txt,0,e3b0c44298fc1c149afbf4c8996fb92427ae41e4649b934ca495991b7852b855
data/labels/Heinola/heinola_DJI_0028_frame199.txt,0,e3b0c44298fc1c149afbf4c8996fb92427ae41e4649b934ca495991b7852b855
data/labels/Heinola/heinola_DJI_0028_frame20.txt,38,b601e06bf015eaecc07e02a6c1a35ef4dde877eb80d166981f98abbb18cb050d
data/labels/Heinola/heinola_DJI_0028_frame200.txt,0,e3b0c44298fc1c149afbf4c8996fb92427ae41e4649b934ca495991b7852b855
data/labels/Heinola/heinola_DJI_0028_frame202.txt,0,e3b0c44298fc1c149afbf4c8996fb92427ae41e4649b934ca495991b7852b855
data/labels/Heinola/heinola_DJI_0028_frame204.txt,0,e3b0c44298fc1c149afbf4c8996fb92427ae41e4649b934ca495991b7852b855
data/labels/Heinola/heinola_DJI_0028_frame205.txt,0,e3b0c44298fc1c149afbf4c8996fb92427ae41e4649b934ca495991b7852b855
data/labels/Heinola/heinola_DJI_0028_frame206.txt,0,e3b0c44298fc1c149afbf4c8996fb92427ae41e4649b934ca495991b7852b855
data/labels/Heinola/heinola_DJI_0028_frame207.txt,0,e3b0c44298fc1c149afbf4c8996fb92427ae41e4649b934ca495991b7852b855
data/labels/Heinola/heinola_DJI_0028_frame209.txt,0,e3b0c44298fc1c149afbf4c8996fb92427ae41e4649b934ca495991b7852b855
data/labels/Heinola/heinola_DJI_0028_frame21.txt,38,794bed517f96b24ed20090d6b73e6a53d7fede27e2194f51e3555bcecadb9fb9
data/labels/Heinola/heinola_DJI_0028_frame210.txt,0,e3b0c44298fc1c149afbf4c8996fb92427ae41e4649b934ca495991b7852b855
data/labels/Heinola/heinola_DJI_0028_frame211.txt,0,e3b0c44298fc1c149afbf4c8996fb92427ae41e4649b934ca495991b7852b855
data/labels/Heinola/heinola_DJI_0028_frame212.txt,0,e3b0c44298fc1c149afbf4c8996fb92427ae41e4649b934ca495991b7852b855
data/labels/Heinola/heinola_DJI_0028_frame213.txt,0,e3b0c44298fc1c149afbf4c8996fb92427ae41e4649b934ca495991b7852b855
data/labels/Heinola/heinola_DJI_0028_frame214.txt,0,e3b0c44298fc1c149afbf4c8996fb92427ae41e4649b934ca495991b7852b855
data/labels/Heinola/heinola_DJI_0028_frame218.txt,0,e3b0c44298fc1c149afbf4c8996fb92427ae41e4649b934ca495991b7852b855
data/labels/Heinola/heinola_DJI_0028_frame219.txt,0,e3b0c44298fc1c149afbf4c8996fb92427ae41e4649b934ca495991b7852b855
data/labels/Heinola/heinola_DJI_0028_frame22.txt,38,c8a7e53a1a51d06d03f1bc88e9b94f981a144164731ae75d2f5bd6c71a301296
data/labels/Heinola/heinola_DJI_0028_frame220.txt,0,e3b0c44298fc1c149afbf4c8996fb92427ae41e4649b934ca495991b7852b855
data/labels/Heinola/heinola_DJI_0028_frame221.txt,0,e3b0c44298fc1c149afbf4c8996fb92427ae41e4649b934ca495991b7852b855
data/labels/Heinola/heinola_DJI_0028_frame222.txt,0,e3b0c44298fc1c149afbf4c8996fb92427ae41e4649b934ca495991b7852b855
data/labels/Heinola/heinola_DJI_0028_frame223.txt,0,e3b0c44298fc1c149afbf4c8996fb92427ae41e4649b934ca495991b7852b855
data/labels/Heinola/heinola_DJI_0028_frame224.txt,0,e3b0c44298fc1c149afbf4c8996fb92427ae41e4649b934ca495991b7852b855
data/labels/Heinola/heinola_DJI_0028_frame225.txt,0,e3b0c44298fc1c149afbf4c8996fb92427ae41e4649b934ca495991b7852b855
data/labels/Heinola/heinola_DJI_0028_frame229.txt,0,e3b0c44298fc1c149afbf4c8996fb92427ae41e4649b934ca495991b7852b855
data/labels/Heinola/heinola_DJI_0028_frame23.txt,38,3e1f8e16f98439a39f4e7fc1f6d14997bd6ca310c36cc3af5a2753b9a29556c4
data/labels/Heinola/heinola_DJI_0028_frame230.txt,0,e3b0c44298fc1c149afbf4c8996fb92427ae41e4649b934ca495991b7852b855
data/labels/Heinola/heinola_DJI_0028_frame24.txt,38,2fc3a7c22d43c52961c6c450ceca24cadc64dc2d557d141d3c71b73598d876cc
data/labels/Heinola/heinola_DJI_0028_frame244.txt,38,8a2001f4cd1c76081b45a188d8de268b8f31c24683f81bd3817248123b02ed66
data/labels/Heinola/heinola_DJI_0028_frame245.txt,38,f976baad466f6f240c1c9e886f18d0ce73e4dae24a3a690adc4f302863d22fa9
data/labels/Heinola/heinola_DJI_0028_frame246.txt,38,3d5ba6b9c80c535ce605856a9ea58cdf1787cb2a956d20ca297c84e9eaacfaa3
data/labels/Heinola/heinola_DJI_0028_frame247.txt,38,83a2369fb44373c21a99942fc6bf9ff98d43a9cd7a51b20a4d79d7ee72d0d545
data/labels/Heinola/heinola_DJI_0028_frame248.txt,38,a8c65363c383d81026c31fc78425329f8f108d62ba4355b703f74b8f33db40b9
data/labels/Heinola/heinola_DJI_0028_frame249.txt,38,13945734af22eed52c1c0d0308d224adfdf2f1874af2a2facbd3cbae4539765a
data/labels/Heinola/heinola_DJI_0028_frame25.txt,38,f5505698f62dd52bd27b516b5a078229911904b157fa8d0cd42ca55a8e94aa43
data/labels/Heinola/heinola_DJI_0028_frame250.txt,38,d6edfc0195414fb11d81701d6976ac6c41bff65b8d3a2fa767e3ef22f0145e13
data/labels/Heinola/heinola_DJI_0028_frame251.txt,38,f4729eb254999c777b0b0d0f6dd02017d8284c8ac28c88221e8990d22dbe4e97
data/labels/Heinola/heinola_DJI_0028_frame252.txt,38,5d9fbd158570043f410235ae21e5c3f947068e126e86df721d9f0afdc1393692
data/labels/Heinola/heinola_DJI_0028_frame253.txt,38,6ed52a1dd049c3c476094ba19bd18ef01769d249f4f2edbbd9ea4dea507113be
data/labels/Heinola/heinola_DJI_0028_frame254.txt,38,aa250d54ba2a806beba6b601dc934355991fca0b12110ba8c4c74d190750c48e
data/labels/Heinola/heinola_DJI_0028_frame255.txt,38,aa9b2a2f66f580f5ad45a93a733cd31085a16bbf666c3fb82fe2e7f2484afc67
data/labels/Heinola/heinola_DJI_0028_frame256.txt,38,6a4d3675e80d1820b2f75c5fc230fed7e5fb4a174ea54627cf61c6cc53f5d1fe
data/labels/Heinola/heinola_DJI_0028_frame257.txt,38,73568f06e5d421f7a9224afc11ee4167adbd3ddef35c69076251fd5c27a86f37
data/labels/Heinola/heinola_DJI_0028_frame258.txt,38,8c2e09a8529fa710333c4abd4db68738c3eef9eb4f4fd4a7f3127c5e028d614a
data/labels/Heinola/heinola_DJI_0028_frame259.txt,38,71976ca57d3c461d4d47a795cd3545d499be8713acbbcb368a165b309dbbf04e
data/labels/Heinola/heinola_DJI_0028_frame26.txt,38,4fc8f1a050615696df691317f98dbcc9656f11eee9d6384b2eac1905b2067b42
data/labels/Heinola/heinola_DJI_0028_frame260.txt,38,614440033c9ad63df74255d350b23d4273aed7e20b869414d2c55dcd83bcf44a
data/labels/Heinola/heinola_DJI_0028_frame261.txt,38,f24402f59b186b34956ea117ff65a9ae6f1eff6f84c7ae18abf5f049150ba0be
data/labels/Heinola/heinola_DJI_0028_frame262.txt,38,e46f33cc9bed4cd8b8ef8715394434d87b4e32ececd797712999727ec1d8d60a
data/labels/Heinola/heinola_DJI_0028_frame263.txt,38,3a74b544c7fb7f87d74960ea68d4b85d3ff267ec312428bdc933e9140f926fc5
data/labels/Heinola/heinola_DJI_0028_frame264.txt,38,6d4d7cd4f4a52b1739691e54d03d10353c167740f10b33c3d0f295b900f09eab
data/labels/Heinola/heinola_DJI_0028_frame265.txt,38,c18986761ff03d8d886ef09fff519a041fccdad59e2b6bb03680df50d9583d9e
data/labels/Heinola/heinola_DJI_0028_frame266.txt,38,1c9f5d8fe109dfa29abe71440f0ab07435a6fe363bfb1bba2ed1bcd09f379a71
data/labels/Heinola/heinola_DJI_0028_frame267.txt,38,e8a31408b42154fededf5d397d4b3e3c9f082388f3a041a83ac0873e754947c9
data/labels/Heinola/heinola_DJI_0028_frame268.txt,38,62ab88804106135baa5ffdfea969dcb30dd3b32229993f07563b6356d354b9dc
data/labels/Heinola/heinola_DJI_0028_frame269.txt,38,82159e3af00499d2c654919a3c76e5263674fa25c93f9755a184135cb66793cd
data/labels/Heinola/heinola_DJI_0028_frame27.txt,38,7c779c2c3f6736f762cf10f74ad58d4fff1a86e7fbe3e8228065495e2eccd163
data/labels/Heinola/heinola_DJI_0028_frame270.txt,38,f0e5c7d65807a937816c1b2b00bdb750b9a620858d878fd1403d0a9f3744fb18
data/labels/Heinola/heinola_DJI_0028_frame271.txt,38,fa62b8c707ae4d4b6a81c195290b8bffdd4b66ee39c1e133a8410e337842d6f8
data/labels/Heinola/heinola_DJI_0028_frame272.txt,38,92280efdca4695775a447b9bf2eb5e49f0a21b805c5e396b023bc69b6c1b4a27
data/labels/Heinola/heinola_DJI_0028_frame273.txt,38,eeeeb2bd47479fdb09042b8e91c15a5f3c65b315f667ca7f1b0a967314d8940b
data/labels/Heinola/heinola_DJI_0028_frame274.txt,38,89d304ac499048c9f119a1f5c855ec7f7545da05c55627926fb8681174c10baf
data/labels/Heinola/heinola_DJI_0028_frame275.txt,38,37a253069b8443f6337ae2dda6936025b094fcf257570e7340321ef9e40aad84
data/labels/Heinola/heinola_DJI_0028_frame276.txt,38,b56cca575dab27cafae854d4f6a795adb651885a08b6e4cfba5aab3daf5f07ba
data/labels/Heinola/heinola_DJI_0028_frame277.txt,38,b479f86ae21e7cc4474209a3850c91deed85c0973e75c5ca1f7435f2d025493d
data/labels/Heinola/heinola_DJI_0028_frame278.txt,38,d42255e20b11306b30df6798eb94273b1623284848a73edc8d5fba4e06a865ef
data/labels/Heinola/heinola_DJI_0028_frame279.txt,38,9545e6009849b845b69e671882880c98ee3d01db03f8f4ebc9486f869ad85d19
data/labels/Heinola/heinola_DJI_0028_frame28.txt,38,ec0d7af6dfa3f950685c5ae5cd72d3f287b4c2f69e8bf45b327a479b2bd987c8
data/labels/Heinola/heinola_DJI_0028_frame280.txt,38,575955fb7b6149dbf9558a4176d71555a2ad445dd995b914fda384ebab40644c
data/labels/Heinola/heinola_DJI_0028_frame281.txt,38,78d03bb02e517defcc16d549aa6ef7338653f2c7afeb300f853bb98b94e6af78
data/labels/Heinola/heinola_DJI_0028_frame282.txt,38,6a78be022b7a742ac6675bd215c16ca128e3eea176b802b80860e0d117cd122a
data/labels/Heinola/heinola_DJI_0028_frame283.txt,38,5c4cfd8dc44649d5ebf19ebeec0e233d4706020eaf139a40cf2054d9f51c819b
data/labels/Heinola/heinola_DJI_0028_frame284.txt,38,6c9a5bbe591330c3531add4e1fe9d56154f9ae494f5a58d8e6bcb6a3097e4a57
data/labels/Heinola/heinola_DJI_0028_frame285.txt,38,b0fd8c97c5d87e1d208694b9bc1990589dfe73a7dc599e336c3d309d19530d9b
data/labels/Heinola/heinola_DJI_0028_frame286.txt,38,467376002a7bc84e604ccac2c784955d779d91f91397f0d0610bc66c97406ae0
data/labels/Heinola/heinola_DJI_0028_frame287.txt,38,5abe31b2b7fb2883a244aaf050d5bf3334e1d53c99f8ee4fcf7f3d4585d1f786
data/labels/Heinola/heinola_DJI_0028_frame288.txt,38,a7411f8e91217928d15a3160c91db2867d735148ee79b52c26453043a452d883
data/labels/Heinola/heinola_DJI_0028_frame289.txt,38,3821b44734a5b000af880a497abcbc470306cdec3977ae2cca06b64a8a306cd6
data/labels/Heinola/heinola_DJI_0028_frame29.txt,38,adeff0c38f00bf137bdd60dea249e071cb2daefff594844ff3ee5f82ade3f6ae
data/labels/Heinola/heinola_DJI_0028_frame290.txt,38,cd2a5659327d54456a0169ff5d19d5074ac865b79279503ea65a3d336540681c
data/labels/Heinola/heinola_DJI_0028_frame291.txt,38,fbb7b7182214c75fa2d973c90a469b1abe1f3b19d055030b3fba011a652d66e6
data/labels/Heinola/heinola_DJI_0028_frame292.txt,38,dae48f08b23cd7ed7e01ef7fbe278c524b2e3da9eb828826323541a76f367951
data/labels/Heinola/heinola_DJI_0028_frame293.txt,38,15c43a599af14d51c626226915282a6ba153059c3d06b44e19443c47534210a6
data/labels/Heinola/heinola_DJI_0028_frame294.txt,38,b9df9915fc417e4a8b91258bcc201b002ca9e5791d7d24370254bbca84261142
data/labels/Heinola/heinola_DJI_0028_frame295.txt,38,ab001e9fdef8a23d1f5b9e56cf70679f4f23fafe45b6801d4cf8242accb5b7fb
data/labels/Heinola/heinola_DJI_0028_frame296.txt,38,61c96ac4d7cec359c77bee1f532a6f523610f17bc0afa857dc86f08ccf55d332
data/labels/Heinola/heinola_DJI_0028_frame297.txt,38,7fe6022a5938e03212782aedb094aeba1f0cd952fabb16584a22c6a654a98883
data/labels/Heinola/heinola_DJI_0028_frame298.txt,38,cb2bbec77ea6ecced3f40c84d0fad52a3dc2a4c9309742df727bdc9e731d1741
data/labels/Heinola/heinola_DJI_0028_frame299.txt,38,457fc410c1c46fbdb33961802d51cea3de9039dcf787980394330d06e93a8314
data/labels/Heinola/heinola_DJI_0028_frame30.txt,38,8d555312528067d32f799387b7069e8f3265a674f5c52041602272a66fce4f53
data/labels/Heinola/heinola_DJI_0028_frame300.txt,38,78eaf5e156b8a7fbc789d2385f0a26048b07f6d635eea5c7436efcf6e8d29a35
data/labels/Heinola/heinola_DJI_0028_frame301.txt,38,34edc5ab050eeeb779c6155534d5513f4e5471a061c4017e3691f1d1596a5419
data/labels/Heinola/heinola_DJI_0028_frame302.txt,38,3b3b8ed00c5599831e870cdfdf24a88ff6fe9ab08cc85475ce41be34ace02457
data/labels/Heinola/heinola_DJI_0028_frame303.txt,38,1a687c9b5ba0eb9f46f1cbf78f7e4a1cadbf8589a26fea6cf65bc043e322e7eb
data/labels/Heinola/heinola_DJI_0028_frame304.txt,38,b93af461316f48031afa3c79145425e063033cf6736bc04ae4603049afbaf6f0
data/labels/Heinola/heinola_DJI_0028_frame305.txt,38,0abd356cc789554ab72e228e0e4fbc924be9c45deebad784974ee9829bd4f0c9
data/labels/Heinola/heinola_DJI_0028_frame306.txt,38,6a2c660cd8251ea185dbdfacb0441c82025f0083b8bb4c634f4865da0bf8e3a7
data/labels/Heinola/heinola_DJI_0028_frame307.txt,38,9eeb86a48a60df6b67a70f27e52a47300a6cb935efb158c0ce6979bd1efa1ed3
data/labels/Heinola/heinola_DJI_0028_frame308.txt,38,8212e07f3a8953ab892b6e95f143f9235778207dc90e6d4f867423a776e9fae2
data/labels/Heinola/heinola_DJI_0028_frame309.txt,38,6050ea70fc0008a8966b238aed6df10003f4f63ee9a8eac4af0425427f0f7e7d
data/labels/Heinola/heinola_DJI_0028_frame31.txt,38,751a5d8f1bb9598efd21ffdd0d3b370999ed0768710fd28ee0e80ab366cd245f
data/labels/Heinola/heinola_DJI_0028_frame310.txt,38,ff0ea1aa663ea2d06420c4e36d7ca49aa2c2fb6df9003bb40b92f9ec42992a2e
data/labels/Heinola/heinola_DJI_0028_frame311.txt,38,d65f6236af1e87b52d30ab8c325822c87daa1305e316a889edebe38f5271d748
data/labels/Heinola/heinola_DJI_0028_frame312.txt,38,96789f521e8358c05049e3917126e81b2ab835f02147f8eb39587457002e9fa0
data/labels/Heinola/heinola_DJI_0028_frame313.txt,38,f4d99ad161b8d158bc3a9785f752cd1e712633723431a84523b30565448fafbc
data/labels/Heinola/heinola_DJI_0028_frame314.txt,38,d45cc042e7bfdae7855cf78ea9d35a3b10665354e045d4114cf1fe4f1f6ad2a7
data/labels/Heinola/heinola_DJI_0028_frame315.txt,38,57ad986bfa3bdeb025953be92fad9f4ab07093204020c4a9060a185c4eb7b124
data/labels/Heinola/heinola_DJI_0028_frame316.txt,38,ba027dbe53ad9cc4bbed1eea64291080e5a7f565810991c6b8085e712719966a
data/labels/Heinola/heinola_DJI_0028_frame317.txt,265,df6e55d644cd2c095445f788900b76c38c25e3087b98e303744d0eecb39ce727
data/labels/Heinola/heinola_DJI_0028_frame318.txt,38,8940e012c86e35a75e11dde2d7a4ad2d72042ce3f98590c524f25550a9601bd1
data/labels/Heinola/heinola_DJI_0028_frame319.txt,38,4f0a3bf907efcd6ca1e16775ba3c932ecefe1ca8b98920c1a8b9c970e38c22a7
data/labels/Heinola/heinola_DJI_0028_frame32.txt,38,2d9d6c77c210d1e4c599fbdf3c26c1b65dcdbc199c8a2acb335cd5fb8ad185ab
data/labels/Heinola/heinola_DJI_0028_frame320.txt,38,2f53eecaeeb7e9267f0db02a28cb68e5ae23f6cff69698aaeaf1df9852ce60a0
data/labels/Heinola/heinola_DJI_0028_frame321.txt,38,863a09876cd0a0b680c5434ee5d2ba965737b6d06734c40555a047f2f030ca4e
data/labels/Heinola/heinola_DJI_0028_frame322.txt,38,2b2a381a817d359c44773ee03291286507f962b35e6bfae92f54f8a1d208e01f
data/labels/Heinola/heinola_DJI_0028_frame323.txt,38,ca12ffaa14d139aac32e1dd15c595426e1918fcba4f9cb846ee57a6c8dda0ed5
data/labels/Heinola/heinola_DJI_0028_frame324.txt,38,8a8cbe1c82c8b4157807abc291f9348d9a0c64c3afd205d4f06723580f234f21
data/labels/Heinola/heinola_DJI_0028_frame325.txt,38,18ee6592a971a475ab4c7374d1904720e3ab7a9024f8b978d861413db5bf9e47
data/labels/Heinola/heinola_DJI_0028_frame326.txt,38,20e6e0ab52dff2165b562518c9947af6888230bb30004228ee62242aacfe9d96
data/labels/Heinola/heinola_DJI_0028_frame327.txt,38,ebd38525eefce9ec42a2e2fa07a900bd25799a675a95fab0986db9bf45f41cf2
data/labels/Heinola/heinola_DJI_0028_frame328.txt,38,a056955d571bbd75ea68bc4463bb10bb3e72675a5473ce29ffa05d34c44ff120
data/labels/Heinola/heinola_DJI_0028_frame329.txt,38,b15eab258040b25bbea7b12cd2fa964f8573af5d835414fa67fc4146b26ef3d0
data/labels/Heinola/heinola_DJI_0028_frame33.txt,38,c812356fd3f7df4ef534d99948c2322f2ef771f63ab45aad1484fd0e5f6c6fa9
data/labels/Heinola/heinola_DJI_0028_frame330.txt,38,338409a0ada4692a36cff41c0aadccea6193baa0e652c1a5be46dab7b53737b4
data/labels/Heinola/heinola_DJI_0028_frame331.txt,38,72613fc8e550f848651e432146e9d52bfb90fbe88daf37878f7766dd4d6ddcfb
data/labels/Heinola/heinola_DJI_0028_frame332.txt,38,5f32e20658eaa7c039d789747fb30f0780d7fa0cfccfe0c2a8a5b4c78ad3a9aa
data/labels/Heinola/heinola_DJI_0028_frame333.txt,38,630d3ab9de3464f9c4cad95101f3878c9efab2dbaab29639e7c78a684f6d7007
data/labels/Heinola/heinola_DJI_0028_frame334.txt,38,bffe0701184a5bcd3ba4f7b07becb8e587568fb1df34147fee94ad524bf7889f
data/labels/Heinola/heinola_DJI_0028_frame335.txt,38,5e7598e4c99262748c4ff069494de94574ecf8a69759bc8122967de7c2bd6faf
data/labels/Heinola/heinola_DJI_0028_frame336.txt,38,479291592567b40da8cb05f3c73b1def086829264537f4b731e30cc17bce5e1f
data/labels/Heinola/heinola_DJI_0028_frame337.txt,38,9d9b092d6f580e3da659bf91ae55f9e8042a6f835ce1be3c4f242efb8d8b12b2
data/labels/Heinola/heinola_DJI_0028_frame338.txt,38,333385ccfded4a43921c2a7f330c9d443c4fa2d04e5693c7ccf9b9023ba06963
data/labels/Heinola/heinola_DJI_0028_frame339.txt,38,2ba9fb7ab8ba7eb0cf51c9e3faec1262bd0355ba2094dbea2f9c831136cc67e3
data/labels/Heinola/heinola_DJI_0028_frame34.txt,38,f126d216f52c19dca711054ea88f8486809ffe2a72ce8d050dc87914b5fd642d
data/labels/Heinola/heinola_DJI_0028_frame340.txt,38,6871a8aef2860e5fdb543e1a1a7240a0d383634a28c77655fad4f6950ca71086
data/labels/Heinola/heinola_DJI_0028_frame35.txt,38,91c0f3bf65fe06e25701d7057f2d01dd851388c7c18cc4f31f6e478b6854d9db
data/labels/Heinola/heinola_DJI_0028_frame36.txt,38,94b3c456648d10796d3b3efb764049cc9c0f7b0c2afce40e4ed2a608aa5dbb75
data/labels/Heinola/heinola_DJI_0028_frame37.txt,38,345c9817b03040460992cbd998ddabd8acded0f519175ca07b7d358eec83ee79
data/labels/Heinola/heinola_DJI_0028_frame38.txt,38,f7d44d27a123cd1563eec80fa7a97012a54f84d76a01eb2738ee808ef0677f79
data/labels/Heinola/heinola_DJI_0028_frame39.txt,0,e3b0c44298fc1c149afbf4c8996fb92427ae41e4649b934ca495991b7852b855
data/labels/Heinola/heinola_DJI_0028_frame4.txt,0,e3b0c44298fc1c149afbf4c8996fb92427ae41e4649b934ca495991b7852b855
data/labels/Heinola/heinola_DJI_0028_frame40.txt,0,e3b0c44298fc1c149afbf4c8996fb92427ae41e4649b934ca495991b7852b855
data/labels/Heinola/heinola_DJI_0028_frame41.txt,0,e3b0c44298fc1c149afbf4c8996fb92427ae41e4649b934ca495991b7852b855
data/labels/Heinola/heinola_DJI_0028_frame43.txt,0,e3b0c44298fc1c149afbf4c8996fb92427ae41e4649b934ca495991b7852b855
data/labels/Heinola/heinola_DJI_0028_frame44.txt,0,e3b0c44298fc1c149afbf4c8996fb92427ae41e4649b934ca495991b7852b855
data/labels/Heinola/heinola_DJI_0028_frame45.txt,0,e3b0c44298fc1c149afbf4c8996fb92427ae41e4649b934ca495991b7852b855
data/labels/Heinola/heinola_DJI_0028_frame46.txt,0,e3b0c44298fc1c149afbf4c8996fb92427ae41e4649b934ca495991b7852b855
data/labels/Heinola/heinola_DJI_0028_frame47.txt,0,e3b0c44298fc1c149afbf4c8996fb92427ae41e4649b934ca495991b7852b855
data/labels/Heinola/heinola_DJI_0028_frame48.txt,0,e3b0c44298fc1c149afbf4c8996fb92427ae41e4649b934ca495991b7852b855
data/labels/Heinola/heinola_DJI_0028_frame49.txt,0,e3b0c44298fc1c149afbf4c8996fb92427ae41e4649b934ca495991b7852b855
data/labels/Heinola/heinola_DJI_0028_frame50.txt,0,e3b0c44298fc1c149afbf4c8996fb92427ae41e4649b934ca495991b7852b855
data/labels/Heinola/heinola_DJI_0028_frame51.txt,0,e3b0c44298fc1c149afbf4c8996fb92427ae41e4649b934ca495991b7852b855
data/labels/Heinola/heinola_DJI_0028_frame52.txt,0,e3b0c44298fc1c149afbf4c8996fb92427ae41e4649b934ca495991b7852b855
data/labels/Heinola/heinola_DJI_0028_frame53.txt,0,e3b0c44298fc1c149afbf4c8996fb92427ae41e4649b934ca495991b7852b855
data/labels/Heinola/heinola_DJI_0028_frame54.txt,0,e3b0c44298fc1c149afbf4c8996fb92427ae41e4649b934ca495991b7852b855
data/labels/Heinola/heinola_DJI_0028_frame55.txt,0,e3b0c44298fc1c149afbf4c8996fb92427ae41e4649b934ca495991b7852b855
data/labels/Heinola/heinola_DJI_0028_frame56.txt,0,e3b0c44298fc1c149afbf4c8996fb92427ae41e4649b934ca495991b7852b855
data/labels/Heinola/heinola_DJI_0028_frame57.txt,0,e3b0c44298fc1c149afbf4c8996fb92427ae41e4649b934ca495991b7852b855
data/labels/Heinola/heinola_DJI_0028_frame58.txt,0,e3b0c44298fc1c149afbf4c8996fb92427ae41e4649b934ca495991b7852b855
data/labels/Heinola/heinola_DJI_0028_frame6.txt,0,e3b0c44298fc1c149afbf4c8996fb92427ae41e4649b934ca495991b7852b855
data/labels/Heinola/heinola_DJI_0028_frame60.txt,0,e3b0c44298fc1c149afbf4c8996fb92427ae41e4649b934ca495991b7852b855
data/labels/Heinola/heinola_DJI_0028_frame61.txt,0,e3b0c44298fc1c149afbf4c8996fb92427ae41e4649b934ca495991b7852b855
data/labels/Heinola/heinola_DJI_0028_frame62.txt,0,e3b0c44298fc1c149afbf4c8996fb92427ae41e4649b934ca495991b7852b855
data/labels/Heinola/heinola_DJI_0028_frame63.txt,0,e3b0c44298fc1c149afbf4c8996fb92427ae41e4649b934ca495991b7852b855
data/labels/Heinola/heinola_DJI_0028_frame64.txt,0,e3b0c44298fc1c149afbf4c8996fb92427ae41e4649b934ca495991b7852b855
data/labels/Heinola/heinola_DJI_0028_frame65.txt,0,e3b0c44298fc1c149afbf4c8996fb92427ae41e4649b934ca495991b7852b855
data/labels/Heinola/heinola_DJI_0028_frame66.txt,0,e3b0c44298fc1c149afbf4c8996fb92427ae41e4649b934ca495991b7852b855
data/labels/Heinola/heinola_DJI_0028_frame67.txt,0,e3b0c44298fc1c149afbf4c8996fb92427ae41e4649b934ca495991b7852b855
data/labels/Heinola/heinola_DJI_0028_frame69.txt,0,e3b0c44298fc1c149afbf4c8996fb92427ae41e4649b934ca495991b7852b855
data/labels/Heinola/heinola_DJI_0028_frame7.txt,0,e3b0c44298fc1c149afbf4c8996fb92427ae41e4649b934ca495991b7852b855
data/labels/Heinola/heinola_DJI_0028_frame70.txt,0,e3b0c44298fc1c149afbf4c8996fb92427ae41e4649b934ca495991b7852b855
data/labels/Heinola/heinola_DJI_0028_frame72.txt,0,e3b0c44298fc1c149afbf4c8996fb92427ae41e4649b934ca495991b7852b855
data/labels/Heinola/heinola_DJI_0028_frame73.txt,0,e3b0c44298fc1c149afbf4c8996fb92427ae41e4649b934ca495991b7852b855
data/labels/Heinola/heinola_DJI_0028_frame75.txt,0,e3b0c44298fc1c149afbf4c8996fb92427ae41e4649b934ca495991b7852b855
data/labels/Heinola/heinola_DJI_0028_frame76.txt,0,e3b0c44298fc1c149afbf4c8996fb92427ae41e4649b934ca495991b7852b855
data/labels/Heinola/heinola_DJI_0028_frame78.txt,0,e3b0c44298fc1c149afbf4c8996fb92427ae41e4649b934ca495991b7852b855
data/labels/Heinola/heinola_DJI_0028_frame81.txt,0,e3b0c44298fc1c149afbf4c8996fb92427ae41e4649b934ca495991b7852b855
data/labels/Heinola/heinola_DJI_0028_frame82.txt,0,e3b0c44298fc1c149afbf4c8996fb92427ae41e4649b934ca495991b7852b855
data/labels/Heinola/heinola_DJI_0028_frame87.txt,0,e3b0c44298fc1c149afbf4c8996fb92427ae41e4649b934ca495991b7852b855
data/labels/Heinola/heinola_DJI_0028_frame89.txt,0,e3b0c44298fc1c149afbf4c8996fb92427ae41e4649b934ca495991b7852b855
data/labels/Heinola/heinola_DJI_0028_frame9.txt,0,e3b0c44298fc1c149afbf4c8996fb92427ae41e4649b934ca495991b7852b855
data/labels/Heinola/heinola_DJI_0028_frame91.txt,0,e3b0c44298fc1c149afbf4c8996fb92427ae41e4649b934ca495991b7852b855
data/labels/Heinola/heinola_DJI_0028_frame92.txt,0,e3b0c44298fc1c149afbf4c8996fb92427ae41e4649b934ca495991b7852b855
data/labels/Heinola/heinola_DJI_0028_frame93.txt,0,e3b0c44298fc1c149afbf4c8996fb92427ae41e4649b934ca495991b7852b855
data/labels/Heinola/heinola_DJI_0028_frame94.txt,0,e3b0c44298fc1c149afbf4c8996fb92427ae41e4649b934ca495991b7852b855
data/labels/Heinola/heinola_DJI_0028_frame95.txt,0,e3b0c44298fc1c149afbf4c8996fb92427ae41e4649b934ca495991b7852b855
data/labels/Heinola/heinola_DJI_0028_frame96.txt,0,e3b0c44298fc1c149afbf4c8996fb92427ae41e4649b934ca495991b7852b855
data/labels/Heinola/heinola_DJI_0028_frame97.txt,0,e3b0c44298fc1c149afbf4c8996fb92427ae41e4649b934ca495991b7852b855
data/labels/Heinola/heinola_DJI_0028_frame99.txt,0,e3b0c44298fc1c149afbf4c8996fb92427ae41e4649b934ca495991b7852b855
data/labels/Heinola/heinola_DJI_0029_frame0.txt,38,7a1c1669321319e90cda32e2470680db95c0a62f4b4f8bcceb6a555913d674c8
data/labels/Heinola/heinola_DJI_0029_frame1.txt,38,2111e8002b490bea1b11a6ef7b32c22f8cb3f3b26bb52f160299a937530f305e
data/labels/Heinola/heinola_DJI_0029_frame10.txt,38,b7f964e95dd3b56980afd524becf6323ca50d1c61475c61fcfe936c126dbd672
data/labels/Heinola/heinola_DJI_0029_frame11.txt,38,7afe4bb3a08c7d0f7192f8036e1e190380648d1ded545343b825a5e7c39d50e4
data/labels/Heinola/heinola_DJI_0029_frame12.txt,38,64ddfd69a0ae51e97172f2482792f0c1a97093bce5a8714126a5405c7cdab453
data/labels/Heinola/heinola_DJI_0029_frame13.txt,38,c92004cd8495d6a39d96caaa6de0d01bf4f2222abf8993c000639a3d4e1ecbaa
data/labels/Heinola/heinola_DJI_0029_frame14.txt,38,0fb8d876890b247e262f5d85490640dcfd2ff56cc92b37072f36ffcdf1bf21c9
data/labels/Heinola/heinola_DJI_0029_frame143.txt,38,531d58dd55e97634a5fca281bc82866fa923e229bc1ca4e74fe2787d50f5c49d
data/labels/Heinola/heinola_DJI_0029_frame144.txt,38,87385d4101c56dd50436771a5ca3fb459cd5ee792cc1bc1ffee1c6b623ba8ffa
data/labels/Heinola/heinola_DJI_0029_frame145.txt,38,a4b69ac5413d28d587a047b622f4765e6e67ca6e6b9fb53df92addf50866220a
data/labels/Heinola/heinola_DJI_0029_frame146.txt,38,91c115141b7701f1edb9d3a091222288481e5028c5d7e6ea95764cca6d796a78
data/labels/Heinola/heinola_DJI_0029_frame147.txt,38,e49c837dc9969f9f8b631c565390d1c431c3d3ff49fb0810680395f0dc9b49a7
data/labels/Heinola/heinola_DJI_0029_frame148.txt,38,05124ad278b5c600b0d4c02d2b7fee9b4092a718f16a54d525409857b5d62553
data/labels/Heinola/heinola_DJI_0029_frame149.txt,38,90ab5c52520497eb0a58ee073cb2d96b79dbd58bdd6a4d900502baa0b2faddc7
data/labels/Heinola/heinola_DJI_0029_frame15.txt,38,b6745c01cf7523d311a25ab84afc5f171da71ad616b97705ec7dde6bbbb6fc58
data/labels/Heinola/heinola_DJI_0029_frame150.txt,38,ef28a9ba950db7b4e0033ce5c60af54afc3b08c874105402a3ef4f08c5b81567
data/labels/Heinola/heinola_DJI_0029_frame151.txt,38,1321fbfd2efb7164b299c94f2926ba1a7a3b9ca0ba9bd896676ddf18a90a2509
data/labels/Heinola/heinola_DJI_0029_frame152.txt,38,bf283e2a8db0189237b31349ddc123a94f1442e862c4512bc0d94e63bf6805e2
data/labels/Heinola/heinola_DJI_0029_frame153.txt,38,e532a81f3f2eb732d8c58bfac0b09711eec8e3897342969677da8d3e8e7b372b
data/labels/Heinola/heinola_DJI_0029_frame154.txt,38,0360d5eda169c9a928729f5d713a724a0bfa64c4097f9c3e9c1dbfadfb90cee2
data/labels/Heinola/heinola_DJI_0029_frame155.txt,38,2cdc9bdc2dec0cafe1a656268628ea9fcde0b8ee6e2f1428d18b8e5ebe94f7a6
data/labels/Heinola/heinola_DJI_0029_frame156.txt,38,a686a68d610767d483e07b3f2cb29827292aa6c0e72518c833302b4082b2b8f0
data/labels/Heinola/heinola_DJI_0029_frame157.txt,38,df06027804f9c4e3e410d733a5399ae2f43762e9e30dd04a22e500f6fa8e12c2
data/labels/Heinola/heinola_DJI_0029_frame158.txt,38,daba8cc0ecb3c143968a1bd7d64517ff1c1f2c3ee8e28c4af1a5332d9cd2972a
data/labels/Heinola/heinola_DJI_0029_frame159.txt,38,36192981bf9e0a803d5fc6642536791dcf963e520502981bdb9c3295b3ce373e
data/labels/Heinola/heinola_DJI_0029_frame16.txt,38,2bfc3cffa72075e409aecae6585ac0eb393d864f5b92bb02a63c0a25d857dcf6
data/labels/Heinola/heinola_DJI_0029_frame160.txt,38,71bace19bdd9041852a519352e498d679ef31e585cbb8b6271c7302565cb8718
data/labels/Heinola/heinola_DJI_0029_frame161.txt,38,3249cb0063860fba505fd65be1f0ca69f10123dfef1357aaa996e9e50830981a
data/labels/Heinola/heinola_DJI_0029_frame162.txt,38,624c15b208e23956897bb5a2e4844a5916bc0cca26b1e1d1436a97fece39fd7d
data/labels/Heinola/heinola_DJI_0029_frame163.txt,38,d8b03e68eddbd91e4101725c7d50c366639fe85460be4381c0fad1ccfe2a2dfe
data/labels/Heinola/heinola_DJI_0029_frame164.txt,38,7c68b66b8b83c5e80e23e64f68d3f7b9ba815b99cc61d69d48a72a8f9168f12e
data/labels/Heinola/heinola_DJI_0029_frame165.txt,38,1b0148d0d8fa1958e99858ba39f49cc091a3a6ddcfb4c048fc232dff846d6901
data/labels/Heinola/heinola_DJI_0029_frame166.txt,38,d0ff533d5bb59c78b5478952e634f3f407db24e7242d47ec82b68c5581c8ecac
data/labels/Heinola/heinola_DJI_0029_frame167.txt,38,25695a99db66e49acbfbdd93e5f39278a061a4aa61e7d84d2d3787d982f9137d
data/labels/Heinola/heinola_DJI_0029_frame17.txt,38,8d3ee0ecc26dcebb0b9cdf2abad902f8cae3b3d443aa8a085a05f0a78d8df526
data/labels/Heinola/heinola_DJI_0029_frame174.txt,38,c2b80f20cca09a6775cac3d3b32b7517c1e1e39587d43442e5a2c1fb62faebdc
data/labels/Heinola/heinola_DJI_0029_frame175.txt,38,6525569febc257d13b4e4100d8197703a7348fad0bbe97e118a339ec91100515
data/labels/Heinola/heinola_DJI_0029_frame176.txt,38,6fe3a0f7dd64415cc216f2ed8f6a7ebc64e6907c5b95d5110c9b1850f9feb279
data/labels/Heinola/heinola_DJI_0029_frame177.txt,38,f9016132b5d117786e23336e4bb90cf9d39d88745090bc2b4168826c35e541f0
data/labels/Heinola/heinola_DJI_0029_frame178.txt,38,2a5376783867126e4d08e4c32a12b3add9789ac24f3662b9ef747ad5d154eb35
data/labels/Heinola/heinola_DJI_0029_frame179.txt,38,2389281eea24b641d237826b520e5707b198f4b8b51c2a935eff4e92d782f3fc
data/labels/Heinola/heinola_DJI_0029_frame18.txt,38,d67c4c6f3292caaecde12e4cf39499ebd4fd237d82d6c5d04379194110458572
data/labels/Heinola/heinola_DJI_0029_frame180.txt,38,13814d98dd22dc6e8747131760c2ead591a933d60841cfa9f9739019572daa97
data/labels/Heinola/heinola_DJI_0029_frame181.txt,38,e2ce7a86350e8998ee28ffeb873e6af23132a0aa595f2d58eb7697658812d4de
data/labels/Heinola/heinola_DJI_0029_frame182.txt,38,58b9a217e94c8ce11219cd1db2798fa9e5ec9fff089691e3b510aabd9c944a05
data/labels/Heinola/heinola_DJI_0029_frame183.txt,38,46930dfe451eb2d3a8d4eb6197f61768a30138a4d5089de59f87e407031cf2b7
data/labels/Heinola/heinola_DJI_0029_frame184.txt,38,2c8279534776225d2037b6e322140817f7c6525d2e26861641b394ae529481d3
data/labels/Heinola/heinola_DJI_0029_frame185.txt,38,58d9c3a9270f98e2c031c01e4a4f1e929735fc257261d00db83998561001f0c6
data/labels/Heinola/heinola_DJI_0029_frame186.txt,38,e8cd5a0492ab3340bef9ec88c30ff2619d903de57cfae060d77daae13b7da94d
data/labels/Heinola/heinola_DJI_0029_frame187.txt,38,16166a828b912265da1df07c19c8ced7b3c302c9321042d21992925bb6b1d1c6
data/labels/Heinola/heinola_DJI_0029_frame188.txt,38,4533403faa4d33034aa280b3a76dce61d6c4f29f2ec49d58884d08947bbe50e6
data/labels/Heinola/heinola_DJI_0029_frame189.txt,38,0e582732b16ca5a1c4a2770c33d50f2b4804fe2f0d5a87fe60eb5824e2a462b0
data/labels/Heinola/heinola_DJI_0029_frame19.txt,38,2346ef9b2ac0cbd7b1a82a177efee824422d6dce16b43de27490207fa36e8795
data/labels/Heinola/heinola_DJI_0029_frame190.txt,38,4067016f1f510fc68a2e2442625cd3d6066340bdc25143d61107d70bb94224ee
data/labels/Heinola/heinola_DJI_0029_frame191.txt,38,7546bdbd32a1b5025d8ba75bfa1bbce1eade8d3d7d360da909b916aab10c42ed
data/labels/Heinola/heinola_DJI_0029_frame192.txt,38,c32058a9fc21ba50aaca1a6b335b9df072782cf31409545b6a97c3644c3d0605
data/labels/Heinola/heinola_DJI_0029_frame193.txt,38,d3e524fb9c97c69da7deccdfe2c4ce3daaedb12b55ca7f3b01194c44cc0599b0
data/labels/Heinola/heinola_DJI_0029_frame194.txt,38,622f57b80848219e987b4c6a7df725ba4e7f39c5d94755e25f268c64db668aed
data/labels/Heinola/heinola_DJI_0029_frame195.txt,38,d66afdaa57abf90f60aa93f5c6556e5c5ad77556e99dc1b0056d55aaeba6c7f7
data/labels/Heinola/heinola_DJI_0029_frame196.txt,38,4944d7f414f3819f0a4c02338d99f0d7fe7a6d4a926aa39520e10dda8848b844
data/labels/Heinola/heinola_DJI_0029_frame197.txt,38,7d6eef5ebe04629edb74e2420962ab6a2cf52238241b00dc91637486aec3cb18
data/labels/Heinola/heinola_DJI_0029_frame198.txt,38,4a99e2c5e6b6028be86d6429647964d312ca8f8e9364e46200f09b61adf32174
data/labels/Heinola/heinola_DJI_0029_frame199.txt,38,21927b3963a59bcc11e76d2d5acbcd3550296e5cbe2d6a2e1292af3b4e838426
data/labels/Heinola/heinola_DJI_0029_frame2.txt,38,9f8de4e4c58865dcb2fb582bbdad95edd4740055edf271300b715ac28faa1285
data/labels/Heinola/heinola_DJI_0029_frame20.txt,38,e80701f4c8a930fc7e3b4e7ce99d4a5c3baed697db4534a324b9a718872d1841
data/labels/Heinola/heinola_DJI_0029_frame200.txt,38,92da904acde01c13aef3d77ceb3024b61df403ba7a4f1a65b681ce9cbe5ed26b
data/labels/Heinola/heinola_DJI_0029_frame201.txt,38,9730e05e10bdc8ad7ded2c0419753eed0f745adf654b070ef7708e686d21569c
data/labels/Heinola/heinola_DJI_0029_frame202.txt,38,61873d366414968c210573b67f085561cd3a7639bdca03205d71fbef2e584a15
data/labels/Heinola/heinola_DJI_0029_frame203.txt,38,f0641c8a8259fa687a8a42a9963625d1d81653d0d920007be038724b31da5c3a
data/labels/Heinola/heinola_DJI_0029_frame204.txt,38,ce84e7d3f30eb53f31d8e1f304dfaa157cce180cd4e0c1ea151709b1f314db20
data/labels/Heinola/heinola_DJI_0029_frame205.txt,38,c980bf1c3fef3842b8c8119d988c950737453cfde4dfdbfb837208dfd890bdec
data/labels/Heinola/heinola_DJI_0029_frame206.txt,38,234f101da7ec3f2d11c0f069bbf13ea3d380e1255cd45c201c5bb104ca899950
data/labels/Heinola/heinola_DJI_0029_frame207.txt,38,db327f1ce7b3477fcc31096b832a05d6e17a1fc9e6552acf0faab2d69554854a
data/labels/Heinola/heinola_DJI_0029_frame208.txt,38,3f68513405367cf695b0e53e52d4be953aaa066459dc4cf8fa3aeb265f22018e
data/labels/Heinola/heinola_DJI_0029_frame209.txt,38,d4edc67438b0089c2d38dbd9bdc3059b37bdaaefcbe0f594695c94e4c05611a2
data/labels/Heinola/heinola_DJI_0029_frame21.txt,38,7afffb03491bbb8ae9acc81445e85415e2181244b454dc412b24403755f8e18f
data/labels/Heinola/heinola_DJI_0029_frame210.txt,38,bd74b8608111042ad0ab10578531669cc34e7462e1d444dd390c4389123412a3
data/labels/Heinola/heinola_DJI_0029_frame211.txt,38,363cb4648716d3f665f81bd077c0bba281687b600d305c663b4b87378099f944
data/labels/Heinola/heinola_DJI_0029_frame212.txt,38,0d5af11eb554dfeeed40c001166b2ebccf08186fe2b9dc5401dd7bd0e92515cf
data/labels/Heinola/heinola_DJI_0029_frame213.txt,38,4b5df1343917164a729e70b0821db8af60c3afa61f7ac4bee87df65c1fd5c6a8
data/labels/Heinola/heinola_DJI_0029_frame22.txt,38,b143ee70acb4ee8119c00184fa261c09d01df87c58b1b3a323821c47e0031c7f
data/labels/Heinola/heinola_DJI_0029_frame23.txt,38,8de3aac35a933f41e6abcef6d4a9d150935d2a9ba06987a3f30154a83e948d3f
data/labels/Heinola/heinola_DJI_0029_frame24.txt,38,94aab9338c547ef3bf9df90539fe572cea5d803aae6cecd0fd76e01dff9f3e32
data/labels/Heinola/heinola_DJI_0029_frame25.txt,38,ad4eaf3d20e8687ce947b8c1257841ac75ec5e2d62bcd38adedde2174b1084cd
data/labels/Heinola/heinola_DJI_0029_frame3.txt,38,2aa94a299be1573c031fee0fd29c15f1fe50a9394c98cf228cbbaa579f7eb23b
data/labels/Heinola/heinola_DJI_0029_frame4.txt,38,206ec5386d621f3cab19a66a7487189d90b284bc092c7e5d5a8fa8fbe6eb2e71
data/labels/Heinola/heinola_DJI_0029_frame5.txt,38,21b6dcbea0aa0c32f2f91fee54b0b633b91c5d57fb3f482c4093e7a57fdfef82
data/labels/Heinola/heinola_DJI_0029_frame6.txt,38,b038a2709cb1feadb07b8a89dd894de5c9892736e92f41b2dc2d4533e0e878b0
data/labels/Heinola/heinola_DJI_0029_frame7.txt,38,463234b207ae95a9c5cb6f705578a41c9e3d0ea9ae1f33b432226841014305e4
data/labels/Heinola/heinola_DJI_0029_frame76.txt,38,46fbf159ef737a057bbbf216a5a18453391c3f871500e43e3cf0755b57879cd1
data/labels/Heinola/heinola_DJI_0029_frame77.txt,38,70afe52a3608e2d3c6c4b3d83bc5dfa1a2d20dba86b837d812c2d71acc0572bf
data/labels/Heinola/heinola_DJI_0029_frame78.txt,38,c3419cd7c113e2fe62453efaf84e526a3c5f4d3d502983567d6f4afdfea6dd92
data/labels/Heinola/heinola_DJI_0029_frame79.txt,38,4e95f3e1d7dd962e0946cabe98f7db14c999a51d95eca0a25eeb0fa8831cedb6
data/labels/Heinola/heinola_DJI_0029_frame8.txt,38,8f3b8e0515e6f5c451e799a093d704425304442ebdf064b4dbc2986a13d08c66
data/labels/Heinola/heinola_DJI_0029_frame80.txt,38,ee5b89401dc98b6ae2beb4c08ff9d6decb5d7165ab764deb52ea205f7c9c30b7
data/labels/Heinola/heinola_DJI_0029_frame81.txt,38,cabacf411e8e7805f29031149c0aaf955d72a0d3ded935aaf0bc68be72afe75b
data/labels/Heinola/heinola_DJI_0029_frame82.txt,38,19ce638fad81d64cbe948b6efbd729086abb079d0a7bd760789fc7c6b1da3ca5
data/labels/Heinola/heinola_DJI_0029_frame83.txt,38,01e80be5933d7456641474c7580bfe2dd6055959c66a6a65ef605cf23d8d2848
data/labels/Heinola/heinola_DJI_0029_frame84.txt,38,3d9e7eec39fc70b2188d98110ec4d41fd26f56538947dc064fb5cc71602798d2
data/labels/Heinola/heinola_DJI_0029_frame85.txt,38,fff071165dcd8cc0cd8359f456604d045234b319eff849497af5fccbcacaaeec
data/labels/Heinola/heinola_DJI_0029_frame86.txt,38,0e664f6e9b341a96eaef6ca67f952315b6f86493641732e07cab4c443fe2328a
data/labels/Heinola/heinola_DJI_0029_frame87.txt,38,ffe6b55d04aacb43f2f102b6aa2f20a79491960a61421160c1bfda412683ff3c
data/labels/Heinola/heinola_DJI_0029_frame88.txt,38,d8008f1acc8b88316cc6f12a13bb7a409ee6f4dbaf87964d130a10a5b1c3cf01
data/labels/Heinola/heinola_DJI_0029_frame89.txt,38,af7759b5b497b23e974c57172946bd4b106fe6cfc712a175f7d20ed72177d46e
data/labels/Heinola/heinola_DJI_0029_frame9.txt,38,11c7a49778441c60d94a1727207b96fee9fdb818dc80dd6c1cee76d79bdc359a
data/labels/Heinola/heinola_DJI_0029_frame90.txt,38,d82b5293d6ea08be26866704e19de8c4e4dd9ebb783bd20850ccd3adce7d062d
data/labels/Heinola/heinola_DJI_0030_frame100.txt,38,87d1db7f6bc9db62fc98d13b95c9dae4a4b73cce8dc97cb8616d10f8e3d6ceb8
data/labels/Heinola/heinola_DJI_0030_frame101.txt,38,ede59de6dd91bc97582fe8949232af8826a67ee12e5b7f04804439a592c8fac7
data/labels/Heinola/heinola_DJI_0030_frame102.txt,38,295bd7169ea8726292f0fe3d3db2f83232a2927b9d0e91524126f58b3c9b1a7a
data/labels/Heinola/heinola_DJI_0030_frame103.txt,38,7df4af9f2c0747d8b460ae20279bbaf6bb22b8854bd05ebd2f0a7b05c999336c
data/labels/Heinola/heinola_DJI_0030_frame104.txt,38,63954286c5c81908c6ae644772a18f918f01316bea003a39370197ccbc7cb24c
data/labels/Heinola/heinola_DJI_0030_frame105.txt,38,ab81a0a9d2fc1f32889e51d3b7b0c70ec5b83a5b1dadd311cbd1d63e70001b42
data/labels/Heinola/heinola_DJI_0030_frame106.txt,38,a2159b81b1a539c60a418b81e7ec950044b4ee0dd60dfb55ab7d3c2fe4e0a693
data/labels/Heinola/heinola_DJI_0030_frame107.txt,38,1239476cee317bb928356e79de96687f99496700457f27299f79ec58c7fa541e
data/labels/Heinola/heinola_DJI_0030_frame108.txt,38,3990935b26b43122988ccd198275aa587668feb2e338d6f9aedd7bda98a69bbc
data/labels/Heinola/heinola_DJI_0030_frame109.txt,38,929f895162fc2c39fd4c8474b0437f17a5cf232e76a5c3b1336f23281ff87555
data/labels/Heinola/heinola_DJI_0030_frame110.txt,38,3610d2a3cbeecc487991b16f01f20461bbf95afae55dcdd8ae82f4f7612a4d7f
data/labels/Heinola/heinola_DJI_0030_frame201.txt,38,14f6bec25a4c9209312cd28b4d6139f9cc3ede9f812bd9177130385fbbf7d7a2
data/labels/Heinola/heinola_DJI_0030_frame202.txt,38,fa73d00e89eb138ddb07f23810a711a52cb83de5d9cc5c3fdafbb65cb3fc737a
data/labels/Heinola/heinola_DJI_0030_frame203.txt,38,90482915148d68da4a85babccbf37249d17db043e0738ec5c97492b487ce2c15
data/labels/Heinola/heinola_DJI_0030_frame204.txt,38,f42937dc63d1074aeb7d7a6c82f05cbcee9f8c0f9bcfa946530ae7418e4743c3
data/labels/Heinola/heinola_DJI_0030_frame205.txt,38,2b7c99205d8ad0e5988d22e221c236c354adc9a06dd8f5945a79cd2725cff84e
data/labels/Heinola/heinola_DJI_0030_frame206.txt,38,698b1b6f256d1a5a8b9d8d0f27fcaacf2d199b46044df07ff6741092c3e22889
data/labels/Heinola/heinola_DJI_0030_frame207.txt,38,ea9565a8f7a2804d430db7536385d8caf36f1d6321cdccffd71e2ed1fca0138a
data/labels/Heinola/heinola_DJI_0030_frame208.txt,38,2971d7a12544556987bb0a0d08ec7e9aff651c53acbd7ab245e3a77bb7baf715
data/labels/Heinola/heinola_DJI_0030_frame209.txt,38,8725ca7db554ab0a0fb4ce2c6463ce095d304b376f064dc66cab7b238a2e6052
data/labels/Heinola/heinola_DJI_0030_frame210.txt,38,688ad30a1768dbc66e836b74c686c943be76a2db2dc0942780101d11a6ef3405
data/labels/Heinola/heinola_DJI_0030_frame211.txt,38,db6110628a634f6d94c53d6470cfd5e9b6430f6210bddc2edb559eeac0d133b8
data/labels/Heinola/heinola_DJI_0030_frame212.txt,38,6e505a82875afcf535c22746453f8afe09e10fa904164ae7199478d72fad827f
data/labels/Heinola/heinola_DJI_0030_frame213.txt,38,1000493171bd21ac95e80914b8e36f1eb399f87fc4e86cf1d91a59f3caee153f
data/labels/Heinola/heinola_DJI_0030_frame214.txt,38,e075be7aa23ab1a46ea609bd29667ffae3d06ab7b3afeb6dd1d2e096ab5774a6
data/labels/Heinola/heinola_DJI_0030_frame215.txt,38,80496641805e43af42febb2e1efd475d32504b20eb83ec0f8f65c9b3f74cd6cc
data/labels/Heinola/heinola_DJI_0030_frame216.txt,38,f823c2deb6233d52224fa94094b4d7e400cd2ac1d69bca1572dfa22b60470110
data/labels/Heinola/heinola_DJI_0030_frame217.txt,38,4151ffbf80d624614f24309d2c87e295017ca4c336850457875c13e7711ba6c5
data/labels/Heinola/heinola_DJI_0030_frame218.txt,38,563cb058ee552ad0215ad20f3f1baaa8ea6066cfb326833d7eb8b3875aa03282
data/labels/Heinola/heinola_DJI_0030_frame219.txt,38,6433895f851874bb89c3160bb7f147c619acf47d5b7b131ce2ea8e5d5f3a223a
data/labels/Heinola/heinola_DJI_0030_frame220.txt,38,caa9251f77314e6e04139d6dd3160b32d95b8ef2825ef25d041780575ae5b579
data/labels/Heinola/heinola_DJI_0030_frame221.txt,38,8a4bf490ab074999a21755596c50a3907462cf41f7fcbd50edd3c7eaab620170
data/labels/Heinola/heinola_DJI_0030_frame222.txt,38,3e6ab15054a26e21a28679f7a6f0d4809b2fa18278387aa8267819964c20718c
data/labels/Heinola/heinola_DJI_0030_frame223.txt,38,bf5e6cc634e26d9731f9347335085d59d9e5bf69929021338a6e0a9778bd6c24
data/labels/Heinola/heinola_DJI_0030_frame224.txt,38,b321531465549ed0fe83beb3140ff5658ee1dba4b9d77ede10a99c5f0e2b938b
data/labels/Heinola/heinola_DJI_0030_frame225.txt,38,98c5797dccba23244243b2ac7722d4df8a6dd84fd86669974710d20aab0d3015
data/labels/Heinola/heinola_DJI_0030_frame226.txt,38,6ae6ff4654fcdfdb21d93eb1aa467fad19cd6f16be2b3f3d53a671f083e957b9
data/labels/Heinola/heinola_DJI_0030_frame227.txt,38,1ca20126065289fb69bdd404856e91d13b4ee8195d589d4aaf85c677166a3052
data/labels/Heinola/heinola_DJI_0030_frame228.txt,38,44e8f1fd36f54c41f5b380358f4afa1a77cbb53e62a8de6aea06b05e19f87621
data/labels/Heinola/heinola_DJI_0030_frame229.txt,38,e829b985b73f8046ce8cbbd833ac15b93b64c560919936a8c8ea0a55ff15d217
data/labels/Heinola/heinola_DJI_0030_frame230.txt,38,6078185758a4fec34d89cac0ab5e7908c3034b5884550a61a69d7faf4b71ed18
data/labels/Heinola/heinola_DJI_0030_frame231.txt,38,97c22a52584a914dfcff99abe452fffd4e8e506dee5ba29c1458f584fe9fe53c
data/labels/Heinola/heinola_DJI_0030_frame232.txt,38,8510758657ff4db15c5abcf6d9a563716c7e761c545dea1058a6eef3b80ed350
data/labels/Heinola/heinola_DJI_0030_frame233.txt,38,a6d0092cb522ad6efa671b2d80a5cd6827978bff056ce3c2a7462b5ecac4e1e6
data/labels/Heinola/heinola_DJI_0030_frame234.txt,38,18505895b396c2f61dd0eabc744602fd87a8d32f9ad692cbed6108ea436c0809
data/labels/Heinola/heinola_DJI_0030_frame235.txt,38,775193e12bd51c20b35466ada1952187d22262fb92e437e5398ddfec0277d9a9
data/labels/Heinola/heinola_DJI_0030_frame236.txt,38,ed545ad94a98c91434809cc9b39e66b920ed96d3fd1e1d925f95559af9e8aaff
data/labels/Heinola/heinola_DJI_0030_frame237.txt,38,3c50988ddd1caa9202cefda4cda20f6c91c86fd76831057f3af26f99fbb5699a
data/labels/Heinola/heinola_DJI_0030_frame238.txt,38,d1802893cb1bb7f48ddd3a1ac845e7af6d8b242970934bd5177eb49c44a1c515
data/labels/Heinola/heinola_DJI_0030_frame239.txt,38,f91222f491e2b2236e8c90a18268c439c9a4d7cd9082c3c2cc26db72892a68a8
data/labels/Heinola/heinola_DJI_0030_frame240.txt,38,5d23d08f38b7677247082cc882a8b5ea3549260d987345bc7dab7c17b71e30e7
data/labels/Heinola/heinola_DJI_0030_frame241.txt,38,3492b2ef607acbfc786c0415c0609eaed796f19c6c615be1de36b99ce6ac4335
data/labels/Heinola/heinola_DJI_0030_frame242.txt,38,8f97d4c05bd398a6bd5f7b28f76d0e637d28401fad2a8201ae4378fc9220d578
data/labels/Heinola/heinola_DJI_0030_frame243.txt,38,5049be176a7262c9d9e2814190815c970d82437e0b0243ee9402306e55b89dab
data/labels/Heinola/heinola_DJI_0030_frame244.txt,38,6a3e49c35e4f8ce3924628e25f88babd422928d25952d548ff23bf3334f4d94c
data/labels/Heinola/heinola_DJI_0030_frame245.txt,38,f64bdbb82f48993a7f739edb6998da00d51d5d06209c76cf2e304c96b122d533
data/labels/Heinola/heinola_DJI_0030_frame246.txt,38,5f8108ff5a37e021032f632eb93984871424a4408209aa6b21b1fe6c2c512873
data/labels/Heinola/heinola_DJI_0030_frame247.txt,38,992c3ab01da23b3f59676c8848c42ba146bd54fefece05a7f7714d125fb958e5
data/labels/Heinola/heinola_DJI_0030_frame248.txt,38,b267a170b17b2462d923f7254d0720ba211bdfe0b1046ed99ad2ee772cea64e7
data/labels/Heinola/heinola_DJI_0030_frame249.txt,38,5cf021cc22fa10e929fcc0d7d3b8cad13d2543227401ac8e62961594ae28ef06
data/labels/Heinola/heinola_DJI_0030_frame250.txt,38,5fdc1e02c989930feb7a48e73b76ed846e5b8d8075732029f8e476b304df3dda
data/labels/Heinola/heinola_DJI_0030_frame251.txt,38,d0043bac7bd16b917abbfc9e7206195f73c92c94f27dc458819e8d3a772fe62a
data/labels/Heinola/heinola_DJI_0030_frame26.txt,38,76f6115b41f3a13df1196e0bfeecb564e2490ed9272c6d44ef52040f8c86fe18
data/labels/Heinola/heinola_DJI_0030_frame27.txt,38,fb4891b494881dc1bdeb90a0bde609dba42684e7a55a75680eab4125e3746b8e
data/labels/Heinola/heinola_DJI_0030_frame28.txt,38,3602f1a833d578204a8ed5bd8b1592e99222d23f52074fbf4b0cd294b66ebd1f
data/labels/Heinola/heinola_DJI_0030_frame29.txt,38,b5a89583d631096ae0c1f471d0c651783f5602ee0b7a27e0990ab56df976c117
data/labels/Heinola/heinola_DJI_0030_frame30.txt,38,6469e37a0b1fa6033efc4e5db819a026fb46448c8276a644f81ba16ef85f8529
data/labels/Heinola/heinola_DJI_0030_frame31.txt,38,d71ce1935bc46ceb329042c81336be43494b2d679a5112d64dabd39ebac4dce2
data/labels/Heinola/heinola_DJI_0030_frame32.txt,38,8e8caec3f6c10faf34410987b1c0f6526f4a1d6228ab686e3fd9e53d32440455
data/labels/Heinola/heinola_DJI_0030_frame329.txt,38,e98f1adf68a354651f0d4919c3320fa12ddf6c822c5ee534c26c4214a943b417
data/labels/Heinola/heinola_DJI_0030_frame33.txt,38,4adedb09901ec3b9fb2a8245492d1e8af90dfce525a79362062e4873cc76b421
data/labels/Heinola/heinola_DJI_0030_frame330.txt,38,52dd9d8f686c419bfd0653cca07717aaca760686d9e89ae4affa9b527ec7832f
data/labels/Heinola/heinola_DJI_0030_frame331.txt,38,12dfdbe0b985846ed4c671293772b2ec745598a4f1c48bdf7fcf01e3398a3285
data/labels/Heinola/heinola_DJI_0030_frame332.txt,38,55ed9008597c1298ce3b36a8bfce67210bfa0acb1c631dc88e76e80aa5163abd
data/labels/Heinola/heinola_DJI_0030_frame333.txt,38,658606de3bb322f5a2058f42f9a5e5593900990d8a329c2c2d6447e65830c9b7
data/labels/Heinola/heinola_DJI_0030_frame334.txt,38,42e1aec2964513dce316953b2a65950f9ab95234c0c897fdc7fc202599079983
data/labels/Heinola/heinola_DJI_0030_frame335.txt,38,c21a9a7b9d18e125cac5dddafcc20027792882321dfffb6ece4a3986952c079b
data/labels/Heinola/heinola_DJI_0030_frame34.txt,38,32896041b2ebcbffb81325913e343b6bc0b64170f9a3c9c0aabfd1d3cc33d541
data/labels/Heinola/heinola_DJI_0030_frame35.txt,38,7c6459a98fa8cad37c30f8d622316f1d0f6a5dfccf5082e76a113077b0a7c58b
data/labels/Heinola/heinola_DJI_0030_frame36.txt,38,7bcd26b0bbbea56856d77b4b6403b8322c5807b9ff8d36c75f9cf648e2b21bbd
data/labels/Heinola/heinola_DJI_0030_frame37.txt,38,32f3aa0927e7e2f2cc3b13a16981b830784ba5c38f1486d5755491351342ee4f
data/labels/Heinola/heinola_DJI_0030_frame38.txt,38,4d353fd0b5ddd4631eef4d2d833faa9912f4322a0ff94dc68a9d049595ba33f9
data/labels/Heinola/heinola_DJI_0030_frame39.txt,38,82ec4411a68a3d6800a0a30cfe7676616f7b8fa2cf2dee2ba0e45bf07b02ab1d
data/labels/Heinola/heinola_DJI_0030_frame40.txt,38,5be8af00fff1b5e8a2cec0f9ac4ab5808d3baf05b3204346e9ced1abe362c9e4
data/labels/Heinola/heinola_DJI_0030_frame41.txt,38,c3307b8d4c761ed238ae3bb008e575e8e90eb500a1dc1caf283e36a6e0e5be94
data/labels/Heinola/heinola_DJI_0030_frame42.txt,38,6a9af671d88a45502af7f12a8d7d4e1381651c9f2b3ac24f238a1187d882f20b
data/labels/Heinola/heinola_DJI_0030_frame43.txt,38,27ec78069935096f3058ca2e06b45c83a56164c37e94b968f5fa331dddac1a42
data/labels/Heinola/heinola_DJI_0030_frame44.txt,38,29111f82bcd759ea898e7f775fcf4b606bd2ad48e53bf1c5070bfa706b08903a
data/labels/Heinola/heinola_DJI_0030_frame45.txt,38,f5152156ae299fe65ee0add332432dfa1d209def312e666dbc0e6ada756eb4a2
data/labels/Heinola/heinola_DJI_0030_frame46.txt,38,017022d166c1b5d71d5d51bb6a24ada817628aff2dfc56bf0dc636d2ae4effe9
data/labels/Heinola/heinola_DJI_0030_frame47.txt,38,5d0711dc612cb7fa21528ddecbe106feabe0cee8b546b176eacb77ae32d4a2f0
data/labels/Heinola/heinola_DJI_0030_frame48.txt,38,9a0e6cbb360ca038d0e1176d0b512ba7de5ce833383fdfde19ed312eb6778768
data/labels/Heinola/heinola_DJI_0030_frame49.txt,38,7aeae84d55789dc25e2c118b9aa7ef56361ed87f11a6d5c68fbe8aebe4d8544c
data/labels/Heinola/heinola_DJI_0030_frame50.txt,38,f7ccc7f14c3bf4396d9380bf364d18f97cf0fd9baee86a3f8a59718969f57ccd
data/labels/Heinola/heinola_DJI_0030_frame51.txt,38,59579055f774ec6410f9f41924d085da3f8960b2a768d77c7f3e9a28243d4d49
data/labels/Heinola/heinola_DJI_0030_frame52.txt,38,429118864e866bb5fa82edd67f7b29a49a5329f0b126bde098e420a0aac94157
data/labels/Heinola/heinola_DJI_0030_frame53.txt,38,eb4133a8893bb932d5fb55cf8ff2438e872a1fe9d173a86f31f0fd31c966d58c
data/labels/Heinola/heinola_DJI_0030_frame54.txt,38,90ce6406dbb33b602fe168d54c4e1c36843b7eb19e8839a6d8b961973a8cd061
data/labels/Heinola/heinola_DJI_0030_frame55.txt,38,93c8256d155e17e185b2c87ea8089b92ba46ab22490aa999576fe81e3001ea53
data/labels/Heinola/heinola_DJI_0030_frame56.txt,38,ad797051665127574d06b694e57a226a587e7729f49a888a47650b96158f3904
data/labels/Heinola/heinola_DJI_0030_frame57.txt,38,1fac73671df80343d1dd1ecf9947f3d445765dbbc2a5846a819941229765645d
data/labels/Heinola/heinola_DJI_0030_frame58.txt,38,03d6a3b66fe34d2e9ad99318197e5f4a447ffafeb67efc018e624447d36a98a9
data/labels/Heinola/heinola_DJI_0030_frame59.txt,38,4fa99143dc988e6dd30a1873a9f92b4ab3ef9fb45c2783f6c31e3d0d747a226d
data/labels/Heinola/heinola_DJI_0030_frame60.txt,38,f8146fc36aa17287ba3739a7f3134e9062e4df518a792766d52c1ce2117a8f48
data/labels/Heinola/heinola_DJI_0030_frame61.txt,38,c8beef0768308c0a0f3a491cfedb66d10d6bf74f5a6fdba770d2af31060512c4
data/labels/Heinola/heinola_DJI_0030_frame62.txt,38,174ee8d994079b982a694dbf01830b3941fbdad45966d01a5912fd264ccd5e6c
data/labels/Heinola/heinola_DJI_0030_frame63.txt,38,2636796e0475fa4512ab547bb599c5154199879923d72576f6d7d191f963590e
data/labels/Heinola/heinola_DJI_0030_frame64.txt,38,ab11a6bd00ff1d27383ebd4bbfc8cb26d3ad4d99868d9bb6805c4cc5172582f5
data/labels/Heinola/heinola_DJI_0030_frame65.txt,38,20b4f988a8efbf27e9507f511652d3871859bf77c3f54021ab3dedea33bd3129
data/labels/Heinola/heinola_DJI_0030_frame66.txt,38,7ec0e198c95d7d0a662b06064d58d63f19a6b5bd7b301753500c4de00855c2f0
data/labels/Heinola/heinola_DJI_0030_frame67.txt,38,2c4dae12db68c62db78c3011dd65b7b56aa365a771cbe7320b2d004f39bcb4a5
data/labels/Heinola/heinola_DJI_0030_frame68.txt,38,f0146268f3dc84cf00d1d7d70176abb7e5569502beb17b3c11a2b950a6bf8673
data/labels/Heinola/heinola_DJI_0030_frame69.txt,38,f3d618436fc8c6082f4986d98b7c9f3a1bf3a67d71108e4ab3e9f5bf56d5d3f4
data/labels/Heinola/heinola_DJI_0030_frame70.txt,38,1063d073d1807dcce7a68e50e3c2c5cc12bdb45057bfaf0940947825141d566d
data/labels/Heinola/heinola_DJI_0030_frame71.txt,38,3a10e9c255822b5a0a1d9cd150185279421795811c9f04d25ba01f34cdc11297
data/labels/Heinola/heinola_DJI_0030_frame72.txt,38,6d7f2c63168d1e372d2139f453be5deae4739236bd4594d29cc239db9fbbff67
data/labels/Heinola/heinola_DJI_0030_frame73.txt,38,70eb7c85b2e49121cbeaa89d7872a0aaa19a65ce176c8c0f50bb9f255bc23c9f
data/labels/Heinola/heinola_DJI_0030_frame74.txt,38,800dafda5017f411a0cc47572b7eed2b027be69518bb25f04fbe59deabcf5b02
data/labels/Heinola/heinola_DJI_0030_frame75.txt,38,60da1eb0c17fe2c8754f7a405b2cfef3b512c21d3a6e21dd5d46c54075df3675
data/labels/Heinola/heinola_DJI_0030_frame76.txt,38,81c603d8e7c8cd8247a632f392025bb91779737baf4959dd976c0f8b2819cff3
data/labels/Heinola/heinola_DJI_0030_frame77.txt,38,abeda978ccf653aee0c10f320c9687259d50420b71e5c39cb0776238e4e6ecf1
data/labels/Heinola/heinola_DJI_0030_frame78.txt,38,5f7519967b599be184494bbfab07a89db60d95fe1f5562a20c78614fde0b45b1
data/labels/Heinola/heinola_DJI_0030_frame79.txt,38,7612b8c8ee6c9f9257e3e06a8d09bfa6d8132f523f7ee4b25a365c9fc076b546
data/labels/Heinola/heinola_DJI_0030_frame80.txt,38,c7d8698d0459ce8cb5737a66eaf8ab3fbd86031bff8d452961dc3cb5e430795d
data/labels/Heinola/heinola_DJI_0030_frame81.txt,38,7a06ab1b3756b941f0e21019b244afac307df832b8b5bc11a5e8ff3f98f82e87
data/labels/Heinola/heinola_DJI_0030_frame82.txt,38,ad833db04c052708ce2a50da1628450c6e61b724ab9fd3fef5f5635b276935fb
data/labels/Heinola/heinola_DJI_0030_frame83.txt,38,dc2f4a4262f3a3c04f3f1780fd4f3282b7a755b3b1b935bf9d526c7bd727f856
data/labels/Heinola/heinola_DJI_0030_frame84.txt,38,43098e262e7a31a32435f02dbd2c0dabe35f5c8aa43adc1e9dafd7f5692795d5
data/labels/Heinola/heinola_DJI_0030_frame85.txt,38,fd6d075ed3e6507a38fdb39254649f44a40d209ad2b4fd8b409f1eeebf1c0af9
data/labels/Heinola/heinola_DJI_0030_frame86.txt,38,c06ac591a9a1fddb0be4a116dd7b843113a571ce895b5650e03e71ee7dce4b41
data/labels/Heinola/heinola_DJI_0030_frame87.txt,38,3f0f2c6fd678a4076968a12cf4f579c9d2eb8a916a04b0ae282ae40c446c4797
data/labels/Heinola/heinola_DJI_0030_frame88.txt,38,0e085c6bbc74fff7302a909db764afa15e0cbf8679dec06ffc9a5f0ebb2831a3
data/labels/Heinola/heinola_DJI_0030_frame89.txt,37,c6f5e415ea2fdbada0934d640e7d52e6e2aa8deadacaf668e37ef1f84a2cd620
data/labels/Heinola/heinola_DJI_0030_frame90.txt,38,0f6407a8e76343c29e6965ac87ab0464e3bf1d7b91cde875f82ab78272b4f7be
data/labels/Heinola/heinola_DJI_0030_frame91.txt,38,72f327cc820bee2be33983ac89d7f7eaab094e9c9a3c4435055277bb7511b893
data/labels/Heinola/heinola_DJI_0030_frame92.txt,38,249feddf3c3cbd021427f2e04de7ef1073a74df76c3bbb33a9890663ca3cf3ed
data/labels/Heinola/heinola_DJI_0030_frame93.txt,38,2aed41a158387b181a55e6f29e3a39fb3396f5fa17123024a31182dd57edc5ce
data/labels/Heinola/heinola_DJI_0030_frame94.txt,38,20e571e728a5e6bbe239afed68f60cd28e6525b21b8de373aad0cc0cebc07602
data/labels/Heinola/heinola_DJI_0030_frame95.txt,38,b155616bbb3373d3c81ba7e5005891b7fead21d33994818fc58a3ec529c2f59b
data/labels/Heinola/heinola_DJI_0030_frame96.txt,38,80fd03b53fc2d267b344a7d13fd538f447f652769e3516bea89f878318a45844
data/labels/Heinola/heinola_DJI_0030_frame97.txt,38,fce9e9111b396078685a27968ae7b059ed81abb87bbb25783ceea01810679a66
data/labels/Heinola/heinola_DJI_0030_frame98.txt,38,616e4ad03c536688ba8fb8c15c7fb8cafe3c5a0eaa5309d84ae96f615862682e
data/labels/Heinola/heinola_DJI_0030_frame99.txt,38,c58027952c56377e18b5899c913be3f40dcf5288e0dc302c209d01b12e9b3f47
data/labels/Heinola/heinola_DJI_0033_frame0.txt,38,051dfeafaac52bf7c7da62fac0553d73e460b7ce72db3b3b51df007b32931fb2
data/labels/Heinola/heinola_DJI_0033_frame1.txt,38,8080e917e45d4b2df2f36557481aa152b833eb7a22fc25c29a2d40d3cc1328fd
data/labels/Heinola/heinola_DJI_0033_frame10.txt,38,ea69971efedef6677854d50d493faa84d2f88cb21bb209ac47711a6801e457cd
data/labels/Heinola/heinola_DJI_0033_frame105.txt,38,0fada33a287755c620ee973ba52e451fab9b4681515f5a1fc5cf6cb7b339cb8f
data/labels/Heinola/heinola_DJI_0033_frame106.txt,38,bacb78d3670216c5faf1fc974b3eb52c9b082c10ccd1a7cfd5ce9e3651276e25
data/labels/Heinola/heinola_DJI_0033_frame107.txt,38,0a8306528a9c05fe4155e2bb55f60e9428e8888a33ab85d3e022ee61b57ac91d
data/labels/Heinola/heinola_DJI_0033_frame108.txt,38,82308d23339088f08b6f95693c546f33aa75bc513668871617e0abdfaba46cfc
data/labels/Heinola/heinola_DJI_0033_frame109.txt,38,42bcbfe394ca958f5451b4eb3a62c73fbb7cf8b02a03181a917d8aead1b67d61
data/labels/Heinola/heinola_DJI_0033_frame11.txt,38,9c08a1c4220091220029f0b1e74554abda9f440b1d681ff95652b95b6cf08eb9
data/labels/Heinola/heinola_DJI_0033_frame110.txt,38,1ce1257cc14b0d3f5f7ed777989b581d12a7de050bdaeb878d0b5e3d6a64e8a9
data/labels/Heinola/heinola_DJI_0033_frame111.txt,38,472b0d26deb44aa8a22522cffa1d026abe602b466b6dd4606f09c5f93194e8d9
data/labels/Heinola/heinola_DJI_0033_frame112.txt,38,9617c6cbef3b555f97cc306e1b646c77beb906db75b3d6b7347c7b5a4bce67d2
data/labels/Heinola/heinola_DJI_0033_frame113.txt,38,5eccb66e921819c7b2f1b646419cd9131dc8f99fe0d4955ed72f302cdf77e471
data/labels/Heinola/heinola_DJI_0033_frame114.txt,38,a971262b7e9052c99709db9ea2c954de5a08d9c49f156d483deccb9db8dbded2
data/labels/Heinola/heinola_DJI_0033_frame115.txt,38,ffa66fb937b1e59b52028792fd3d94af6d6fc2c401f1a219cfb5629c58fb9511
data/labels/Heinola/heinola_DJI_0033_frame116.txt,38,44710bc91795ff4a14bb78a6c7c9c3d537a738a8fede21caa7e48c338f151a03
data/labels/Heinola/heinola_DJI_0033_frame117.txt,38,a75298a2fe5ca35fe6ed6ef4c478dccd39e0506f8a8125f5f3c5f8d049e991db
data/labels/Heinola/heinola_DJI_0033_frame118.txt,38,e62a205793076bf2ea3b36646c6599e6732350136962e758ca2a2e6df934b948
data/labels/Heinola/heinola_DJI_0033_frame119.txt,38,9635d7ab6c2853197c69cab6b6591d4ebad8748967152f94f60e310be8dad8f0
data/labels/Heinola/heinola_DJI_0033_frame12.txt,38,f8b538ffec488ecf6a8730478d6c4908285f0aea765c35fb2d325de38f4d0537
data/labels/Heinola/heinola_DJI_0033_frame120.txt,38,eed7ea0787851b91061b49c163c11bc7af88589dd4c42e0eea23087069c7759a
data/labels/Heinola/heinola_DJI_0033_frame121.txt,38,e5db5d819824a9376177951472858f50c006b64c6afdaab05c0d24c57d33f199
data/labels/Heinola/heinola_DJI_0033_frame122.txt,38,6294f4c7d77e24e75ae4c2329119711f427e1cb75725aeb58d5bc13a53dda078
data/labels/Heinola/heinola_DJI_0033_frame123.txt,38,15f847a6f8367f44aeb2b449818f7afb18ac7167ae641b4067a740397f378b16
data/labels/Heinola/heinola_DJI_0033_frame124.txt,38,be0965256ba4646ecdfd918eeb8b0581e660ab89f886cec819d92581ebf6dd8e
data/labels/Heinola/heinola_DJI_0033_frame125.txt,38,c293804c81f3bb93124497e158906aff8fae0a9edc087a652b20cd4b5a8577f5
data/labels/Heinola/heinola_DJI_0033_frame126.txt,38,668d51ea3c6fc57558987833f41c4acd81d04362e3bc746cf30aa7bbb0c3bf84
data/labels/Heinola/heinola_DJI_0033_frame127.txt,38,56e0df5ae08477079f1014d6253dc391b3edfaea9f2dffa34ec6018f2e375ddc
data/labels/Heinola/heinola_DJI_0033_frame128.txt,38,d8f3a52d85817c4155ac2a0c94c75de7bbf4fbca25d874a5d842658d81a33770
data/labels/Heinola/heinola_DJI_0033_frame129.txt,38,c0b30a09ab60a968c3730a46be115d4391b8b9d509c73237a50307c6c1820153
data/labels/Heinola/heinola_DJI_0033_frame13.txt,38,c1455e436b3766ee71302111553c611c4586c27ccb8ee8315223dee03bc37aaa
data/labels/Heinola/heinola_DJI_0033_frame130.txt,38,ebf11ab8eadbb06091e92998bad52af43aa46760faa3137f2fa47bcc9c962505
data/labels/Heinola/heinola_DJI_0033_frame131.txt,38,e5c99eba8bb302a166985f7cad2cff033346eea0ab22739e577c7b65552e2434
data/labels/Heinola/heinola_DJI_0033_frame132.txt,38,267d98a8e77179148e5a0152c6729879f779eed8626573afc4800a39621ecbdd
data/labels/Heinola/heinola_DJI_0033_frame133.txt,38,c9bceb6f175dbb2b44dedf1a4ea19b6e0f355f86981d639ca14c7b09cda23354
data/labels/Heinola/heinola_DJI_0033_frame134.txt,38,53a25f71628ebdf6d81fac5ad6898dd58f8861569b30df6bcfde8ae87b4d7652
data/labels/Heinola/heinola_DJI_0033_frame135.txt,38,ec2bac2acd23863a80e2456e9b5fb7668d67e3cc24ba723bb5df79239e8357f4
data/labels/Heinola/heinola_DJI_0033_frame136.txt,38,a0940d67a4767af824f738b8ec74031948c0885413bd457b9aa2805a56799097
data/labels/Heinola/heinola_DJI_0033_frame137.txt,38,735fed1c2907d01c4540fd68ad029857c31e4c4102b654542850a76263de1d8c
data/labels/Heinola/heinola_DJI_0033_frame138.txt,38,85c27d4a574b13351a1d5028dd717681fe027b933de757ab32d2d11d67514279
data/labels/Heinola/heinola_DJI_0033_frame139.txt,38,6c912314cc7bf70df795babb310709fdd53fe99f7bbab05d5047b6e1ce0195d5
data/labels/Heinola/heinola_DJI_0033_frame14.txt,38,e63249a8b21c7800503c002f19e866523a8c209b278a3f3aa6510e89be945ffb
data/labels/Heinola/heinola_DJI_0033_frame140.txt,38,fe270d2b876151972d29bb9ce16ba8400a1c4c348b8b909fff8049d010f785b2
data/labels/Heinola/heinola_DJI_0033_frame141.txt,38,bec8d398bd6c2c8fb93f76ff1210768fe2cc5fd1f8b9053f0cb12459bbbd2321
data/labels/Heinola/heinola_DJI_0033_frame142.txt,38,0799a63a6e829b861e57e97d8635f8126864df0fa36368da726448e52a808e5c
data/labels/Heinola/heinola_DJI_0033_frame143.txt,38,6a2a631bd8111bb41b1d13ceb65a922360fb6e3f4f9a454aec5ff929bb2deaef
data/labels/Heinola/heinola_DJI_0033_frame144.txt,38,39b6dcb589daee18caa494b90cb2ede8bc0caea6f49904f5c266f7661e165c05
data/labels/Heinola/heinola_DJI_0033_frame145.txt,38,90cba30d05e3755e0f4bdc478851f65ae1a653e2956bb0462f51355426e33ccb
data/labels/Heinola/heinola_DJI_0033_frame146.txt,38,4050e3b889c14c1a6d7cf9d6c3fd9cbf54753bf971477d257793003fffc471cb
data/labels/Heinola/heinola_DJI_0033_frame147.txt,38,c0b14aff11ceceb0cd2d21855449d2208139c1c0e13c6958e436907fe9be1435
data/labels/Heinola/heinola_DJI_0033_frame148.txt,38,3ec97372709d2d20d48603ad0b545b86e5938c70ee077867280975529fded9b6
data/labels/Heinola/heinola_DJI_0033_frame149.txt,38,87a52baa409d794c177a527230e5d124fa4e7ae0791acf6ea40252d60bc413b4
data/labels/Heinola/heinola_DJI_0033_frame15.txt,38,62e48cace5e9c15e4efa5b3024ea93bac7867fae3a51f95922064a430e591fe0
data/labels/Heinola/heinola_DJI_0033_frame150.txt,38,4c3c34e3bb42749182e3fea7b2006d5d21e8e08e66adea3243c6d06938611eac
data/labels/Heinola/heinola_DJI_0033_frame151.txt,38,00019431e73c1238c25f86ae2e765c682affb506852a98b26ebdd6c74b89cedf
data/labels/Heinola/heinola_DJI_0033_frame152.txt,38,fcadfcec908e618926a2befe5841ca01a0eabd734d255802fce49ef92d0c4776
data/labels/Heinola/heinola_DJI_0033_frame153.txt,38,8a1710bc665cd8748ad04689a2a9ee60132946a585a3d774dff55fd4a1e621c4
data/labels/Heinola/heinola_DJI_0033_frame154.txt,38,3915c830109ecda15e254d3746fa9b2bbb75b30135058342c3d80936b580f8b7
data/labels/Heinola/heinola_DJI_0033_frame155.txt,38,8e98533c970ec9d76073af04967cc8f8ea3912f01cce207fbb9fdf84c31ad13e
data/labels/Heinola/heinola_DJI_0033_frame156.txt,38,aeb1ed15cf32a342594968944388fb144e6549bb0200a2008b304cf3c01c6ddb
data/labels/Heinola/heinola_DJI_0033_frame157.txt,38,9497d65f40d1fc636c5a3f8b0cdd6b67b994000beee5c9bbd237212631d331df
data/labels/Heinola/heinola_DJI_0033_frame158.txt,38,498b529f01abce07e0ea0012b1fc90794998abb61e42e6ec0c6ded42f39b2c3f
data/labels/Heinola/heinola_DJI_0033_frame159.txt,38,21658d7d8587656f5266ddbd143e17d176f136b9af45362398103efb840c948f
data/labels/Heinola/heinola_DJI_0033_frame16.txt,38,0ee77d6738f5e01a15455d6c2c852094321aa459de597864c6f520d35cf5dc7e
data/labels/Heinola/heinola_DJI_0033_frame160.txt,38,c1052ec5b780be170b326ee6cd7d2d2beb46290ac2bb64b8ad2f6274eb68ba36
data/labels/Heinola/heinola_DJI_0033_frame161.txt,38,17f7464232dcfa37c816a81c6857fa208a145023a4e81d2c8a427c702e1cc690
data/labels/Heinola/heinola_DJI_0033_frame162.txt,38,628830923266d1065a0bcf3d4032dd33dae8a4425fd6062b1cb8cff0a41da30b
data/labels/Heinola/heinola_DJI_0033_frame163.txt,38,9e3b1cf88bf7e5fc9a3dbbd2f14361ce178aaeadd6975a6177f0b4777f8b6128
data/labels/Heinola/heinola_DJI_0033_frame164.txt,38,bb154219ee69c8b6e88c26becaab9cae2089fbf52fb24785a029bc52c44fae58
data/labels/Heinola/heinola_DJI_0033_frame165.txt,38,e5838fe9a56697c8ebf2bfb0e59c33962b5407875213a719c990ffe575d64129
data/labels/Heinola/heinola_DJI_0033_frame166.txt,38,3474a8267e445a06520f5d8649dccac7225be6bab4a1a6b7d24872cb906c1faa
data/labels/Heinola/heinola_DJI_0033_frame167.txt,38,6042e04753794479c07ca5aa3dad99684053265bb60503fe7cf494d11af4cdaf
data/labels/Heinola/heinola_DJI_0033_frame168.txt,38,438ff270c1d1fae59442a3fb50792918b658e454995186b0870c737dfdf599e3
data/labels/Heinola/heinola_DJI_0033_frame169.txt,38,ac56ee03173fc369575a1e983e434e36e74f4ae5bd2f355f4646f98d29610800
data/labels/Heinola/heinola_DJI_0033_frame17.txt,38,89bbb1ae0af07d3d8eda93d290cd8b9ee712412ee2be09bcc04283f9a11a86a3
data/labels/Heinola/heinola_DJI_0033_frame170.txt,38,39e83002fe127eb166da87f1c1936a1a2b1f2a4e18084706391da881e30797b0
data/labels/Heinola/heinola_DJI_0033_frame171.txt,38,7c49ceb9ff9141eecc59f7699eb0d2e3cb2475f8b63624d1b3dd7493f4d8a3ab
data/labels/Heinola/heinola_DJI_0033_frame172.txt,38,11726e4b0da356e828e18046076e8ace615bae0b994c2fe01c2519cd52b374d9
data/labels/Heinola/heinola_DJI_0033_frame173.txt,38,9924b9cc786d80a3e53ff608c4fef59c9fc5e07e2deda1de566d6ca3291d6f69
data/labels/Heinola/heinola_DJI_0033_frame174.txt,38,4af0c88b8d323a18a557f8d6a61cd4860c58b010a9dd937b1e3ee66dfe6abe5d
data/labels/Heinola/heinola_DJI_0033_frame175.txt,38,cd75e41df36a4d52ca2d7ae6ab8cd20abff69462b972ea9395aad017e690c559
data/labels/Heinola/heinola_DJI_0033_frame176.txt,38,75f4badde3b24fcba37d2c90673da27e8db2c9e79d0722ef632c30bdff77f0ba
data/labels/Heinola/heinola_DJI_0033_frame177.txt,38,5dc3d63e5e8c4bda75c64e9e230e97583d7d658ae566937fa155184fa63f2771
data/labels/Heinola/heinola_DJI_0033_frame178.txt,38,be539a93fa8b8f368067f1409fcd2be3d7d459587e3c60234c1cc9d335fbc4df
data/labels/Heinola/heinola_DJI_0033_frame179.txt,38,4aed9b0a9bb3ff468c0c21c6e3f606b32b380be7779464c0716e27acbca5d629
data/labels/Heinola/heinola_DJI_0033_frame18.txt,38,a254c81f7f4f73a63a097a0f309cdd7be88333e793a04386ce9499e406282231
data/labels/Heinola/heinola_DJI_0033_frame180.txt,38,997bc6ebddc799ce36261907b77825a56a5d0b7eff17556916b0a8178c5b03e0
data/labels/Heinola/heinola_DJI_0033_frame181.txt,38,902c06a3c5b9a5991f212a88aca65cc343f6bf45c8b3f0bad17de56d2e5dec04
data/labels/Heinola/heinola_DJI_0033_frame182.txt,38,cb433d8a63c77aa6cc309b6caec34aefb8822bd162492b9c83c8430d3309167d
data/labels/Heinola/heinola_DJI_0033_frame183.txt,38,48281ae8f8c6b476b5b7c9118515989fa13e636c80010bb47226307a3479ac3f
data/labels/Heinola/heinola_DJI_0033_frame184.txt,38,2807aa429d6932b354728773d53667c9d8caeac1f4defec656cbad0bf0435fc3
data/labels/Heinola/heinola_DJI_0033_frame185.txt,38,7e39a342adab584c1f921303030095275c7d5f49138b1539f1f628b4800b1cef
data/labels/Heinola/heinola_DJI_0033_frame186.txt,38,4c1a1dc804c33bb0aa09d71029653d899c18b5f548549a9434dfda8e60a71018
data/labels/Heinola/heinola_DJI_0033_frame187.txt,38,f497fe86a79fe650100f6b9cedccc140e04390773bb339a1ecc9a9425309f912
data/labels/Heinola/heinola_DJI_0033_frame188.txt,38,fd6361e18d4d6631653805466ca360a2b023d0d3074eedf648fc38ce77dcadda
data/labels/Heinola/heinola_DJI_0033_frame189.txt,38,8bb58495e211d18258d1d408df8770fa80df9bda5c0b5311b079ed3c280a683e
data/labels/Heinola/heinola_DJI_0033_frame19.txt,38,4b07e91ae269212a85234a4b95f8f19a9c10b4398729132cb52b1f64b3927218
data/labels/Heinola/heinola_DJI_0033_frame190.txt,38,7c312a119f68774aa62285cdcfe5ef2306520ba04983ea02346b23f6fd6c7b74
data/labels/Heinola/heinola_DJI_0033_frame191.txt,38,155cf2cd9fd0b8ae9db616072eba65951b508a9e62c1a6ede01c446172801794
data/labels/Heinola/heinola_DJI_0033_frame192.txt,38,80e127f5c5227625a280c9d8409b871b708f83461c88d92c9ab6c84f27901cff
data/labels/Heinola/heinola_DJI_0033_frame193.txt,38,3697c17b97dd009bfd4d726527b4228cf58b048e02c506fd15b2ba8743e2f911
data/labels/Heinola/heinola_DJI_0033_frame194.txt,38,6d92f022ce8d5f34861eef525f772ec2a45596adb4e92bd417d349bb1ddaf8be
data/labels/Heinola/heinola_DJI_0033_frame195.txt,38,f58d791e0e95331512340c388c91e8a39c03be8b993b8ab4b5f7e2f190dcb42a
data/labels/Heinola/heinola_DJI_0033_frame196.txt,38,b454c91d805e8e6546f55d02eb5061e95b8b351738e72520c3017530164736c6
data/labels/Heinola/heinola_DJI_0033_frame197.txt,38,9e6ddf0d547b98c5960d91dce243822448b47a30a565f226618cdffeb619f8fa
data/labels/Heinola/heinola_DJI_0033_frame198.txt,38,a7816634c0bc7a5c1b9b0cfa3989aa0a5347536025722dbea06ba4a3640b338d
data/labels/Heinola/heinola_DJI_0033_frame199.txt,38,031b214f22227133221fca97362e56e372be9e4b011d4c09e42b76d8448cee3a
data/labels/Heinola/heinola_DJI_0033_frame2.txt,38,44b2913f55f94a047355f9ee6d08ca69a19f75956d4011e81534b2e038d076f1
data/labels/Heinola/heinola_DJI_0033_frame20.txt,38,9dbe88905b4fed770e56cf8ff85bdd9f27c6322916ffa077425909252ebd73c0
data/labels/Heinola/heinola_DJI_0033_frame200.txt,38,ddfa4253175d7868238f08da1e22e33ff0385112b7a7db1c025a977f6bc8f158
data/labels/Heinola/heinola_DJI_0033_frame201.txt,38,6a5491cbc331060e7540d42343e25d65a2ef8b24d09587725b4a01cd3cd7dd99
data/labels/Heinola/heinola_DJI_0033_frame202.txt,38,bc10fa4c2c0b486c5fa5ff2a586a93ea274411b13363172fdc6ecefa10c3aa8c
data/labels/Heinola/heinola_DJI_0033_frame203.txt,38,885a6b8eb5729af9f4f710210d6402ca2ec5c5302001604da5407d45108472e8
data/labels/Heinola/heinola_DJI_0033_frame204.txt,38,8187627f059ffa6bc40dee59d85f3e147a1faf45bc59a2ec50ed1001922fb27b
data/labels/Heinola/heinola_DJI_0033_frame205.txt,38,300a9f45dbace9c3f39f17bdbde60113d5bd24d2b8b6555f626640e65e166583
data/labels/Heinola/heinola_DJI_0033_frame206.txt,38,2bd0f13676710d692c3da6448c80fe2e1a14b7c7c0c84398d6dfa7db12a7dc88
data/labels/Heinola/heinola_DJI_0033_frame207.txt,38,edf9f12271b0888fc51cd31bc7d69be32d79ba8efb6e8df5a805185d9d7690c7
data/labels/Heinola/heinola_DJI_0033_frame208.txt,38,a92752cd835d25292d24f82098d0b34d60a581f968ac2fa374ed4786e4d26975
data/labels/Heinola/heinola_DJI_0033_frame209.txt,38,66d0de0f36b63f95450c1172051187985479e4e6f00438c13fd6be31d4f252b9
data/labels/Heinola/heinola_DJI_0033_frame21.txt,38,9dd2fcaa2bb798dedae7d98be29d0767e196e8d911416013b67d93e00971b803
data/labels/Heinola/heinola_DJI_0033_frame210.txt,38,96e67579211dc00fc1bbd644dba4b4cae2b03a5747066147d51c4c722b01176c
data/labels/Heinola/heinola_DJI_0033_frame211.txt,38,d4fdd69cd591f11ff602ecf7f7f46da989ee8d4c145273e6e99de6250c851764
data/labels/Heinola/heinola_DJI_0033_frame212.txt,38,86c97f8ae4f7cc139adaffad6b182f6e6fcc801642b24d23792a75f0ccf00a89
data/labels/Heinola/heinola_DJI_0033_frame213.txt,38,cf7f16285e2f4df760da27b6125983c5d7893e94e2b260a25b690fd2013d46fc
data/labels/Heinola/heinola_DJI_0033_frame214.txt,38,d277911d835ed737df5bd274e4c420dd25b8ec4865bb9e6c0e3959665b9ecb5c
data/labels/Heinola/heinola_DJI_0033_frame215.txt,38,f69ade327ca472d80b1035a69790681af9b2d46289027b43e0cec1c9b886bdfe
data/labels/Heinola/heinola_DJI_0033_frame216.txt,38,214d0fba6bd62570c0f6aaf1c9501f5a89a70da74e50aad31e440aa37c2eba6d
data/labels/Heinola/heinola_DJI_0033_frame217.txt,38,2e5222ac9563170a3a38f6fcc6118aa2b5f72ae88a5ece0dd642883b2159d07a
data/labels/Heinola/heinola_DJI_0033_frame218.txt,38,14044bc1096ddb1c03fd011abc55a9cf3a512b686caa3f54636165fe69e332ae
data/labels/Heinola/heinola_DJI_0033_frame219.txt,38,dedab34c6dfbe7e8742b4eaaa88059524e6f1395310e92a3f126c6c9f118bf71
data/labels/Heinola/heinola_DJI_0033_frame22.txt,38,d0b14016599cdbeba8a6c3180cf7221dfff39b60dfea96f28de7ab9281de84be
data/labels/Heinola/heinola_DJI_0033_frame220.txt,38,78748c8155a0a75ea75dd3ca4ab76e7c2ccca8fb57daf3c145ed7d98b66ac0eb
data/labels/Heinola/heinola_DJI_0033_frame221.txt,38,909ff1976d164cf296ab2e81bb2572862c00f9e3af0fc722b2f08cb93505b871
data/labels/Heinola/heinola_DJI_0033_frame222.txt,38,9d680ba97cb413bb0628074ba744bd46b7dea13d2fc22cb449e6ae6a1cf20484
data/labels/Heinola/heinola_DJI_0033_frame223.txt,38,74fbb20a3a1fcdfff85e6895e70555d79ac093f0d7f659d72cba2e73b0955b1a
data/labels/Heinola/heinola_DJI_0033_frame224.txt,38,855a9b675a5921b433c936d2ffc5687d77fca9e9b3b348bcaf7930ea6446253c
data/labels/Heinola/heinola_DJI_0033_frame225.txt,38,4ae55b41206bc2891464bc6fb27d855f757ef88564b5ee4b2f95a2546796b7e5
data/labels/Heinola/heinola_DJI_0033_frame226.txt,38,7c4e942f3a8e8b410432732ff7ba506497e381ced43e214da93f265187bdbc9f
data/labels/Heinola/heinola_DJI_0033_frame227.txt,38,a748b5ea8b5e45dc7af8c69b9ff4961ff474544d7375394bdbfeab299e2fecf0
data/labels/Heinola/heinola_DJI_0033_frame228.txt,227,3a7f0d072bc722db75f4a58f9a6223dfdc7a970c89ae327d1e2cbcd72d96c717
data/labels/Heinola/heinola_DJI_0033_frame229.txt,38,905d62ae637241b386841ba57af9922f9646b6c35e88db89931b5c9370d039ea
data/labels/Heinola/heinola_DJI_0033_frame23.txt,38,83c2fec7f9dd33d46096f2a66e32ad2ca295fed221636ed0453f1f777f2c1b11
data/labels/Heinola/heinola_DJI_0033_frame230.txt,38,007c32a376af4df834794d79207130e0cc04ecdad90d6e68346a1c5786aab67b
data/labels/Heinola/heinola_DJI_0033_frame231.txt,38,42ab463dfe988e539c0575286d5e3222b8e8c3b4ca38b6bab351d207d51b3f9b
data/labels/Heinola/heinola_DJI_0033_frame232.txt,38,82623f885a1d8a867614456b1c1efdd680c9551fdd08ed4da3e82295430f3a02
data/labels/Heinola/heinola_DJI_0033_frame233.txt,38,179984e058f69d33aace3916baeabf2fb4290fb5a763e239cf2258caac2651b9
data/labels/Heinola/heinola_DJI_0033_frame234.txt,38,be24bbe92c788e839b39b5e8d617d10bf2efa609a38337957743d9baaa586f35
data/labels/Heinola/heinola_DJI_0033_frame235.txt,38,2d49ae4e9a0545a9fb09cee6822ea8b703920a3022697833b9c346ef48814848
data/labels/Heinola/heinola_DJI_0033_frame236.txt,38,60ec5f1ca111ac9661f94b029f0d29a423ea0edd9519c85b13da1d84c3dca56b
data/labels/Heinola/heinola_DJI_0033_frame237.txt,38,880873548e7419a2337c73e579db197e1bbe5a2718717e316c0c74fe53604fb5
data/labels/Heinola/heinola_DJI_0033_frame238.txt,38,9c01561a321f726aa38d73e905d10ff66b0ded5a60fecf88c672c9c16e5f13c3
data/labels/Heinola/heinola_DJI_0033_frame239.txt,38,9139b0b3cc61ae30530508ce8049f40a5c75c697cb7cac25dfa0d6c14f302174
data/labels/Heinola/heinola_DJI_0033_frame24.txt,38,46a77789b537ff841bd0bf9c8522e53b229184c3ce1e55691cb8add6260fca3d
data/labels/Heinola/heinola_DJI_0033_frame240.txt,38,5059c9ff45b38b73d7e95c2589c33bbe560cc63a26b68e1c8e2b8680edc47d76
data/labels/Heinola/heinola_DJI_0033_frame241.txt,38,5bb97aa03c9dd39179e10a3e71d8879abad76d0d145cc1f7d014237dc6595974
data/labels/Heinola/heinola_DJI_0033_frame242.txt,38,36eb0c384d4e39f1a09bebbf6cb090fc2de446e27ba921c2979ecc5f1f6ad9ac
data/labels/Heinola/heinola_DJI_0033_frame243.txt,38,7df525b05739386860aff4ba3404563b32841ed2a918972b8669485d24116b0f
data/labels/Heinola/heinola_DJI_0033_frame244.txt,38,05c80f9d311ebb9c36c123bbce59be93b415a77026f20e5e3985373ee19f3176
data/labels/Heinola/heinola_DJI_0033_frame245.txt,38,8303ef60fae55c82f13944650562e49d57832935297f75ef9772e703cdb4ef63
data/labels/Heinola/heinola_DJI_0033_frame246.txt,38,27e9b7cdb43809b45680b2e4643b3802eadb01d84743a3fe8506a98bdac1e1be
data/labels/Heinola/heinola_DJI_0033_frame247.txt,38,58c6ec8a322cb27328def806f51d599f49cd767c8ebd5ff2ca71001630e72a7a
data/labels/Heinola/heinola_DJI_0033_frame248.txt,38,b24cbb0fde2457cf3012762e3425fc60da51e3be059ad79070d805bdaafdb1a7
data/labels/Heinola/heinola_DJI_0033_frame249.txt,38,fe9fbac452d09645fe3c548bc61846e7b1bc84c35a98ceeb67e4944f8db8477e
data/labels/Heinola/heinola_DJI_0033_frame25.txt,38,602ec68f0dad1f88e13b804289b135d0c1263bdbd397065e29c12f2e4ca4aefd
data/labels/Heinola/heinola_DJI_0033_frame26.txt,38,a1c07d4c83195389b88fc9298f038a0fdcd131d87194ea0a2daa21cabae3fb25
data/labels/Heinola/heinola_DJI_0033_frame27.txt,38,c98e72e311684347e8b3869e6e1d4bc69a43c7a22f53f378339880dcb3366135
data/labels/Heinola/heinola_DJI_0033_frame28.txt,38,34293c76817d36442cec245bc29a4db017b33f8ed6656289cb1831b5d961011f
data/labels/Heinola/heinola_DJI_0033_frame29.txt,38,57c6ef00fa1e5c01e369952c9bb38ec439cd22661e6b9d1ab0eb7c9a0773cab3
data/labels/Heinola/heinola_DJI_0033_frame3.txt,38,2f59c35fc68af58851164b3737b666ef0a1e11ed0fb8b5d8e7228760cfc9c60b
data/labels/Heinola/heinola_DJI_0033_frame30.txt,38,dc6881e7a128559a609663375ca5b19e6251671cca8c60fadd9fe0f8c59be248
data/labels/Heinola/heinola_DJI_0033_frame31.txt,38,ea3dce13ad43f8a341b537b63873c503f2eae0b7f8711e23748eada6fda6e6f4
data/labels/Heinola/heinola_DJI_0033_frame32.txt,38,41322ae503a990b95841629bf4bc71c1ac7e0eb793ba8bc42f0c0965f2bb95b4
data/labels/Heinola/heinola_DJI_0033_frame33.txt,38,8b34bced393ccdd940fcc53c7609f94dcd69f656da52ca85837bc264b284911f
data/labels/Heinola/heinola_DJI_0033_frame34.txt,38,c6ad9002bc69cf67041328076efb19c4940974afc4b6b7d93e1906a34cadd61b
data/labels/Heinola/heinola_DJI_0033_frame35.txt,38,95422a4d4827f62ce1f77d494e4153a21df6be886ad9a933596729b9e36d2efe
data/labels/Heinola/heinola_DJI_0033_frame36.txt,38,5fc3d31f8a256b003e3d3411561450cfbba8e6926d3acb5a9fecdc4742607ecb
data/labels/Heinola/heinola_DJI_0033_frame37.txt,38,a4b5e6688e0b1883bae77abbf41241c721f3dbb01c7e5e39713fff5c7fd39c28
data/labels/Heinola/heinola_DJI_0033_frame38.txt,38,33eb4fd51109aa8933ba5a89efe2d148ae13834be50a1b6d66946b34cc9e4753
data/labels/Heinola/heinola_DJI_0033_frame39.txt,38,aa10ca52b67c7f2de0b7f444419bbb2b87840d8c9691b37e842573541507f02e
data/labels/Heinola/heinola_DJI_0033_frame4.txt,38,1e8e90c859ed8bcc286b95de6a650942eb2bba8a1afd8cd76a22978bd96310a1
data/labels/Heinola/heinola_DJI_0033_frame40.txt,38,4fe82aef0fe8dba3d1af9ea9044b8fd78daaab48a511d4a294490275c270de7d
data/labels/Heinola/heinola_DJI_0033_frame41.txt,38,22121ca1a4ed7cedc5b194c945ee3277e7662974082a6a5053ad40ff407942cb
data/labels/Heinola/heinola_DJI_0033_frame42.txt,38,2e3a96f36f00308bd4bd877fb41a32a44355784e95f1d8100d0af06a2633d11d
data/labels/Heinola/heinola_DJI_0033_frame43.txt,38,93d25948762a0207d75ac955c103bad25885105a856afe97fe3e48eda140c680
data/labels/Heinola/heinola_DJI_0033_frame44.txt,38,dc5687677dae35433a8829de23bfa29ff41d5f16f876993f5bba53ae1697b264
data/labels/Heinola/heinola_DJI_0033_frame45.txt,38,a89b9fe24c72bef2af602570d4a3715e948267db4207ceb1c37bc396842765ff
data/labels/Heinola/heinola_DJI_0033_frame46.txt,38,75a589266dbb7c115d40ff09f616c25c4c513e1e8e590685148ef01c810ec519
data/labels/Heinola/heinola_DJI_0033_frame47.txt,38,8699d9f0254971391fcfb448f10b86bae4a184cdb9f47614f3f847cdbc131941
data/labels/Heinola/heinola_DJI_0033_frame48.txt,38,0a01a067f2caae9532601a20ac46de72669d21af92f673df03116a08815d8eda
data/labels/Heinola/heinola_DJI_0033_frame49.txt,38,f2002975d07e87e6c61e160e1803031050205fe29fd4a3695f8d5af3aa35714a
data/labels/Heinola/heinola_DJI_0033_frame5.txt,38,4a856c9aad97371356ac56148b5983b64a6454674168ff0094ae5c1fbd3767a4
data/labels/Heinola/heinola_DJI_0033_frame50.txt,38,bcdfc91c27321b2cfc485d38bad9eca0b60966e78d568b79fe2e7620a7c70760
data/labels/Heinola/heinola_DJI_0033_frame51.txt,38,b286ab69381d32b9dc8b1e6c6653b48cee3e0476eae8c0a5551cce3f75778088
data/labels/Heinola/heinola_DJI_0033_frame52.txt,38,8f52965e0232cb92e9c0b833c5fc40a6204153168f174db3a4673ba0c1bc4246
data/labels/Heinola/heinola_DJI_0033_frame53.txt,38,87030b0a48e8be71ca0abf8650c16332aec3d0bd781aeca56ac5ab83d7ff309f
data/labels/Heinola/heinola_DJI_0033_frame54.txt,38,31792578160efb2574177eaba9720543031a0d7f7cef0a61b7fb04d1f6b924f8
data/labels/Heinola/heinola_DJI_0033_frame55.txt,38,5b0fec534c39a66a1a620fc3f07a72822e17663d2f112b466e7bb2a2c31c7fdc
data/labels/Heinola/heinola_DJI_0033_frame56.txt,38,23db26fd0aafb29d8a1bde1eb974d691a9d9936625490b5cb40648cf96812328
data/labels/Heinola/heinola_DJI_0033_frame57.txt,38,75e13c299fff6e5b1fe0e1741bf417bbcd112fee6dbb3fc8d6bad8d8f38fa9d4
data/labels/Heinola/heinola_DJI_0033_frame58.txt,38,32991c630bd4589ca77502ee6018c93ba94df758a60d07be73bb5a7ee59c3488
data/labels/Heinola/heinola_DJI_0033_frame59.txt,38,884853f895b1eb71f7b545f953227e525bdc17f41363e5961361e7928188bc2d
data/labels/Heinola/heinola_DJI_0033_frame6.txt,38,637bb0536bac3e0232c46d9a3c82047f4b6224b0251b71b986a7383c46fa202e
data/labels/Heinola/heinola_DJI_0033_frame60.txt,38,8349c0672f9925bd674a9be0450bad591feb94f1f47bd1d2392b3c07a8be0793
data/labels/Heinola/heinola_DJI_0033_frame61.txt,38,c5113d1706ca779d1b6491db77d4d87869094dcd47c340d08365f78d51599b5d
data/labels/Heinola/heinola_DJI_0033_frame62.txt,38,b5e8ef5707990d426eafee558f4c38ed389ee51091ab599f566fb7637e1923a4
data/labels/Heinola/heinola_DJI_0033_frame63.txt,38,310abd289098b907eae5f9a706a0a0cc6df87cf3f85d8487898b5afaed3d9ea1
data/labels/Heinola/heinola_DJI_0033_frame64.txt,38,e493314d459f32bd6352cec79c36f52a935605dccfa4c8974fb3ab23d1e61832
data/labels/Heinola/heinola_DJI_0033_frame65.txt,38,b4a0b5602e1805241327d92d27f1df61bbcf6d39268118477385b6fc4c70f4b7
data/labels/Heinola/heinola_DJI_0033_frame66.txt,38,1d33ec72e8d13d82ab9925743c51c3e7980ff41c956c1fa805d3c29cc2551b55
data/labels/Heinola/heinola_DJI_0033_frame67.txt,38,4203f510d9b528543fb1652628694e6644018ee98bc8396859ec22e19c7d5deb
data/labels/Heinola/heinola_DJI_0033_frame68.txt,38,748315ca79a8631c00a742b4af141d70418937b38d846f309612abbfb43f0994
data/labels/Heinola/heinola_DJI_0033_frame69.txt,38,4031bbc82a8e9dc9c8d2708ff58efabc0e510def0e6d4fa8dc2fbb6e1ebb7545
data/labels/Heinola/heinola_DJI_0033_frame7.txt,38,a99b5626ce926182e71e948e5b6aed24b5acc17f13afeb293cd5fc5cd60fb317
data/labels/Heinola/heinola_DJI_0033_frame70.txt,38,57e93b412ddaa489f36f95a85ab52a9e437a22b719a9a387fb10703032917875
data/labels/Heinola/heinola_DJI_0033_frame71.txt,38,070b5c59b9979c209e7667a8b5ff039c11491c1b8b96df43de70aeec82b3ed1f
data/labels/Heinola/heinola_DJI_0033_frame8.txt,38,26337f4ad6969c55d6acbc0463ac889ce3ba2d25a85be6460c1d4a3de5a47166
data/labels/Heinola/heinola_DJI_0033_frame83.txt,38,4ea055a66d39713702a6056315382a7db832b2f7a7c839b05469aacae5072c16
data/labels/Heinola/heinola_DJI_0033_frame84.txt,38,68d36c9763d5c00d7db9f80e609b2718cd5f7a30f13716f2a5a979e3001cfada
data/labels/Heinola/heinola_DJI_0033_frame85.txt,38,25e9b260f33f024fe5f31bd3010a4acfdb0b6056f65fa4312098372433f14821
data/labels/Heinola/heinola_DJI_0033_frame86.txt,38,df2965c4e9c34bae17aa47701b4b98647897f7240a8927b77fd4853113bdf343
data/labels/Heinola/heinola_DJI_0033_frame87.txt,38,1c4f1b3a3f9331cb3bbd8fd188a947224a39cefe6404c24d65c3a20828ea05d3
data/labels/Heinola/heinola_DJI_0033_frame88.txt,38,3600aeaef00a3ee4fcc7505e049d77a69a5fd6e9247706d3eaf6fef02d7659cd
data/labels/Heinola/heinola_DJI_0033_frame89.txt,38,49d85f3332984ad92e6290b1bcc41d2104af6105d1bb9c3674f13da7b1e9d9af
data/labels/Heinola/heinola_DJI_0033_frame9.txt,38,6929a2b9bbe3dd269d11324d995ba925b33ebd2f4c8a58b2123efb2454078eb2
data/labels/Heinola/heinola_DJI_0033_frame90.txt,38,21c572e1292c0654d49613a11f83168a32b11cf34941b0dc328bdf07cc77c8a1
data/labels/Heinola/heinola_DJI_0033_frame91.txt,38,3c7e5dbc244c84522cadf3b8dfe1d1cdf5791cf96f8c76cadaa73a5d1ce44264
data/labels/Heinola/heinola_DJI_0033_frame92.txt,38,bfebc59724e0f2715bafb81baf2dacb00490426efd77d33ec5b3fcd860124637
data/labels/Heinola/heinola_DJI_0033_frame93.txt,38,de594fe9ae5ab0fa29a38238056e4da827ecbb1102e057e8abc79da113eabe9c
data/labels/Heinola/heinola_DJI_0033_frame94.txt,38,ebe34cad5d22f72b3d62c782316a02c3426dd9c6aca9acab2496b1e007846492
data/labels/Heinola/heinola_DJI_0033_frame95.txt,38,392a44ce89b9bcc9ba3d5b8dd5e6dfa48e76f5983412f49112022bb3dd7c89a2
data/labels/Heinola/heinola_DJI_0036_frame100.txt,38,534b9ccdcf89c84b5e565827ae4848e714dbfd91893bb440d5060896b231b00c
data/labels/Heinola/heinola_DJI_0036_frame101.txt,38,b36c93c6e8c30ab125cc121d6c69a53bf161053e8c515e1d261f93c9d3d2722e
data/labels/Heinola/heinola_DJI_0036_frame102.txt,38,0a7b4016f66f54d6ef4625f1b8b5a35573c955237f6ce9f8166e53fa51ae6ad7
data/labels/Heinola/heinola_DJI_0036_frame103.txt,38,f11f399e5c117254a0efd6876a871f7422b77d34ce07f3775757f9748abbf701
data/labels/Heinola/heinola_DJI_0036_frame104.txt,38,ac0af16b9321fe4073c2482c0b8e82f98a831641f703200f06e43c698f27dc6e
data/labels/Heinola/heinola_DJI_0036_frame105.txt,38,826b233a3cd9346556cd2ca829c036cae0ff6ff1a612f1228271afe1e37b130a
data/labels/Heinola/heinola_DJI_0036_frame106.txt,38,3b93430745ea886aad60c32236946e2ef3c5756edbcd9c1d9ac86180d80cc8a9
data/labels/Heinola/heinola_DJI_0036_frame107.txt,38,b2a94e16c7602f39fa5f94a139bb22dcf63fdc84ed2f29dfd5945d0c04ccef8e
data/labels/Heinola/heinola_DJI_0036_frame108.txt,38,de01a0bf85d82603ac8849fdd2d78034181c33e412b499af88e8be63b5913d08
data/labels/Heinola/heinola_DJI_0036_frame109.txt,38,3018c81078480ace45c3c2fb615b470ceaaf58a36c94b4430eeabf5510b882e2
data/labels/Heinola/heinola_DJI_0036_frame110.txt,38,f2c2986bf432d73c76fdd9a905af51959e1793459f18df731695b06e2913f9d4
data/labels/Heinola/heinola_DJI_0036_frame111.txt,38,c9deabfab54530098f956f4f95b2be9898530d11c4579ca40fb66ad5773071f4
data/labels/Heinola/heinola_DJI_0036_frame112.txt,38,acc49685c2a6f0de3faa4371d1e8e294ce0c1dbb5ef12211980ecfa843c17260
data/labels/Heinola/heinola_DJI_0036_frame113.txt,38,1089abef771baf1602f731b033cf47fad41f241dbf9f923ad24e1a7feb537fc2
data/labels/Heinola/heinola_DJI_0036_frame114.txt,38,263159cd77eedb07fb8a825dada40ee8c7ff4fe163225ab6579da4ce8b30173f
data/labels/Heinola/heinola_DJI_0036_frame115.txt,38,dee11356dba92cad2becf779492ca5d77b9a6c4edf61c2722c0e60c22bd0cffa
data/labels/Heinola/heinola_DJI_0036_frame116.txt,38,3f8eef9b1b972ce52991a58315fbff724cad6427ea6660712105ab1ac7c597c4
data/labels/Heinola/heinola_DJI_0036_frame117.txt,38,7bd6520740ccb13c65b86107cf9a4817c0ed229477782a5e7aa1db4ae17d076b
data/labels/Heinola/heinola_DJI_0036_frame118.txt,38,d3d4ac99b18dbe93cf9bc6ac3cea5a7b7039e0f4cb23d79be1f1d103295f216a
data/labels/Heinola/heinola_DJI_0036_frame119.txt,38,1ded56498fcea7acbc97e67d2afd08535dd046cfd04f240a1547a3369780aa19
data/labels/Heinola/heinola_DJI_0036_frame120.txt,38,0f980c29e7bc429193ea0c53bfe0f1f7cc5378279ee6dfba4a34980e6c138680
data/labels/Heinola/heinola_DJI_0036_frame121.txt,38,758aad6e97d2317e79bd5e9ce461c1c76984e0d350aceef5ccae3635f5fbfce0
data/labels/Heinola/heinola_DJI_0036_frame122.txt,38,4ef3e44142927a4ed219d957dab96b252bde81564718380f6016fcd619eae7d7
data/labels/Heinola/heinola_DJI_0036_frame123.txt,38,d5d6d1e8f73fa555fcb78e81c19a600e15513946409266f37bf5a0b483b2cc6f
data/labels/Heinola/heinola_DJI_0036_frame124.txt,38,797c1f6c5dd7e72eda5e86e9766a80c60b34b5886428da06d3073f66ad8be6f2
data/labels/Heinola/heinola_DJI_0036_frame125.txt,38,c7db930b5ff8f79da47703512fdcf3f2a1d382d7626c7a3067a1e47ce8fa710a
data/labels/Heinola/heinola_DJI_0036_frame126.txt,38,a5440fa427f08333d613973fa66d79ac22c17870ebbdf428e013d1d755109185
data/labels/Heinola/heinola_DJI_0036_frame127.txt,38,febd9657c9cb73b1d06df86b2d3b7425b4580350e32f5cbca344def45a540922
data/labels/Heinola/heinola_DJI_0036_frame229.txt,38,4ab469aa33f18b4b5014f37678dce8446a295654993809c470988b6f94e207fa
data/labels/Heinola/heinola_DJI_0036_frame230.txt,38,6d2bea63407f99da3c795fd8ac94ff4e7c4ad945b1368bb82aafea1416e24b5b
data/labels/Heinola/heinola_DJI_0036_frame231.txt,38,342d7a8f89cab90abf6009d19563a8fb0b17760e3c3ac27b5ebff4a420434a75
data/labels/Heinola/heinola_DJI_0036_frame232.txt,38,6f9768406de3fedfb0754fb416820a42ef6a7a81f1d476e2248a4ba723acb2eb
data/labels/Heinola/heinola_DJI_0036_frame233.txt,38,c9f26ee8430c91901203d2799d672ab95a216a35c289815e00cee995d0e108ed
data/labels/Heinola/heinola_DJI_0036_frame234.txt,38,2bf0460877a6c4758621c14892f8f11016589ccc36df3fe7ded00606fb27341b
data/labels/Heinola/heinola_DJI_0036_frame235.txt,38,75ef91a024ca5c7ade44080d1c7bb3a62ed4126f9904e67143f4c6f9065b0a07
data/labels/Heinola/heinola_DJI_0036_frame236.txt,38,56146b0120b54b645bfcabfe8b0a45c9dd26f7f77768ac0079f05645559dbc22
data/labels/Heinola/heinola_DJI_0036_frame237.txt,38,ab95182317afee373ca750ac17bf153089289e86ab3cd0c90e875b2d9137c4c6
data/labels/Heinola/heinola_DJI_0036_frame238.txt,38,0828d74e56653ff249df6f234f20918c8499a89b07227f33180a9f41006ac851
data/labels/Heinola/heinola_DJI_0036_frame239.txt,38,5b424949ce1e18a080a2087fd9c0e48ed40e9217592aa27310b1cba8b6c67e5e
data/labels/Heinola/heinola_DJI_0036_frame240.txt,38,fb7d08d57414f2b3498a9b563d968cc00595a173312ee3418fc061746139bead
data/labels/Heinola/heinola_DJI_0036_frame241.txt,38,c695dcf0aee1900ef63c43587554a1b81aa36b7c6ea59c0f1f20a20aff64f8ab
data/labels/Heinola/heinola_DJI_0036_frame242.txt,38,4949a3881fda4037424f17ac135b61675e317494ec29d7dfd782614331e9b71f
data/labels/Heinola/heinola_DJI_0036_frame97.txt,38,bf886fd5e515467fce01fe9d918cde901daa6a86fad391abed4dbf4b271ee308
data/labels/Heinola/heinola_DJI_0036_frame98.txt,38,a4cbffe452a2deb2ca8146761dc9b260fa1c949bc2164b8c84ac980629c528f4
data/labels/Heinola/heinola_DJI_0036_frame99.txt,38,08dcd10dffeb5e22e771860a2ee74031f032ea8e519768726155df217851d773
data/labels/Heinola/heinola_DJI_0038_frame36.txt,38,2eaaca383f8b1f968a1b64a83f47decea29598832b6f5d8606e27dbb1b3010f4
data/labels/Heinola/heinola_DJI_0038_frame37.txt,38,54277ef8642db859e8e55b3cc5128620c37feb0b32030750100b82141652e6cb
data/labels/Heinola/heinola_DJI_0038_frame38.txt,38,bd74024f61f4aae182db064a4dbdf2e5ed8aca35cc4bcc8660838b9dfd96b5c1
data/labels/Heinola/heinola_DJI_0038_frame39.txt,38,ee5aff43f98ddefc061c42a9f1002b625203d51de27be920d04c6eed3fdda40c
data/labels/Heinola/heinola_DJI_0038_frame40.txt,38,06bf8215de234e4b4832bc9dee6b1870310674bad4d9cfaf98147406bc067091
data/labels/Heinola/heinola_DJI_0038_frame41.txt,38,add19d9a6ce483b37cfff8fe1113b173290921e3772666cf78f52db364a1cfdd
data/labels/Heinola/heinola_DJI_0038_frame42.txt,38,9c766e0ebf4ff998147d587d7329d98b1bf4b24a601cfbf5a2aae2b247040e3e
data/labels/Heinola/heinola_DJI_0038_frame43.txt,38,a229f2e0d79a29898211baafcf623966d2314f08a13294321f85ac627426679c
data/labels/Heinola/heinola_DJI_0038_frame44.txt,38,84e263bf6831a966793093c78de3212bd3b395246937cee396c578fb27229e75
data/labels/Heinola/heinola_DJI_0038_frame45.txt,38,6ff326ff0e8dd030ea1deb317839469f2cfc7387007439aa632289efb419da22
data/labels/Heinola/heinola_DJI_0048_frame0.txt,0,e3b0c44298fc1c149afbf4c8996fb92427ae41e4649b934ca495991b7852b855
data/labels/Heinola/heinola_DJI_0048_frame1.txt,0,e3b0c44298fc1c149afbf4c8996fb92427ae41e4649b934ca495991b7852b855
data/labels/Heinola/heinola_DJI_0048_frame100.txt,0,e3b0c44298fc1c149afbf4c8996fb92427ae41e4649b934ca495991b7852b855
data/labels/Heinola/heinola_DJI_0048_frame101.txt,0,e3b0c44298fc1c149afbf4c8996fb92427ae41e4649b934ca495991b7852b855
data/labels/Heinola/heinola_DJI_0048_frame102.txt,0,e3b0c44298fc1c149afbf4c8996fb92427ae41e4649b934ca495991b7852b855
data/labels/Heinola/heinola_DJI_0048_frame103.txt,0,e3b0c44298fc1c149afbf4c8996fb92427ae41e4649b934ca495991b7852b855
data/labels/Heinola/heinola_DJI_0048_frame104.txt,0,e3b0c44298fc1c149afbf4c8996fb92427ae41e4649b934ca495991b7852b855
data/labels/Heinola/heinola_DJI_0048_frame172.txt,0,e3b0c44298fc1c149afbf4c8996fb92427ae41e4649b934ca495991b7852b855
data/labels/Heinola/heinola_DJI_0048_frame173.txt,0,e3b0c44298fc1c149afbf4c8996fb92427ae41e4649b934ca495991b7852b855
data/labels/Heinola/heinola_DJI_0048_frame174.txt,0,e3b0c44298fc1c149afbf4c8996fb92427ae41e4649b934ca495991b7852b855
data/labels/Heinola/heinola_DJI_0048_frame175.txt,0,e3b0c44298fc1c149afbf4c8996fb92427ae41e4649b934ca495991b7852b855
data/labels/Heinola/heinola_DJI_0048_frame176.txt,0,e3b0c44298fc1c149afbf4c8996fb92427ae41e4649b934ca495991b7852b855
data/labels/Heinola/heinola_DJI_0048_frame177.txt,0,e3b0c44298fc1c149afbf4c8996fb92427ae41e4649b934ca495991b7852b855
data/labels/Heinola/heinola_DJI_0048_frame178.txt,0,e3b0c44298fc1c149afbf4c8996fb92427ae41e4649b934ca495991b7852b855
data/labels/Heinola/heinola_DJI_0048_frame179.txt,0,e3b0c44298fc1c149afbf4c8996fb92427ae41e4649b934ca495991b7852b855
data/labels/Heinola/heinola_DJI_0048_frame180.txt,0,e3b0c44298fc1c149afbf4c8996fb92427ae41e4649b934ca495991b7852b855
data/labels/Heinola/heinola_DJI_0048_frame181.txt,0,e3b0c44298fc1c149afbf4c8996fb92427ae41e4649b934ca495991b7852b855
data/labels/Heinola/heinola_DJI_0048_frame182.txt,0,e3b0c44298fc1c149afbf4c8996fb92427ae41e4649b934ca495991b7852b855
data/labels/Heinola/heinola_DJI_0048_frame183.txt,0,e3b0c44298fc1c149afbf4c8996fb92427ae41e4649b934ca495991b7852b855
data/labels/Heinola/heinola_DJI_0048_frame184.txt,0,e3b0c44298fc1c149afbf4c8996fb92427ae41e4649b934ca495991b7852b855
data/labels/Heinola/heinola_DJI_0048_frame185.txt,0,e3b0c44298fc1c149afbf4c8996fb92427ae41e4649b934ca495991b7852b855
data/labels/Heinola/heinola_DJI_0048_frame186.txt,0,e3b0c44298fc1c149afbf4c8996fb92427ae41e4649b934ca495991b7852b855
data/labels/Heinola/heinola_DJI_0048_frame187.txt,0,e3b0c44298fc1c149afbf4c8996fb92427ae41e4649b934ca495991b7852b855
data/labels/Heinola/heinola_DJI_0048_frame188.txt,0,e3b0c44298fc1c149afbf4c8996fb92427ae41e4649b934ca495991b7852b855
data/labels/Heinola/heinola_DJI_0048_frame2.txt,0,e3b0c44298fc1c149afbf4c8996fb92427ae41e4649b934ca495991b7852b855
data/labels/Heinola/heinola_DJI_0048_frame217.txt,38,e70101531ca68e5bfd2dcda4a5ce49c1f4cbcc086c59afab51587bcc7e5421a2
data/labels/Heinola/heinola_DJI_0048_frame218.txt,38,27dde1efa89cb34f50c048f671fe76f331ddbb16fc4f4476086cd9c0fddabe2f
data/labels/Heinola/heinola_DJI_0048_frame219.txt,38,f970e47e5913943eca1f8f085f98f5ddfccc97cf6bf74130a15997ffa9996df7
data/labels/Heinola/heinola_DJI_0048_frame220.txt,38,92e8d7d95791a2e3fc27627698b97f75535aed721d914852f5823f48e44ffb34
data/labels/Heinola/heinola_DJI_0048_frame221.txt,38,7b781932c03a740416b8cd6389c1987f6d6d87fbac58b9e1daa5df2ce3f8b493
data/labels/Heinola/heinola_DJI_0048_frame222.txt,38,95400158ad0c24c3f085f01a3bf5ad6b48653b8c46bb4478aa7c055e154463d8
data/labels/Heinola/heinola_DJI_0048_frame223.txt,38,981eda8539a6f7c28d032b461523752e24699e385ed45c33abb7b747677fd915
data/labels/Heinola/heinola_DJI_0048_frame224.txt,38,f504f83d1e5bd2ae4850537abc5efd42d1b2c827af4385db533fa4dbacb3633d
data/labels/Heinola/heinola_DJI_0048_frame225.txt,38,a044d55d44dffaefb8beaaddf660aaee6e289fe89c605765b96949926aa92891
data/labels/Heinola/heinola_DJI_0048_frame226.txt,38,6ed8bde033978bece0c9b737465a8a5784e9ad1abe09511f66bfbd1f23377df2
data/labels/Heinola/heinola_DJI_0048_frame227.txt,38,1f966b5c7a0871ac40409d3bd5b1b46ea4786b7382ad68e36095b77f7dd820fd
data/labels/Heinola/heinola_DJI_0048_frame228.txt,38,21a4b09a0bcf97c02018e363288104c79d39544c205da95419e7266d8806583b
data/labels/Heinola/heinola_DJI_0048_frame229.txt,38,b453f9fdd0a8da9fb19c6156698cdfaa592ae4549033066b0135169143c2a399
data/labels/Heinola/heinola_DJI_0048_frame230.txt,38,d9942ff7fd172d6508e20f44b9c3990b356eabf94344a19612ceb7ee79466eab
data/labels/Heinola/heinola_DJI_0048_frame231.txt,38,1007eb2245ceb23e1df96739adaadc2cd9696ff7f9d6df8ab8a4aef50b8659ad
data/labels/Heinola/heinola_DJI_0048_frame237.txt,0,e3b0c44298fc1c149afbf4c8996fb92427ae41e4649b934ca495991b7852b855
data/labels/Heinola/heinola_DJI_0048_frame238.txt,0,e3b0c44298fc1c149afbf4c8996fb92427ae41e4649b934ca495991b7852b855
data/labels/Heinola/heinola_DJI_0048_frame239.txt,0,e3b0c44298fc1c149afbf4c8996fb92427ae41e4649b934ca495991b7852b855
data/labels/Heinola/heinola_DJI_0048_frame240.txt,0,e3b0c44298fc1c149afbf4c8996fb92427ae41e4649b934ca495991b7852b855
data/labels/Heinola/heinola_DJI_0048_frame241.txt,0,e3b0c44298fc1c149afbf4c8996fb92427ae41e4649b934ca495991b7852b855
data/labels/Heinola/heinola_DJI_0048_frame277.txt,0,e3b0c44298fc1c149afbf4c8996fb92427ae41e4649b934ca495991b7852b855
data/labels/Heinola/heinola_DJI_0048_frame3.txt,0,e3b0c44298fc1c149afbf4c8996fb92427ae41e4649b934ca495991b7852b855
data/labels/Heinola/heinola_DJI_0048_frame4.txt,0,e3b0c44298fc1c149afbf4c8996fb92427ae41e4649b934ca495991b7852b855
data/labels/Heinola/heinola_DJI_0048_frame5.txt,0,e3b0c44298fc1c149afbf4c8996fb92427ae41e4649b934ca495991b7852b855
data/labels/Heinola/heinola_DJI_0048_frame85.txt,0,e3b0c44298fc1c149afbf4c8996fb92427ae41e4649b934ca495991b7852b855
data/labels/Heinola/heinola_DJI_0048_frame86.txt,0,e3b0c44298fc1c149afbf4c8996fb92427ae41e4649b934ca495991b7852b855
data/labels/Heinola/heinola_DJI_0048_frame87.txt,0,e3b0c44298fc1c149afbf4c8996fb92427ae41e4649b934ca495991b7852b855
data/labels/Heinola/heinola_DJI_0048_frame88.txt,0,e3b0c44298fc1c149afbf4c8996fb92427ae41e4649b934ca495991b7852b855
data/labels/Heinola/heinola_DJI_0048_frame89.txt,0,e3b0c44298fc1c149afbf4c8996fb92427ae41e4649b934ca495991b7852b855
data/labels/Heinola/heinola_DJI_0048_frame90.txt,0,e3b0c44298fc1c149afbf4c8996fb92427ae41e4649b934ca495991b7852b855
data/labels/Heinola/heinola_DJI_0048_frame91.txt,0,e3b0c44298fc1c149afbf4c8996fb92427ae41e4649b934ca495991b7852b855
data/labels/Heinola/heinola_DJI_0048_frame92.txt,0,e3b0c44298fc1c149afbf4c8996fb92427ae41e4649b934ca495991b7852b855
data/labels/Heinola/heinola_DJI_0048_frame93.txt,0,e3b0c44298fc1c149afbf4c8996fb92427ae41e4649b934ca495991b7852b855
data/labels/Heinola/heinola_DJI_0048_frame94.txt,0,e3b0c44298fc1c149afbf4c8996fb92427ae41e4649b934ca495991b7852b855
data/labels/Heinola/heinola_DJI_0048_frame95.txt,0,e3b0c44298fc1c149afbf4c8996fb92427ae41e4649b934ca495991b7852b855
data/labels/Heinola/heinola_DJI_0048_frame96.txt,0,e3b0c44298fc1c149afbf4c8996fb92427ae41e4649b934ca495991b7852b855
data/labels/Heinola/heinola_DJI_0048_frame97.txt,0,e3b0c44298fc1c149afbf4c8996fb92427ae41e4649b934ca495991b7852b855
data/labels/Karkkila/karkkila_DJI_0001_frame100.txt,38,54d2faf40765545b13d13973192a8394b88b56084dbbb9d516cc979dc91b6187
data/labels/Karkkila/karkkila_DJI_0001_frame101.txt,38,a7f26ee6e36a63e2fe55514d0d61096e481d9b52ad5f6ec25aa14b4b0c64be6d
data/labels/Karkkila/karkkila_DJI_0001_frame102.txt,38,9531c4bcf15be21c87f7d9d4179ab267cf744595b45120eee87a412b80aa7de1
data/labels/Karkkila/karkkila_DJI_0001_frame103.txt,38,1f12b0056dbb5ab1a7be7193d32f82db01701c3e4528c49029dc03da3698d7cd
data/labels/Karkkila/karkkila_DJI_0001_frame104.txt,38,7e79fa7aae6bc2287c456eab8bfd996ed62263a166029a78a3148f2b3f040fa7
data/labels/Karkkila/karkkila_DJI_0001_frame105.txt,38,783277dc817774f4f946e47b73e54c6a55405f2a079777493679993fab7cefb3
data/labels/Karkkila/karkkila_DJI_0001_frame106.txt,38,41c476e9f1b438d3d45d9d6b126591c3acebf100d82549fa20291a1c18367eb0
data/labels/Karkkila/karkkila_DJI_0001_frame107.txt,38,9878227a36cc27e97d7ac2b2005a65c78ef58c71d04987ed72fcea76f4a95212
data/labels/Karkkila/karkkila_DJI_0001_frame108.txt,38,f55dc1b061fcfb6b9b8901ba6b269fbad8b7b7115270790bf65f076132ebf4aa
data/labels/Karkkila/karkkila_DJI_0001_frame109.txt,38,a226f49cfaa99e0d80d2b0c2a7380ca97439bdbc8b12a346061022edf07398db
data/labels/Karkkila/karkkila_DJI_0001_frame110.txt,38,1379e07443e0b7c2d87d06d026bf6b0b3ad3a01e59d80f1610ab6d11b43a02d9
data/labels/Karkkila/karkkila_DJI_0001_frame111.txt,38,62ce1ed4116582f52fa1f7361bd6013e96f52590b0112c6376c83ea4440be5ff
data/labels/Karkkila/karkkila_DJI_0001_frame112.txt,38,f4a67630542ae839e9eafe0f2adbc8371dbb61f3cd2950fe18c9859ca5a8fa55
data/labels/Karkkila/karkkila_DJI_0001_frame113.txt,38,768a9c20b6db370c1b20ed683648ac8107bf6d89cf80e213ffb70fa6bccdaa67
data/labels/Karkkila/karkkila_DJI_0001_frame114.txt,38,f42bb7680ae0963885899c357fb321b63d188b0c09b4bc9d731798e04e77162f
data/labels/Karkkila/karkkila_DJI_0001_frame115.txt,38,0a443c33cae55874cbc692dd25609de4208faaae7440cdbd17f288a4c10c0331
data/labels/Karkkila/karkkila_DJI_0001_frame116.txt,38,7e0b5c17d14f39494567b9028c3cc535212839076a4ac387ee022c3fbc922acf
data/labels/Karkkila/karkkila_DJI_0001_frame117.txt,38,03190d6f602a3ce5acfb86b1c05872525e6a69328fcf71c8dc1820087d809e80
data/labels/Karkkila/karkkila_DJI_0001_frame118.txt,38,b193d609d5a4892c2af0fe37bdc185b1badf269b620b2b5d6832f5b3ad9baf46
data/labels/Karkkila/karkkila_DJI_0001_frame119.txt,38,f34f6f97abcb0ec6ac04b3c6f578fa0b3682bc4cb7b2ff20c5a02e55ce1d330d
data/labels/Karkkila/karkkila_DJI_0001_frame120.txt,38,0519854f00666a5e9e5089a2bd4e09ac8f68b1266806979244972040c3aa26d3
data/labels/Karkkila/karkkila_DJI_0001_frame121.txt,38,614425dd052e0c8b034492fc7ead3db5221beff29cf3639882e1435462ef9aa0
data/labels/Karkkila/karkkila_DJI_0001_frame122.txt,38,f3f2db77e264783b5fdbfd51886586fd426b198482eb802bc205f53d4e5b0d0c
data/labels/Karkkila/karkkila_DJI_0001_frame123.txt,38,e7f8a95b89b2f7038768e2f87ecc2465f32a7b00d92b1bcd5a7dd8a703a546e8
data/labels/Karkkila/karkkila_DJI_0001_frame55.txt,38,f93f86cad48095670d5cf54b6eb715695ea06b2b8920f98ca40b4e08ff551c6d
data/labels/Karkkila/karkkila_DJI_0001_frame56.txt,38,2412c27f27f674c493f03e2fb9f56c48f634210ad2b5e8df0c598678870873c2
data/labels/Karkkila/karkkila_DJI_0001_frame57.txt,38,bd60a8a71104ecd392a8979fcc4cef722acd4bbbc8c39b34f38a1ad1dfc2ff1f
data/labels/Karkkila/karkkila_DJI_0001_frame58.txt,38,bfdbeeeb8583f8aba11d439a2a00c827f0cd92f068b1628cacf778fa379cfe93
data/labels/Karkkila/karkkila_DJI_0001_frame59.txt,38,3a69eb579c9438fa1720db26bc4e4cd51e910db1e4388fe3a61ba99dbc33c35f
data/labels/Karkkila/karkkila_DJI_0001_frame60.txt,38,abbeb5091a4ad35d1bfaaa1ffb2634fbd551c9469151185b733b6b6e9a6a5d43
data/labels/Karkkila/karkkila_DJI_0001_frame61.txt,38,3bcaff6c6eabb01e89a9dc502623db296ef64a73a3df500e32a4e1f4fa8156ec
data/labels/Karkkila/karkkila_DJI_0001_frame62.txt,38,d84effc78adb56b2e87e1c10306c716b4f73e12a5e7f55dd2c09ae556fffc600
data/labels/Karkkila/karkkila_DJI_0001_frame63.txt,38,d624cd64340f06c0c32b797800f95d30e716fa003e0f20e715f81623dce9c583
data/labels/Karkkila/karkkila_DJI_0001_frame64.txt,38,52dc4249dda37b5c6e0c73aaad637d651f92f2511847f81cef784a6e2f50100a
data/labels/Karkkila/karkkila_DJI_0001_frame65.txt,38,bd04115367a9a08e130ba783d798b73f85fa117b23735ef67bffeffe52601a3e
data/labels/Karkkila/karkkila_DJI_0001_frame66.txt,38,1e576d75a30238eef6b3a85e182f2542fd66fc6447febb7dc3eb7838480997a3
data/labels/Karkkila/karkkila_DJI_0001_frame67.txt,38,4aff50dce244f63c29cfe0c7c0dd21b728befc3a7510aaea9f93bca21f87693d
data/labels/Karkkila/karkkila_DJI_0001_frame68.txt,38,f85d0b0860de7afe709b1c9d014b303e4f25b1768e7a5a8f1aba10849b2f3d77
data/labels/Karkkila/karkkila_DJI_0001_frame69.txt,38,7d551e5623dbc3b0ed2bcfc700d4ac8c1be28f139d9c143c4b7d8fbfd4f8ab06
data/labels/Karkkila/karkkila_DJI_0001_frame70.txt,38,b35e34b8a7729333e0d5eaf70f1898b0abd2dc1c456228aac6c546f5e7b831a6
data/labels/Karkkila/karkkila_DJI_0001_frame71.txt,38,a234352deff65f8a5edc09e06727500e7665fd5f2a3d45b899c0da757ede8199
data/labels/Karkkila/karkkila_DJI_0001_frame72.txt,38,cf2f6bc50f024d200d4d8496c9181dd77d8b9d4dfe92de275a226c0cc113a924
data/labels/Karkkila/karkkila_DJI_0001_frame73.txt,38,e060e1e22228bdfabaa7af2462804bd6a64d491e15da9449ed7125d639840d8e
data/labels/Karkkila/karkkila_DJI_0001_frame74.txt,38,0bde32e92b08c0c1ef109a3e78570422f8d973ea358c7ff8a66d6b9265d8b6fe
data/labels/Karkkila/karkkila_DJI_0001_frame75.txt,38,22226b6ba243bc93507e1e1f012eeb8e05918a054f76d6a9ea2b1b358b64f3b2
data/labels/Karkkila/karkkila_DJI_0001_frame76.txt,38,529275d255ac6c562796b8e9028a053bb36a326b877acd3128eca7f4d80fb5b0
data/labels/Karkkila/karkkila_DJI_0001_frame77.txt,38,1a7aea3d14f826f3e8f0833cc1eb0e8f9e57e9e519166f8bcfcc11c90fc93fa8
data/labels/Karkkila/karkkila_DJI_0001_frame78.txt,38,5de19ce8a4afdce9711f4bc8b7b4ed27e05d3ecb227a8643c6066cf9bfd8c1d0
data/labels/Karkkila/karkkila_DJI_0001_frame79.txt,38,4d12b6148e6452598ab064365306b7ebb0f7d16ae8a914a439428c0a41fd60e0
data/labels/Karkkila/karkkila_DJI_0001_frame80.txt,38,f57a68d93117cedc7ab0accb97ec16b4b282fba35c91ab83d40713c232f33a10
data/labels/Karkkila/karkkila_DJI_0001_frame81.txt,38,12b6fd8680ab64918271caa0651fe8e42d45f069f19b047802d161decb5ed14b
data/labels/Karkkila/karkkila_DJI_0001_frame82.txt,38,4753bdf28b53b741c4f81c141d0a6191b66a4368f2f88b25c862d46e14830c3b
data/labels/Karkkila/karkkila_DJI_0001_frame83.txt,38,fd02a13b0cb69c78f3f2d0a166455e04d93c80499779af27b009bd5d09880d47
data/labels/Karkkila/karkkila_DJI_0001_frame84.txt,38,8613a97a1e2b34eb5cfaa4369348559efa5c2731c2dc9859a7eddc7e8106e184
data/labels/Karkkila/karkkila_DJI_0001_frame85.txt,38,3a541d2c919be4dd3bd530453ce9ae37a5f08888e9495b9cb42af275d43da797
data/labels/Karkkila/karkkila_DJI_0001_frame86.txt,38,98203e1af5a08268be7060d7401c9b9ad3293f7ee00594af4e886cd0d758b07d
data/labels/Karkkila/karkkila_DJI_0001_frame87.txt,38,9c342f8cac6167a73b2e7b91a3c7e5b611292e5d6becebca8f94929404598014
data/labels/Karkkila/karkkila_DJI_0001_frame88.txt,38,15e54a2b753efd13a3c3704bf3d1e8f8c095fed6d966e2606c105d0be95636d4
data/labels/Karkkila/karkkila_DJI_0001_frame89.txt,38,69188c216702fba84e819ba3b6108dfa13f1d44949fa4e26f73bf7b8756f4a9a
data/labels/Karkkila/karkkila_DJI_0001_frame90.txt,38,923a87831312014c2762f66bbd0381679945bf7195343f87ffce660583cb155d
data/labels/Karkkila/karkkila_DJI_0001_frame91.txt,38,e395e7ea70ba7935b5fc0d5e4e376f1654b6ee720d89c6b369572c282c617ae4
data/labels/Karkkila/karkkila_DJI_0001_frame92.txt,38,41a994e4ea8d2aed0d9af3a072e570ad338b690cae787cf6af65a0112a8f6ddb
data/labels/Karkkila/karkkila_DJI_0001_frame93.txt,38,6f53e5444b190fa59a9647a5e2ac8db00ecdb51659dc0fcdc9e6658968e280b3
data/labels/Karkkila/karkkila_DJI_0001_frame94.txt,38,b2e51626bcc3887dae5441072180ee67bbde3f2233db724661a1187f7507c008
data/labels/Karkkila/karkkila_DJI_0001_frame95.txt,38,68e0b18397899f468937981a24a57d9365506feacd63c3cc8737b21ee3cf6b20
data/labels/Karkkila/karkkila_DJI_0001_frame96.txt,38,1392971cab10b4212de24604fa6b85018aff3788b875f136cdd7eb545a19613e
data/labels/Karkkila/karkkila_DJI_0001_frame97.txt,38,7b4969f577d125b77fa4f6def48825eadd2432889e47925ef67c59a05b8b2acd
data/labels/Karkkila/karkkila_DJI_0001_frame98.txt,38,795ceb8d1b628db120b7269f0e6a9b15ec4eb9e3b741f661dbd61b0d99cdedc3
data/labels/Karkkila/karkkila_DJI_0001_frame99.txt,38,a59cb5558c0e6cf29b53a67893e541694afcc8b2d047f5a215391f0240173ff1
data/labels/Karkkila/karkkila_DJI_0002_frame100.txt,38,02a338482923c70a2442ef3f7e3a3d2b1680103869034fb1ae30105e5c2354bb
data/labels/Karkkila/karkkila_DJI_0002_frame101.txt,38,0caa9a5af7aac691f4bba8c890b08f27807e37fd7fb76dc7de6f7402033b6f2f
data/labels/Karkkila/karkkila_DJI_0002_frame102.txt,38,7a395bd788d9bb4b7d7b1f7728b3b18ab3783fae004a2a4d1935b680aa01d390
data/labels/Karkkila/karkkila_DJI_0002_frame103.txt,38,aa5a7c2e908e626c8e8dd54c0c3d25eee044e11a155e35e98cb193d8366eb24e
data/labels/Karkkila/karkkila_DJI_0002_frame104.txt,38,189f015314ba002279b878a146ce862964713f99a92931ad257fb9e473fe5b32
data/labels/Karkkila/karkkila_DJI_0002_frame105.txt,38,0b743f7b99be01065834922f244ee788e63c19000484f08e9dedc28eb2285015
data/labels/Karkkila/karkkila_DJI_0002_frame106.txt,38,e9317ba52e38ce02fadc111188617b08b94e0fc2842e3f7e2843e08dea50a3ed
data/labels/Karkkila/karkkila_DJI_0002_frame107.txt,38,437b3e641113b7cef7b2ddb79e05f56979d56bc2fcb27f4a5246ea2bdc166794
data/labels/Karkkila/karkkila_DJI_0002_frame108.txt,38,5c7343502126fde2b0321563e47fa7a5e7a529f8d5e77848a3eb94a65267e7c8
data/labels/Karkkila/karkkila_DJI_0002_frame109.txt,38,4a4fc85d3d4db179e55f2e17a07c3dc68da14c6c1b1ac6df3864f99560e19190
data/labels/Karkkila/karkkila_DJI_0002_frame110.txt,38,d39e68b6c0749a0c84dcf018acc8749bd964171a17e4beda604aeb39fd40a39e
data/labels/Karkkila/karkkila_DJI_0002_frame111.txt,38,2ca43aaaaa374098641ceef4b14f8a233a39e2b2dc687f2235a927fe7e98ac87
data/labels/Karkkila/karkkila_DJI_0002_frame112.txt,38,b6e155c2d3c640a4136fb0c9b29c569cd7809dc929d159d7bd88bc4ea78c9d12
data/labels/Karkkila/karkkila_DJI_0002_frame113.txt,38,53176ca6c4739cb380432cc672b3cf5cdaf318c5988e98dfcc672a3284d9250f
data/labels/Karkkila/karkkila_DJI_0002_frame114.txt,38,c2fa31c7e9ef7da30d86a0d1e71736f44092306c65d971de47425bf00fcc7efc
data/labels/Karkkila/karkkila_DJI_0002_frame115.txt,38,3c2cfca98c46bd1953455954a5afb7e7b7dbf89f0464e6946d36bfc5d4639ca7
data/labels/Karkkila/karkkila_DJI_0002_frame116.txt,38,208002ec7f741e886f3789c12aa994c880eb968a18c5b0a4b68c5a64e6b18200
data/labels/Karkkila/karkkila_DJI_0002_frame117.txt,38,fb30d522b84d44a2f1a6e2ad2729c6265a7c7f2973a6f028ce6fa5b809591bc3
data/labels/Karkkila/karkkila_DJI_0002_frame118.txt,38,61bed58ac80c7c7f4ce194a5864a2a8c45a3abf2f7343a5b9a35909a1bb3fb3f
data/labels/Karkkila/karkkila_DJI_0002_frame119.txt,38,0c807fa7955efbfa8ef41a26eeb0e359452688cadf3669f6e12b35868de30b12
data/labels/Karkkila/karkkila_DJI_0002_frame120.txt,38,2b59e4cda574daa222edfb4de2524b8277869fd6f50516b6533b09b4ae6bb0e5
data/labels/Karkkila/karkkila_DJI_0002_frame121.txt,38,eb81d044300764fd6dfeb2564fe3d94a85dafb50e77c608abbe9f28bbc255219
data/labels/Karkkila/karkkila_DJI_0002_frame122.txt,38,7fd78cec0ba5d6186bc3aeefb0a408810e810fc41ded116ee443259f630bba3e
data/labels/Karkkila/karkkila_DJI_0002_frame123.txt,38,bec8ee7cff6d8a4a5b9a8a91292988f6d5dfaf68aac0a531ee1b6fe450837183
data/labels/Karkkila/karkkila_DJI_0002_frame124.txt,38,9e9c8919958ebe4c07ad1ede562679ecb2c88eecde3feb67c110d3bb9441fe40
data/labels/Karkkila/karkkila_DJI_0002_frame125.txt,38,5c45bf8572bffcdca9582f549ae35e152f7e18d39518344d0d48a7dd3fc89e49
data/labels/Karkkila/karkkila_DJI_0002_frame126.txt,38,99dc48ecde6c485433d02e3960b36885d8f7f065b0894c821d152555ebf9de10
data/labels/Karkkila/karkkila_DJI_0002_frame127.txt,38,ed38d8554c2aba492444beb2073985e00cab8ecc29dd93aef631aeac9a1c54a9
data/labels/Karkkila/karkkila_DJI_0002_frame128.txt,38,439edf4c20cb0e10fcfb0bd113eb0e180c4de748d33383d7e636844921d81ec4
data/labels/Karkkila/karkkila_DJI_0002_frame129.txt,38,ea40183373fee94cf6fe30205fe73f9f42a2cea50532ebe3c5b4ed624e7c4b8e
data/labels/Karkkila/karkkila_DJI_0002_frame130.txt,38,0ec790f6a82697e4de145b617b0dd7aaa946e9eb767d89082d88d68a6608bbc4
data/labels/Karkkila/karkkila_DJI_0002_frame131.txt,38,e714bd46319798cc97c900061497a1ba8789ce8d39d73c88edec664d3621642d
data/labels/Karkkila/karkkila_DJI_0002_frame132.txt,38,2e0e1e184732290e333a59b547b8bcead5526b2cfc8e0862943d082ee040e145
data/labels/Karkkila/karkkila_DJI_0002_frame133.txt,38,390a613c51cdc36bce9164ff24f0f639781de58cec4c0b4cd99377d223d0457f
data/labels/Karkkila/karkkila_DJI_0002_frame134.txt,38,3d2ce62eff719108d64b59b5c2117f08975ea950d3ac72d1c020404e8fc7c7c7
data/labels/Karkkila/karkkila_DJI_0002_frame135.txt,38,4d2c95e6687aa946f774aeeab272ca0e363f0cc8fcb3e4afd7ede8d40da5992c
data/labels/Karkkila/karkkila_DJI_0002_frame136.txt,38,5991e7c97d904de5a9529222b2798bc6581a7d66e048340a3b73d89d66960a66
data/labels/Karkkila/karkkila_DJI_0002_frame137.txt,38,775d90dad26fc56f2002953d0aa8415fe30ff9e2df43afbaec02f3bc5dd59767
data/labels/Karkkila/karkkila_DJI_0002_frame138.txt,38,d370586fdc35271f0151ff089fe5d192a91bb9b0a61c996c5089972d814fdd46
data/labels/Karkkila/karkkila_DJI_0002_frame139.txt,38,f8c143283d6c526e19bebcf21e1111ec1a231dc5eab3fd6b29196e20bbc39bb3
data/labels/Karkkila/karkkila_DJI_0002_frame140.txt,38,2573ac406eee70c37c4850c9f0144fce48b022d8972a3318110c86785eb55f7a
data/labels/Karkkila/karkkila_DJI_0002_frame141.txt,38,26654ce35c12f9888a50d53c182e14470f8d1354977253c8678300bab39b357e
data/labels/Karkkila/karkkila_DJI_0002_frame142.txt,38,08181f208f89dbbd26975a26c1e58d0c05d892273259b5d483f3dc6f7c16bf76
data/labels/Karkkila/karkkila_DJI_0002_frame143.txt,38,48c6fe54adf412dc85d680fff98c21c80a40e8807ed8ffc2db82a47934e27b3a
data/labels/Karkkila/karkkila_DJI_0002_frame144.txt,38,ce1d962c6c3a3f5b2410bfb42cb80027f3deb6a1dfa2c74af1b5e6e7bfbf2c69
data/labels/Karkkila/karkkila_DJI_0002_frame145.txt,38,08c4761c68f10407b6ea4a9ad7765f6aaa25ebc344a82f4d4b041414c8e61622
data/labels/Karkkila/karkkila_DJI_0002_frame146.txt,38,80bbc54c6ac71ca02716a305709e2805fb35d895c24205cfdee532759cb9e988
data/labels/Karkkila/karkkila_DJI_0002_frame147.txt,38,ae46edcf669e3e7a03fac2eb0ac08d1c532b3c1a2955024b6f3fd0246e27a754
data/labels/Karkkila/karkkila_DJI_0002_frame148.txt,38,737326506352614d464b4bc76895cb077a168f6b640593360bff493b8b41ee4d
data/labels/Karkkila/karkkila_DJI_0002_frame149.txt,38,32598ba4e50980c5f1f72e34a8de9dbfc02e39ace8da2810e6965ef82ccc8799
data/labels/Karkkila/karkkila_DJI_0002_frame150.txt,38,2a6f65ba5433a3ce7fee5350e744447d711e8b5b3abd7ac0a75419209d4afabc
data/labels/Karkkila/karkkila_DJI_0002_frame151.txt,38,0997690244fe747c8af848484210f2f2d8542ca045a9f691d6fe71f5518ca234
data/labels/Karkkila/karkkila_DJI_0002_frame152.txt,38,b87640ff6d06ab94cb8e5471edb3ee1e2dd32b317a3fc826c6066ed2373aece2
data/labels/Karkkila/karkkila_DJI_0002_frame153.txt,38,d45c07581cd1855d5dd7c706ef0dfda5501e6a1f69a54f1850ffee3771b9a9d2
data/labels/Karkkila/karkkila_DJI_0002_frame154.txt,38,fa522d5b325f4c6eb2b1c2d635c508bda5e21d67e8bceda779ccf31fc8a9a05f
data/labels/Karkkila/karkkila_DJI_0002_frame155.txt,38,54caf320db02d7b612f9f7a13b233ad7cf7090b78018f8c9ef0e3b369c3f7b61
data/labels/Karkkila/karkkila_DJI_0002_frame156.txt,38,b074db15c36fa7ad07b12548f406e41f757e05b7a6ef0525eb402cdc14320e39
data/labels/Karkkila/karkkila_DJI_0002_frame157.txt,38,cc3d4b7d59f59f2768591dec779d9f43f9d230ea77d3dc4946d74d967ad0ab91
data/labels/Karkkila/karkkila_DJI_0002_frame158.txt,38,2c06dda46a5022f44b13694b0c5cb6d6a6db9eaa886c93d77fe98b2a54738483
data/labels/Karkkila/karkkila_DJI_0002_frame159.txt,38,5973e6bb388dc8cdcbe4b047dcdf792fe571cabfc0ed273b9be73734cdb5e633
data/labels/Karkkila/karkkila_DJI_0002_frame160.txt,38,47475b6e7a6a05da1999b301c4943319c7fdef892e56a30fc1519c174a4efb7f
data/labels/Karkkila/karkkila_DJI_0002_frame161.txt,38,d36c175e8704d25d2a3255390f93af4cced4198a1bc90160af8929faf1678526
data/labels/Karkkila/karkkila_DJI_0002_frame162.txt,38,0c9a361ef8463ea27d481dd654dd525be238a8c8d28705a36742474d2a7658cb
data/labels/Karkkila/karkkila_DJI_0002_frame163.txt,38,71cc8b5fbee67429f91bc4c4b7e055b01aeab0751855b895b3d5b7e3534a5577
data/labels/Karkkila/karkkila_DJI_0002_frame164.txt,38,5a1383f278d66cadb31aa75a53dba7f4c72faf88c74ca757d5678b2546d03ac1
data/labels/Karkkila/karkkila_DJI_0002_frame165.txt,38,5074534858b684b0924581be377df5a7ab31a10c7b162cfaf6e581d4213c0cc8
data/labels/Karkkila/karkkila_DJI_0002_frame166.txt,38,d380daf4edecee47a0b745889e67ad873b7e0517587fd64f83c0c760b832a4fe
data/labels/Karkkila/karkkila_DJI_0002_frame167.txt,38,c4320b7ad06745765036a90415c27f7e9d539b2d337e5d7320f1a491e3f80275
data/labels/Karkkila/karkkila_DJI_0002_frame168.txt,38,790f576edeb68e8893441917f981e0ab680f3bb9065fb95c81eaa6a119ae2131
data/labels/Karkkila/karkkila_DJI_0002_frame169.txt,38,6ad0c48c799d70b0216fae1a3cd94866a274ca2d7084bdb3c671b99bc7c282b3
data/labels/Karkkila/karkkila_DJI_0002_frame170.txt,38,7174a98599ee54958c0e7470da95ebf7d09b6ce603e86e114eb07b60126d5bd7
data/labels/Karkkila/karkkila_DJI_0002_frame46.txt,38,a7436e6c1f86a0e475a087df5ed1f3d44076539ee8843ac07cd4dec5e7b3a5e2
data/labels/Karkkila/karkkila_DJI_0002_frame47.txt,38,1bd0f057bb01f0d1f5df22d3a3a15d1aeaacdd527eb3108bf6954d082fba7b6b
data/labels/Karkkila/karkkila_DJI_0002_frame48.txt,38,567b901f15a61d6b52cfc45cce013262293803a4d372b6916fb840c4bedf4086
data/labels/Karkkila/karkkila_DJI_0002_frame49.txt,38,8883a2908f8fb0c6ea80d957caf4b6f3f42e09b1424f2f6ea0d472b4ad408007
data/labels/Karkkila/karkkila_DJI_0002_frame50.txt,38,76359292af858bc320f545b9ea1e0ac9cadf662ba2aae9a938d7a9b8a4ed3a92
data/labels/Karkkila/karkkila_DJI_0002_frame51.txt,38,fdffd9dad9081fa97910c0c14a5a4daf8959f44e55daf02d103637ec5ee79cea
data/labels/Karkkila/karkkila_DJI_0002_frame52.txt,38,f898ad6f38041ae0ea83d32a8a90fd9fe30822cb0088377755275793db6a5390
data/labels/Karkkila/karkkila_DJI_0002_frame53.txt,38,a6dd188650b4170ca4c7eed16787e83a40a43f1d32c93bcabe05b31184ed532e
data/labels/Karkkila/karkkila_DJI_0002_frame54.txt,38,52b88a7ac508efb1f02197e9a43eee6a85d3d460ad747cafec4ed9773def60cb
data/labels/Karkkila/karkkila_DJI_0002_frame55.txt,38,f39d3e685bcd96fac7b1c4a920775ddc5c6a841102f22adb2298f3cb3c7a61db
data/labels/Karkkila/karkkila_DJI_0002_frame56.txt,38,e0ea3b90e193414273b4c712d2004a54aaecb742a40f9193ab09a6e2b0299294
data/labels/Karkkila/karkkila_DJI_0002_frame57.txt,38,210a5e7acb4ca02a4f845e851433b8957b4ec7847a880dd51e16c4315232b899
data/labels/Karkkila/karkkila_DJI_0002_frame58.txt,38,6e016cb88337acfd51fe56ef6f1c9e417eb50dea5548f2c168e16fcb229e6cf9
data/labels/Karkkila/karkkila_DJI_0002_frame59.txt,38,1bc3a5def9473c4ad994501e7d0a49cdcb0214f2a6af54a5f56898756748ebd7
data/labels/Karkkila/karkkila_DJI_0002_frame60.txt,38,7a13f1077072c265d981fe002aafbcf1aeb38991ad48630190c00fe90cf85d38
data/labels/Karkkila/karkkila_DJI_0002_frame61.txt,38,cb204d2676726228db279eba413e2574d32784d33b2cd3cbf75d7c3acf809bcd
data/labels/Karkkila/karkkila_DJI_0002_frame62.txt,38,711d0f1eabb3532cdcb675b9f5afb66d8315a4eba2cf07cb241096625dd88387
data/labels/Karkkila/karkkila_DJI_0002_frame63.txt,38,74ab9b745b54e9db16563178f9a2a91219267a855e1b50757d43d2555ede70af
data/labels/Karkkila/karkkila_DJI_0002_frame64.txt,38,4061c0a78cf34b07425b078941997682d1135417a743f59a9d5fd7a622927737
data/labels/Karkkila/karkkila_DJI_0002_frame65.txt,38,4afef615bebf1af2dcb2a3194d142f8e4b6f20e137eb3a82192c93d81afd7add
data/labels/Karkkila/karkkila_DJI_0002_frame66.txt,38,a903d629568c6a3647b2cfb1d679d3af7ff82e8a188e7ee491d7fa554d034006
data/labels/Karkkila/karkkila_DJI_0002_frame67.txt,38,76a6f6c230a0dbd5cdc68e9c51a3ef6ed9e7c5d9f80ef6d6cff4debc06b3a7a1
data/labels/Karkkila/karkkila_DJI_0002_frame68.txt,38,bce9b1cf402a38d74f152f1ebce0f40c857ca3f22da09dc4fd8b8fe4cb474ed3
data/labels/Karkkila/karkkila_DJI_0002_frame69.txt,38,6e94289b726d42c3f54d41309e06145dded98c5dd62c8b60ae086d603ae38e4f
data/labels/Karkkila/karkkila_DJI_0002_frame70.txt,38,da8817b181e0f2008ccacc2a293f105100f842e57e9fcccc36a14ee0b9f18dcf
data/labels/Karkkila/karkkila_DJI_0002_frame71.txt,38,17c261c18c3e4feb58ba75a5efd75f91b29d181e6f2081d8dba2a08c84d3c145
data/labels/Karkkila/karkkila_DJI_0002_frame72.txt,38,e91ba7f7bbf85c18c5e1a0ff3426fc6427e3e383bfebc4fde36b24cff8f68872
data/labels/Karkkila/karkkila_DJI_0002_frame73.txt,38,623e4863a7974b8675b396cc261d148efa0328cdccb0cea3a7535d6f6213e205
data/labels/Karkkila/karkkila_DJI_0002_frame74.txt,38,ff8982a709277616ca7c8c989919740f2b375bdf32f4711d13690d163bc346b0
data/labels/Karkkila/karkkila_DJI_0002_frame75.txt,38,bf9bdf4397cd73c3f856d7547347e1e7edf1dc234f4ce7c601e441efc267b17b
data/labels/Karkkila/karkkila_DJI_0002_frame76.txt,38,bbdb91c074e9f45ba1a547a22160ba44bbabb80c8662c6bc8090c8383fe71bc2
data/labels/Karkkila/karkkila_DJI_0002_frame77.txt,38,4c267df7e3f8ae998f9129d9c6bc3d70c3469ff4b42b73ec322336aea1d296bf
data/labels/Karkkila/karkkila_DJI_0002_frame78.txt,38,315c99fa660dc6d7654056bc5105ef4b8b7d9f3d0a20fd999b4fbcbce34545a2
data/labels/Karkkila/karkkila_DJI_0002_frame79.txt,38,d8bd67ed55abc2be6032a1d5d89c9034365053b6e1044ae75bf79bc537d03c9c
data/labels/Karkkila/karkkila_DJI_0002_frame80.txt,38,bd130c59f29fd1bdbae0dea1ade8d86c85d741c9b412e4794365eec9a0acf38c
data/labels/Karkkila/karkkila_DJI_0002_frame81.txt,38,29ba7fbfcc53e8f42676c5db4081dfc28454889bf815a431384ad22f7d0b2f17
data/labels/Karkkila/karkkila_DJI_0002_frame82.txt,38,b6c97101e63a2c87c8e3af8cca08895387e87904fdac19f3bc3f4ec55e71f235
data/labels/Karkkila/karkkila_DJI_0002_frame83.txt,38,0f7b50308d0cadc275214e41eb61a6091edee33483609a731485d236db359174
data/labels/Karkkila/karkkila_DJI_0002_frame84.txt,38,5b864d261ddfed8afb3b4871c6fd586dcb335d6c47ce22bfa81c533e1de6a61c
data/labels/Karkkila/karkkila_DJI_0002_frame85.txt,38,0cc8d012ea542fbe597d257ba324ca16f4217d6fb6720f8868bc4bdcfbe1a475
data/labels/Karkkila/karkkila_DJI_0002_frame86.txt,38,1e40a0369eb46a78328742db175eb16f1c37ba105a05f505f61ddbfeafecf2d6
data/labels/Karkkila/karkkila_DJI_0002_frame87.txt,38,f3992f1f4e765e7c94e245845188a88955b06d6dd03b2bc82dcd55b6aa9db56b
data/labels/Karkkila/karkkila_DJI_0002_frame88.txt,38,1450d12d46879855ebe45e110d6807c3c3b5a31a6fc8b6e176067645545729b2
data/labels/Karkkila/karkkila_DJI_0002_frame89.txt,38,c861bc3e399a7332a3c1e02c9f43e61a13173239f6ec00c8fb6ecffaf4e7383b
data/labels/Karkkila/karkkila_DJI_0002_frame90.txt,38,db77de3bf70aaa6930813af706b0bac5b9efa9b163c2b0aaa6e475a1d2c14163
data/labels/Karkkila/karkkila_DJI_0002_frame91.txt,38,6d5eee7562df3f3cd3803bfeea6cc9658713106b04bf92a2042f92af36bce271
data/labels/Karkkila/karkkila_DJI_0002_frame92.txt,38,6e2046e9bf3e89cf2b271457bbba9a8c9cba0ce847d34f850dfb1f5e9137aa85
data/labels/Karkkila/karkkila_DJI_0002_frame93.txt,38,389baeca1246b764ac60b6e1665acfbe944d706b8c9208a03cfeeae2e9fe6336
data/labels/Karkkila/karkkila_DJI_0002_frame94.txt,38,4a82fbfd167e49d55c467133e15cc927223071e0eda9d2df17bd9bbeeb6079c6
data/labels/Karkkila/karkkila_DJI_0002_frame95.txt,38,ddf42f09cb6591b4fc6a7c28760cb35469905e123caef5dc5eb2f798d74cb347
data/labels/Karkkila/karkkila_DJI_0002_frame96.txt,38,727ddb532c13bc6c1ef6d147d49d9846b97f63426f62354451452b762d11118a
data/labels/Karkkila/karkkila_DJI_0002_frame97.txt,38,1115b54737197d08b571ae84d17f02abe593766dc8c70b6f647aae81efa48955
data/labels/Karkkila/karkkila_DJI_0002_frame98.txt,38,d5804e990250b15623da7607b9cfa6d6b8503d127df38f1467a5d85e770db0a0
data/labels/Karkkila/karkkila_DJI_0002_frame99.txt,38,66e32fec3b13d87babbf930d119f22d1ec38aa8b96da575b4a8a13d5024a96eb
data/labels/Karkkila/karkkila_DJI_0003_frame0.txt,38,86906b163e0f7b83f0cd6b8d621e1f973863319b03198c9fa8fe87fd1d89d8aa
data/labels/Karkkila/karkkila_DJI_0003_frame1.txt,38,89cf118fa5a6e5624c4fc6ef9612fb50b03dab5abf105dde7bc36f08e7ac2f89
data/labels/Karkkila/karkkila_DJI_0003_frame10.txt,38,dd654553f4ad87ee129daa455bb4df3848e68f3f54183df8b4f4723087da21d9
data/labels/Karkkila/karkkila_DJI_0003_frame11.txt,38,20b2f9a72cdade0abc357e7b846fb8fbf9033ac146c62686fa97c1e229733cd3
data/labels/Karkkila/karkkila_DJI_0003_frame12.txt,38,a078fd532263529c43c4cee56dbb2849287108cab5256742ffbd6cbce1c89b8a
data/labels/Karkkila/karkkila_DJI_0003_frame13.txt,38,fd5478feccbda187933748a62a2b61d84df111f0a01aab07483a43195bb41a51
data/labels/Karkkila/karkkila_DJI_0003_frame14.txt,38,dd5b0d9356d12a594e4d8401dcb42ee1ba034ef1c1168ef4bf99120eb3f6b7eb
data/labels/Karkkila/karkkila_DJI_0003_frame15.txt,38,9a9091b7f048b3ddfc95ba3a0ba0fab145dc3de539efb417be4b9be3873ee1df
data/labels/Karkkila/karkkila_DJI_0003_frame16.txt,38,8af49e33110f3a395867e767f6b35a6a7791ed09ea12887d04e0bdb24f30a461
data/labels/Karkkila/karkkila_DJI_0003_frame17.txt,38,b392d917b6327cb9d9c982fbb048e788f38b750203ce95f1f1108f6ba03f40ce
data/labels/Karkkila/karkkila_DJI_0003_frame18.txt,38,30a6230cf7b76df39b307b5d27874d2e700291ab247682f6e6db24d413caa4d8
data/labels/Karkkila/karkkila_DJI_0003_frame19.txt,38,81c2f8d4a77e0b6e82ff3c1238417191e9464f58c690da907c7cb3e31ceef981
data/labels/Karkkila/karkkila_DJI_0003_frame2.txt,38,2a49beb51bdb6068b00b5bf683e1220a0eb6615e3b65fb2e6f7c5256761b84bd
data/labels/Karkkila/karkkila_DJI_0003_frame20.txt,38,c8d05c351a30293ec1fe3eddc48dd25ef87a150002cced06ad7ea7c633e8b067
data/labels/Karkkila/karkkila_DJI_0003_frame21.txt,38,2e9558579c8280348ec286f3a476489242754451daec55db0c4ddcc4cc7cf32a
data/labels/Karkkila/karkkila_DJI_0003_frame22.txt,38,fb9eadc90cc311b4dca0ca1697cc8378e64687904968d17a0e406697c6315fbd
data/labels/Karkkila/karkkila_DJI_0003_frame23.txt,38,70a226d0b8b6d89075501dbed60d33fec8a6b5c773af1f75d78d7cfe3e698979
data/labels/Karkkila/karkkila_DJI_0003_frame24.txt,0,e3b0c44298fc1c149afbf4c8996fb92427ae41e4649b934ca495991b7852b855
data/labels/Karkkila/karkkila_DJI_0003_frame25.txt,0,e3b0c44298fc1c149afbf4c8996fb92427ae41e4649b934ca495991b7852b855
data/labels/Karkkila/karkkila_DJI_0003_frame26.txt,0,e3b0c44298fc1c149afbf4c8996fb92427ae41e4649b934ca495991b7852b855
data/labels/Karkkila/karkkila_DJI_0003_frame27.txt,0,e3b0c44298fc1c149afbf4c8996fb92427ae41e4649b934ca495991b7852b855
data/labels/Karkkila/karkkila_DJI_0003_frame28.txt,0,e3b0c44298fc1c149afbf4c8996fb92427ae41e4649b934ca495991b7852b855
data/labels/Karkkila/karkkila_DJI_0003_frame29.txt,0,e3b0c44298fc1c149afbf4c8996fb92427ae41e4649b934ca495991b7852b855
data/labels/Karkkila/karkkila_DJI_0003_frame3.txt,38,6dc2987b58ef3ed9044cb1d66288d14e369b33b0bfc497846e0fc123d0fa10d3
data/labels/Karkkila/karkkila_DJI_0003_frame30.txt,0,e3b0c44298fc1c149afbf4c8996fb92427ae41e4649b934ca495991b7852b855
data/labels/Karkkila/karkkila_DJI_0003_frame31.txt,0,e3b0c44298fc1c149afbf4c8996fb92427ae41e4649b934ca495991b7852b855
data/labels/Karkkila/karkkila_DJI_0003_frame32.txt,0,e3b0c44298fc1c149afbf4c8996fb92427ae41e4649b934ca495991b7852b855
data/labels/Karkkila/karkkila_DJI_0003_frame33.txt,0,e3b0c44298fc1c149afbf4c8996fb92427ae41e4649b934ca495991b7852b855
data/labels/Karkkila/karkkila_DJI_0003_frame34.txt,0,e3b0c44298fc1c149afbf4c8996fb92427ae41e4649b934ca495991b7852b855
data/labels/Karkkila/karkkila_DJI_0003_frame35.txt,0,e3b0c44298fc1c149afbf4c8996fb92427ae41e4649b934ca495991b7852b855
data/labels/Karkkila/karkkila_DJI_0003_frame36.txt,0,e3b0c44298fc1c149afbf4c8996fb92427ae41e4649b934ca495991b7852b855
data/labels/Karkkila/karkkila_DJI_0003_frame37.txt,0,e3b0c44298fc1c149afbf4c8996fb92427ae41e4649b934ca495991b7852b855
data/labels/Karkkila/karkkila_DJI_0003_frame38.txt,0,e3b0c44298fc1c149afbf4c8996fb92427ae41e4649b934ca495991b7852b855
data/labels/Karkkila/karkkila_DJI_0003_frame39.txt,0,e3b0c44298fc1c149afbf4c8996fb92427ae41e4649b934ca495991b7852b855
data/labels/Karkkila/karkkila_DJI_0003_frame4.txt,38,c6798e6a1ebf7487f58509f6cf1bc7afd2bbd6b2f92a4a3a0690ced73f9fc4f6
data/labels/Karkkila/karkkila_DJI_0003_frame41.txt,38,d9396d0c1fab301506a09234a9a0ef8f10acae6c9d24fe6a99a0d587d3b147ee
data/labels/Karkkila/karkkila_DJI_0003_frame42.txt,38,4e9547b1c3d6b47ca2d77165ca49d474de19f24c20fb9c67c696f170e7b20ac0
data/labels/Karkkila/karkkila_DJI_0003_frame43.txt,0,e3b0c44298fc1c149afbf4c8996fb92427ae41e4649b934ca495991b7852b855
data/labels/Karkkila/karkkila_DJI_0003_frame44.txt,0,e3b0c44298fc1c149afbf4c8996fb92427ae41e4649b934ca495991b7852b855
data/labels/Karkkila/karkkila_DJI_0003_frame5.txt,38,3e47090d3629da2ed6122a8a700c36d2627e854b5212805f28afb059ca67af85
data/labels/Karkkila/karkkila_DJI_0003_frame6.txt,38,c98e504aac69a1f358200ce55900aa40a974b07cfdee96d6b4ca2875fd26b5b5
data/labels/Karkkila/karkkila_DJI_0003_frame7.txt,38,4f2111f0fbaee670a536af2a5ce6a26b22487924107f78dbfe976cb9bbce7d3f
data/labels/Karkkila/karkkila_DJI_0003_frame8.txt,38,8ebc6015f4243697ea09190789b31fbfa1a52ad4ef9727637fefea8cf5ea7dea
data/labels/Karkkila/karkkila_DJI_0003_frame9.txt,38,4be2e159aae56223b9b073b22bbfe01807f8eda92d6289f0a0ed78e96d5d2a31
data/labels/Karkkila/karkkila_DJI_0004_frame100.txt,38,88346235c392cdc52a1cce293051981164aaaaac97814a9359b3eebc5a746cfc
data/labels/Karkkila/karkkila_DJI_0004_frame101.txt,38,1653b3511c6b39fed833d66cbadbcbd69d860be9a4eb0341bb4ef1c0e0b5aabc
data/labels/Karkkila/karkkila_DJI_0004_frame102.txt,38,2ca32dc22c249f2d69f2bbb503d67abf2c32a47c835e265ba331719022beae66
data/labels/Karkkila/karkkila_DJI_0004_frame103.txt,38,faff5502759e11f7583761ba4028470f298e617f883205e6eebeda53acd87f1a
data/labels/Karkkila/karkkila_DJI_0004_frame104.txt,38,17fc5091a57f4f2f2ac7c6c51108b0ea8287b1c57fe9ab7235c35248ce2edfcd
data/labels/Karkkila/karkkila_DJI_0004_frame105.txt,38,e75ba1a8f5bfbf1365493ba7400a14aade460f84eaf88fc4466e51fad9931a3f
data/labels/Karkkila/karkkila_DJI_0004_frame106.txt,38,7f98ce1c13cc4bc4d60875ec031eb7a6b9285e99539ec1488f84d28b9848e77b
data/labels/Karkkila/karkkila_DJI_0004_frame107.txt,38,053ad309b4545f1291e66ec33b12b208c1346c5f7fe01c5e9bbea23d2c2e9169
data/labels/Karkkila/karkkila_DJI_0004_frame108.txt,38,91aaae138bdb616f357cf43de72d14c6eb934daa84ee5bb6fa934c8a3f1f0f9a
data/labels/Karkkila/karkkila_DJI_0004_frame109.txt,38,4b1eae46c175b7f9bb891aa4870d237788867e57402337824a62ea8748b58fbb
data/labels/Karkkila/karkkila_DJI_0004_frame110.txt,38,06005a13bbcdd001bb142d5f00d2c08a9583166be8fbe52364d71a8cc51ca53d
data/labels/Karkkila/karkkila_DJI_0004_frame111.txt,38,55d9519c5392faf3541e4f1b4ada76a475c3a06826eac0d2cb78ecaec8ab2a56
data/labels/Karkkila/karkkila_DJI_0004_frame112.txt,38,20eabae1ff09d87fda78357284ce82484b6af68117022ab550dc3744fed7f35e
data/labels/Karkkila/karkkila_DJI_0004_frame113.txt,38,a1c2915c1dc600b5a9a5c23dcf6898c12a932f4a3f01c5d99273c8375c34e11b
data/labels/Karkkila/karkkila_DJI_0004_frame114.txt,38,99cc69ea5c4c87829ca61c9e852c374c7cf19fecdfa009f49e0bd43145eda06a
data/labels/Karkkila/karkkila_DJI_0004_frame115.txt,38,70a47eb55e255d2e5f0e0b815e1aabb998535e23d3c3907fc93c639814bf6bb9
data/labels/Karkkila/karkkila_DJI_0004_frame116.txt,38,383c0702b4f08480c1f6bf421bb3e82a75bb55ed25d8f76c2c0aa6afc7b0d5b3
data/labels/Karkkila/karkkila_DJI_0004_frame117.txt,38,dee563d53977ddec119cacce8f0f89046452688605b9fd81d985af27677cbd23
data/labels/Karkkila/karkkila_DJI_0004_frame118.txt,38,601b9caef82648f063a69b09818f84933dd9283dab0f0b01e51aa9d7dee6e413
data/labels/Karkkila/karkkila_DJI_0004_frame119.txt,38,e8ae53145b17c6233786809810c0b397195e0416e8eba746a8e23fe33c5dc334
data/labels/Karkkila/karkkila_DJI_0004_frame120.txt,38,0996869a00819420c91df48a580d55dde2c7126ac804c802e21749fea2a2b274
data/labels/Karkkila/karkkila_DJI_0004_frame121.txt,38,dbe5cd48d09f5c954d7f2d0a4e5266858a7cb0f3ec5971413944a5d9c54c6eaa
data/labels/Karkkila/karkkila_DJI_0004_frame122.txt,38,deec029b40793d7ed8b910f98de8213ec57108c6f9fcb31e505d35b5dbd8fd75
data/labels/Karkkila/karkkila_DJI_0004_frame123.txt,38,2a961fa9d1434c8d4fc37cb9daf67b91bc3073413ad65f7eeca4833ed4ded713
data/labels/Karkkila/karkkila_DJI_0004_frame124.txt,38,d662160614a9db7e62da400aa177a2313fc9d240c01336a03ffe50bc43ee3ab2
data/labels/Karkkila/karkkila_DJI_0004_frame125.txt,38,7604300abcd739ffc72d31ec47a8d3451cfcae2c665676c0384395cf96037621
data/labels/Karkkila/karkkila_DJI_0004_frame126.txt,38,11a7c5037dfa1baa40fc45cef9ce5a7368fbbe9bfe39dfd92366790a23d29c7f
data/labels/Karkkila/karkkila_DJI_0004_frame127.txt,38,81624d84612281f8634265395147b942e2352f87044b353a1063e0b7297431a3
data/labels/Karkkila/karkkila_DJI_0004_frame128.txt,38,94377adc10de83e1d26486826d34e28e9c518363a6427721e0f4757acb74b2d3
data/labels/Karkkila/karkkila_DJI_0004_frame129.txt,38,8f9962ed5524563ec0d99daba3741c9fd7bd8af9304f17b903b5afed588a075d
data/labels/Karkkila/karkkila_DJI_0004_frame130.txt,38,422e8da804a15ec9159b3815b835ea3fc04d011dab01534e0043a6f4e05873bd
data/labels/Karkkila/karkkila_DJI_0004_frame131.txt,38,a8fbde94e4dabaeaaf7b6ec466887fc97afc75b041393bb4a3a44b5d04264b8c
data/labels/Karkkila/karkkila_DJI_0004_frame132.txt,0,e3b0c44298fc1c149afbf4c8996fb92427ae41e4649b934ca495991b7852b855
data/labels/Karkkila/karkkila_DJI_0004_frame133.txt,38,d85c470df4fba42625db2fb71b6db6bbd51cff3528c019e03e32e8b17cf755ae
data/labels/Karkkila/karkkila_DJI_0004_frame134.txt,38,a0cb5ad10e7cffd537e6e4de05ec5e611c65082edd718dbd0a8722530e75fb02
data/labels/Karkkila/karkkila_DJI_0004_frame135.txt,38,df2bda215dd6dabe489311b86313811fcb77a36047a423d4b584621a6b2aea20
data/labels/Karkkila/karkkila_DJI_0004_frame136.txt,38,85551de307edb32d40670020e83c9457c42dd049e6a82e42ba19dccd367b6b6d
data/labels/Karkkila/karkkila_DJI_0004_frame137.txt,38,f574445e889fb471e9c0e839c1e837fff361876d396f78d31d9073c93f79775c
data/labels/Karkkila/karkkila_DJI_0004_frame138.txt,38,7822174ea95a58429fc8e9610fe3ac626f0b337bc9c5e3f803848fc2c2486384
data/labels/Karkkila/karkkila_DJI_0004_frame139.txt,38,7329c9bc313ee5da076d944740bbdf2511c35aa68f9ad59dcca3014bb372014e
data/labels/Karkkila/karkkila_DJI_0004_frame140.txt,38,83e86d057a68f67e650354e43d26db1cb42e47aebc50fc62edfee98dd0acca3b
data/labels/Karkkila/karkkila_DJI_0004_frame141.txt,38,ba3e4e091b87018054dc58b88a33e8fc34bfaac851bb6907a85bb0fafc62a9e5
data/labels/Karkkila/karkkila_DJI_0004_frame142.txt,38,0c0a953157787fa15914f083143ddbd7793d80ebcf0f994714cf58979d66f31d
data/labels/Karkkila/karkkila_DJI_0004_frame143.txt,38,27887b4f4fbfa1bbc148d8e92f1fd30c44b21424e36375fbac5c36b18ceb520e
data/labels/Karkkila/karkkila_DJI_0004_frame144.txt,38,65a2a7d4b57165eb22501086b4d8d2d1bfb79071aff0d6f4d7d8af2e4e59cfa2
data/labels/Karkkila/karkkila_DJI_0004_frame145.txt,38,ff1a285894eb5a6f2d04fb8d1859428df4cb02718bdd0705a6015ae2c645dce5
data/labels/Karkkila/karkkila_DJI_0004_frame146.txt,38,13a079a305940dd5082205f5b6909efca5962ebbcceac9f6b2b048ce81b4a290
data/labels/Karkkila/karkkila_DJI_0004_frame147.txt,38,289224bfe3e1f515b869799474d989709b95f70d43e0d808365fe7a236b8c670
data/labels/Karkkila/karkkila_DJI_0004_frame148.txt,38,b87d1c900f7f02b4d7c7ce1936f41e122af4bab35e3b7675e30a12322943527d
data/labels/Karkkila/karkkila_DJI_0004_frame149.txt,38,3c3ada28035d40e0e5a608e3e8111adc63c0026847ca72a69f858b77852d6544
data/labels/Karkkila/karkkila_DJI_0004_frame150.txt,38,97e2e2496772143fcd66064a23c016d2bf61da70d937d33df5e84906b1e8d19b
data/labels/Karkkila/karkkila_DJI_0004_frame151.txt,38,a745b9dfeefed3379b0ff52e62d86f30830f349e6d3850b8719894d2b9852859
data/labels/Karkkila/karkkila_DJI_0004_frame152.txt,38,d3179483a8773dcfbfdd941b7a1c1e6f220d399fb1f611e755a106413fc832cf
data/labels/Karkkila/karkkila_DJI_0004_frame153.txt,38,1c1d2e87e630858e6f4cb3705d7e245834169f377651c41e45ca3fc138b5c34e
data/labels/Karkkila/karkkila_DJI_0004_frame154.txt,38,e928a3b1a412e8607a4bda5cc40d81550c4104eabf29d5ff7efcb51ec9a52aa2
data/labels/Karkkila/karkkila_DJI_0004_frame155.txt,38,3fcbac2709d036cecb4ea73f776ce2f3ecc51084588937380277531c09adbe95
data/labels/Karkkila/karkkila_DJI_0004_frame156.txt,38,cc0efc7d25b9e3db504a8b3f90a1ac22ffe71a79cd868b06e72a68247d184836
data/labels/Karkkila/karkkila_DJI_0004_frame157.txt,38,766278a323037be88c54f4c4a81af31d5179f66dbffe02ac56b8df0b9e178838
data/labels/Karkkila/karkkila_DJI_0004_frame158.txt,38,6ef9ba6efaf8ea7d8653373ba12ea9e198adf05cdc2cd8ff7889a96f026d7dc8
data/labels/Karkkila/karkkila_DJI_0004_frame159.txt,38,9ca3b65a906e41549da3919068cada5c49c15e1b01f296c15c8576b564c5e64c
data/labels/Karkkila/karkkila_DJI_0004_frame160.txt,38,05b6c9a7b6c053c2c0c685d855370d4178c9ea71e3a8343380451166558fa234
data/labels/Karkkila/karkkila_DJI_0004_frame161.txt,38,1c9fb2a7ba7e3eb839b59745592513b52d93fb47025593aa1c736f2289b9b657
data/labels/Karkkila/karkkila_DJI_0004_frame162.txt,38,8d6570618de54ef4a8fae6888e0cd573c4f79dbb47d169ca0c8bb32806f89267
data/labels/Karkkila/karkkila_DJI_0004_frame163.txt,38,638490c4b01ed616ad9b002b3e06a62b7f6da7e28e650439b273d13a321df211
data/labels/Karkkila/karkkila_DJI_0004_frame164.txt,38,9945a4be7eea2f417254e2fd79c69160964f9226f4126496c8bee2ae9a4dd859
data/labels/Karkkila/karkkila_DJI_0004_frame165.txt,38,607cbb86a89d8475204022248061cfb50733346fbe512a3823a13bb9a0853c98
data/labels/Karkkila/karkkila_DJI_0004_frame166.txt,38,5e556fcb00b8cd687c90e4e4100b3f76ce60a348e85877f7927856988454c6d6
data/labels/Karkkila/karkkila_DJI_0004_frame167.txt,38,4d227edbf8cbcfc10349815c230a63159b0d5296e3da05e32d93a4d81bc44f2f
data/labels/Karkkila/karkkila_DJI_0004_frame168.txt,38,eeaf153f123f54e58c90cada9e180b754e4499b76c92dd48adbb53e4f9c402bc
data/labels/Karkkila/karkkila_DJI_0004_frame169.txt,38,5b9eb6c371ab971b24fe66aeb7144258ca8dac0327b10fa5f05fdec42f01b0e9
data/labels/Karkkila/karkkila_DJI_0004_frame170.txt,38,1e954aa486604a76186d9a20248a3b4a9aa234b69020d25ab7a89d5b0c753a1f
data/labels/Karkkila/karkkila_DJI_0005_frame0.txt,38,12029caa8c59f502081a49f568b8d9d4b5aa0ba607cbeb5d4f2be9aebdc46da1
data/labels/Karkkila/karkkila_DJI_0005_frame1.txt,38,77599233ac737f40e6da388474f853c4ba29c9e563ea91cf801484e6f35bc65c
data/labels/Karkkila/karkkila_DJI_0005_frame10.txt,38,b1775f3970ac5986371581384f05db26731ad7799a4373f35e20a2fc47a7c1ec
data/labels/Karkkila/karkkila_DJI_0005_frame100.txt,38,f4d4eb0297ce62885c983bb2cd705bf1c5af4fade9e96efd07888381acf17856
data/labels/Karkkila/karkkila_DJI_0005_frame101.txt,38,3de55f573935e7cc05ca6a099b8113fd80a29efcc30aa65eabbf4c9f2b7687c7
data/labels/Karkkila/karkkila_DJI_0005_frame102.txt,38,9aae073227256dee31ef31bbec2d0ddabc5d80fcb6c6138abf9e88a1928ed48d
data/labels/Karkkila/karkkila_DJI_0005_frame103.txt,38,23dd96746e6fbd8c97ca1908f33c40ccfc2bee47a2f1c43638e9e7c132ffd8fe
data/labels/Karkkila/karkkila_DJI_0005_frame104.txt,38,5f4e6eddbb49ff2ed89ec1ece2b5a0b5c4548ae4c7b7fc075b60b696d9c933b2
data/labels/Karkkila/karkkila_DJI_0005_frame105.txt,38,4dfab5a8264e9caec360b4e5b296c9c16828c244134c984a0f069a953c4e96f9
data/labels/Karkkila/karkkila_DJI_0005_frame106.txt,38,cd34fbfdf87623d31f4609ab50ebb6134a11bef8727a28107c05708282d45eb8
data/labels/Karkkila/karkkila_DJI_0005_frame107.txt,38,2920fe41a108467de4f7c0336427143a6ff73752b4b7520f649b6d9ece8f6fe8
data/labels/Karkkila/karkkila_DJI_0005_frame108.txt,38,4da7b4e6ad1fbf845ea4cf949c5228ab70e01823fc0fb4409272405a8a5075d5
data/labels/Karkkila/karkkila_DJI_0005_frame109.txt,38,20e5289a2d43a10ed5d6996402938a89e18a73a9faab2e26472044fb2d3de84e
data/labels/Karkkila/karkkila_DJI_0005_frame11.txt,38,9821bc9bb42b6be54e9b10d3a8f3cca3c2f9ad8b5ec9a24f2f26a6329d4b4889
data/labels/Karkkila/karkkila_DJI_0005_frame110.txt,38,7fd1e6b57861404b5dd8955e9145509d67cb8e679d4874d9661fb4c336e63b9e
data/labels/Karkkila/karkkila_DJI_0005_frame111.txt,38,564802ab2e6d3e8fe5d403114a637437e46c3d824b4d22eeb71341fc1ce364a6
data/labels/Karkkila/karkkila_DJI_0005_frame112.txt,38,b47352f2fe5c7d53fb5e34c5603019c429935920fca8fe75bf28b90c618fafd3
data/labels/Karkkila/karkkila_DJI_0005_frame113.txt,38,85c8603603a450c5a6ec7794bde9cb16ef162bf3de929b6d59d08054ad115667
data/labels/Karkkila/karkkila_DJI_0005_frame114.txt,38,5602101d182edbe9c87919ffc097981fd646888b4e31cf43057080c740cb913d
data/labels/Karkkila/karkkila_DJI_0005_frame115.txt,38,8b16ba677456cc5264811df71ae348d0c27fd3dc59cb4391039a643b517ca9d8
data/labels/Karkkila/karkkila_DJI_0005_frame116.txt,38,d1bf149e2eeda5b8154ab156c1c7f7a6d22b3bd2c7b73a7a19cc23f4aaddc805
data/labels/Karkkila/karkkila_DJI_0005_frame117.txt,38,0eb62dfb8bfe0506d4129e2f5abd2f0bdeaeaba9b9050b0b5d167ee65a02ab9d
data/labels/Karkkila/karkkila_DJI_0005_frame118.txt,38,0eddc7015ab3f8ff480024a10ea16faf5893f5852e62a46b5c94a0e5331b1c7e
data/labels/Karkkila/karkkila_DJI_0005_frame119.txt,38,367c37f607491ab8a839671153eb925d68590a0b4571ae92918a925acf877e6b
data/labels/Karkkila/karkkila_DJI_0005_frame12.txt,38,b2af2860837097c025a8fa41f1f78ce105e4eaf255fd4ba01958f28fb60c4429
data/labels/Karkkila/karkkila_DJI_0005_frame120.txt,38,ea060c8cf11f9420a4002a54c6a7abac7eaf9e32564a00ae310e0b8ef60aa092
data/labels/Karkkila/karkkila_DJI_0005_frame121.txt,38,182085bfda3bc0645ece621febb5da31d560a3b70b3abf90a45e89c9d553a9c5
data/labels/Karkkila/karkkila_DJI_0005_frame122.txt,38,272b23a3f89f3c5a25e521766a7e4f4a530a48a25a7ef10e050bd3ccc94829cf
data/labels/Karkkila/karkkila_DJI_0005_frame123.txt,38,b13eb874e150f4986f157fb52a63a593b374a85b92463a8327f2a83c2c78903d
data/labels/Karkkila/karkkila_DJI_0005_frame124.txt,38,a4057782c88c6fda25e01c2d676341ef2287d80979fdc9d809f263311fab588a
data/labels/Karkkila/karkkila_DJI_0005_frame125.txt,38,bb97459c035407372b8b017d904cc8a11f38f53a8a872de752406e1b5389d83f
data/labels/Karkkila/karkkila_DJI_0005_frame126.txt,38,54a0060dbff044739e59e14090bad453bf9f1b3c1f57a64e1f92de381479ce8d
data/labels/Karkkila/karkkila_DJI_0005_frame127.txt,38,c6c0313f0b4f090066ae1190dda7623cc04452407b22d1de08b9de01c7697644
data/labels/Karkkila/karkkila_DJI_0005_frame128.txt,38,ca1ef847feff9d3c2113bd50581fa440245c8cc163dacd9cf789da77158525eb
data/labels/Karkkila/karkkila_DJI_0005_frame129.txt,38,cd3821b30d5fd6eb73d2b11584b5d49c37efe9b9446cc6ea76ae3c7228a1443a
data/labels/Karkkila/karkkila_DJI_0005_frame13.txt,38,b8b39f089423411eb0001b91c415820f2cf8b6cba5bcd92b77a6a4567955b5d5
data/labels/Karkkila/karkkila_DJI_0005_frame130.txt,38,23b3cfea501fd1067cbeba89525587f05de3ae5a8f0202500ed9f150e5737b87
data/labels/Karkkila/karkkila_DJI_0005_frame131.txt,38,929dd53dabb0776a34287c2aa77de7322b484d2ea9f7fd62457292c396e6063b
data/labels/Karkkila/karkkila_DJI_0005_frame132.txt,38,b644d9f81ccb364f4fa52764a585683bd795891d519a903060db019d48354a3a
data/labels/Karkkila/karkkila_DJI_0005_frame133.txt,38,0b4704b5bb70c87de17a10a274c2981ba5d0d4b143ee963fba16cc28ed3d0db0
data/labels/Karkkila/karkkila_DJI_0005_frame134.txt,38,17074bf380176053b7e607398573857210b8502ecbbf072b4cd6cd683cdddbd9
data/labels/Karkkila/karkkila_DJI_0005_frame135.txt,38,af14b85808d9e67d5a80ccd5ff12785b7bc91fba3232db4ede0eadc2a298b955
data/labels/Karkkila/karkkila_DJI_0005_frame136.txt,38,90ae58aa544fe527434338861f21e10cdf723b965f0fc9d8de1f420c646984fb
data/labels/Karkkila/karkkila_DJI_0005_frame137.txt,38,d5ebb595698b3443bf95f3d587dade35caacf4096b57952f145074f3430eb52c
data/labels/Karkkila/karkkila_DJI_0005_frame138.txt,38,87196d5177dac3169a6ffc92e73291ef36f2e2e01baf438ee4480d3cd660cb8c
data/labels/Karkkila/karkkila_DJI_0005_frame139.txt,38,47791f7e51ae6bf6c3785695df37538d852c3ec40892cd436a2cab645f6dc3ad
data/labels/Karkkila/karkkila_DJI_0005_frame14.txt,38,46f44c3a3c9de18a2a69b24dd68c35c46ed25e3f10fe07c012dc70bcd9506baf
data/labels/Karkkila/karkkila_DJI_0005_frame140.txt,38,6634c875ed062abba1e3f455d74a637c49851d71d47e266388a67f6f6397bfff
data/labels/Karkkila/karkkila_DJI_0005_frame141.txt,38,a6e656701f9422ac07d50e3188ec0c4c376a3ffde19e0386ecb2eb62a35a2818
data/labels/Karkkila/karkkila_DJI_0005_frame142.txt,38,36862350053256913e89fb3b5b7f910168199f1c58c335dad7493d866a042b40
data/labels/Karkkila/karkkila_DJI_0005_frame143.txt,38,431f323f061e782c6ecc1bf4a4e277569ef8830a771cb7e3bd48a5df8952aeb8
data/labels/Karkkila/karkkila_DJI_0005_frame144.txt,38,6ac05f8d1088dc7f785fca9ddf032e4e55a2dc8635457822f33bdf88d5ba0bf4
data/labels/Karkkila/karkkila_DJI_0005_frame145.txt,38,aea53724e4c5b041db5632ffc55ddd8d78b67f78dc60db699eb954361610bba1
data/labels/Karkkila/karkkila_DJI_0005_frame146.txt,38,134150d66a3f868eeb51458a7224d4cc3be5379f5000168201ff9568176ea115
data/labels/Karkkila/karkkila_DJI_0005_frame147.txt,38,d40ea9b30a89de869abc096ce6e7fdbca6f37e24e9e89b7d36087ef72bbf53a4
data/labels/Karkkila/karkkila_DJI_0005_frame148.txt,38,0033e945022d9aa306418dd1dbd39b5419b97868f2795a381d6ce13b81f5d507
data/labels/Karkkila/karkkila_DJI_0005_frame149.txt,38,7c130343cec6c50bc37011fbf8affbfeddcbf5272707c6b3bcd685f8979d2151
data/labels/Karkkila/karkkila_DJI_0005_frame15.txt,38,b57e0825d419dfefca14df043edcd9dc90797dcd875f1e43b5a9f725ac6bf820
data/labels/Karkkila/karkkila_DJI_0005_frame150.txt,38,bd2f3af6f056c87eb4d338c433cf980ca9ddc1f04494c0383f8e10616fc8291d
data/labels/Karkkila/karkkila_DJI_0005_frame151.txt,38,50e007dc82b014bebb7b1900455aee26f42a48c32459c16f9fca706687c2aed7
data/labels/Karkkila/karkkila_DJI_0005_frame152.txt,38,4b2a19f48cbfb966a9cfe9833bc99644c4233d6aabf8dd9e70554879c4d1fdd9
data/labels/Karkkila/karkkila_DJI_0005_frame153.txt,38,a00fb7f202576b7456dfb75701b674dac9eadd76ed4203dd9ddc36a3778733a0
data/labels/Karkkila/karkkila_DJI_0005_frame154.txt,38,c51e1c65b5be0211ba40d033c4c21c541019b49486b3e3e6cea727a439a2e098
data/labels/Karkkila/karkkila_DJI_0005_frame155.txt,38,6f610ae175becc63fed5b3230b745738b8e2da5e5fea3ec33c7cc27d5d07c5e5
data/labels/Karkkila/karkkila_DJI_0005_frame156.txt,38,211627544a2a8949d5d83e1b7aa541fdd99226e23f0becd8e1bc5359e03c42e6
data/labels/Karkkila/karkkila_DJI_0005_frame157.txt,38,626f8c2711f008be4bf1cf53e2c1d611b795565a6812093ddbf6cca629259c6c
data/labels/Karkkila/karkkila_DJI_0005_frame158.txt,38,8c106568456ca70e62ba5bf5cb2c1aaeecc744c27c188a8ee6f8ea98e580fdbb
data/labels/Karkkila/karkkila_DJI_0005_frame159.txt,38,55a730b6c0e641f9cbf33ca963596982d15515fb6dd8964f600dd0cc869bb308
data/labels/Karkkila/karkkila_DJI_0005_frame16.txt,38,1bdf6ae5fe63637b11605f121072b6c30b163e47fe829c13660ffb4182b4646c
data/labels/Karkkila/karkkila_DJI_0005_frame160.txt,38,5325f0f871b4e61b7c4264f6af2791c712916965c82ea514bd739b33157b3ce6
data/labels/Karkkila/karkkila_DJI_0005_frame161.txt,38,c69e5b0da68ef902cedf1df56eea53b6366167d97bcb26e36c4a9a248b5595c7
data/labels/Karkkila/karkkila_DJI_0005_frame162.txt,38,8e3741080887a698b1ebe092c84bb28e9a91f81b5456bf973aad8bd1313b251b
data/labels/Karkkila/karkkila_DJI_0005_frame163.txt,38,7cdd3a08b29bd931fc45a05b2bf0b65a15304b321d574fd2bb686d1e33562554
data/labels/Karkkila/karkkila_DJI_0005_frame164.txt,38,ec586c6f227b7eb0d29662aa2cee838590f9e9672717836fd0db0a1732a77b38
data/labels/Karkkila/karkkila_DJI_0005_frame165.txt,38,e2e71e6d2b9c6fc59c147db3f9f0bb32f7582da1fddc6d94784d625a8358bd5a
data/labels/Karkkila/karkkila_DJI_0005_frame166.txt,38,f83af7eb364817363ca48ff3ef0277cbcca172a982dee7605c1fc69c2d526f45
data/labels/Karkkila/karkkila_DJI_0005_frame167.txt,38,ff38228edef2d9b5fea295f898a824023548f085399e93818a37757371d644fa
data/labels/Karkkila/karkkila_DJI_0005_frame168.txt,38,ed456120616307feabd76c804f38b5d02df038d08620d2d0773f1a6269c2f08d
data/labels/Karkkila/karkkila_DJI_0005_frame169.txt,38,21c41fb69b2375824eebb0394f1f17f82d93566ab7f915da712b99a10fa9b2cc
data/labels/Karkkila/karkkila_DJI_0005_frame17.txt,38,d20d22a0756c3350998baf265945858c4e2e813376362ed94e0488283be84f4a
data/labels/Karkkila/karkkila_DJI_0005_frame170.txt,38,0e7c97ca85ee47f7dd56d69624cd3ca5769bae44d2ead73333a4d6df33aaa017
data/labels/Karkkila/karkkila_DJI_0005_frame18.txt,38,4f9ab02721b8425acd80b6bcf1c095ddc2354000f5fcbb50b98568986a8f01be
data/labels/Karkkila/karkkila_DJI_0005_frame19.txt,38,44c06b29002b3445040d8b0bb0b2dcbb3063887fd5f5060c68b2452d208ea438
data/labels/Karkkila/karkkila_DJI_0005_frame2.txt,38,3baa0ef1b6d518d9de73c8cda0575ef2b47f6f31490300a93624eff3fcfb5084
data/labels/Karkkila/karkkila_DJI_0005_frame20.txt,38,f5a201e696a4440628a32596b66706156d0442c4e229ff525dbf5ed22e00731e
data/labels/Karkkila/karkkila_DJI_0005_frame21.txt,38,390ecb0dd845f2da9e5aa2792a1000a0c8710d0eb38a302a242d5f4e977ef156
data/labels/Karkkila/karkkila_DJI_0005_frame22.txt,38,2ba269d2eb2c2ea45128c57644df93f62c76d90a7b5598fdc7ad43ee2b28851d
data/labels/Karkkila/karkkila_DJI_0005_frame23.txt,38,f680913f202443f00ba8ea4b6f97bab5986a79b172e63f074b052aeb40083000
data/labels/Karkkila/karkkila_DJI_0005_frame24.txt,38,6b12a9f549f977633c8bf650e6df5d74c4baf7fcfe1a037aeac5ec8ca57437b6
data/labels/Karkkila/karkkila_DJI_0005_frame25.txt,38,4af0f25292fb3818dc88616270a25c2f2ff4a2cedc99369b56f220c3e854d6c4
data/labels/Karkkila/karkkila_DJI_0005_frame26.txt,38,5fbe8fe789566f833289b6535d09b4f01da5b2edaeaaaaffc0259b06a088f08a
data/labels/Karkkila/karkkila_DJI_0005_frame27.txt,38,00999ca8cbb656ffe518cd2512ecf348a99481554f50b6da3fc832fd0489e2d5
data/labels/Karkkila/karkkila_DJI_0005_frame28.txt,38,b5344db2051cf4f8be2e99006854161c2fa7010e2a7b5038ed640b4ca5b61f16
data/labels/Karkkila/karkkila_DJI_0005_frame29.txt,38,471f267687b56210c9423101639d9cd68ee0f5cc44872c65bfbfa859062afb76
data/labels/Karkkila/karkkila_DJI_0005_frame3.txt,38,45006c5172bb4fad13448720ffb62cbbfc69ea6cf05e8a9467662c481d18daad
data/labels/Karkkila/karkkila_DJI_0005_frame30.txt,38,07c0cbdca95838f982e2611d80144e0ba6e28f80c80dc7183cd630367cd83e54
data/labels/Karkkila/karkkila_DJI_0005_frame31.txt,38,c0091cc130251f0a001d1050e66dc8769cc92877255b52d6e3dc47baf948a839
data/labels/Karkkila/karkkila_DJI_0005_frame32.txt,38,bc92fd969c0a2313edfb0b19daf985597b8a251f2bb80f405513c543de94c37d
data/labels/Karkkila/karkkila_DJI_0005_frame33.txt,38,d2f0d4a8f3ef7fce9de07f52b83199bd982c56873088d15e8a7101be42077ea1
data/labels/Karkkila/karkkila_DJI_0005_frame34.txt,38,65b1cf2250ce5a73868e13beb5fe83ef02ec35d6c67738035f08835b4421a5f4
data/labels/Karkkila/karkkila_DJI_0005_frame35.txt,38,c8384acce6f6835eb43470a1b38af23ea5504752dc36497993554cdcf160a1a1
data/labels/Karkkila/karkkila_DJI_0005_frame36.txt,37,f296dbfc336c9f077fc52830b2e91b398bee362718d3ae017f31c30ffd0d69a6
data/labels/Karkkila/karkkila_DJI_0005_frame37.txt,38,4d4f53af9a3f185a8baaccd2c7fc474548ff3d3892798194bcd31603a98f6bc2
data/labels/Karkkila/karkkila_DJI_0005_frame38.txt,38,ba2b101c02813628e4bf45b773056b255239e1ebd5ab3d901d5ac1e52e854dfa
data/labels/Karkkila/karkkila_DJI_0005_frame39.txt,38,53574c72b7650a52bd91c3ea526db0c1a6cc31b11ab8d5cfc2d2eeab2becdf51
data/labels/Karkkila/karkkila_DJI_0005_frame4.txt,38,64da26e82a2bd75d94a029ff9e7c99ba6131fe664b80d6065ace8291d8e16ead
data/labels/Karkkila/karkkila_DJI_0005_frame40.txt,38,dcbe18d2fa0421d4bfaef25d1092e708d4ca585d9bc6b9f84d5be1a9d1dcb126
data/labels/Karkkila/karkkila_DJI_0005_frame41.txt,38,f2ca839f42cb6ccba6dc564a2433566ec4c7db22e8a4def90075152e5f49d111
data/labels/Karkkila/karkkila_DJI_0005_frame42.txt,38,0002c7732636d4154de6625f06d8e040b5380dae9c5b3884f70fbc32729a19c9
data/labels/Karkkila/karkkila_DJI_0005_frame43.txt,37,ab966d96b71c1a969d8ed70958355fa706397d36a904c4aa22be382f152f8b87
data/labels/Karkkila/karkkila_DJI_0005_frame44.txt,38,e07468d2ba66d8cd0fa283fd51dede7a6eb8f880bd2d08fcb263180807711c47
data/labels/Karkkila/karkkila_DJI_0005_frame45.txt,38,d7f8844b7f89c0ffcd05e6d76d059885d358d78e8799f62434838e543a4372ee
data/labels/Karkkila/karkkila_DJI_0005_frame46.txt,38,b1bdc9e99737506b97a419a629c818c0ef7de24204e1590cb969c95f47f09013
data/labels/Karkkila/karkkila_DJI_0005_frame47.txt,38,be1043bc742540c57e0e478defed213571131e7f12af1d7b31d5f4d179936c0d
data/labels/Karkkila/karkkila_DJI_0005_frame48.txt,38,161f8f13ac04bf20bd35812bc05e17fb991273db1ce235b2189299a7bbe2c6f9
data/labels/Karkkila/karkkila_DJI_0005_frame49.txt,38,0aba1fd9cd094d53db7a20c40b4dcd7ccbcc4cb0080c511642be8ada4b17ea86
data/labels/Karkkila/karkkila_DJI_0005_frame5.txt,38,c04cfbe968d5389d886363d8481bb17005b17a39b1d2694de108ceada9519230
data/labels/Karkkila/karkkila_DJI_0005_frame50.txt,38,da866a04e80c11e17c5b08017c5f65300ca00ebcd1430e06b5caab546ffe117a
data/labels/Karkkila/karkkila_DJI_0005_frame51.txt,38,31f42f6de1d6b4ec413becb320c4e067cf15d75c3f6f91dba52882737d184d02
data/labels/Karkkila/karkkila_DJI_0005_frame52.txt,38,e899c40bcec6a24a79ecf6faeabb9273a7b5bd3ec96ab1587cab54c2fa9442db
data/labels/Karkkila/karkkila_DJI_0005_frame53.txt,38,0c20b56e423bb77bd074282b075b52c8251d9a478b3a901029393fdf396034af
data/labels/Karkkila/karkkila_DJI_0005_frame54.txt,38,168ba3182aa165c40641678b663cfd6d411c7c827987d7367524a81ad8298a1c
data/labels/Karkkila/karkkila_DJI_0005_frame55.txt,38,2e936f904e814c968bdf818d0360bac15d8ccf0c6df2185dc94fe0234b1bf8fb
data/labels/Karkkila/karkkila_DJI_0005_frame56.txt,38,31103c74efb0d71c9e3fcd40550d74a31f807c4995e9f03038d1dfb86b4d1925
data/labels/Karkkila/karkkila_DJI_0005_frame57.txt,38,d549c227efd58bff4c102be981bd2c2eab02a41e436e6b73d260862723d4c866
data/labels/Karkkila/karkkila_DJI_0005_frame58.txt,38,950ff12d8bf20d7c615091c351251bf277aba0b912ac38e250feb23ef96d4a69
data/labels/Karkkila/karkkila_DJI_0005_frame59.txt,38,d758c33143260e06e4d67f2fa015fd560567dde598bc641c6c8dd1a02188188a
data/labels/Karkkila/karkkila_DJI_0005_frame6.txt,38,7a0b0bec71e906babf98c2e96b641b61c904c55c83602a2f6bb1d50730a1b962
data/labels/Karkkila/karkkila_DJI_0005_frame60.txt,38,afc686bf07aa5c81188e63936f1bf8391914074be03634e544da720205ee06f1
data/labels/Karkkila/karkkila_DJI_0005_frame61.txt,38,ae1fcfe40e10594dbe8f76def0d40d3ae64a8f29e8472e1e7ce92c9fb09d9380
data/labels/Karkkila/karkkila_DJI_0005_frame62.txt,38,cfdc34bd2a48c07ad0d82db5232dd975f01fd8c82c39e1179920bae7cc674a1d
data/labels/Karkkila/karkkila_DJI_0005_frame63.txt,38,11bbf7ecf405b0700604881269b1c7add0817950b3c7ac92a2226c2fb1a737ac
data/labels/Karkkila/karkkila_DJI_0005_frame64.txt,38,838afcf139b13afc83563501362a9c955c38ba8d01782007523d4d1f7c4762b7
data/labels/Karkkila/karkkila_DJI_0005_frame65.txt,38,8ed43eb77564408d3f6ebddbb27bb32f5f84831699c0c2310e32ec60ac5d31fd
data/labels/Karkkila/karkkila_DJI_0005_frame66.txt,38,8f363c9fbc6daa91a489431cdb69857b6e5b62055715eeb797f4e17dc473c686
data/labels/Karkkila/karkkila_DJI_0005_frame67.txt,38,275d3ac7b83e7e3065d5b40d925c2e709832c533a3f64fc106c14e547e2ab764
data/labels/Karkkila/karkkila_DJI_0005_frame68.txt,38,4d01cf6bf71ae604ab810f4da6631b02712bab8f31d10889658c7439f2f8dfc2
data/labels/Karkkila/karkkila_DJI_0005_frame69.txt,38,5998fb4d86a47a30bbe31148d7b8e8352e5ce5de95a6099ddc26c752f0290b9b
data/labels/Karkkila/karkkila_DJI_0005_frame7.txt,38,6dbf92235ca392f5fc5767a4a07144e3c296f0b8a0ab1a7177c630bcefd66c3a
data/labels/Karkkila/karkkila_DJI_0005_frame70.txt,38,3b1de2032d5952664ed32fdbc6231bc23fc15db0f7b208ece3c4fb1b9d116059
data/labels/Karkkila/karkkila_DJI_0005_frame71.txt,38,e5103bac04f4f7b510cd88ae8a98cb0e32c5cfdeddbb9b77d5ed4cc7c0120c04
data/labels/Karkkila/karkkila_DJI_0005_frame72.txt,38,e34afe7803f86871a9fa60f796bda5546b73a386ba68d7ca79fa9e45d3e4ba99
data/labels/Karkkila/karkkila_DJI_0005_frame73.txt,38,73232f8f5762b1a0db88993a5d2270af512e7a5ce1e55d9fab2743ecb6c668bc
data/labels/Karkkila/karkkila_DJI_0005_frame74.txt,38,f1298509f21b6851aa1466fa2a6a7705fffbd40db7c93c6f9b9c12f8a043e2a5
data/labels/Karkkila/karkkila_DJI_0005_frame75.txt,38,c3cabc6fe85424aa9038e399da7d28e0d106f48a7024dc24919d241ef0c4bb62
data/labels/Karkkila/karkkila_DJI_0005_frame76.txt,38,1d239a5515195e923217710825b32f9321ceb678d651b551f8b5875c1cc0111c
data/labels/Karkkila/karkkila_DJI_0005_frame77.txt,38,26aaa7552a6270c4fab6ca582f41b5f6e026ca5dae2832b1a1c57e8eb5702393
data/labels/Karkkila/karkkila_DJI_0005_frame78.txt,38,75f640bc9a5a91557313c09ea98938e5bcea2a356a4f5a75a0795273da98cca9
data/labels/Karkkila/karkkila_DJI_0005_frame79.txt,38,954fa18b275446e7b29be255aab19cd8c987d4f44696d5634002acce6e0cb9e1
data/labels/Karkkila/karkkila_DJI_0005_frame8.txt,38,bc56450b6b006e6b2e1b896cbc495c453c76d0f03c1080ce8809d6ee2f0cd766
data/labels/Karkkila/karkkila_DJI_0005_frame80.txt,38,9a2d74dd28abade93c0772c7e36e828a930684b10b230fab9073717cb60b4036
data/labels/Karkkila/karkkila_DJI_0005_frame81.txt,38,3257df2f12b16e8b2b45ec5ab5e447160be2a7e05c5349d8293841757a91dd69
data/labels/Karkkila/karkkila_DJI_0005_frame82.txt,38,56732d70610ede2f1803c9a95b8601e48083a5fa230f67525b784f30d15f3c9b
data/labels/Karkkila/karkkila_DJI_0005_frame83.txt,38,9648c37937f804f4e6ec2a3127e0d77ec34bbf711fe3136840c51927644ee090
data/labels/Karkkila/karkkila_DJI_0005_frame84.txt,38,a26e6b2c9aee9dd6da97d37604d38dfc8adb7802a67db262ab8d55fcb8e9aced
data/labels/Karkkila/karkkila_DJI_0005_frame85.txt,38,038df6b0d3536b819a2ac6fc432e400bc24f55f289ffcaafb9b5c70725dd4166
data/labels/Karkkila/karkkila_DJI_0005_frame86.txt,38,bb78536e6f71f48b984175469132e1b093aee8e566e14b4f27087cf014e1318f
data/labels/Karkkila/karkkila_DJI_0005_frame87.txt,38,ff0a278b8635f9948aa6fed10b090704d57ba800f6ebbd8d0f77b44c7726b872
data/labels/Karkkila/karkkila_DJI_0005_frame88.txt,38,90519cd6a8b5cb4347f7033ae8f52647c09eb786bbba865d2e77f63ccdf8a42f
data/labels/Karkkila/karkkila_DJI_0005_frame89.txt,38,6bf8a8ce45eaf87b85dea30e715f6606d7ff3f57cbef1c71575f86f6d1cbcc34
data/labels/Karkkila/karkkila_DJI_0005_frame9.txt,38,99a7066bd983857e7fbbfb5529d59e367069f58a8c281b8a2a148ad886c42bef
data/labels/Karkkila/karkkila_DJI_0005_frame90.txt,38,418a28d1b5052c130b88ff74462ce1c329e79b87f503aab691d78f4d9d69863a
data/labels/Karkkila/karkkila_DJI_0005_frame91.txt,38,e95380fedb20e941c094a2baae508038cc28f4b885f33283a4126498be8c5e1f
data/labels/Karkkila/karkkila_DJI_0005_frame92.txt,38,d5d80404b1610c995a6c4443e90e3fc34aca9a39f659a00034d0f8f825256758
data/labels/Karkkila/karkkila_DJI_0005_frame93.txt,38,3efd5e479132298e817aa280be0479beab4cfe59a9828673e1968df49fde4058
data/labels/Karkkila/karkkila_DJI_0005_frame94.txt,38,fff183af83dc1f9879b1c7e8806adb01bd6fb93779e4237c2be09fe15951344d
data/labels/Karkkila/karkkila_DJI_0005_frame95.txt,38,f1f6766f2e0615d5d786226cdede170e0f8ee57966e38f5210cc0a7022af71e8
data/labels/Karkkila/karkkila_DJI_0005_frame96.txt,38,2a0d208328bdc2434141ce2a4416d5034445b7c061d46765dbac81e4a63fdc5f
data/labels/Karkkila/karkkila_DJI_0005_frame97.txt,38,27fadac8b9decfe70f95e7b8416e2939059217eeebc0d34a8b9a610ab340ddd7
data/labels/Karkkila/karkkila_DJI_0005_frame98.txt,38,e0ad81bdb50903c655f39c5445e01d4a21187f398a230565998fdf1d291bc787
data/labels/Karkkila/karkkila_DJI_0005_frame99.txt,38,bb3b2daa00069619f4a43ba11d85d92f7b6be5f9afb924b8db466d204599ac0b
data/labels/Karkkila/karkkila_DJI_0006_frame0.txt,38,793d4a41e1dfb42629e1065610caa76fa8b15c0e5c76241a42c5f2de6c0de16f
data/labels/Karkkila/karkkila_DJI_0006_frame1.txt,38,9736270ff19352576674bdddad06900128a5077eff709b6f11b02aecc4c8b014
data/labels/Karkkila/karkkila_DJI_0006_frame10.txt,38,a18c36cd99f03269dda86e42b3b302fe290359508c39fb2a1cdbd899c5122d6f
data/labels/Karkkila/karkkila_DJI_0006_frame100.txt,38,0b1f0c4a8425045e0f1b5018919d9c74d84608aaf28a910413655693a592e755
data/labels/Karkkila/karkkila_DJI_0006_frame101.txt,38,8206dde28e574b647bf4fecb7dcf1c585de2e7c60911fdf07b442ad0f862301c
data/labels/Karkkila/karkkila_DJI_0006_frame102.txt,38,cbbc1000fb594323dec75b0e680c106872bb962436f0d9c68bc30fa427a0dc2c
data/labels/Karkkila/karkkila_DJI_0006_frame103.txt,38,f01aff8697393beeb25d75271af2659d3b0a2a4cc4c4b2baead808c00ad692af
data/labels/Karkkila/karkkila_DJI_0006_frame104.txt,38,4a55b535f47d011939840845173cb23cf3285302a2e97f50f7e38e12c03c2db2
data/labels/Karkkila/karkkila_DJI_0006_frame105.txt,38,f1879f4ee75bf5579274cbab5eed5b6fbebcd6f63ce92d394d973b9baf329ecf
data/labels/Karkkila/karkkila_DJI_0006_frame106.txt,38,1153d482446333696459dca4583d9c156a911da833c2e6f0485ba147b313ae4a
data/labels/Karkkila/karkkila_DJI_0006_frame107.txt,38,b0bdaa193ad3e5807fb9e76d95c6dc1720ae9e19f487075d53c3dccb3c4e6fb0
data/labels/Karkkila/karkkila_DJI_0006_frame108.txt,38,7ad6dbc793c952b4f0af2ba4ea71500b981af95803f1b981838168b96923f0e5
data/labels/Karkkila/karkkila_DJI_0006_frame109.txt,38,54a26a6e82db15fd1bd7359c28d8518488f5edf057c4379d73f488e6b4169ab3
data/labels/Karkkila/karkkila_DJI_0006_frame11.txt,38,c46e74ad377975bea2da1a6e0761f1e5fefa4289794d7ba9534d9e1b7a4368f6
data/labels/Karkkila/karkkila_DJI_0006_frame110.txt,38,12ffd6ab9c6df2415175948c807d71a76a169f41eda7df57a174d850fe0ad499
data/labels/Karkkila/karkkila_DJI_0006_frame111.txt,0,e3b0c44298fc1c149afbf4c8996fb92427ae41e4649b934ca495991b7852b855
data/labels/Karkkila/karkkila_DJI_0006_frame112.txt,0,e3b0c44298fc1c149afbf4c8996fb92427ae41e4649b934ca495991b7852b855
data/labels/Karkkila/karkkila_DJI_0006_frame113.txt,0,e3b0c44298fc1c149afbf4c8996fb92427ae41e4649b934ca495991b7852b855
data/labels/Karkkila/karkkila_DJI_0006_frame114.txt,0,e3b0c44298fc1c149afbf4c8996fb92427ae41e4649b934ca495991b7852b855
data/labels/Karkkila/karkkila_DJI_0006_frame115.txt,0,e3b0c44298fc1c149afbf4c8996fb92427ae41e4649b934ca495991b7852b855
data/labels/Karkkila/karkkila_DJI_0006_frame116.txt,0,e3b0c44298fc1c149afbf4c8996fb92427ae41e4649b934ca495991b7852b855
data/labels/Karkkila/karkkila_DJI_0006_frame117.txt,0,e3b0c44298fc1c149afbf4c8996fb92427ae41e4649b934ca495991b7852b855
data/labels/Karkkila/karkkila_DJI_0006_frame118.txt,0,e3b0c44298fc1c149afbf4c8996fb92427ae41e4649b934ca495991b7852b855
data/labels/Karkkila/karkkila_DJI_0006_frame12.txt,38,55d71cbbfd474ba074cfbe73171fae91560c071686e80588cf6260acee9ffd3e
data/labels/Karkkila/karkkila_DJI_0006_frame13.txt,38,00ec37fa28cd732aa21a71b9d2f160332277bbc2aee29fac3ceb85b3060f5add
data/labels/Karkkila/karkkila_DJI_0006_frame14.txt,38,7ae16a84de716de50a3726175ba4b1b46598861f2fbe27e1066fdf71450a0e14
data/labels/Karkkila/karkkila_DJI_0006_frame15.txt,38,c8201c7a2950f23f2b1f5ad1687382f065b85d59767297095b9c0c04d6ef6732
data/labels/Karkkila/karkkila_DJI_0006_frame16.txt,38,baf353fa9fe6a849fa12b1f45f66bc715a031bd16eef32ea91796e70f666180f
data/labels/Karkkila/karkkila_DJI_0006_frame17.txt,38,6185505567fc377d05ec3e17116847348a03c04e809e13dc4d6a77bdebf3c5cc
data/labels/Karkkila/karkkila_DJI_0006_frame18.txt,38,99766d69b5909e883fe313946850bf6fe1fa2dca4bd01c6be5ce309683207f3c
data/labels/Karkkila/karkkila_DJI_0006_frame19.txt,38,c5e29121f48fec5cfef8f6abf78b25bd611f251b7c65f490fe52bb125cb9f2dc
data/labels/Karkkila/karkkila_DJI_0006_frame2.txt,38,4ab0f360cd0ba804cf4a0441b61a718367ec57cb2a20101ce33bac41393a5cd2
data/labels/Karkkila/karkkila_DJI_0006_frame20.txt,38,0bfc78afc42311fb0dd07081c9f0f729152abbe29e00dfd4a516eccb7f9f6689
data/labels/Karkkila/karkkila_DJI_0006_frame21.txt,38,1e66fc46a6a50ef9c03a2659b9fd43edeae9adec15c207007f4becd8ca550899
data/labels/Karkkila/karkkila_DJI_0006_frame22.txt,38,0615780b99a110f496703e4f871745dc07131b7c92f4223773aa3b79e78bc3c5
data/labels/Karkkila/karkkila_DJI_0006_frame23.txt,38,fa7331d4358dd4b0ad837236efde81d5064d0387536c640c8d5a7e27fc965d42
data/labels/Karkkila/karkkila_DJI_0006_frame24.txt,38,2b115c64cf3a9ba5d6effabf1b6251697de9b870266d24c2a7a618d38cedf5e2
data/labels/Karkkila/karkkila_DJI_0006_frame25.txt,38,70dafbb696894adcb1533de38ddf0e8836d850d2b573499b163e0019e2262c7c
data/labels/Karkkila/karkkila_DJI_0006_frame26.txt,38,4515aabfe2e9db526e5f0f32d6f9791d7bcf58c9a415c57e5b0972a02af43491
data/labels/Karkkila/karkkila_DJI_0006_frame27.txt,38,1d0827ba72655044a693db75b759e87e1c5043ac83485043e875c5483d719c1c
data/labels/Karkkila/karkkila_DJI_0006_frame28.txt,38,b59fd44165bb0ea816bf253c021e05512c7a5bc84bc97debc0b6810e4c4a6157
data/labels/Karkkila/karkkila_DJI_0006_frame29.txt,38,606617eed2089a8774ca1a886485da395b5cb012f6452759d29f7ee3e5204a0a
data/labels/Karkkila/karkkila_DJI_0006_frame3.txt,38,80b8dd27114f5b81df4b1abfb9850603e66664f61c0e3bb69241557e48daced8
data/labels/Karkkila/karkkila_DJI_0006_frame30.txt,38,f94225aff3abf2f99a1bf7924e28ad6ffaccb06d4b701ac6fee808cfc0e62ff4
data/labels/Karkkila/karkkila_DJI_0006_frame31.txt,38,835058f99c9847a0ec8ebacf8c070cf033e6128e47c596fd0c086dd47196b3f4
data/labels/Karkkila/karkkila_DJI_0006_frame32.txt,38,95ed99d46b40a11f7a1a069177e2062acf2f02373d3397749e3bff3c89451d4b
data/labels/Karkkila/karkkila_DJI_0006_frame33.txt,38,f1f33314945807d9078a7388f3d9e653d3dd5bf0253fdbd54dd2089ba727159e
data/labels/Karkkila/karkkila_DJI_0006_frame34.txt,38,90437fbc2ac4852222f90b5a133211e4507fd2133481f199b3e93637c98f2580
data/labels/Karkkila/karkkila_DJI_0006_frame35.txt,38,1e2dd65cd3bcdb998c6ffd76117a0a62f1b6102d436fc025bc5520fd9f3a68c8
data/labels/Karkkila/karkkila_DJI_0006_frame36.txt,38,3dc123998b8d4d2a75e443b9c0af58ea99089d17326391efed366b5643149580
data/labels/Karkkila/karkkila_DJI_0006_frame37.txt,38,cc5fd52d3f323603404d2b9e0d59aed030ff108a6b88e1f0de548317f0ae1be3
data/labels/Karkkila/karkkila_DJI_0006_frame38.txt,38,6228dd713d9e6798df04e7f48946c16d6aa08e08080b2768d026aeed4efcf6ea
data/labels/Karkkila/karkkila_DJI_0006_frame39.txt,38,3bf011d478a5c664cec9fa6278f8f521645ed2957b524d0f092b78bec89fdf50
data/labels/Karkkila/karkkila_DJI_0006_frame4.txt,38,ba8e6a7f87af4160eb7942e0ed131ee7af49771bd97df7d60c51605fae3af63f
data/labels/Karkkila/karkkila_DJI_0006_frame40.txt,38,fddf92cbf3ba4ab30abd2887d2dad40c10f8258f66cceeaed9483ecb987f3d06
data/labels/Karkkila/karkkila_DJI_0006_frame41.txt,38,1491bbaa1f5bb05a53d0cb6398cace5c45ab79a2c0205aadc1e364637aa56e15
data/labels/Karkkila/karkkila_DJI_0006_frame42.txt,38,90f21bb65b85098bd89352915430b53e779e00bbabe273af7b1bd49ab7beab82
data/labels/Karkkila/karkkila_DJI_0006_frame43.txt,38,c39985184ee8d52327666efcd70705d700fd0427df3af847d06ea0f41dc7eef6
data/labels/Karkkila/karkkila_DJI_0006_frame44.txt,38,7b8a2579a05c89883d735839206eb09b5ebec7db9a0feb9c776b4535ef004128
data/labels/Karkkila/karkkila_DJI_0006_frame45.txt,38,5431774f68644b60c00e363f7d0cfedc7e0a0437cd64a11a41c07ca73a96b8ff
data/labels/Karkkila/karkkila_DJI_0006_frame46.txt,38,0affd0845f4dfe77a34780f70eaf15eaab2400080d2d72d0e03681671087fd58
data/labels/Karkkila/karkkila_DJI_0006_frame47.txt,38,9ff4a51d342f72b86aadfceafb88ce14edea7519aef3482a0a6a23aaed669e0e
data/labels/Karkkila/karkkila_DJI_0006_frame48.txt,38,30de174fa2e620e3ed805e2b5dc4dc7907abb10fc424e1a5c3803913877e7381
data/labels/Karkkila/karkkila_DJI_0006_frame49.txt,38,cdcff0c650f6e34354a203e0771e6e8a2c5ea996810484c59bbe6e6f0d82e217
data/labels/Karkkila/karkkila_DJI_0006_frame5.txt,38,153ae9b95e86c2275b9531e61f785dadf01fc1c93c1e8c83e33572d49a006347
data/labels/Karkkila/karkkila_DJI_0006_frame50.txt,38,dc893ad1c7e4fe6d32bc239d43ac31b3289a297b009acd6ba4869cf5180b251a
data/labels/Karkkila/karkkila_DJI_0006_frame51.txt,38,b902d558bd20bfcef5469dc53709460b81e84494209cd5a28c2a25939cbbd62c
data/labels/Karkkila/karkkila_DJI_0006_frame52.txt,38,fdd515ae5a7175baad14ff0fcfa7015ef94baaef968c227c3c3f7f9578be54d3
data/labels/Karkkila/karkkila_DJI_0006_frame53.txt,38,e0747122291c805a72d4baa029586128cf1b1d66cffe572897ff5b5469767e3e
data/labels/Karkkila/karkkila_DJI_0006_frame54.txt,38,58d8f58549423d26a60e40e758fe648402f1c497c4cec7445b1b5adfd3b8b48e
data/labels/Karkkila/karkkila_DJI_0006_frame55.txt,38,b4decc52d0683566f10def34167a1d9d06721b0d516696ac86598300ee4b06ff
data/labels/Karkkila/karkkila_DJI_0006_frame56.txt,38,431695d3bb83d17d41d119f6a0c997805962ac6f725e6b0d0f7399b21690105c
data/labels/Karkkila/karkkila_DJI_0006_frame57.txt,38,ab5bf261620cf342c5a2ee78c667f02a75cee2f233134f5d3b181d5d4bbdebb2
data/labels/Karkkila/karkkila_DJI_0006_frame58.txt,38,8117fb14d6a4ab5296ab4478b24c7b9a8799d75bbf80f6e3a2463b6391d349c8
data/labels/Karkkila/karkkila_DJI_0006_frame59.txt,38,8b6e1028dbd1e56c0fb64332cadaabfa4f23011024adc6b62637ab7a6260f10f
data/labels/Karkkila/karkkila_DJI_0006_frame6.txt,38,44dadc7eb367f7d95f63ffe3c86b8fb0f514310f6d04f3a317069f6928c84a7f
data/labels/Karkkila/karkkila_DJI_0006_frame60.txt,38,ea5e9b0f7d21f1de5e689a2a9b52a49e776ecd4a770108d9f86f471efe3aa329
data/labels/Karkkila/karkkila_DJI_0006_frame61.txt,38,f42651eb447ad248dd6ff1c02843f2daaaf0299091fea6a69353234548c8d0f0
data/labels/Karkkila/karkkila_DJI_0006_frame62.txt,38,5c9402fdfeb0ca6afb859b0a428d5c33261eab219f3178d5caa98e284bbdb307
data/labels/Karkkila/karkkila_DJI_0006_frame63.txt,38,07beb325ce4db2d216f428b9e40e595e3edce4d45c0822c3e7a0d9f8d72e6f08
data/labels/Karkkila/karkkila_DJI_0006_frame64.txt,38,cca5db2ef5d5e68dc0ca8b22e37a27f32892b850c1630ee588fdd30587985ec0
data/labels/Karkkila/karkkila_DJI_0006_frame65.txt,38,d154efcba7f8608ea06d07a1c4b18b41a84f744817f1bee17cb56d0900fc55b5
data/labels/Karkkila/karkkila_DJI_0006_frame66.txt,38,31197a93d70b754517714cae83e87eb929b6adfaa3ca08e8bcad3b53ac12d60f
data/labels/Karkkila/karkkila_DJI_0006_frame67.txt,38,6ad198c32526281c8f17c22ae21df5cb7aac94f39afb25eaf8928ef326479275
data/labels/Karkkila/karkkila_DJI_0006_frame68.txt,38,7de0db34567b0bf27d2129bcf1461b13dca194f273f29a653918f94ef43bfc6a
data/labels/Karkkila/karkkila_DJI_0006_frame69.txt,38,9ccd8f28abf52fbf51d6efc5493b7e7b3af89cf0139a8240845edc2768106812
data/labels/Karkkila/karkkila_DJI_0006_frame7.txt,38,efdf104699e28a8a97c57f81f93604ff7c4bfb287f605d828534c3569f1a3e99
data/labels/Karkkila/karkkila_DJI_0006_frame70.txt,38,4b10b745257543306327904c668607be136af949b3073dd13d7703c1b6a7a5ce
data/labels/Karkkila/karkkila_DJI_0006_frame71.txt,38,04328dd8ee10ae895891315dea2e0f9f7dcf8c336bdd09121e70e00bf6d84401
data/labels/Karkkila/karkkila_DJI_0006_frame72.txt,38,5d8a7bfade0acfde51a75c453a1e76a512ced2b043465d95d9b353215818ab74
data/labels/Karkkila/karkkila_DJI_0006_frame73.txt,38,603796bcabaf86e0472a862e5fb07361004f0024507133cd03cca8af69120636
data/labels/Karkkila/karkkila_DJI_0006_frame74.txt,38,07dfee918a4e2c5757df530c393eaa600fe0bf1c42619b06aa18d0c9230ec9d7
data/labels/Karkkila/karkkila_DJI_0006_frame75.txt,38,348e5bc1561c5e755db5ca49806c0619d98b2174a65e906204b3cab892c3e88c
data/labels/Karkkila/karkkila_DJI_0006_frame76.txt,38,18246d79b31adfd630f2226866fa540be24c5b32d80cb3de181cc6db35a653bd
data/labels/Karkkila/karkkila_DJI_0006_frame77.txt,38,e5477b631cb121a04357b5ae5669e0ef3cdb92b86ecbd05e8c5f1c89c3a8c87c
data/labels/Karkkila/karkkila_DJI_0006_frame78.txt,38,27ed45103f8cea099b73003696fbe3f1e34c0f8087d7ab3de6e2db935c38fb36
data/labels/Karkkila/karkkila_DJI_0006_frame79.txt,38,f0b9778dd2d4790f04f538a46cb103f9c0070f5f20a802ad5869b5bcfc3583e9
data/labels/Karkkila/karkkila_DJI_0006_frame8.txt,38,4181f57d9d0a39ef2415433195cb5fa7d58adcf810c7b26addc576497158bbd0
data/labels/Karkkila/karkkila_DJI_0006_frame80.txt,38,fbd29c1188fef04ca0761ec713b3e2338efade544591e559bcc8dee2362012f5
data/labels/Karkkila/karkkila_DJI_0006_frame81.txt,38,2b049c425564a6af6413bd91cddb7559ecbb65861a5ac7a0dc499a9b119abbcb
data/labels/Karkkila/karkkila_DJI_0006_frame82.txt,38,85f702f89446b50832775f1cf2e88cf7c51645f824cd4b07232d78f90eb634dc
data/labels/Karkkila/karkkila_DJI_0006_frame83.txt,38,acc03ed0c1d05b6779fb61da5dc79bba1efe943dc7479d722cfb7afe9ae2038f
data/labels/Karkkila/karkkila_DJI_0006_frame84.txt,0,e3b0c44298fc1c149afbf4c8996fb92427ae41e4649b934ca495991b7852b855
data/labels/Karkkila/karkkila_DJI_0006_frame85.txt,0,e3b0c44298fc1c149afbf4c8996fb92427ae41e4649b934ca495991b7852b855
data/labels/Karkkila/karkkila_DJI_0006_frame86.txt,0,e3b0c44298fc1c149afbf4c8996fb92427ae41e4649b934ca495991b7852b855
data/labels/Karkkila/karkkila_DJI_0006_frame87.txt,0,e3b0c44298fc1c149afbf4c8996fb92427ae41e4649b934ca495991b7852b855
data/labels/Karkkila/karkkila_DJI_0006_frame88.txt,0,e3b0c44298fc1c149afbf4c8996fb92427ae41e4649b934ca495991b7852b855
data/labels/Karkkila/karkkila_DJI_0006_frame89.txt,0,e3b0c44298fc1c149afbf4c8996fb92427ae41e4649b934ca495991b7852b855
data/labels/Karkkila/karkkila_DJI_0006_frame9.txt,38,b76454f805bd30316d0507087ad5355419e5bbc000692f438fe3b267e9348a93
data/labels/Karkkila/karkkila_DJI_0006_frame90.txt,0,e3b0c44298fc1c149afbf4c8996fb92427ae41e4649b934ca495991b7852b855
data/labels/Karkkila/karkkila_DJI_0006_frame91.txt,0,e3b0c44298fc1c149afbf4c8996fb92427ae41e4649b934ca495991b7852b855
data/labels/Karkkila/karkkila_DJI_0006_frame92.txt,0,e3b0c44298fc1c149afbf4c8996fb92427ae41e4649b934ca495991b7852b855
data/labels/Karkkila/karkkila_DJI_0006_frame93.txt,0,e3b0c44298fc1c149afbf4c8996fb92427ae41e4649b934ca495991b7852b855
data/labels/Karkkila/karkkila_DJI_0006_frame94.txt,0,e3b0c44298fc1c149afbf4c8996fb92427ae41e4649b934ca495991b7852b855
data/labels/Karkkila/karkkila_DJI_0006_frame95.txt,38,6d3a59f3681cfeb6718e76fb0007a784462f339f5aca6faacd28af9ecff13ea6
data/labels/Karkkila/karkkila_DJI_0006_frame96.txt,38,042ad00faa87814579d291413bb17dde64d344718365959818569afe1d7226e7
data/labels/Karkkila/karkkila_DJI_0006_frame97.txt,38,e58ef94822f87bfb8bec9b987fa21cb90b078c27f94fcb8f0964876f218fa437
data/labels/Karkkila/karkkila_DJI_0006_frame98.txt,38,e7478981c176b5785051b63a1e90e8a6f6bf97882c84da571ddee85ef768a81a
data/labels/Karkkila/karkkila_DJI_0006_frame99.txt,38,e96e4f744428ac09586f0392ee11771db0c2128492072b576935cb612d9b1442
data/labels/Karkkila/karkkila_DJI_0007_frame0.txt,38,66cdcdafefd19914b767c90e97abf6b9f2193f186fd4438876c63ce97ad479da
data/labels/Karkkila/karkkila_DJI_0007_frame1.txt,38,eefdd2bb6b41e6d102b5a76d2271b72112386b63f372b293dfe19acdbd0ec2b1
data/labels/Karkkila/karkkila_DJI_0007_frame10.txt,38,d09b0aa7652de64e04f31cf6023d2c9ef5ff2243daee9c68d21cbee28ae6beb7
data/labels/Karkkila/karkkila_DJI_0007_frame100.txt,38,5ec347ad26e8fc333c8c4417d641f26fb1ea3f09a33781bf24e9317576b275b8
data/labels/Karkkila/karkkila_DJI_0007_frame101.txt,38,43e03cdbed79fb90a6536ea66078dca58fae0fa9eba16a2033c0bafee6590dad
data/labels/Karkkila/karkkila_DJI_0007_frame102.txt,38,4c469c9e984a18ae42e7e8469c100ee1bf9c5659323f2292a8337c2403fb0b54
data/labels/Karkkila/karkkila_DJI_0007_frame103.txt,38,656731fe43ff3cecf25c5f8cc1da49ce0285aef94c2b64fa3644ebc7e33d88dc
data/labels/Karkkila/karkkila_DJI_0007_frame104.txt,38,bc01698ef35439fba519368b0256e1a438d65e2c004abab0250e4442f3f7c8f6
data/labels/Karkkila/karkkila_DJI_0007_frame105.txt,38,5dbcd4bdb511b34a67832458dd85b5fd50bab7f387e4e39546c2ccee94d8360d
data/labels/Karkkila/karkkila_DJI_0007_frame106.txt,38,36ab2b0b1b62bafa8d5082917bc7daa8ac111196d5b26e5cf446530547a84fea
data/labels/Karkkila/karkkila_DJI_0007_frame107.txt,38,be9c799a0ee7f243aa58b4fadb0801fa46d59d717f96e08886150b4df040889a
data/labels/Karkkila/karkkila_DJI_0007_frame108.txt,38,e0eb49fe08ad9861e45764b73c7daa652e8ea65a3b7956e37bd27a594b2741af
data/labels/Karkkila/karkkila_DJI_0007_frame109.txt,38,2a126099f5aad59131eaf78998ae728e6facde828ddf94cd485703ab4065dfac
data/labels/Karkkila/karkkila_DJI_0007_frame11.txt,38,edb83b2df20ebc168308f96af25e9127d7b2a942e32968e0f4998f7dae230c3a
data/labels/Karkkila/karkkila_DJI_0007_frame110.txt,38,132fbabc426802ff4711fa8a40b11905cb42cea03a89ae1bb34b50d05771771e
data/labels/Karkkila/karkkila_DJI_0007_frame111.txt,38,a080848f6be5a5d72f8012fce12ad01e58d8b0cc0b396ef371dcb95c02dbbef8
data/labels/Karkkila/karkkila_DJI_0007_frame112.txt,38,aa0adb2634c770778984285268ce22e52bd8c9941cf9c92b91de4ec14821f602
data/labels/Karkkila/karkkila_DJI_0007_frame113.txt,38,7101399d74faab036baa2edf2f53888dd3d419eee8dd19a54efb7f604f113354
data/labels/Karkkila/karkkila_DJI_0007_frame114.txt,38,2fe8d315e0132291433521e5c0c60250252a9d6aba5c2b219ca1822ba5455b53
data/labels/Karkkila/karkkila_DJI_0007_frame115.txt,38,b7b60c18a8010d9dae5d89733e08f53536edc6f66a2f64fc3ad71f7a1daa7fe4
data/labels/Karkkila/karkkila_DJI_0007_frame116.txt,38,f1a511daec37ed6d314205348616dff7fa109d8d84c9ff687a6abb54e2914418
data/labels/Karkkila/karkkila_DJI_0007_frame117.txt,38,3bbc74ac4a135d499f27e285e9c20195bff0489454e78cb80996717f624522c5
data/labels/Karkkila/karkkila_DJI_0007_frame118.txt,38,1275bdb821fb87af24c24ba49ef1590e4e5a70522b4c3ca3a1a7b92ad05fd995
data/labels/Karkkila/karkkila_DJI_0007_frame119.txt,38,5d3718cddc2356985f7366e6b8e7cacc1fd0b557d0c9280b07c5b90c51357f04
data/labels/Karkkila/karkkila_DJI_0007_frame12.txt,38,cb05e712ccfb4d3c4c738c871ae4fc5c93b22efba361684e5e0a6051913b81e5
data/labels/Karkkila/karkkila_DJI_0007_frame120.txt,38,a80a6f3cb3245e921b9b1dab2b5383473e4d46cd75f9fc966c00400e12b7307d
data/labels/Karkkila/karkkila_DJI_0007_frame121.txt,38,f28b1818ed5f5c9f6d1ac6440863c74dc277cf5feca7895dd0cff0ef99d0051c
data/labels/Karkkila/karkkila_DJI_0007_frame122.txt,151,e03cffa7b959be4833fa35fc9d33b36e5e48358a567c059daa74d23d201e61ce
data/labels/Karkkila/karkkila_DJI_0007_frame123.txt,38,94d9132f416138972e5e1685e699ded2641626bdd426edd09e309688596c751e
data/labels/Karkkila/karkkila_DJI_0007_frame124.txt,38,309260268f1b78681db0c7a649b3c4989656d022138676086a582b502cdc13b2
data/labels/Karkkila/karkkila_DJI_0007_frame125.txt,38,40f06766ee73dfea42dd4c6cdf259f276e7e3bb89f0116c1ba56f53086e88cf3
data/labels/Karkkila/karkkila_DJI_0007_frame126.txt,38,2ab2fd7d56f77107a05678eba356f4a780e2b34d7234d0f80d44b45f9f4d5d9f
data/labels/Karkkila/karkkila_DJI_0007_frame127.txt,38,868d2de66f7462d4719c067e8e4eed00bb7821301c1a8ee1fa73f71c1b7e9d73
data/labels/Karkkila/karkkila_DJI_0007_frame128.txt,38,21e7acbdde47d18c1d9f0670df4579f6236914178138b3ac9cd25e1bbbbe048a
data/labels/Karkkila/karkkila_DJI_0007_frame129.txt,38,ca8fa81a7c460237af0dfa2c12817667cec937945ab5be4fe9aab072683ba341
data/labels/Karkkila/karkkila_DJI_0007_frame13.txt,38,2c2a5d2c216181d2f6e356e4cb1f41c6b8b965fce4729b019e73582df2f7cf87
data/labels/Karkkila/karkkila_DJI_0007_frame130.txt,38,ba74747789bf43a522fe1b8627da29d112f129b190d4a89f1faebaaf0deebafc
data/labels/Karkkila/karkkila_DJI_0007_frame131.txt,38,bc2d0be92c81755b2d0cd12e9ba01fb31e6122caa9abadcf3e8153bfa1a2d46e
data/labels/Karkkila/karkkila_DJI_0007_frame132.txt,38,368b46a38ff1a9d6ffba261facdca1c4a3f47672c117501ccb6842ff628fd825
data/labels/Karkkila/karkkila_DJI_0007_frame133.txt,38,08acb6c0156353fde645f023821fe4cc65fdfb5a6610510da9b79c4921596d73
data/labels/Karkkila/karkkila_DJI_0007_frame134.txt,38,5c05fb9517e1b934429ef9d57aba5e7fcaf783edf0a02753a52f1bb0bb9c6d09
data/labels/Karkkila/karkkila_DJI_0007_frame135.txt,38,b690c9d5cd634f4c870b2fa1849ffbdd0ae56bb2f85c79d8216d6cf4f841dd2e
data/labels/Karkkila/karkkila_DJI_0007_frame136.txt,38,e6d6056762c5a213689962c451222decbde1c49ad82dc723156abdd8d202d581
data/labels/Karkkila/karkkila_DJI_0007_frame137.txt,38,291a110d2f08180598cde9d21d74a5548eabda34f4b3255dca286b19eaca657e
data/labels/Karkkila/karkkila_DJI_0007_frame138.txt,38,2aad9ab90a6370294943ecd16d01649c9a8d04b2b09667a533dc9b20e61d0de7
data/labels/Karkkila/karkkila_DJI_0007_frame139.txt,38,06b14e7f387875a700ae03b1eddf495c20a1251dacc471fe0dc837c4d701da98
data/labels/Karkkila/karkkila_DJI_0007_frame14.txt,38,8d7f6e00ff6f7d2e17362ca735df70edca227e4528b37db88a6d9aac7f9746a5
data/labels/Karkkila/karkkila_DJI_0007_frame140.txt,38,db8ff80612e3f25955428d73b2de88dd5e5c1ed2ff703788f5cdfa2c928daf35
data/labels/Karkkila/karkkila_DJI_0007_frame141.txt,38,b26cd3236c946b740e12d63357b71b5c2f5f19a2c4f9c9471384cc9da8e10182
data/labels/Karkkila/karkkila_DJI_0007_frame142.txt,38,23f389355f36a6bdab158e25964018f9ca36d075a7ca044df343abdac31cc332
data/labels/Karkkila/karkkila_DJI_0007_frame143.txt,38,2e75f069e00bdb71ca4e8d28d2be343640798d604f77e0a34881ed25aadbbc89
data/labels/Karkkila/karkkila_DJI_0007_frame144.txt,38,def6b9f8c06d5facd0b46fc614d37c99019cbf3ce1091544525406e9bd28f6b2
data/labels/Karkkila/karkkila_DJI_0007_frame145.txt,38,412c9e97d184e4afb4f9fb5190a6dd941215eb702c15845e356dda5bf606fbe0
data/labels/Karkkila/karkkila_DJI_0007_frame146.txt,38,f4a3d38cfb9a1a3b338b1dfe239b48d8462041b6b8b3df19baa41183cd7ff9a9
data/labels/Karkkila/karkkila_DJI_0007_frame147.txt,38,ab5e427355db6d3412c91bc335b8ff74dcf0911b6fb5c62e74bc4cd4dca94a89
data/labels/Karkkila/karkkila_DJI_0007_frame148.txt,38,4eebb9221f97ad29284635153f599dfe5e262fe3dbd6fb0b082b54fa412df50e
data/labels/Karkkila/karkkila_DJI_0007_frame149.txt,38,bce9b8172000e47941541e8d7e97b3b75d02a5f07575eca7919346a728955ad4
data/labels/Karkkila/karkkila_DJI_0007_frame15.txt,38,0bad230eb827ee86ceb3a25ffa21a1b9433479e4d9c3534b08cf048ced6aee1a
data/labels/Karkkila/karkkila_DJI_0007_frame150.txt,38,26cd3ffae5f8c5fc53a380471d2ddfa7a0019971753c877cbe6484846f0a74d6
data/labels/Karkkila/karkkila_DJI_0007_frame151.txt,38,c4301db46ab4802ccbedd7199555ee6fa4030ac4b58c826a02112aa96f356b50
data/labels/Karkkila/karkkila_DJI_0007_frame152.txt,38,ecca7fbd70bc6a7628e085ffeb5371a462ded9c9d4e90efdaba0af23c93d1a5d
data/labels/Karkkila/karkkila_DJI_0007_frame153.txt,38,4d5629486717d4b5a0d291dddc58936c7b7f674414bd129792a744e594bd6d84
data/labels/Karkkila/karkkila_DJI_0007_frame154.txt,38,56fbe49fef9c424252f3ca431e760fa5b4bb274a855da2e81824d1541da87497
data/labels/Karkkila/karkkila_DJI_0007_frame155.txt,38,9761e4024d9114ad10a4e64f85c094e3ac7d7fc013fd29237d880e65832d5bea
data/labels/Karkkila/karkkila_DJI_0007_frame156.txt,38,684adbcf60da0357740fd903f05ce659c12acfae69b87d3df6df0e5c9df73319
data/labels/Karkkila/karkkila_DJI_0007_frame157.txt,38,f84304a17fb4db4f6537ef3571fdfb8934e56a7a79f3626068893a6a9416656f
data/labels/Karkkila/karkkila_DJI_0007_frame158.txt,38,e7fb21eb7f6642ea13cd8c3d5aff0f937d01c6a5c472d826045680eb7c112c36
data/labels/Karkkila/karkkila_DJI_0007_frame159.txt,38,5adb696cba70e1633b0c399ea512e0fb7b6618d7d7faa9eb33813307ad300932
data/labels/Karkkila/karkkila_DJI_0007_frame16.txt,38,687de4b647d7fd6b0245324dc73d6ed88be6a647a963e7775845a6801937b6ae
data/labels/Karkkila/karkkila_DJI_0007_frame160.txt,38,c388a189e5f1c2a7a0718f4c7d50041aca84d7d014f98f6a3913a09cbe0c3a68
data/labels/Karkkila/karkkila_DJI_0007_frame161.txt,38,41680dbada37aa766a179a75422f6452e40d91278679b5f3ca794a28251f8a6e
data/labels/Karkkila/karkkila_DJI_0007_frame162.txt,38,d38b86fd16910e0b8491461098b3ce70eef277863d0d172902b68c0005054407
data/labels/Karkkila/karkkila_DJI_0007_frame163.txt,38,cf1a6d396b443cecf002d1500ae8a5a262b12728d8077c5674a186fd39503abc
data/labels/Karkkila/karkkila_DJI_0007_frame164.txt,38,95cd84f2cdcaceec2e736a94013579cf4fb8a5b39f29a9c5814faafcabc5259e
data/labels/Karkkila/karkkila_DJI_0007_frame165.txt,38,b9cbc9b26f62761605a1d9902818027260a48b366108eb2629d88a2747c593e4
data/labels/Karkkila/karkkila_DJI_0007_frame166.txt,38,3064d2a61ff97074efb050e96cad65582525e638e6bf48ef9e20574bb70e579f
data/labels/Karkkila/karkkila_DJI_0007_frame167.txt,38,a7ed8367993179de9bd64a8565941791823033bce419b20ad73b3263042c44c2
data/labels/Karkkila/karkkila_DJI_0007_frame168.txt,38,cd5c5d4c7973e4d7fa24b34552d3a306007ad9e7a25e937ad62eb96f5a3d11a2
data/labels/Karkkila/karkkila_DJI_0007_frame169.txt,38,a22c009b81c04d0935841364bd333c4a2f90b25bc0c8c6ea1de716a2f82c3034
data/labels/Karkkila/karkkila_DJI_0007_frame17.txt,38,ac41fdeda8e31299524521792a973f1b871505fe2cd307c41d1b47d5aa00a268
data/labels/Karkkila/karkkila_DJI_0007_frame170.txt,38,c4fd8b5f3458d8d9570a698f7404ef55b7bbbfd255c2a7ea6a881e4e72636e39
data/labels/Karkkila/karkkila_DJI_0007_frame18.txt,38,d767e9b746baf03ad26d8d7b6eb7913bdb2a92ac428d389b6e78160a6ac6b781
data/labels/Karkkila/karkkila_DJI_0007_frame19.txt,38,e4a532a0241182a347315b886fb6a8cf2ecddef565a9c441db2c2db5cb8e4eee
data/labels/Karkkila/karkkila_DJI_0007_frame2.txt,38,265032033c965e2774750963c41240fc05dc8251f11d20f6fae17cd2139780f9
data/labels/Karkkila/karkkila_DJI_0007_frame20.txt,38,598e1cf6ab21b85986db71568ae164c481a485f588994360cb066cd5ccc6f1db
data/labels/Karkkila/karkkila_DJI_0007_frame21.txt,38,b59c8eb27ffe123ddbaa6354761790712a8cef46d71af0ad0ed0a0ce8efd34e8
data/labels/Karkkila/karkkila_DJI_0007_frame22.txt,38,ecccf70648498d516304aee68b33f4a0d72863dc02bbb2d7849d3e2f8817a95f
data/labels/Karkkila/karkkila_DJI_0007_frame23.txt,38,1503a2352458b4569358de2192a3d61edfb2130729d147c9b0665e3b068aeeb0
data/labels/Karkkila/karkkila_DJI_0007_frame24.txt,38,954c8f99efc5d6f312b953e44c158ce3ad698ad0192bed6000467091fae06927
data/labels/Karkkila/karkkila_DJI_0007_frame25.txt,38,2b8164fcc0fa88ed7017b9bcd2a88d52f5c16d74cb59bc56fd40930a7e4cc372
data/labels/Karkkila/karkkila_DJI_0007_frame26.txt,38,7755ff3dfc8d812943617881df71b59868b9ac88300cb66508d443881b9d84d1
data/labels/Karkkila/karkkila_DJI_0007_frame27.txt,38,02f1f9661bc35806312377b1631a5aae06156f8f81fae340ace68bdcc70fa484
data/labels/Karkkila/karkkila_DJI_0007_frame28.txt,38,54cf6072937c90c0de775b08455b475248b8b0b458569121127485e031686085
data/labels/Karkkila/karkkila_DJI_0007_frame29.txt,38,ad175e1a6dceb1af6c875a4a390803cc343dca6182f5b0df079ff239654f42be
data/labels/Karkkila/karkkila_DJI_0007_frame3.txt,38,1296599d32bdb2369b01aae8aaa98233dae1dcb8987e7cef868366c95257f069
data/labels/Karkkila/karkkila_DJI_0007_frame30.txt,38,1a9835f5b0f0c965f6bd3d5f47f4e217c34eebbecc1b35429a3291223f8be0ea
data/labels/Karkkila/karkkila_DJI_0007_frame31.txt,38,c35c45c750e3dc0c86ebf71b5190048f2e6c50a63035e242a6669843d1a698b2
data/labels/Karkkila/karkkila_DJI_0007_frame32.txt,38,25e4303dc12c921cbe10d56d3e32096b7d74620de812ca713cad8a5d5ed62488
data/labels/Karkkila/karkkila_DJI_0007_frame33.txt,38,668daf19005819ec62a6bdd4bd0ad03b49f62d274cb646ed6cffd32e06222eeb
data/labels/Karkkila/karkkila_DJI_0007_frame34.txt,38,c6be543004b93f9899fd86183824c8f2fffd22acc27fdba792e2a68656e504a7
data/labels/Karkkila/karkkila_DJI_0007_frame35.txt,38,c7bff434afa8ed4ca75cc0b6bf7e87d4c0209a37cbb96c69d29ae0e1a20a4e3f
data/labels/Karkkila/karkkila_DJI_0007_frame36.txt,38,e95141fe596f40e0e54d686f914bd0d25c004e12aec55be8359e8cc4281ee4a5
data/labels/Karkkila/karkkila_DJI_0007_frame37.txt,38,647ea16c4d38387f6464f54ecd903ecc5d74d1faf0be8a33a2422246ff90651e
data/labels/Karkkila/karkkila_DJI_0007_frame38.txt,38,76f140ebef28b2bcd36f55e16727f4e89615881aa43b59c44a3c7804a4d79f67
data/labels/Karkkila/karkkila_DJI_0007_frame39.txt,38,cc09e72a4a2eeb3563ccd0748196fdddce77a677cecc28f3fbda17301ab8a167
data/labels/Karkkila/karkkila_DJI_0007_frame4.txt,38,bab73a48fae3114036e7a04429f661680aee355c40c9705e2a8bdc72c531d584
data/labels/Karkkila/karkkila_DJI_0007_frame40.txt,38,712a6c9a2faff7264887c2cd4529ea0cf31467e62a1368a5fb7ce4a7a401efa0
data/labels/Karkkila/karkkila_DJI_0007_frame41.txt,38,1b631e6b9a9e9fd76f2afae2f401ba2799e1749db0b32411eaa9f66d71f29447
data/labels/Karkkila/karkkila_DJI_0007_frame42.txt,38,840e3d57cb185d154992da2aff8968ae8a21662690c2e055e95d6d707bdf0c6c
data/labels/Karkkila/karkkila_DJI_0007_frame43.txt,38,e06b48d2f360e3e369e4ec04fcb0681e3ebf456e4aa0aa014946964a162efb1f
data/labels/Karkkila/karkkila_DJI_0007_frame44.txt,38,d0416bf4ca9b1299547ba5347dd593081afea40bb845da9dfed4f1baa284837f
data/labels/Karkkila/karkkila_DJI_0007_frame45.txt,38,4e2199e89f0a49914a1a3a49403f5cd478345fd8cd0313e5279b21af1dd8afcd
data/labels/Karkkila/karkkila_DJI_0007_frame46.txt,38,73ffaa76a5161e4ec6ff778b5af7ac3c734a9bc4636f0d0e51ce2df813e0fdcd
data/labels/Karkkila/karkkila_DJI_0007_frame47.txt,38,bc114c1fead2e03996d41e6bc833d9e545e3fe517a9eda1ea62ea3b70279adab
data/labels/Karkkila/karkkila_DJI_0007_frame48.txt,38,3e037db768878b71c800eb0767d42696518139db594aa05a9677055911fc227a
data/labels/Karkkila/karkkila_DJI_0007_frame49.txt,38,d59876a045519fd86ad1de72c7e9949a77f4fc01b2e5d77ac327ce74b8f6b977
data/labels/Karkkila/karkkila_DJI_0007_frame5.txt,38,310e530952f4c0de67aa7d8e1da18a99b26768a31ccfcc2c91351c1c8aa2de63
data/labels/Karkkila/karkkila_DJI_0007_frame50.txt,38,03ae72ea94d1c7626575fbd0aebd9bc1990f1bb0cca4d9887480327f9fc5629c
data/labels/Karkkila/karkkila_DJI_0007_frame51.txt,38,24f7110f74c0953c9f942f0bea90c4e6c472d88f71cbeb79ba7fdc393108f441
data/labels/Karkkila/karkkila_DJI_0007_frame52.txt,38,1422dc28eda533c599cb7fc5ce5ebf629bc23fd191fc511c22c832b1b2cc0d99
data/labels/Karkkila/karkkila_DJI_0007_frame53.txt,38,1f7f0214cda55703db711c0e4599d7493dc4ec6e8eada15dc3c6536732d3b724
data/labels/Karkkila/karkkila_DJI_0007_frame54.txt,38,34da446b248fdb9c509804a50622478019d05cb36478b2e469eeadef01af03bb
data/labels/Karkkila/karkkila_DJI_0007_frame55.txt,38,0f89bcbe9298b4998f897c2ed400a85b09872866e7c271e42b48735d1b6d7408
data/labels/Karkkila/karkkila_DJI_0007_frame56.txt,38,1f60482afca1784833750535f336561d24303b8980f3fe8eeff28131da595f17
data/labels/Karkkila/karkkila_DJI_0007_frame57.txt,38,592131924f776cab89c3d6a73f7ab12dd2636ea9423be64bdd94956c0d139312
data/labels/Karkkila/karkkila_DJI_0007_frame58.txt,38,6372196c26daea8d73640f7a9fac2b918189675d2803d9ce132d105620473a41
data/labels/Karkkila/karkkila_DJI_0007_frame59.txt,38,58ba697bc9c3c2ec0a544c74814697e19dd511f47401e0e44d4265ea4ba851ab
data/labels/Karkkila/karkkila_DJI_0007_frame6.txt,38,a459b658af8e066fd6fbaf9a7ff2a293293ed94c7bcae3d7ec5a3c4ba1672122
data/labels/Karkkila/karkkila_DJI_0007_frame60.txt,38,173c769f6a52c94149df92d3c4d2a9e38c2f4e26e278db88ade58d4235cad5a0
data/labels/Karkkila/karkkila_DJI_0007_frame61.txt,38,8c2a79cec2928c61442339103234792112a97d4fb2b19ba0417410194ddd4d46
data/labels/Karkkila/karkkila_DJI_0007_frame62.txt,38,6be62ad61e9ed5297f8b9088844dddc9b160bea01c06d1e164b2b9f8b4e8f199
data/labels/Karkkila/karkkila_DJI_0007_frame63.txt,38,df855b7bb8bf179a2207697b0eb91c63ae932e00d6e73f9ca22cf9812c599bc0
data/labels/Karkkila/karkkila_DJI_0007_frame64.txt,38,e1064485d2bd929aea0aa41f9d17e4352e79dd8d5530ad5abea5a73ec0c36445
data/labels/Karkkila/karkkila_DJI_0007_frame65.txt,38,c5990c4e5b6d40b0e838f2402d7e8dd2ff3e4b5faab6358b2a25deac3d034baa
data/labels/Karkkila/karkkila_DJI_0007_frame66.txt,38,b89ab032ee3170f9e58900126e4949a255fad910fd440faede2015c9a17d53d6
data/labels/Karkkila/karkkila_DJI_0007_frame67.txt,38,cca5e1794735563e16f062804928d732e481a1654cb36de7711cd906c3accf1b
data/labels/Karkkila/karkkila_DJI_0007_frame68.txt,38,6a795092b2cef74eeb2dfb6099ed5deda55fb3c17ca54e689786437c7ed2d27e
data/labels/Karkkila/karkkila_DJI_0007_frame69.txt,38,a2bc57036e756fbc8108fce9d1c75a9a101ec05e0f81303bd3486fd3e14aac66
data/labels/Karkkila/karkkila_DJI_0007_frame7.txt,38,5fe8952aa5558f804134453c49ade507e51f85ef2668c28cf4551029924f700d
data/labels/Karkkila/karkkila_DJI_0007_frame70.txt,38,980b0b531730d558cb7e6011f8711547c0bd5e448bb8d5aac814c35090a72869
data/labels/Karkkila/karkkila_DJI_0007_frame71.txt,38,36f1eaa896e276f4d5d83deb96d7120af86ca17e4c2af4dc535b5b95c07c52a2
data/labels/Karkkila/karkkila_DJI_0007_frame72.txt,38,ded3e0cb33e67afec7e56a13b611871ef52e691969cb5d97f0c3a78e495eb918
data/labels/Karkkila/karkkila_DJI_0007_frame73.txt,38,9d956d7d265f1714099964549fb73dbb41c1b336814d340b1ae9bf2b87d78cb6
data/labels/Karkkila/karkkila_DJI_0007_frame74.txt,38,96ac6565b559e9fe93a8bbcadede4443d302c67e13c8ecc708e191d8d69c8e93
data/labels/Karkkila/karkkila_DJI_0007_frame75.txt,38,d235f8a8b20b751ceb308280701773744ea84680292ca4fe25f5802a4d6bf046
data/labels/Karkkila/karkkila_DJI_0007_frame76.txt,38,1fade751dd5ae51ecf58908a1e007c36a81853926e769e5345d6051f97dbd308
data/labels/Karkkila/karkkila_DJI_0007_frame77.txt,38,bcc9a39d5319c0f7f06e8f6ec9a39fc98da6eea4f4f1627582ed873378df7dcf
data/labels/Karkkila/karkkila_DJI_0007_frame78.txt,38,908ec3789437003510773b0d2304c71f941ad140a1f308c96092fe44cb2f93d4
data/labels/Karkkila/karkkila_DJI_0007_frame79.txt,38,12ec5ad32d117edc522ed134a72f7a9c21000dd6acf3730bb8ca75e6052e7604
data/labels/Karkkila/karkkila_DJI_0007_frame8.txt,38,6f2fe1c8eb34a833dd7a0e3767940e727815441e1567a9c5415af4eb5edecab9
data/labels/Karkkila/karkkila_DJI_0007_frame80.txt,38,9e4052c4c4766da7f11140b06692544ea98cc647e4d642640087ff6e04cec492
data/labels/Karkkila/karkkila_DJI_0007_frame81.txt,38,cb2dac7940d67145295ef7d58afef1991204aa79f9906d3c4bb554065eac65eb
data/labels/Karkkila/karkkila_DJI_0007_frame82.txt,38,04c2d4f7186624b280c320ae90fe2612d6c50ca1e18ecc9e35c8eba91ceb227e
data/labels/Karkkila/karkkila_DJI_0007_frame83.txt,38,fe96df27773b5b23e10909b11c66528304d622ee866e5fb3e2e6ec4a76236d81
data/labels/Karkkila/karkkila_DJI_0007_frame84.txt,38,f7c0bcd95e4a5edb6ef33ca5a3915242d8bbb8cffdd620f4115d90dd7e48da3f
data/labels/Karkkila/karkkila_DJI_0007_frame85.txt,38,ef723af0e481864f32e870e2dbce545b3a88964d8a651a17e67aceb89192cebd
data/labels/Karkkila/karkkila_DJI_0007_frame86.txt,38,ac7d8e5247fefb5e4aab746054b1e514b8139e1dff6f4e9e618ddee3dfa921b0
data/labels/Karkkila/karkkila_DJI_0007_frame87.txt,38,0a60c5e01a990053eb890528054cdeb0a4c8b835a0e0c64760b47008bfcb0059
data/labels/Karkkila/karkkila_DJI_0007_frame88.txt,38,47aca37f16d818faffabc5c171cc67e5d4140be6525d54900dbf100592ce5af0
data/labels/Karkkila/karkkila_DJI_0007_frame89.txt,38,0edd158a42e951ecd6ddec8da9ee84e8bb81ae2d7464f2884f0d56bb3b68f65c
data/labels/Karkkila/karkkila_DJI_0007_frame9.txt,38,78a4176a1feba084b90aa0c5c4def84c44e1702561bbbca483c61ab60bba9df2
data/labels/Karkkila/karkkila_DJI_0007_frame90.txt,38,153785265d0d22896e9ae0aeed9426e981d9ee8e0985eea9a1e3d253f05371fb
data/labels/Karkkila/karkkila_DJI_0007_frame91.txt,38,e1861f2b6213a8591b2fd00091affd0635534df4843aec2f188fc3adc132cd28
data/labels/Karkkila/karkkila_DJI_0007_frame92.txt,38,019acc37d3f39b543fbff9cfcb58fe43cb33932a2209b13f34b4f8b27c89cd48
data/labels/Karkkila/karkkila_DJI_0007_frame93.txt,38,7e99a926358aa14348a50c40f997ee90b7f0e3a85a9838926f6c896a56378d9b
data/labels/Karkkila/karkkila_DJI_0007_frame94.txt,38,5fab4ac4aceb6d04c16416aadbf44266eb727686d7da4276077cee9e00a7efc0
data/labels/Karkkila/karkkila_DJI_0007_frame95.txt,38,71587d943c27a2f31a654cd4987ec9706956631e719c40d134922db925d8576d
data/labels/Karkkila/karkkila_DJI_0007_frame96.txt,38,8b8245dbc404bc2f20a7fde87f35cb55000f5771d0f87c757a64c5af30beb587
data/labels/Karkkila/karkkila_DJI_0007_frame97.txt,38,99ff0319341dd12f6f5cdb3ae8820482935b8061d0b6b9cf74c411f767860cd2
data/labels/Karkkila/karkkila_DJI_0007_frame98.txt,38,22575d3cc301411af3251c3380fb8074ef150b1259aece07fec0c5526cede49f
data/labels/Karkkila/karkkila_DJI_0007_frame99.txt,38,d1bd08165121406310f30204611c644dae0257b2f191927a7965b5736e47ef4b
data/labels/Karkkila/karkkila_DJI_0008_frame0.txt,38,ff161a6e6408220d6b94fe88560c5315bc835210e0d451b7d022608b1e6a2b9b
data/labels/Karkkila/karkkila_DJI_0008_frame1.txt,38,28bdf0e984876d4709ed85873d07c395fa7207fb1b7a96d1324d2702202acb3b
data/labels/Karkkila/karkkila_DJI_0008_frame10.txt,38,22e9f57203a651da491501602e8c229b70a4d2f8862a69e762a5cd85ceb295fe
data/labels/Karkkila/karkkila_DJI_0008_frame100.txt,38,c2730d83de53bce718779a37676b8b3bde204a5e4595b93e95e9c5282826a230
data/labels/Karkkila/karkkila_DJI_0008_frame101.txt,38,76a69409a8490ea819d970a1d2fdedcd3fef0a9aa32a1c255ebcbb4dbd96fab5
data/labels/Karkkila/karkkila_DJI_0008_frame102.txt,38,2d15581ca641622d367e83b16b589981f261ff38e62af56a734170728ece648c
data/labels/Karkkila/karkkila_DJI_0008_frame103.txt,38,ac7ddf27b611578c6c279b1b7e8ae3a253cbefe2bb9c142fef001d9efda8a4bb
data/labels/Karkkila/karkkila_DJI_0008_frame104.txt,38,155a0ecffe272f2158331368b26b1a541cd243fc4b01a783833beaeb40870e35
data/labels/Karkkila/karkkila_DJI_0008_frame105.txt,38,bfd72102bce095c5a6b4f3b2699689f10f80200b5c3cfbc96554220f3308c02d
data/labels/Karkkila/karkkila_DJI_0008_frame106.txt,38,77c3a7b650d16b7b734b5e764100ad8d7309e98abb5e5dfebc22e38a228699f6
data/labels/Karkkila/karkkila_DJI_0008_frame107.txt,38,3dbfab5c5a60f39a2db2b21a58e0464253859a9aa8e9a49031ba136ba2bece5b
data/labels/Karkkila/karkkila_DJI_0008_frame108.txt,38,8f9ba744e807e04008002216358cfc6c19324340ab24a1eadcfb51f4a405ab45
data/labels/Karkkila/karkkila_DJI_0008_frame109.txt,38,cc775165ff1437d6880399ebad52260eeb2f34222071a0c806b2e5df89054e0b
data/labels/Karkkila/karkkila_DJI_0008_frame11.txt,38,c414e5ce85981810ca762ea6d29a7038fd5c3d6e0e596423cd57482b73dbefde
data/labels/Karkkila/karkkila_DJI_0008_frame110.txt,38,9c8cc2712df9b41da0b6e973a1214977616e7bf25788db17bee79ec424436e57
data/labels/Karkkila/karkkila_DJI_0008_frame111.txt,38,745b616dfc7ee9689756d27d45cbbbbfe15a106a41da031e3065a7fb1fa81aa5
data/labels/Karkkila/karkkila_DJI_0008_frame112.txt,38,2f742333978b10dd508d3a1630a09bbc2cd4866fb29e0c76ec6a610af9c5e66e
data/labels/Karkkila/karkkila_DJI_0008_frame113.txt,38,98e7b87461f4562c03689ec0816ab1df663ce33df0956bdafc1e3513f418bb24
data/labels/Karkkila/karkkila_DJI_0008_frame114.txt,38,730191983bc1380f3128c6ba3ff3be0ecd4e7c0a6025750ce2cd5a603bdaa88d
data/labels/Karkkila/karkkila_DJI_0008_frame115.txt,38,a662b2cffb0045c3fa784e7843557822890e1b4d72d793632560f03557bcc82e
data/labels/Karkkila/karkkila_DJI_0008_frame116.txt,38,7fc69cf8f29ccedb2e9c9e57c9aefe2214062b4af229218cb1feb0482095a5b1
data/labels/Karkkila/karkkila_DJI_0008_frame117.txt,38,366765b28d50c8af498a725c51d82e7dbb7b2f3fb4a32feb03a21555c46f4882
data/labels/Karkkila/karkkila_DJI_0008_frame118.txt,38,d30756cdf1ebdb8ca42383c9895c431792d5c2da52181c525cdfe19a6d837a3a
data/labels/Karkkila/karkkila_DJI_0008_frame119.txt,38,151c26d00df94722cf5cbd3f513ec52b1dedc1c9a8882b3d6cedb12a70389683
data/labels/Karkkila/karkkila_DJI_0008_frame12.txt,38,ee39b6055365e14becaad163711efac0109a99fac8c0e783163566bb63555496
data/labels/Karkkila/karkkila_DJI_0008_frame120.txt,38,66bf1f5c5f288e6375e1cb587b66e06b278df5cb5ee0b2e2ab808e9f83566576
data/labels/Karkkila/karkkila_DJI_0008_frame121.txt,38,fa7f4071588a1c91c132f1c5450f8e803141b6a1f63716ce207ac325c445d044
data/labels/Karkkila/karkkila_DJI_0008_frame122.txt,38,4f140944665968566205d9fc6fd0fdc77d36fbdb2c9427b73ee472f25b51d37f
data/labels/Karkkila/karkkila_DJI_0008_frame123.txt,38,8c1c9ee597a2986ccdfafa7c3f2a42d8de2e62392285e19944ac7f67d37d7829
data/labels/Karkkila/karkkila_DJI_0008_frame124.txt,38,385779e51b93e8af81b5c8ea02a722729e29426a88564a3c073c479ba51c60d1
data/labels/Karkkila/karkkila_DJI_0008_frame125.txt,38,c3df6e2a9e459423b1f3bcb6edebd9761532862176fba5de4696465aadd21057
data/labels/Karkkila/karkkila_DJI_0008_frame126.txt,38,c95c99a0c769626abfc9fc61d2ede097447091aa275733d6dabb4a5dea63abb4
data/labels/Karkkila/karkkila_DJI_0008_frame127.txt,38,bb95efdd71c775d7c9e7033aba661d8fc61bd99bf4c5d55537c65a3c050f43b7
data/labels/Karkkila/karkkila_DJI_0008_frame128.txt,38,8fea04a05aa00dd607033f99f96d3bc37ba0891822b279b43eac68ae8488d702
data/labels/Karkkila/karkkila_DJI_0008_frame129.txt,38,48535c6d0c014fc25941de9378e239e4f308ccd3ef05fa220bdeacd9c0a9020e
data/labels/Karkkila/karkkila_DJI_0008_frame13.txt,38,0a70279189d7968824fcb0a0e3200dfd4326f4c0a1069985f038d6bd1bb8999d
data/labels/Karkkila/karkkila_DJI_0008_frame130.txt,38,babb9f7a07cfe110e7e0d6c6103e41d7cf7db009eb28c6caca1a5edf67861b9a
data/labels/Karkkila/karkkila_DJI_0008_frame131.txt,38,ce7a982c32e52f410f9420f22f37dec0ff2dc836371b7fd88929cde9017c7794
data/labels/Karkkila/karkkila_DJI_0008_frame132.txt,38,e053153f4ae4002d7911adf848d54685a437cc84d8833322e127038b194f92ae
data/labels/Karkkila/karkkila_DJI_0008_frame133.txt,38,15bf3fcbfd78634f2128b0a1a7de34fcdabe7041988835b301bd494660a9d011
data/labels/Karkkila/karkkila_DJI_0008_frame134.txt,38,bdddab417dda35c85d4993821903d6a2a1ea429c53f73ca7ccbbf9db5cd892e5
data/labels/Karkkila/karkkila_DJI_0008_frame135.txt,38,c5d68fb5e463917004018815cd67a623abe150b920df9b7783cc713e3244a9f5
data/labels/Karkkila/karkkila_DJI_0008_frame136.txt,38,32c38cfa8447a837099fb19c3d68ae1b770f927c2ce97f3bd81403678e7c52d0
data/labels/Karkkila/karkkila_DJI_0008_frame137.txt,38,a6de43c6677eef34334ac9c9be9ad60584012ffb9ee7bf1930f038231abcf2fb
data/labels/Karkkila/karkkila_DJI_0008_frame138.txt,38,5319dfa490752a66510f88ce50c09dd72c75c0d82e84f15f43cdd914c37fcbe7
data/labels/Karkkila/karkkila_DJI_0008_frame139.txt,38,0d980a4d877723aa6d431133aa5cd72303ac737b4d79952ec5a6cb802658d4b6
data/labels/Karkkila/karkkila_DJI_0008_frame14.txt,38,5b015783b9e2bc243d2677bf0a58f974d1ad75c1a386cc4d3d9055e2cb38647f
data/labels/Karkkila/karkkila_DJI_0008_frame140.txt,38,83584599496f96896eec2a05172f2d5c680cce672de9d1da819beda7db7a3ef9
data/labels/Karkkila/karkkila_DJI_0008_frame141.txt,38,8cc6d9c8c18d939047ab30b76125b491b7025b25481c85d98fe885d22ccb97e5
data/labels/Karkkila/karkkila_DJI_0008_frame142.txt,38,8dbcc13e3a36985d9ce017f032f60697586b765633fad7ac4bcf553151c87c00
data/labels/Karkkila/karkkila_DJI_0008_frame143.txt,38,25cffdf4238c8f2b52e82a0079773b6d14b79ef065631e077e6959cd12435e4c
data/labels/Karkkila/karkkila_DJI_0008_frame144.txt,38,ff55b57677cff3123b17ec0e96cb9e37216ab7dd0784f4484b9d178f6954547d
data/labels/Karkkila/karkkila_DJI_0008_frame145.txt,38,190529f7a89aab4629b3bc5bef836f93ad26dfd0e631399fd2809adc4cfe46bd
data/labels/Karkkila/karkkila_DJI_0008_frame146.txt,38,d3cf89a6794b36b0d02a495e618c25b4be19f325009c60f5d4c91a98b7fbd12b
data/labels/Karkkila/karkkila_DJI_0008_frame147.txt,38,87b34506cacfcca98cc31fb3abb3d6adf032c023e4def85bc3c7f53dfedbd7a2
data/labels/Karkkila/karkkila_DJI_0008_frame148.txt,38,452a915e3ae37aa2ef0d355f09cc5e146711ced14584f4b01bd6cab85330f2b2
data/labels/Karkkila/karkkila_DJI_0008_frame149.txt,38,0c4555f06d9d94647f52ddf079c5dafcd2620293578e925e0fdbe0c6c9260d1c
data/labels/Karkkila/karkkila_DJI_0008_frame15.txt,38,bbbf07d09a056784e93232f4b442d5e974b9e54d51556fbf3d270cfe7d02d22c
data/labels/Karkkila/karkkila_DJI_0008_frame150.txt,38,80f84dc1d0af12f7dc624c01f2b7fc7ecc0b09016abed105aa594a3444df7352
data/labels/Karkkila/karkkila_DJI_0008_frame151.txt,38,6387edd9d2521be3500bedce5dd629d9a81ad9e94148ad75cfa65488b49dd8f1
data/labels/Karkkila/karkkila_DJI_0008_frame152.txt,38,c0592f8ee8aa065f09fba36f845d95c9fe6c4cff9bd9766a5254f639d5c1d402
data/labels/Karkkila/karkkila_DJI_0008_frame153.txt,38,9cad8f121b413401f928a357626d6b4668b71b13f944a794a88ddd03e63ab8a4
data/labels/Karkkila/karkkila_DJI_0008_frame154.txt,38,e2cc70df2b52328c3c483807824dbaed23fba0ade994492dee2a817d4044e66f
data/labels/Karkkila/karkkila_DJI_0008_frame155.txt,38,1cdaef34d39d035f621124035601aa3035f39b59bba31e885a42470f32e22dbd
data/labels/Karkkila/karkkila_DJI_0008_frame156.txt,38,92c29423f4c8ecbb1fd2f2a180aa83e2d57a3e9461b68e2686cefa53e4d3d7ba
data/labels/Karkkila/karkkila_DJI_0008_frame157.txt,38,e4c8461035528db5e4e40a54ac4710bd2b8e644ee24f890d5cdd0ecbea44c0d5
data/labels/Karkkila/karkkila_DJI_0008_frame158.txt,38,a4551b076081f4a94b9771a71924faf5a96d7a7c900ceb39bd04360ecc6f6d18
data/labels/Karkkila/karkkila_DJI_0008_frame159.txt,38,63627f3b859a5e02d58dd9d2e6f0c58fa99b060f210299a71339bec0d5056536
data/labels/Karkkila/karkkila_DJI_0008_frame16.txt,38,7693f5a9545f9237c1f8e10dccc85f04542826780c2fd8623180e670a35e9f6c
data/labels/Karkkila/karkkila_DJI_0008_frame160.txt,38,dc0ed28f04f5dc7c7e31118c4376ef2f8d24a3ee27cdef261d5b522c699cd764
data/labels/Karkkila/karkkila_DJI_0008_frame161.txt,38,3f193bde2ae32b7077ae5b0ff6c04f2bc50ea524fcedb163b6c8c0dddc741d56
data/labels/Karkkila/karkkila_DJI_0008_frame162.txt,38,bafbdd89c1cd7e46ab156dd556e80560a67ec5177a00dfc2dfee960b6c29659c
data/labels/Karkkila/karkkila_DJI_0008_frame163.txt,38,2c490f2024f0b91dcf66cbc9ee26d52c817644759dbc57c9600a5ac19c50e464
data/labels/Karkkila/karkkila_DJI_0008_frame164.txt,38,720ed9312174e7ac9e2b98a67083c6b700e4319c8676c9de2dd1612ccf2c61e0
data/labels/Karkkila/karkkila_DJI_0008_frame165.txt,38,98771537dc404f7b5f7d0f1e9418b278441b6fa787b3f674609a13ee8f6a06ec
data/labels/Karkkila/karkkila_DJI_0008_frame166.txt,38,bc84ed17fbc2a44f540a7cd2e3f839a4f5b07f9f26b075ff1189cb762d427136
data/labels/Karkkila/karkkila_DJI_0008_frame167.txt,38,ea44f2516ae97d680bdad57349cf6ff40019d7e0f5c9f5e2d6b26042b14df2c4
data/labels/Karkkila/karkkila_DJI_0008_frame168.txt,38,dea37888253347e5f220bd7a89a951164c5e82a46633d744c95b48e51065dfde
data/labels/Karkkila/karkkila_DJI_0008_frame169.txt,38,4b5cc5aeb5a71be32ea2ea092ff848453412c5dbbb5b4b94552af1168602214a
data/labels/Karkkila/karkkila_DJI_0008_frame17.txt,38,0722c01e22aa32edd05d6a5ea894e0466f927e32bd505f70b03446f121a89252
data/labels/Karkkila/karkkila_DJI_0008_frame170.txt,38,467f21b1cd9844b5de54831af3fc54bdd4ef321d3fd1d902439fddd6cb4c76ab
data/labels/Karkkila/karkkila_DJI_0008_frame18.txt,38,1d2e56437d8bdc380efb6cc344ddde389e37c7fa091f67ab3ee2c07a72e4fb93
data/labels/Karkkila/karkkila_DJI_0008_frame19.txt,38,cdb58e16406fc1d29eccbeda2eec88c8fbe1a28dc916c4509ba3151e4378605f
data/labels/Karkkila/karkkila_DJI_0008_frame2.txt,38,5127678c70aa30b882fef1f83ecb12bd1fb967da697713847803382fa499a1c6
data/labels/Karkkila/karkkila_DJI_0008_frame20.txt,38,0cb721c5ff7394a0885ef7df5523309e562c387f249a148cda210d673761ca5c
data/labels/Karkkila/karkkila_DJI_0008_frame21.txt,38,b78725a26b57677e4240ca5b94c101cf2b8ef3b15ad9413f8b2d6457b12e0e23
data/labels/Karkkila/karkkila_DJI_0008_frame22.txt,38,8be6255abcbd050f8edb5b0f0215de166860960e3b9a7b16367452ba1cd32ec2
data/labels/Karkkila/karkkila_DJI_0008_frame23.txt,38,23985acb46d934c45857d6c9f97fca4f05608df29b8374e00aca91d01d099b82
data/labels/Karkkila/karkkila_DJI_0008_frame24.txt,38,93f992dd1e773588bc1f58b1d147c509c996b67cd46bf9db0cdf6d131bf8946f
data/labels/Karkkila/karkkila_DJI_0008_frame25.txt,38,2e6001ddbb15673fdcb5f90b343def5916d315d4b4d911ba5d91796ba0a82ca8
data/labels/Karkkila/karkkila_DJI_0008_frame26.txt,38,8330bd3f9d0d280d1c0613737116f9bc8fc74a7cc4c356c069e3d6b314da3141
data/labels/Karkkila/karkkila_DJI_0008_frame27.txt,38,485b91d09918f4e77b27763dee3c83c5c1fe0bc07de3353737805ca454b806fd
data/labels/Karkkila/karkkila_DJI_0008_frame28.txt,38,8b8e3ed1dd4b839d69c4c2232f98b366e8824c694802769983a3bfe478c4bf5f
data/labels/Karkkila/karkkila_DJI_0008_frame29.txt,38,8f193c2f11bc8779db87d70f37caf332d185fb24a510c53e189b1b867fd99047
data/labels/Karkkila/karkkila_DJI_0008_frame3.txt,38,6b08c80a2bc3c4f1cbbec477006110dd7fdc5d775cab437d2a3c685791bf9f70
data/labels/Karkkila/karkkila_DJI_0008_frame30.txt,38,7b6cbf22a1b817c4fb10a4f3b7e936b6ae30e57dab7a23ac3703e051338c5c42
data/labels/Karkkila/karkkila_DJI_0008_frame31.txt,38,78af93e569e42863bef30330c5be34ee588bf099fd0c6cfe20038d2acb9c346f
data/labels/Karkkila/karkkila_DJI_0008_frame32.txt,38,8d115896e97045a6ea3b3cab4ee706c3f99fd1c228343782d64940645c7572d1
data/labels/Karkkila/karkkila_DJI_0008_frame33.txt,38,543638dd11174066663decd4400e73c12bdaa718afb15298528a7d4da775514a
data/labels/Karkkila/karkkila_DJI_0008_frame34.txt,38,5d4c182d965813a698fc3e2054dcd7692cefe064e833b9e23f6a8a27cbd21cc5
data/labels/Karkkila/karkkila_DJI_0008_frame35.txt,38,9432d12bb3395ca7a00524549641b5d5627e7c5daccf8f89f3f3252943e16f42
data/labels/Karkkila/karkkila_DJI_0008_frame36.txt,38,a7791d97cf00dd3029893649c867eee0f6cfbc65a671093194be8552ca871ab6
data/labels/Karkkila/karkkila_DJI_0008_frame37.txt,38,08226408a9840a54d11b57ee8e8cd678b5b09b2949e589c0bc86b4651ee4c463
data/labels/Karkkila/karkkila_DJI_0008_frame38.txt,38,d60d925315cb6f5ca8f93babd87ce4a46b0e5261df144f2612397e119c21b33c
data/labels/Karkkila/karkkila_DJI_0008_frame39.txt,38,98306e1f6e0517ed42c0065b39b7ce270de6bb903fd8733497823dada256568a
data/labels/Karkkila/karkkila_DJI_0008_frame4.txt,38,d8ea4d7a1a085db1a7e4f98e7448e5a99de4e83f09b1ac3be7dbc11b8a472ab2
data/labels/Karkkila/karkkila_DJI_0008_frame40.txt,38,9cfa84d706b0ece01f0242e1e443ce4940fdb0df0e6d3d93e901af3805b817e1
data/labels/Karkkila/karkkila_DJI_0008_frame41.txt,38,dda99b401f65bacb3f73bd2fb2cf3612e1045778144e1897cb26bf317f602f61
data/labels/Karkkila/karkkila_DJI_0008_frame42.txt,38,f170e8840080b7f21bb5688364c0efd1db11c52939342eeec4d29b4da5ddde8c
data/labels/Karkkila/karkkila_DJI_0008_frame43.txt,38,7b160cd220f34758349ecb8a7984121a9b4cbca27a8d2abe39a9594b21115e47
data/labels/Karkkila/karkkila_DJI_0008_frame44.txt,38,2ad74efe783860532a0026754681f94a3d27361a7083bd552cb57d6026d13c44
data/labels/Karkkila/karkkila_DJI_0008_frame45.txt,38,7b7b2d538a18d1b782ab716c92a6792230aef5d34f1c97f331c1e9205d8a5fca
data/labels/Karkkila/karkkila_DJI_0008_frame46.txt,38,99cafd81f232af473b15140398a767b1d0c8e3e081ce18b67a9ca8a13a479880
data/labels/Karkkila/karkkila_DJI_0008_frame47.txt,38,9df729cd1cb6899ad2fb7b30f9858ff204b5cf5b294c608182bf534669d23c79
data/labels/Karkkila/karkkila_DJI_0008_frame48.txt,38,eba53c4f3541d702cc5524aa1a24bad25db07a40252cbc84774bca3eeb0ffa22
data/labels/Karkkila/karkkila_DJI_0008_frame49.txt,38,6556d6cb221336951724656648c6f7cc596428df730fad3977de0f7c98df11f3
data/labels/Karkkila/karkkila_DJI_0008_frame5.txt,38,0958f7697c65579a6f19e7afa7cb6ed47bbdb8a7a831d3575dd726a168b8d688
data/labels/Karkkila/karkkila_DJI_0008_frame50.txt,38,dd643da28f64e4b0426c73a13dce2ffb6ac957e41184a244dec9b4fb4c8bab25
data/labels/Karkkila/karkkila_DJI_0008_frame51.txt,38,2e74fa5eb8eb1926ce82fd5e940a2de44926e68108974496d03097f2470c3b63
data/labels/Karkkila/karkkila_DJI_0008_frame52.txt,38,652d6534f62271c67e1488a0df70eb8f3af58d23bf653a789fbc9bf4370fe014
data/labels/Karkkila/karkkila_DJI_0008_frame53.txt,38,5bbd8d2fe246842b0905e2142e126d1d14819b470b7fc4eff2bf45b668200305
data/labels/Karkkila/karkkila_DJI_0008_frame54.txt,38,a377971745cdd7f7019e1324e7ab1312f8daf65863cb431f1de57ee033455ffe
data/labels/Karkkila/karkkila_DJI_0008_frame55.txt,38,b1d8b65e19d53f29eafbeaf1180fa02983c406f8eaaff15cbe5f3cda8ad95755
data/labels/Karkkila/karkkila_DJI_0008_frame56.txt,38,26d4feacb934efcd2ca65e7c755b788e8f5d845324361a24622b35ccd0c29cc7
data/labels/Karkkila/karkkila_DJI_0008_frame57.txt,38,384dd20f87b0c50b0a95e2b123b4dae81936b286311585e5864771b3cd735a1d
data/labels/Karkkila/karkkila_DJI_0008_frame58.txt,38,f6d17d2c02b18aeed62e2e1b293c4948ef5a96a58a46571b5f3ba48a6e777258
data/labels/Karkkila/karkkila_DJI_0008_frame59.txt,38,734ba43d2f7f8de982c82b9000453479537e54fb454af45ecf8ab760d3d58596
data/labels/Karkkila/karkkila_DJI_0008_frame6.txt,38,9b74dc4a685e4a94df0f656384d2b6e9e7016b78ecd25494c609a593a8af24cc
data/labels/Karkkila/karkkila_DJI_0008_frame60.txt,38,a450ce4db3e549d8658a331c8964436d480730b300c1c60d28dbcfa8ccd53773
data/labels/Karkkila/karkkila_DJI_0008_frame61.txt,38,2c89dee9116b75e6080d126f86bb837aedba144a4a3c67a7d2adbf3b18a5c03c
data/labels/Karkkila/karkkila_DJI_0008_frame62.txt,38,7a90c4cc79e1035fd661679c35695ce27c9a18686bb1c575ca9502b755d42396
data/labels/Karkkila/karkkila_DJI_0008_frame63.txt,38,798a6485e4754586cecd5b5943e4bb40beac8faff643f83329f9051dd47723e1
data/labels/Karkkila/karkkila_DJI_0008_frame64.txt,38,b01835a00a591e19018d6b24c690e490edec99f3b18e8bfaa5ebd9d5b7e2c100
data/labels/Karkkila/karkkila_DJI_0008_frame65.txt,38,4f6b20f160627b7f8e2b0375899455ccd81b38a0df57906f1c2a390deccb1349
data/labels/Karkkila/karkkila_DJI_0008_frame66.txt,38,afaa7ce24d1a59026ebc36c58dcc87f1963d63adf26e38310cfcd5d5789f5a3c
data/labels/Karkkila/karkkila_DJI_0008_frame67.txt,38,9c4ac326fbc3f923cd43c3186e4d1f567238d90672ec88c5c70f7a05ee771613
data/labels/Karkkila/karkkila_DJI_0008_frame68.txt,38,7ef4ed57b4dcc164af83b8fe6b563f50162771989ff32365af44212b62294468
data/labels/Karkkila/karkkila_DJI_0008_frame69.txt,38,3f9c3b785e3f2245c4cf5bfe6462b0d3dded369ef7b9bccf8d2436fd00aa7402
data/labels/Karkkila/karkkila_DJI_0008_frame7.txt,38,e68496f842d6dca9bd90a1a9f3735fc52e7ed4d3e9f48d89779bdd6fc405f2ed
data/labels/Karkkila/karkkila_DJI_0008_frame70.txt,38,4b987399ac3cc0b3a832e69b66c3c844d9e8a654a0a82a9ab8fb513a9d42b1a7
data/labels/Karkkila/karkkila_DJI_0008_frame71.txt,38,4aed49a4a0ad730a41b793f24077a783a0f6a6dfc644acc784554eb01190a5f0
data/labels/Karkkila/karkkila_DJI_0008_frame72.txt,38,8f07d195aea16224df47046b27e05bcd906ec4693edae415ffe490218436bda9
data/labels/Karkkila/karkkila_DJI_0008_frame73.txt,38,98101e0b865547153c7cb942cfca9dd692b7e8bf340054e394c674d7717b10bd
data/labels/Karkkila/karkkila_DJI_0008_frame74.txt,38,7d309f656e0d07e1b99f9e8880437d305ffae6bbc830fd287e55e3526ed55303
data/labels/Karkkila/karkkila_DJI_0008_frame75.txt,38,74be0e2ef6224d11c7fb7244f65149890af812feae077e0d17b9e409272b9116
data/labels/Karkkila/karkkila_DJI_0008_frame76.txt,38,889dc0c4579f6549841f76febaa0d4584d7eb539d9652e7b8aa3770360d262d8
data/labels/Karkkila/karkkila_DJI_0008_frame77.txt,38,f8b790d05fd4ee1139307ea0b321ab6619c6299311c424f3e84082ba03193381
data/labels/Karkkila/karkkila_DJI_0008_frame78.txt,38,92b2fdaffc5352b5fc3317760ccb89e256d9faf938a8470a443427babe7559a4
data/labels/Karkkila/karkkila_DJI_0008_frame79.txt,38,5e226c57ce08b7f9dd20cb10f7b6156a4b7bafb7a84c0d603af3ad0e99c0ea28
data/labels/Karkkila/karkkila_DJI_0008_frame8.txt,38,ae3e1b5149270b5dcef786de2c63570f8b3e058ded15bc4bfce9bf5b4c89d7e2
data/labels/Karkkila/karkkila_DJI_0008_frame80.txt,38,348d472bb2b7521a58fb207f39bd665d1df3ebb746219022188343841f9bda0b
data/labels/Karkkila/karkkila_DJI_0008_frame81.txt,38,fbd1aea3376d5b6ddaab9b8d4d0e0ea40ca5b810c88115ff39dfdf37fca722b7
data/labels/Karkkila/karkkila_DJI_0008_frame82.txt,38,4f7c226b796325c1f486d63b3a0844436d5bac8c6eb810e12352f5de82fa0910
data/labels/Karkkila/karkkila_DJI_0008_frame83.txt,38,7742278f1b6e96f5df3b6d59539439b67011c292f066dbe539923f87b01dc78f
data/labels/Karkkila/karkkila_DJI_0008_frame84.txt,38,6e47a2208acf6ec99ada6cb8d5ecf107332a09e92b2546f63df5bff7a1c95f69
data/labels/Karkkila/karkkila_DJI_0008_frame85.txt,38,0f08ef9a2fcba3e0451d89041bf3474b32111412fab3133335342b8a5a2cfec6
data/labels/Karkkila/karkkila_DJI_0008_frame86.txt,38,90285015ede427fac6d3005201f7707f06c25f4568558ede238368afda57e417
data/labels/Karkkila/karkkila_DJI_0008_frame87.txt,38,22263b96373b10eda7c5ba8ca61e794dba262a813d240228c399d4001780662c
data/labels/Karkkila/karkkila_DJI_0008_frame88.txt,38,9197a34536d99977f7f939a5f1f8e6032084e6d228787b8b2fe28ffbd08d50e6
data/labels/Karkkila/karkkila_DJI_0008_frame89.txt,38,0ca57fb608818cd3a176ed23a323af08c457589d471fd5b9a79c85f1230e961a
data/labels/Karkkila/karkkila_DJI_0008_frame9.txt,38,698cfb4f93f773b223a2d6148186f5c40cb52e427902fe9caefae67c7fee0744
data/labels/Karkkila/karkkila_DJI_0008_frame90.txt,38,36f95e930d71ccd73f91011081afe4067556676fd1afcaea48b81ee83b98489b
data/labels/Karkkila/karkkila_DJI_0008_frame91.txt,38,7d5b063dd80f5ad6a03f095a94c070caec4b24606f37c4e36c20beb8244574b8
data/labels/Karkkila/karkkila_DJI_0008_frame92.txt,38,6dd0f2c09861a6a18c08bd305cae4399bf5ee19ab6d1812bcea11972c414d282
data/labels/Karkkila/karkkila_DJI_0008_frame93.txt,38,405ef809e242f4c83a1f5d26e0822e48d6b345d656d99f67d8c0aae146ea8138
data/labels/Karkkila/karkkila_DJI_0008_frame94.txt,38,b4594db151be6863123dafc75bb5c3fee757f0f3aa0ceaec8b7568b924ff6326
data/labels/Karkkila/karkkila_DJI_0008_frame95.txt,38,4c25359d637bc59b7dc174b0c95b13f95fc4ddc4d5b1cc68f76fbb902ab7300a
data/labels/Karkkila/karkkila_DJI_0008_frame96.txt,38,74af90850a1ad2dd95542d0e1dd2913ad2d51c32339e427a9239b5fc0324fec8
data/labels/Karkkila/karkkila_DJI_0008_frame97.txt,38,648a31fadffb649e8c173b59710d5b8d473d2a75e1539c3bb3fdc56529674265
data/labels/Karkkila/karkkila_DJI_0008_frame98.txt,38,6e24110e896149f07e2dc1b344b676eee1012ea5f98c5e5b6de071c9ed5b628d
data/labels/Karkkila/karkkila_DJI_0008_frame99.txt,38,e49934fdcc4dc0f8d6a7abaa259eb317f96dccd53d90b83beaf3e286bf51807d
data/labels/Karkkila/karkkila_DJI_0010_frame0.txt,38,8ac7686b0f1673fd519463bb36ad5e2bfd03f053d27005915f591be0f97c0874
data/labels/Karkkila/karkkila_DJI_0010_frame1.txt,38,cc674a01f571a9a11904722f94e976e0dae37bac66f4883c1a5a7257e9af0e9d
data/labels/Karkkila/karkkila_DJI_0010_frame10.txt,38,58708fa1667dd28c0dff6e6e28a273151b837b4631554d2004a0f73bf0aedd00
data/labels/Karkkila/karkkila_DJI_0010_frame11.txt,38,ba75f196077b6d22fde77c9c3e1d017b75b506049faf6f51e3b810fde5e950b3
data/labels/Karkkila/karkkila_DJI_0010_frame12.txt,38,22596b4641cf7ef3d62f98fd784d5d3e1dce1bd83fdbead1b0b928af06b8f276
data/labels/Karkkila/karkkila_DJI_0010_frame13.txt,38,e4dba7aec65100baa24e16e0023b0121fad9a7652f3f341570f4eda6fddf3322
data/labels/Karkkila/karkkila_DJI_0010_frame14.txt,38,224341d1ec96b401bd5aa9fcfb13df83c443a58e7d995f3ff0c3bae0e11fee3e
data/labels/Karkkila/karkkila_DJI_0010_frame15.txt,38,fc3af5b5cbc80aa99913ef148f8d5997f48e30847d1e2d2ff2d83bcc98ac4614
data/labels/Karkkila/karkkila_DJI_0010_frame16.txt,38,eb5d65b34961d93ff5b6e47705df1dd0c02ac08f548c02228fdccfac9d824b42
data/labels/Karkkila/karkkila_DJI_0010_frame17.txt,38,f0e30be50168f788ddee259889c5a9ca2999f67af0883e9b1b48bd35e97b26a8
data/labels/Karkkila/karkkila_DJI_0010_frame18.txt,38,34b2d3a6f94cde77fd3112770d53fe6623f9872ca8abde8488252181cc483249
data/labels/Karkkila/karkkila_DJI_0010_frame19.txt,38,5fad52f02305a99ab1a2b0debcf0028dab1334fb746f99a7d357692376b80ad9
data/labels/Karkkila/karkkila_DJI_0010_frame2.txt,38,42306552bb13bc75c133a33d7ce74a9616fe3d2a253aa51fd6fa268cdc950fa5
data/labels/Karkkila/karkkila_DJI_0010_frame20.txt,38,69782fd8f58071fcb65fd274b9ac32e3027b632638d64bf5e9f22417895e9d0a
data/labels/Karkkila/karkkila_DJI_0010_frame21.txt,38,76a30c3fd7a34cea552c60f921fb8775b4afaaa3a4baf8f0d040b95c6a3ffdea
data/labels/Karkkila/karkkila_DJI_0010_frame22.txt,38,735fa6cf62ff98de24b3c6c2efe9453fe32093d76b9e58d241e910ee9c673a13
data/labels/Karkkila/karkkila_DJI_0010_frame23.txt,38,e000ea8a779aa9f5d33b70375d8a6292e1e50e28219b25afadf407273043b169
data/labels/Karkkila/karkkila_DJI_0010_frame24.txt,38,e9382f3fedf95633ae3254bfdd5b490335c50aab1f36bc9a04c1f1e306b716ea
data/labels/Karkkila/karkkila_DJI_0010_frame25.txt,38,46cd5d052ddaaa072381bc5f3c6a7ce4b269defa87f5f47229456fc935c217dc
data/labels/Karkkila/karkkila_DJI_0010_frame26.txt,38,992645eca41e84276567f37e0cde0c056297b0582a4f086d9371d7ba68a89d99
data/labels/Karkkila/karkkila_DJI_0010_frame27.txt,38,4c81c9e8fb206b8e108f22af9bf644a0df22dc4aa8b89c7d2e96f9176019b453
data/labels/Karkkila/karkkila_DJI_0010_frame28.txt,38,6112e510b07b2b5b0772766e6e521b5f2d1a9ca8e275baccdbb9619c951f2ea0
data/labels/Karkkila/karkkila_DJI_0010_frame29.txt,38,1fac5f651a6609540b0abb605539cef60e0d5836260f2518e624a5aac7492d5e
data/labels/Karkkila/karkkila_DJI_0010_frame3.txt,38,cedf1bd728548741b30fefb3e0c290b10b8cff8772d5234daf06197e2c34243d
data/labels/Karkkila/karkkila_DJI_0010_frame30.txt,38,cdb0130fad216d0a3b9548708b5b3ac196e90587468f547335a947d8df153fae
data/labels/Karkkila/karkkila_DJI_0010_frame31.txt,38,6ae7a6470d6730deef2e615d39b4803b71f6b7aa1e8ff32f9eb4d004ab88bccd
data/labels/Karkkila/karkkila_DJI_0010_frame32.txt,38,957fdafc6123bc37b544ec95c9121ba09ff5de93d95f347f9b03044cd5caf246
data/labels/Karkkila/karkkila_DJI_0010_frame33.txt,38,649f4f639c66a9ac611e8404d3f220c02c2c3cfc529a391b6c77d6d3ba2314fd
data/labels/Karkkila/karkkila_DJI_0010_frame34.txt,38,1f20e35c50fb7410e6a91d206d1ad666dabc8af324344bf354faac77066558bf
data/labels/Karkkila/karkkila_DJI_0010_frame35.txt,38,3aee4e395c7ef7c47910e18af6044c64fa5274e1738e5497bbaefdd0cb420855
data/labels/Karkkila/karkkila_DJI_0010_frame36.txt,38,aaafe6dd8215435f5c37b8f4f40f9688867206a483d79165c3525a1f3856046b
data/labels/Karkkila/karkkila_DJI_0010_frame37.txt,38,9b784d3b3cf9a9572fbb4d06ba90e75336e105516552f7714ee733cb73b0d1a6
data/labels/Karkkila/karkkila_DJI_0010_frame38.txt,38,fa1b204ad4e0798db970e73b9f093364af1bc0003e019c93fdb4d9e37433b0bf
data/labels/Karkkila/karkkila_DJI_0010_frame39.txt,38,7dc9a24a582e2a67d1719d20f48dd1b254d06a3cf71c5334ed77fb1f91d6f873
data/labels/Karkkila/karkkila_DJI_0010_frame4.txt,38,84ec398acffc98439ddd0e484aa9cf0dea0793c94d627eddd8b49de114044186
data/labels/Karkkila/karkkila_DJI_0010_frame40.txt,38,b6297db8185fdab04faefcf01a9d305f305b957ef76cf6ea3120dfccdbb12234
data/labels/Karkkila/karkkila_DJI_0010_frame41.txt,38,2c507992cc400bc63a62e61a18815da3d49797590e06ef2d3ccfb157d7e147ad
data/labels/Karkkila/karkkila_DJI_0010_frame42.txt,38,ae1bf45982eb8725947e274d72d012edf8c8ea36bb267b62dfa0b33fa1d8a10d
data/labels/Karkkila/karkkila_DJI_0010_frame43.txt,38,7b8656b9399e9e715d9e4dc136d8571ce56995a015e697a30e60199004dd90ad
data/labels/Karkkila/karkkila_DJI_0010_frame44.txt,38,20b88c19cd0cdaf10b13dedcfdba32fec78459dfd1c99f45987115fc6c461d36
data/labels/Karkkila/karkkila_DJI_0010_frame45.txt,38,39002413ba8d25ea5eb7cca19d003f054db329a48f697f9bb38e56882f2685d9
data/labels/Karkkila/karkkila_DJI_0010_frame46.txt,38,620c47a92f1657e140906ed6d86aaedd37649da7a86d11e073b387010c550a6b
data/labels/Karkkila/karkkila_DJI_0010_frame47.txt,38,323ad91f301e60ac76fb88d22a97300ef2c3c23daf792bd8156cf68a46bd4c18
data/labels/Karkkila/karkkila_DJI_0010_frame48.txt,38,18738686abb7db929f28ff64943cbbbe98ffc3b0c049adf86d3958e41dcddb88
data/labels/Karkkila/karkkila_DJI_0010_frame49.txt,38,c34fe40b13525c3bf8b68d459e44a4848628b3d132aec634175c931a09dbd7b5
data/labels/Karkkila/karkkila_DJI_0010_frame5.txt,38,8295d483fa6246d8016c5ed7612a7032c63019353d86dd95fa9c293258a220eb
data/labels/Karkkila/karkkila_DJI_0010_frame50.txt,38,3825b93af32df6bbd4efe485764ea3a054d91e45e57b46dd0d88df8af8332195
data/labels/Karkkila/karkkila_DJI_0010_frame51.txt,38,1aff3121744aeb7e9e7d5c9ed8a28da20ab6408bff4f1a52b594293267f25102
data/labels/Karkkila/karkkila_DJI_0010_frame52.txt,38,4dc495b8284ea1d185f1c98aca82b8120e3635937050ca5e8869aeb784f4f1cb
data/labels/Karkkila/karkkila_DJI_0010_frame53.txt,38,367e5023d6fa38cc814bd1537eedbdabc1e97365ab1fef4b0b0f16629eeca41d
data/labels/Karkkila/karkkila_DJI_0010_frame54.txt,38,85486bf9228489cc0605873a61f9b93ba5679b1ed8fbf21c74b2a4837089c0f0
data/labels/Karkkila/karkkila_DJI_0010_frame55.txt,38,515131cd625c49c1ee4f0f697ee8ed5566eb269d4e4de1d1e8ed06afa943e0b8
data/labels/Karkkila/karkkila_DJI_0010_frame56.txt,38,3c45c8d4aec1f0ee9b95219730191240ec99dcd3c990d1bcb0a8380acccfec00
data/labels/Karkkila/karkkila_DJI_0010_frame57.txt,38,8e6c89e5dd3d068545fa23cb59f29d82e940caff1861ae4f623c1182e78aa39d
data/labels/Karkkila/karkkila_DJI_0010_frame6.txt,38,d1756a1b0c87db5c58f437a5b02a68db1b2d1211953df91b2a7523e7fd13d0df
data/labels/Karkkila/karkkila_DJI_0010_frame7.txt,38,2ebe33137a7a87d20bb38af00ec35c8bd0b6575dc3a219ed868f44e6bfd7b83c
data/labels/Karkkila/karkkila_DJI_0010_frame8.txt,38,281f4dbbd9800e9b73260bb19163ffdf670bc864d9809db4bd0c1fe47e2770ce
data/labels/Karkkila/karkkila_DJI_0010_frame9.txt,38,4f410628416a88ccaba24293cc4af231b289765399756d2f4d0763b36c310e82
data/labels/Karkkila/karkkila_DJI_0020_frame100.txt,38,88f2bd42433280a8c6363ae205e8502f1a1f37a32a922a1d4a8a948e8abec523
data/labels/Karkkila/karkkila_DJI_0020_frame101.txt,38,d69e5cf7a334224f132d326d179086f81c8a01c00f79d60f936c790b914a69c6
data/labels/Karkkila/karkkila_DJI_0020_frame102.txt,38,88d6cc3deda54ab13bfbd528a97dd3d3956ba8e4636ec97bf9ced9dd01284856
data/labels/Karkkila/karkkila_DJI_0020_frame103.txt,38,982ba39fbf8fa93581637b3d5ca78b748a5ef7f4b638f1e7ac7a7d42f17c1e3d
data/labels/Karkkila/karkkila_DJI_0020_frame104.txt,38,58be4643536bab0ba13f2efc35cf5533ce052d5f3d08417e6af55f8789f80453
data/labels/Karkkila/karkkila_DJI_0020_frame105.txt,38,7b752076c12e7badfed77f98565000f57112bf7e5b392e9c01b91719e8293f73
data/labels/Karkkila/karkkila_DJI_0020_frame106.txt,38,71f5405345e08e34a84c77a993a0508d04e1fb05d72fb9fe3ece2855f3960b73
data/labels/Karkkila/karkkila_DJI_0020_frame107.txt,38,5f5e929d65e503f7a54912aa23cb29b880de6700403fb754ca287b54e6339319
data/labels/Karkkila/karkkila_DJI_0020_frame108.txt,38,798a632e47f7aa3b0f08cc68735e78700659f0cfb4baa3ccab998d32a88fae15
data/labels/Karkkila/karkkila_DJI_0020_frame109.txt,38,43388a4d9663d93a185fd13080b3e18fa3e8b10c5ea652ca0b7873d57cc78c3b
data/labels/Karkkila/karkkila_DJI_0020_frame110.txt,38,ee881bc2854dce7b6657b2e1348b31d95989ee3cc0b3ce4af20442e8785c394c
data/labels/Karkkila/karkkila_DJI_0020_frame111.txt,38,27ecadc5f797111bcd8aec637326547234d6bce0eb1bc1989f01c21ddca6de3b
data/labels/Karkkila/karkkila_DJI_0020_frame112.txt,38,63e0e947ca8438e7f9a253924b78747f189519bf1223352aa0e151b9c3077fc2
data/labels/Karkkila/karkkila_DJI_0020_frame113.txt,265,e7e3eb2f8f4e72884993e718b26ac634273619c7b89e26ed6eefb0e942ca5ae7
data/labels/Karkkila/karkkila_DJI_0020_frame114.txt,38,1ec5b52415a2f161cc8e0c76105151f1fb23f65128f788e0e0ba79e7333f4564
data/labels/Karkkila/karkkila_DJI_0020_frame115.txt,38,d0553725ac0a90fe39d577a360f5c58f07498ae13fd638598d6bb02b7ff0487e
data/labels/Karkkila/karkkila_DJI_0020_frame116.txt,38,017477c0dc5c4e74bf656ce48826766dabc8ef3146a0e2aa0ed18c5c8fcbec2e
data/labels/Karkkila/karkkila_DJI_0020_frame117.txt,38,702310f465ad8812e94a4567694a8bee6eabd07babe545d427393e5b0f683cf4
data/labels/Karkkila/karkkila_DJI_0020_frame118.txt,38,4bf36b9149e0eb53a2b3a7082c7bcbf99d8a0c8a6f1139c1f0b6fb589a56fe9b
data/labels/Karkkila/karkkila_DJI_0020_frame119.txt,38,3e38f5f222b9696ead12c778180b45ae75c6b48bf6b4ac825974647d56ad0a8f
data/labels/Karkkila/karkkila_DJI_0020_frame120.txt,38,bf649386bfedead4532cdefa4a99a13d35d7e9130628ef41d8a3ec1faebe2f6a
data/labels/Karkkila/karkkila_DJI_0020_frame121.txt,38,a92e9e6daac48b130f0781f280c21b4b1495829033e6032afe203086942b7b10
data/labels/Karkkila/karkkila_DJI_0020_frame122.txt,38,e1d97c2f49e466993eaade0605799893940db14fd378071d8528e57417d42262
data/labels/Karkkila/karkkila_DJI_0020_frame123.txt,38,c917b447a3416b7a5f56355745c2c3deb9fd461911308fe7a69990028491b0d1
data/labels/Karkkila/karkkila_DJI_0020_frame124.txt,38,7c363765daccf8ac3d9801e3f82b1780694073cfd7e8cb1cffea3f186f663fda
data/labels/Karkkila/karkkila_DJI_0020_frame125.txt,38,04659d6fb2a79c9bde33dec06a21c8b0ea0ae7be0ba0594d982bd84e8ff97859
data/labels/Karkkila/karkkila_DJI_0020_frame126.txt,38,83a4aac87e9d0c93dfac7f768c3e448a0e67646fb0ffc76465f84d0df1a264f3
data/labels/Karkkila/karkkila_DJI_0020_frame127.txt,38,f1486f149ae2abfa9b284df73208edea2a7129b4453ebfe32bd34ce7d850d945
data/labels/Karkkila/karkkila_DJI_0020_frame128.txt,38,6012fd0b022f3e4a26f6110ec159bbc973ca8637b88619484f37d77e9468f114
data/labels/Karkkila/karkkila_DJI_0020_frame129.txt,38,a83e7d7429b4a2643acdbc7ef3912564f192a241fa5cc979f14cec160da89484
data/labels/Karkkila/karkkila_DJI_0020_frame130.txt,38,81997200f8ea1c4ceda2aedff00951da7e1fc29529970c0e434b6fd00f2827ed
data/labels/Karkkila/karkkila_DJI_0020_frame131.txt,38,502dccfd57c91797a6f99723d3334a2d9730f29d80bd198182ddc21ad3805394
data/labels/Karkkila/karkkila_DJI_0020_frame132.txt,38,ad634d613e3f9a3478c7864806bdc0c266651b5cb1d2d0c9533143ea393b2008
data/labels/Karkkila/karkkila_DJI_0020_frame133.txt,38,58e6c2bccaf6b153bfa03511b92e95b44d70a14c5d9cb9b477434281a31e0db9
data/labels/Karkkila/karkkila_DJI_0020_frame134.txt,38,3f18abc8c32049c00bba84c57dff72ee64308ed9964d45179152d462d984efaa
data/labels/Karkkila/karkkila_DJI_0020_frame135.txt,38,ed3684c01c78e7fc088ed32a78457df7607df5b7684d87cb140cde1d4d57a803
data/labels/Karkkila/karkkila_DJI_0020_frame136.txt,38,273037ca4ff94ee074a9940aba5fc0b624d5c62647e03716ea4d90bdc7463b88
data/labels/Karkkila/karkkila_DJI_0020_frame137.txt,38,1c24084738f1979eb09e75cf1190d9aa16ebc8ef8794a5d179a9e0b30999c310
data/labels/Karkkila/karkkila_DJI_0020_frame138.txt,38,48ab13539c7308713d0ff77ee22425ac6fd64a6f8c58cbde921f6ebc56934bad
data/labels/Karkkila/karkkila_DJI_0020_frame139.txt,38,9ede29151cbb0dc98d0842a789fdac41a9b41fee5be6fa44d8b0799b07b19dd9
data/labels/Karkkila/karkkila_DJI_0020_frame140.txt,38,0ff729a67b9f5cce5b6788baf494089052b3da26d3ba427a04d9c016b96f9726
data/labels/Karkkila/karkkila_DJI_0020_frame141.txt,38,9f6baf074d9485bde17fbfbd019a6d8bd8e037c9eb26dd4194882f17dd1663bd
data/labels/Karkkila/karkkila_DJI_0020_frame142.txt,38,b2b48320f66ebf4a1f964489976fa24ae5465e0a130ce1f019f23cc6194f6cc6
data/labels/Karkkila/karkkila_DJI_0020_frame143.txt,38,72571c056ae6fc2752de6c41dd28211299739343cb75e350cca7730764434e81
data/labels/Karkkila/karkkila_DJI_0020_frame144.txt,38,61b7d67113e9844fe2534cecd4c36ad19af58625232e918cc68cdbbffe367a88
data/labels/Karkkila/karkkila_DJI_0020_frame145.txt,38,9df9fe91cd2c775aa5b95ff53ca7f9ba5261204829462abede469d69f583101d
data/labels/Karkkila/karkkila_DJI_0020_frame146.txt,38,ff7824f16181bbba8cee1ee49aeddca8ea0d4b0b802194aa2abc1153340674aa
data/labels/Karkkila/karkkila_DJI_0020_frame147.txt,38,a82e831a683a1626bdd88312eb7cb9e59cb95acb7061fac3acb379ce72b3dc21
data/labels/Karkkila/karkkila_DJI_0020_frame148.txt,38,376c07fa3eaf339e11d2d2d01b1fa1e0303ee2057c8990ce405089bb5ee1db64
data/labels/Karkkila/karkkila_DJI_0020_frame149.txt,38,704825df69e07b2f518e8602ff67e1b95dbc4b98f96995a7b241ffb8626ca132
data/labels/Karkkila/karkkila_DJI_0020_frame150.txt,38,dd2bf0dc4b96f3be82fc20eff6619aef7c09b9cdb3df9a1c7a95b7373d109a22
data/labels/Karkkila/karkkila_DJI_0020_frame151.txt,38,3b6498aa1e67117f6724b9ea58c795d1c50dadae0687520cc13d354dee67474d
data/labels/Karkkila/karkkila_DJI_0020_frame152.txt,38,231d48bc40fac7bd668ced12ce11a0d3d54c033dd90ebbebb78bbc37326c493b
data/labels/Karkkila/karkkila_DJI_0020_frame153.txt,38,1d578fb9289bce08399bd68c30fbf9d2f11fdb21ae43d0267aa8837f6c7efbb8
data/labels/Karkkila/karkkila_DJI_0020_frame154.txt,38,0da29cf268cb25107ffd6be392bfcf0438c8b73f6187aa7adbbfe991cc73e74e
data/labels/Karkkila/karkkila_DJI_0020_frame155.txt,38,52a3d22b7330ac09d82bddc9d95f6b1a2b216a448d4419ec6e66c465ce666a99
data/labels/Karkkila/karkkila_DJI_0020_frame156.txt,38,64a83452b8764ecb8cf113bd70ccacffa033b89c7c84a57302ea7a1af3f48281
data/labels/Karkkila/karkkila_DJI_0020_frame157.txt,38,8984955c7ba8d0f9f9dd3ac0032e24bd60cb19511bfa5bb726bb1fa6f93b0113
data/labels/Karkkila/karkkila_DJI_0020_frame158.txt,38,0c1a834e0da27774d9c88132d7c47ac7e7d017abe70a3be7988b6b76b731e011
data/labels/Karkkila/karkkila_DJI_0020_frame159.txt,38,dcfcfd7dad65af18d84b5f01517178b768081cc3e8daa8280ac7cf71b8403f00
data/labels/Karkkila/karkkila_DJI_0020_frame160.txt,38,54019480c7142258309f68b974dbf7b5f1c5a4b7d91e96ac51e72a0f6c83a6e4
data/labels/Karkkila/karkkila_DJI_0020_frame161.txt,38,b79f98edc011078813eefaa469e64d80ffe94525faf0d1fe17ccb408a77dbcad
data/labels/Karkkila/karkkila_DJI_0020_frame162.txt,38,1aa50337b4de13de9780ccb301d2d780955294af603305dac26359651c621ed0
data/labels/Karkkila/karkkila_DJI_0020_frame163.txt,38,42884376ae968520b74f3fc3f3b6fe05485525ac7b990655590d71d47d336848
data/labels/Karkkila/karkkila_DJI_0020_frame30.txt,38,b9995e1c3a0f6af560678fab298064b290137e8f631dacf7bc5e9f5bf810402c
data/labels/Karkkila/karkkila_DJI_0020_frame31.txt,38,17740349bc9105f99b299642032c83e5d822f4e1a0f9d2df0a3c1bef175a829d
data/labels/Karkkila/karkkila_DJI_0020_frame32.txt,38,479918e8690eb40c5b2115e83c4bd3734602709e0572ec176c5c819de6f174db
data/labels/Karkkila/karkkila_DJI_0020_frame33.txt,38,0c97151f70da0e0bbe7c0788e57e8558d42364e645af3558af449299200f4c7d
data/labels/Karkkila/karkkila_DJI_0020_frame34.txt,38,91547f843095c4cc7f4251d74c2dd963e98f699fd84b680fff2dee9794722244
data/labels/Karkkila/karkkila_DJI_0020_frame35.txt,38,a7540523ed021eed9cb6caf33ec1eb2adc2245da0eb5da465c367600ca41e309
data/labels/Karkkila/karkkila_DJI_0020_frame36.txt,38,0315eb439c0d5251edf16a1db5a6d55f20228a48afc1a83c8afaeccb6ce5ca8b
data/labels/Karkkila/karkkila_DJI_0020_frame37.txt,38,e56bf99ecee968b736d8b4d3e10e7e5f875c1a2a7ec919927f22c1fbba01ddd3
data/labels/Karkkila/karkkila_DJI_0020_frame38.txt,38,5f39f11b6d3ed2973eacaeff18669f34e265513a7bba42cb74cfb1204b1fbd16
data/labels/Karkkila/karkkila_DJI_0020_frame39.txt,38,0e116463630537188e43d16a6792a232da2e1318e234f429b3f6df82a4733cf2
data/labels/Karkkila/karkkila_DJI_0020_frame40.txt,38,85c7963eb8f5d10bf86322e784b3cb4fd7c8df0f7ba5675c9345a7870f1574da
data/labels/Karkkila/karkkila_DJI_0020_frame41.txt,38,7cd0029a847a1ad10f3f0344b1b2689acd73f397af5393324818bfb562ea992c
data/labels/Karkkila/karkkila_DJI_0020_frame42.txt,38,a4d15f76538d0612c7bf317a47332b8e21890bea7a600e8389d850a149d1aae8
data/labels/Karkkila/karkkila_DJI_0020_frame43.txt,38,e3b5bdfc0ee72acadf1fa5104de8c285a34e8898824e6532779cb943e67627fc
data/labels/Karkkila/karkkila_DJI_0020_frame44.txt,38,a97dd02787be7b685464b918333c8f534c316c836fe169cadc0ca86d9d34078c
data/labels/Karkkila/karkkila_DJI_0020_frame45.txt,38,2525b06b8a5e5fcfdd5453c81693e68b10f6593f5b9aa390fcd932230fa89e9f
data/labels/Karkkila/karkkila_DJI_0020_frame46.txt,38,df7afc3f8469df204b8f94a3a29023bb34855abde1cf876e67164211e8f88b0b
data/labels/Karkkila/karkkila_DJI_0020_frame47.txt,38,9c12bd8b5fc8a81ca652afb39567c3d958fefdbacb163ac79bc989c88a93ff49
data/labels/Karkkila/karkkila_DJI_0020_frame48.txt,38,2ca924a46b791d610161ba6464dcc21d3a33dad70e72e0bb9429501ad23a0607
data/labels/Karkkila/karkkila_DJI_0020_frame49.txt,38,1d6408d46a81736492198949272c76ec644c6c4590bae43a35b00780ee02c3c6
data/labels/Karkkila/karkkila_DJI_0020_frame50.txt,38,b454b2d71813b8bde19804654ed24ecfacfa5e5ebc6ac2d63327b306f2743982
data/labels/Karkkila/karkkila_DJI_0020_frame51.txt,38,c52bb09f6583487fcbb4f0594820720915a110c710c09b1fe26019eeead3b6b7
data/labels/Karkkila/karkkila_DJI_0020_frame52.txt,38,78261a4390246f584f5b3f858a190592f64e3c81cc83d7877543bc10fcf410c2
data/labels/Karkkila/karkkila_DJI_0020_frame53.txt,38,b184b12c0bb13c33af9039f0f18bfa2d819666cacd145b730494ffd5dd4638e0
data/labels/Karkkila/karkkila_DJI_0020_frame54.txt,38,e78759dd8c98feba5e7b26313ca6e2feb4fe940837abe59b6d327fb81cab3e51
data/labels/Karkkila/karkkila_DJI_0020_frame55.txt,38,cdff8098f5c23c99f9b0e9170d09bd68322c4c8cfbfb2a94fcc894fd9c42bc5d
data/labels/Karkkila/karkkila_DJI_0020_frame56.txt,38,d13b9a231bfab53d2e3aedec5a849b0938842970ed314ae892574af552633db1
data/labels/Karkkila/karkkila_DJI_0020_frame57.txt,38,c70340abf74c3405145f4d19a5249aaea1abf1820300991355f0cf6d1fcc58b2
data/labels/Karkkila/karkkila_DJI_0020_frame58.txt,38,355f8249cb5cfbbcf8257c66f92501645d24670159e6ec32d9b258078805f12e
data/labels/Karkkila/karkkila_DJI_0020_frame59.txt,38,8f9fac066b50c274583d149dc0034128cfd606a8e54e9bab05c7d2936e10c19a
data/labels/Karkkila/karkkila_DJI_0020_frame60.txt,38,3ccca64d0616c76d27f49d467cbb235ec1128b268292f939cecfd18800e2981a
data/labels/Karkkila/karkkila_DJI_0020_frame61.txt,38,155d1058b8f2def693fb12c32a6d32901f35facdbb0b46f5f7006fbf751b5ae9
data/labels/Karkkila/karkkila_DJI_0020_frame62.txt,38,949d02899439b5b72bd7ae9404b6d3719c353375d69926e2313fc0a4991ef898
data/labels/Karkkila/karkkila_DJI_0020_frame63.txt,38,b9a411fb928d54ed83db3062c819140b1fa0f2796ffb8eaa1c6fd5bd8584590c
data/labels/Karkkila/karkkila_DJI_0020_frame64.txt,38,57354788d340af93ccb0b5edf97a6bdac1977b265d41f46fd75031a9cf04a414
data/labels/Karkkila/karkkila_DJI_0020_frame65.txt,38,5c04d544a50b8c0c31f98218e969d5dc47f058dd3c7248081a19ee528c35fab7
data/labels/Karkkila/karkkila_DJI_0020_frame66.txt,38,9bd59f3033999a9eecccc1f95c39ee32c89da424c4a6f37131f3f77069f0e657
data/labels/Karkkila/karkkila_DJI_0020_frame67.txt,38,fe83b5a3ca21742555dd9b0ab3d89f578d63ce929d47bf60492667f17f29e356
data/labels/Karkkila/karkkila_DJI_0020_frame68.txt,38,a51dd2c268eb1ef790454cf8156d472eee1be213207416dd9bb09ed12cbd3eb0
data/labels/Karkkila/karkkila_DJI_0020_frame69.txt,38,54330ebd8b21b0f8697f53180298b8c667eb83a091b2f0b7d46aa8fbcd2f471d
data/labels/Karkkila/karkkila_DJI_0020_frame70.txt,38,605c0d11b1eb1f05fc50e0bbf9075cfdac1657c0e55cb1992c33b73b2900c74b
data/labels/Karkkila/karkkila_DJI_0020_frame71.txt,38,e7af62be307db67bbd77420621991d6c165cbbe76109b3ac9184624624de7fcb
data/labels/Karkkila/karkkila_DJI_0020_frame72.txt,38,0c0c630eb584ef6affadba82f67f8fd7688f85452af58e9c3091228d427c3821
data/labels/Karkkila/karkkila_DJI_0020_frame73.txt,38,de1b730950461eaf1fd8f8936c2204066aec5b864c8ca266417c80072c46a619
data/labels/Karkkila/karkkila_DJI_0020_frame74.txt,38,7bc40ebc789daf7c16e2938ae5c21e0833c73668653a7c808bb4c75e01a8f888
data/labels/Karkkila/karkkila_DJI_0020_frame75.txt,38,bc592dc755e6c3338fa6d5c514071e3e9348f6e2211a551edacaf2683a155035
data/labels/Karkkila/karkkila_DJI_0020_frame76.txt,38,aa01bc250d28fb40a62fcb5cdd91c6889edd2c52c624cd964d6585abe1a8c744
data/labels/Karkkila/karkkila_DJI_0020_frame77.txt,38,5c6d728746d7ced722eeec9c0107ae433bf8602e07b6980f9ebf7af2816e867f
data/labels/Karkkila/karkkila_DJI_0020_frame78.txt,38,3cda008e45bf21369e789e15ab0874310160af90c41ba0e6836cbf34fb1067f8
data/labels/Karkkila/karkkila_DJI_0020_frame79.txt,38,184c55bca063cfe0d28790057ee328d27d59f4bafe99a4d1ed47c094bf282e4b
data/labels/Karkkila/karkkila_DJI_0020_frame80.txt,38,bcd362ae2b5efdc59e163676c7fb3352833995c0b6e6d19562ab6e706c55d5f6
data/labels/Karkkila/karkkila_DJI_0020_frame81.txt,38,23a1cda32dfa2a0cc745f901d6fd7a7ddccb8cd83ec8c7f6cd60d3a4924bdec6
data/labels/Karkkila/karkkila_DJI_0020_frame82.txt,38,31fa75cf0cc44ea0f9016821476165ebc33c322de3abe548fc3349cc2e4eb898
data/labels/Karkkila/karkkila_DJI_0020_frame83.txt,38,9b123b23a3c30b48731a5419c284905f65055c647075ffa8bb40134d7df665ca
data/labels/Karkkila/karkkila_DJI_0020_frame84.txt,38,38e9b04a3d600bd71908a64e63c396be92fbad657ea1109ca7cf2106a9cc5970
data/labels/Karkkila/karkkila_DJI_0020_frame85.txt,38,494c7f8bc3219a328a1ffa427054344fcfa6ede9252c662432b522d76da88ebe
data/labels/Karkkila/karkkila_DJI_0020_frame86.txt,38,b068a6bac34fd619b49c6f7600f69a7d08abcc79a6b0950ec9256a899f9d95e4
data/labels/Karkkila/karkkila_DJI_0020_frame87.txt,38,6220cd9bb3b9f62d0ba004261b3db2f742640084e8a044d88b4698ea03b381d4
data/labels/Karkkila/karkkila_DJI_0020_frame88.txt,38,16f8b1407f88c33adac2ceb3291d16d06d854b2166c04b47a8a49df164f328ae
data/labels/Karkkila/karkkila_DJI_0020_frame89.txt,38,8fd6f521d95cabde3fb1ac5f5395a9b2e78a0ec8e2fb08b594230cc7d3a7e675
data/labels/Karkkila/karkkila_DJI_0020_frame90.txt,38,2a16123e238084a3a50e5cb3a9a6b597aadfd7a04e27d0bba5e675a5e7c6f8b6
data/labels/Karkkila/karkkila_DJI_0020_frame91.txt,38,d31bcd940abc29014209e472454ff6511a09d6d97bfd00a4641add10467da445
data/labels/Karkkila/karkkila_DJI_0020_frame92.txt,38,cff8cb0f43fda59f67b8da748471676bef6759b949b47382a6ff200ae0abe481
data/labels/Karkkila/karkkila_DJI_0020_frame93.txt,38,8b859d525ed00ef2802cf4cd44a603f8a97f0ae70edeff07882a6e7f3e6cf769
data/labels/Karkkila/karkkila_DJI_0020_frame94.txt,38,c86240a13e4ab5edcb64aa98311684c8b3e37b9dd940d897243ff55dd7ec2eb0
data/labels/Karkkila/karkkila_DJI_0020_frame95.txt,38,2febbac8363f31dfda16a5cd15291bc1ac7a9b94c7489a54c8a6217c1288c870
data/labels/Karkkila/karkkila_DJI_0020_frame96.txt,38,66e07510163dc4fc51e714a7441892fcb9cc045490769c2973a1470d944ae8f4
data/labels/Karkkila/karkkila_DJI_0020_frame97.txt,38,c9ea2921e4facdb456cb4946bc6d244b80c437f86ae9e559a2d487cfd02c7479
data/labels/Karkkila/karkkila_DJI_0020_frame98.txt,38,400c30ae4e21dd24046f68b56b92a2b0ff32c176d032677e4697f97dc5769f03
data/labels/Karkkila/karkkila_DJI_0020_frame99.txt,38,98f4f653e2ad62cc445a80a15ab7ba08b4029caa4f9767cb22f8231e9e441aed
data/labels/Ruokolahti/ruokolahti_DJI_0080_frame0.txt,38,d149c30c31cc1a0b570a5df35287119c4a65d9215cd82225048998e23e82f2ab
data/labels/Ruokolahti/ruokolahti_DJI_0080_frame1.txt,38,3c5240137402332da12f748c03b5ca8ec059911c34fdfc363d990c0ae890ab7a
data/labels/Ruokolahti/ruokolahti_DJI_0080_frame10.txt,38,ab8490ca1f7b91e91dd38676186ab0398d39cae44eb166349ca7c196d4f2adc2
data/labels/Ruokolahti/ruokolahti_DJI_0080_frame100.txt,38,0d4f5afec960033b8aa9b52efe90347fc438b03048aa5b1492ce61192bf24175
data/labels/Ruokolahti/ruokolahti_DJI_0080_frame101.txt,38,54b047e5edd7df8fe7475b952dfc6a6c9836a0c09f5fe1598607661f2debb39d
data/labels/Ruokolahti/ruokolahti_DJI_0080_frame102.txt,38,526c386cd3a61903bb14c8eb92b7720105ac07c42320e0a686c0ebb82019e6a8
data/labels/Ruokolahti/ruokolahti_DJI_0080_frame103.txt,38,27b436b9c628ab582baefa5821808dd9d7d6814abcff6c1f2dfd1a4042f6dd20
data/labels/Ruokolahti/ruokolahti_DJI_0080_frame104.txt,38,027be02074746a561240cdc2045dcea9bffec7a4a0b16e46cb7e66ac688d648d
data/labels/Ruokolahti/ruokolahti_DJI_0080_frame105.txt,38,ade8f8477b48fb6d48b2bfb0c745e9a7eea8e48a5d9621b22116f99922d47cda
data/labels/Ruokolahti/ruokolahti_DJI_0080_frame106.txt,38,7e6d48ab4a74909c438646187a328570803f955ecb2a05a32a1ac6bdf588ced3
data/labels/Ruokolahti/ruokolahti_DJI_0080_frame107.txt,38,5d787a69c850f004ee3dc095ec7f80b50563f73a18091fdb140c987595049f15
data/labels/Ruokolahti/ruokolahti_DJI_0080_frame108.txt,38,fa01fd7b93b3944a8b7f201b35e6c1133fe6e7866e7806aa9bc4b9d2238a8cc0
data/labels/Ruokolahti/ruokolahti_DJI_0080_frame109.txt,38,730aa969f25e3442e379a53bdc593ae66e5810bbdbdfc512ef998a367fe98dd9
data/labels/Ruokolahti/ruokolahti_DJI_0080_frame11.txt,38,7b0f75d1f603f108ae3eeab6eb43ecd911488f735e7680760bf7860109c6ce08
data/labels/Ruokolahti/ruokolahti_DJI_0080_frame110.txt,38,555034659cd63fc23a19584fc83112ba6fd447a9ca90b4173d5c6355046b72ea
data/labels/Ruokolahti/ruokolahti_DJI_0080_frame111.txt,38,8b62e9330f583eab1d04eee0874d48e7d793cb54fe8d0f53f952fe573baedc7c
data/labels/Ruokolahti/ruokolahti_DJI_0080_frame112.txt,38,a39035782b05e74e15562d90d3a6b5958905c91fe4a92669a882b386267f8560
data/labels/Ruokolahti/ruokolahti_DJI_0080_frame113.txt,38,28512874df16b6d2fa86c4f61df4e9ea54d29290b1ce5960ae77046fc1829b8b
data/labels/Ruokolahti/ruokolahti_DJI_0080_frame114.txt,38,432c3ee076ad411edbf89dd54f5edc72cb58992346711c4dacd3fda69c372262
data/labels/Ruokolahti/ruokolahti_DJI_0080_frame115.txt,38,638a49cfe2364a2d67859a620a12c91f4af1d187ed83f80b7384fd456c97e4cf
data/labels/Ruokolahti/ruokolahti_DJI_0080_frame116.txt,38,f8f0f701eaa2624f40639a46ebb2e52ca454dd67933b05c9549aa777f30d962a
data/labels/Ruokolahti/ruokolahti_DJI_0080_frame117.txt,38,e2d56789340784caf1837526884b591360d5010ad18fd82c3c5015b752129947
data/labels/Ruokolahti/ruokolahti_DJI_0080_frame118.txt,38,1808b1bfa807f881cd5dafedcb79f219eee8f58d87b6b9c0365a1e1afc5758d4
data/labels/Ruokolahti/ruokolahti_DJI_0080_frame119.txt,38,e4ec21425071f245afe8fe3fd229e6cc5f0a4fbe2afd57209107e3de845dbfd8
data/labels/Ruokolahti/ruokolahti_DJI_0080_frame12.txt,38,5bba38fc600d3882ba950db69ccf4aa58d1182aac65a187373a01b7f2052247b
data/labels/Ruokolahti/ruokolahti_DJI_0080_frame120.txt,38,280523ea8a9c6cf9d40825c4b61d7290db434dd4fe81b4957c5765c3373dd58f
data/labels/Ruokolahti/ruokolahti_DJI_0080_frame121.txt,38,92931d32ec2bf1765f1c164191c8a56189c986cdbd5c9aefd5f0640ad400592a
data/labels/Ruokolahti/ruokolahti_DJI_0080_frame122.txt,38,5c8c5565e34b46a6f532a72e41c1d190af396aa76061a4109f812c756232bb41
data/labels/Ruokolahti/ruokolahti_DJI_0080_frame123.txt,38,65816c5df3799051b184684886066cec7ca45025a64934ebd9f6e52115bcc4eb
data/labels/Ruokolahti/ruokolahti_DJI_0080_frame124.txt,38,428bbe234b48aa1711ba0504b8d57012f9c127d9ebad33093a196c559a3e0270
data/labels/Ruokolahti/ruokolahti_DJI_0080_frame125.txt,38,e44961b9756480e28b300d055f5e52746e6af7273aa158607f8eeea900e91d3f
data/labels/Ruokolahti/ruokolahti_DJI_0080_frame126.txt,38,c9ef6dcfab91d16b9936e32127a4ad5035d0da650a4d04674525ab5796cf4f37
data/labels/Ruokolahti/ruokolahti_DJI_0080_frame127.txt,38,ce025086fde45c00d1ad6b95f1641f2b076b961ff927142cdd42a694fb0555f7
data/labels/Ruokolahti/ruokolahti_DJI_0080_frame128.txt,38,c18fb391ddf2681f3cc46b481a54ca5af078bcd4ea83f6be508546685ce70232
data/labels/Ruokolahti/ruokolahti_DJI_0080_frame129.txt,38,b77ccc6fa7dc5eead3dcf97f3ca9b29a7793bb78d5aab3b6c4ebe9583a7746ce
data/labels/Ruokolahti/ruokolahti_DJI_0080_frame13.txt,38,00bf8d176db62e4598613b689635c749a628f262b822a81a2096150a3d46d0e4
data/labels/Ruokolahti/ruokolahti_DJI_0080_frame130.txt,38,77524dbfa5c6c36f40ea55e4b5428c4710772c7d5197e540350339997df3e09c
data/labels/Ruokolahti/ruokolahti_DJI_0080_frame131.txt,38,234ef7ce458513cbddafef039c0b58d47d9460ed927f34fcc8e33d8fe77ee610
data/labels/Ruokolahti/ruokolahti_DJI_0080_frame132.txt,38,d6c62c9053fe68a6df5576c328217dd13128443e605b974a5969d3fbcafda974
data/labels/Ruokolahti/ruokolahti_DJI_0080_frame133.txt,38,dcdcd46fbd6779f75dbb104d6d40e2145fbd449b52f94702894f6531b789753e
data/labels/Ruokolahti/ruokolahti_DJI_0080_frame134.txt,38,564e16f2bc4763a0f0919b97cb094a68463c65e605808698487546a7082c3fb5
data/labels/Ruokolahti/ruokolahti_DJI_0080_frame135.txt,38,162057a46dedd6f7307cc7f3bdb90869b108c94e6018127cd37b2b021246be22
data/labels/Ruokolahti/ruokolahti_DJI_0080_frame136.txt,38,b13dfe906c34118f0f61edd238f33c50374f4b77f2b63d63ef86a222c3583c58
data/labels/Ruokolahti/ruokolahti_DJI_0080_frame137.txt,38,7de39eda8bd3a35d626f40bf84de0b73f4b8d6fcec56846de37ae3497d438a36
data/labels/Ruokolahti/ruokolahti_DJI_0080_frame138.txt,38,851db437a0bdae3f692b614d3be5b096e5a0d32133209ff15719aef598e7087f
data/labels/Ruokolahti/ruokolahti_DJI_0080_frame139.txt,38,a208bff2c5ee7e674285ea9dbc82d28e7a645aab1afd3df2b9208b0a47e5de0b
data/labels/Ruokolahti/ruokolahti_DJI_0080_frame14.txt,38,8a9015a05099d54ca3167e0dd5f207d7b1ac127180dee858753f2a697165dfb5
data/labels/Ruokolahti/ruokolahti_DJI_0080_frame140.txt,38,d352eebeaf770b8ae44a44f172884feb76d50f50323822f7132d5275fcf049e6
data/labels/Ruokolahti/ruokolahti_DJI_0080_frame141.txt,38,e437975ff20bcf87839bb062b0a8ba801fe3c488246817d208b212cb041be0a6
data/labels/Ruokolahti/ruokolahti_DJI_0080_frame142.txt,38,ae4908d82635a3a6197da41268dec9a8ee3af304e13674d57dfed700219c5195
data/labels/Ruokolahti/ruokolahti_DJI_0080_frame143.txt,38,963195acf4a2fff9b13a1ff7198fb38c4347d820eb1a9cc86bfe9fe446d35334
data/labels/Ruokolahti/ruokolahti_DJI_0080_frame144.txt,38,ecab0515f310238b8e765c89e4db6f0aa57f3552c8b178022a30e8f2a489f165
data/labels/Ruokolahti/ruokolahti_DJI_0080_frame145.txt,38,d2a0b013c4456b1fcf8b1e6ad9ab89e322fbea3476d306cb517a2da2abe9f84e
data/labels/Ruokolahti/ruokolahti_DJI_0080_frame146.txt,38,e86d7192659b187c722590f98c75be4e35ae32f768ee5170941993433d06adb6
data/labels/Ruokolahti/ruokolahti_DJI_0080_frame147.txt,38,59045d7eb7a73c37500923bbdc629fa5e621d30ffc3ed0b5281db19fefde7926
data/labels/Ruokolahti/ruokolahti_DJI_0080_frame148.txt,38,194a35290e654c80a4ffad6f17cf99235fa85f0afbe6899c315f8c49e166015d
data/labels/Ruokolahti/ruokolahti_DJI_0080_frame149.txt,38,8bb903f31b9ca007ab1bb2cf3562f8661cd24929d32b7afbc4de17651ce1e37c
data/labels/Ruokolahti/ruokolahti_DJI_0080_frame15.txt,38,bd408b3653150a3bcfe6215db5b97519c630c5e39ec2ec3e9d08a2d79896b690
data/labels/Ruokolahti/ruokolahti_DJI_0080_frame150.txt,38,ff83368886ad5859089e89b280fdd6985039d3730688d8ce08458cc490a8ee53
data/labels/Ruokolahti/ruokolahti_DJI_0080_frame151.txt,38,33c0415ed29a00300aea7dbd19d30ddc44fc7162719a4f2ceb38d04920f38256
data/labels/Ruokolahti/ruokolahti_DJI_0080_frame152.txt,38,c72cef3b88dd10df433fa75c4b542594dfe804ac9ad8ceeba2aa3db14646902e
data/labels/Ruokolahti/ruokolahti_DJI_0080_frame153.txt,38,7de68bfd2e6e4a8dfd60fe7ef5844e52a4217371b2af3af17e048143f78accab
data/labels/Ruokolahti/ruokolahti_DJI_0080_frame154.txt,38,233634d3a960c896f152965c690f2d5f11429db5196b32a9a469ea653a42376a
data/labels/Ruokolahti/ruokolahti_DJI_0080_frame155.txt,38,3975b2843c59e9a7d30b4218cba61cfea6605f68df7b0a6433de884969bfef55
data/labels/Ruokolahti/ruokolahti_DJI_0080_frame156.txt,38,d76f9b6dc0842423c88061a7744e3b7e89cfae2421c9761f4ac42897df39da57
data/labels/Ruokolahti/ruokolahti_DJI_0080_frame157.txt,38,437b1c5c2d431b6617125274e114320d5adb5944e48d9a585ba147133b3f6ed5
data/labels/Ruokolahti/ruokolahti_DJI_0080_frame158.txt,38,9dbe5a15422615389180f29e7f3dfbea372ff37acfa9125402bfe90c0d3dae22
data/labels/Ruokolahti/ruokolahti_DJI_0080_frame159.txt,38,b279c98f648736abc57b5721fa6beea4face4b4bc5665593239bc60fa8067d93
data/labels/Ruokolahti/ruokolahti_DJI_0080_frame16.txt,38,94d1fa8aa730d52f02dd26fccca45f4a9eccc5d1cf8d67e6c32b890eb4a3c943
data/labels/Ruokolahti/ruokolahti_DJI_0080_frame160.txt,38,1915102d6dc637ce514f4c4baa457790e4d3ff295b41619dc6784d6031948262
data/labels/Ruokolahti/ruokolahti_DJI_0080_frame161.txt,38,85448f91518437d96338f87d7c16a8be9c8fe391871f47a21122267df3e4f11d
data/labels/Ruokolahti/ruokolahti_DJI_0080_frame162.txt,38,69f93fec180687553a2b88c50ad3bb57ea9d07ea98058f9367ecacd2151d9a08
data/labels/Ruokolahti/ruokolahti_DJI_0080_frame163.txt,38,e18a4692bc8b7a2a1c7a0d5efed803ff9f25d12b6a6b23f41a156745efe25a20
data/labels/Ruokolahti/ruokolahti_DJI_0080_frame164.txt,38,0c8e2a4eb76c430cf655380aa874647ed2ea63bd19c7343d2b4c4a3b103ca95f
data/labels/Ruokolahti/ruokolahti_DJI_0080_frame165.txt,38,d37605dfdb29940092790853d5c40523036330321b3246f4bcb07b0db1a2592b
data/labels/Ruokolahti/ruokolahti_DJI_0080_frame166.txt,38,174aa9e8a51196472568f4df2b963cd1545d23c71a359484cef54dcd6a075c90
data/labels/Ruokolahti/ruokolahti_DJI_0080_frame167.txt,38,937332c3ad8d721dd3c91c848482cf3efa6bdc560e24096d144b0724cc02c1f2
data/labels/Ruokolahti/ruokolahti_DJI_0080_frame168.txt,38,ea239d884549cbf9f9dfd6c59a406dabd0ffdab160af48e00f0a6fa3bc9eada8
data/labels/Ruokolahti/ruokolahti_DJI_0080_frame169.txt,38,fce93e668ed7b214da86f4252238e255448011dfd80328e2980009a91f17363c
data/labels/Ruokolahti/ruokolahti_DJI_0080_frame17.txt,38,223911e622d418ce4f14674760f370fe22a4b24c9b92c87d524f6fcdf281a39c
data/labels/Ruokolahti/ruokolahti_DJI_0080_frame170.txt,38,39c9d3f159306db427b1945c327a54d1673d9f23a9fa51754a90efa6ddf4fe85
data/labels/Ruokolahti/ruokolahti_DJI_0080_frame171.txt,38,9d4674d470e3f8388f3795a59573c29797c68932678290ff1a60d0bf8b299a68
data/labels/Ruokolahti/ruokolahti_DJI_0080_frame172.txt,38,b526ae6115520ef44db43e314bf881ee1cb19c901a45de4e80ad23b7dff3223f
data/labels/Ruokolahti/ruokolahti_DJI_0080_frame173.txt,38,6bd0c443a0b7c1d59a7207d52949bf6096d4b8cd48e8a7ced1a93902dfcd2aeb
data/labels/Ruokolahti/ruokolahti_DJI_0080_frame174.txt,38,42a18f78485ec9d01810459de49db443aefbdf839b385ed05a034b277f18056f
data/labels/Ruokolahti/ruokolahti_DJI_0080_frame175.txt,38,23517b43d46fda3fd78742c27b55ea5346385ae646dcdeda0a4fa65a2166351c
data/labels/Ruokolahti/ruokolahti_DJI_0080_frame176.txt,38,48d08923e83f996ee93f92f243e1bed4868464c5d936c210a53c677b08891ef8
data/labels/Ruokolahti/ruokolahti_DJI_0080_frame177.txt,38,274236c7c21805e5f7658e49ec3d2c55c23cb53412e7174008fb9637511eb64c
data/labels/Ruokolahti/ruokolahti_DJI_0080_frame178.txt,38,65dcf91052ce7b9479b7a99b174212b57f0561f5332a2f7328e4097870ef1745
data/labels/Ruokolahti/ruokolahti_DJI_0080_frame179.txt,38,a683b47d514b17e3392f38785b7b5564fbd46232e850104e165cdf3dc189fe8f
data/labels/Ruokolahti/ruokolahti_DJI_0080_frame18.txt,38,8dad4fc054e22c5f8d13fcdf67517e0d49e0a2d63b9a0c17272857a6515c5bac
data/labels/Ruokolahti/ruokolahti_DJI_0080_frame180.txt,38,2a2f64a6255592416f98d802981cc9332ed7976c31718ac0973b597049d649ba
data/labels/Ruokolahti/ruokolahti_DJI_0080_frame181.txt,38,b71f035c5a62f4ca37cd9b496e572e445a65e22e4884a3db4e19d27452b71b4b
data/labels/Ruokolahti/ruokolahti_DJI_0080_frame182.txt,38,506581c1a563e008f8b3878a89b70ca7c7afbb0b2a823a254caee445a1c993d8
data/labels/Ruokolahti/ruokolahti_DJI_0080_frame183.txt,38,adabb5e937bd62b2e32600e5409d06d274e97c9deeac407b48993347dfca5765
data/labels/Ruokolahti/ruokolahti_DJI_0080_frame184.txt,38,48520dd2b3fd9b2b41e98d4f87ed30bc6bb4936652dfdcead8d5ef870e12891d
data/labels/Ruokolahti/ruokolahti_DJI_0080_frame185.txt,38,a10fc8990032a77987e6d4f1b40dd35c3b0460f35d62010cbd9a8d72973c43cc
data/labels/Ruokolahti/ruokolahti_DJI_0080_frame186.txt,38,87539db84bf9949485dc71650ea85b6544c3358421f13e9ed6ead161099d4c2b
data/labels/Ruokolahti/ruokolahti_DJI_0080_frame187.txt,38,df118ec7b95723fe04aa2988ecd928069b5ddbe95913f2e966fd49a23ce39201
data/labels/Ruokolahti/ruokolahti_DJI_0080_frame188.txt,38,6563427ca25fb08c98c0061ce9f64dd669d3fd8bbb6ab8ce91fad484ae2cb94a
data/labels/Ruokolahti/ruokolahti_DJI_0080_frame189.txt,38,047ec43e6c78cb356cac2a49764c3e82dd951a162605f686f9dcdb3014467995
data/labels/Ruokolahti/ruokolahti_DJI_0080_frame19.txt,38,bb13fd3dd71fbba5798a045d7815ecf2a880fe068bdb48b88060b7179d18e20e
data/labels/Ruokolahti/ruokolahti_DJI_0080_frame190.txt,38,8fd11d0b82f177375883d4ebe977d6e6430c2cd19fe62e85bfc386cb97930b7c
data/labels/Ruokolahti/ruokolahti_DJI_0080_frame191.txt,38,6b01057204d4dbea636ee7ecb4a7bf87919cf85199932bc39ba47cdeb189f8be
data/labels/Ruokolahti/ruokolahti_DJI_0080_frame192.txt,38,331cbeb0c3dd39d0313c991114e356c55f0a374fb703236ab833a819cce7cc1b
data/labels/Ruokolahti/ruokolahti_DJI_0080_frame193.txt,38,1a0c2b05e3768a17da4c45f97e10d7f4ffd79f8f4166d0c6ef8134023dbc9eda
data/labels/Ruokolahti/ruokolahti_DJI_0080_frame194.txt,38,72b1e988a90a579ade58b4d92913b324b2c64c8fd9b694f1db28e7ca67124087
data/labels/Ruokolahti/ruokolahti_DJI_0080_frame195.txt,38,103ebcf1670d4c1cf951dd31cf9f475f2511c4908beab92ed16f30083383a9ec
data/labels/Ruokolahti/ruokolahti_DJI_0080_frame196.txt,38,6c49c70c8e3eda6eb0f9f2c385f730c3a06816ab9b13feef8524134c6686624a
data/labels/Ruokolahti/ruokolahti_DJI_0080_frame197.txt,38,b3998f6f6c6c3f1c36171bdd389ee4835d7d4bd4d18d56b818eaf124b380741b
data/labels/Ruokolahti/ruokolahti_DJI_0080_frame198.txt,38,2da7b490a0f1bd6cb2adcf002d5f0dfc2804a00c8b5e9e7b7f346432e65e7975
data/labels/Ruokolahti/ruokolahti_DJI_0080_frame199.txt,38,ec7021b1d0de2564faffb9949ca428332bb33c22a855b709de7cfe3260bf2a10
data/labels/Ruokolahti/ruokolahti_DJI_0080_frame2.txt,38,f5451c27da0708770d21ee55baf6f104bdb6cff8a30eb2ae36d3a3c7ffccdb40
data/labels/Ruokolahti/ruokolahti_DJI_0080_frame20.txt,38,35616b4e09e228d72156b125b7636cafc62c5eddf9dd1c85ff25d6d667256ff4
data/labels/Ruokolahti/ruokolahti_DJI_0080_frame200.txt,38,c3c813a8145cceb9323aac416b8a03c55fbb48855e7b049ed6e3f64458f1207e
data/labels/Ruokolahti/ruokolahti_DJI_0080_frame201.txt,38,976ecfe9aeb292456353f0bc45c1a2eba264279c3d2ee7cb382c6c9d26d446a4
data/labels/Ruokolahti/ruokolahti_DJI_0080_frame202.txt,38,bb7d1ef41045f07cc347cf9dd0bf575e65eac0cd634cc6c559e00cc7bff8aed7
data/labels/Ruokolahti/ruokolahti_DJI_0080_frame203.txt,38,08495d90023a974c71fbbab01b1d8d01b0ba95af0e4b596f803521708a360327
data/labels/Ruokolahti/ruokolahti_DJI_0080_frame204.txt,38,2a9fa3acb5f8bda8d841423f81ffe218bbf0cdee6e60c31ae8a4d4a8146d9dc2
data/labels/Ruokolahti/ruokolahti_DJI_0080_frame205.txt,38,23eb1145d18d857756d650469127a24c75cabda88f62265e359a186d6e1a55de
data/labels/Ruokolahti/ruokolahti_DJI_0080_frame206.txt,38,f5d47863bcf12d214b8698fc227a3e63dc1b6ef12c02e7006aae4f8b29eab434
data/labels/Ruokolahti/ruokolahti_DJI_0080_frame207.txt,38,b32a26b94b87e79d748a0a8ecb22847a1d97694827e7fe10d075802c084c34cf
data/labels/Ruokolahti/ruokolahti_DJI_0080_frame208.txt,38,bf91b66bbe198a2e587417cba48fe5d4e19042fea57717c33409d2b1ac49329d
data/labels/Ruokolahti/ruokolahti_DJI_0080_frame209.txt,38,eca096e41c3f2c6b83827d7c738d565f200bd018522c30cfc84c94b7ca6938f5
data/labels/Ruokolahti/ruokolahti_DJI_0080_frame21.txt,38,cdc78e033d29d9f68e964de198bcd0e87cdcfdc08c68f07e66b6adfaf00fa040
data/labels/Ruokolahti/ruokolahti_DJI_0080_frame210.txt,38,1deac47e973c76ffa424aaf9776aa61cc016053696e37388116776128d142c1e
data/labels/Ruokolahti/ruokolahti_DJI_0080_frame211.txt,38,a1f979179286f59d9330ac5c7c1f444eb36936f5820d2175ee2676e30aca31f6
data/labels/Ruokolahti/ruokolahti_DJI_0080_frame212.txt,38,15f77a0cf2789855fce12eeb95efbc2201e6070a71ba38d9b51fc3e47a45bd40
data/labels/Ruokolahti/ruokolahti_DJI_0080_frame213.txt,38,7abb67cc0c60de7c379a3c753529f9c32f58559ad66c081a598315cb65ecc3e5
data/labels/Ruokolahti/ruokolahti_DJI_0080_frame214.txt,38,7f8e828ae09d1e1b24d8edec8444dca124750653a28131c03791ca6c220243ab
data/labels/Ruokolahti/ruokolahti_DJI_0080_frame215.txt,38,89182ea2f3151857f340486b073384b6fe2fe0320587e582ec9fb2a57464e50c
data/labels/Ruokolahti/ruokolahti_DJI_0080_frame216.txt,38,789eb77618959264875a55ae32e4b0dfc4922750c3bddd6a96d11067eccd1c9a
data/labels/Ruokolahti/ruokolahti_DJI_0080_frame217.txt,38,79323e89064fa4c959bfbf254c45812f2b9ddbbb3add8b56af6c16eb8da0e1d5
data/labels/Ruokolahti/ruokolahti_DJI_0080_frame218.txt,38,fecba7edc18a1d51236df9b59a6d9bb53a4ea6ee922a95ec209a053d400e0683
data/labels/Ruokolahti/ruokolahti_DJI_0080_frame219.txt,38,e2c4c13d686afafa1c5c8cb42d1550d031b6d1cf747dc49565c579c1dc96af58
data/labels/Ruokolahti/ruokolahti_DJI_0080_frame22.txt,38,80da4469552816aa37bf1faa7d22231f5fbd7cddd7caaa2d5f37af5e67ee5109
data/labels/Ruokolahti/ruokolahti_DJI_0080_frame220.txt,38,2512c44e49c592b46ba49f49591f9ec2ed805805d2bca37bbe40e87748acfb6b
data/labels/Ruokolahti/ruokolahti_DJI_0080_frame221.txt,38,92ebcec1b4aa5a590eabddd9095311549471d5edf70795c3a9d0ce0abd50ef5c
data/labels/Ruokolahti/ruokolahti_DJI_0080_frame222.txt,38,5b89b13be1b14712b5c8077939318381663c82c4c91fe9acd092842df5afbc3e
data/labels/Ruokolahti/ruokolahti_DJI_0080_frame223.txt,38,56c45c16e4f4fe297a50c1198b74d122a264505c986d42b80b6819aa7dff675f
data/labels/Ruokolahti/ruokolahti_DJI_0080_frame224.txt,38,6a4a90f52b09a6629f4416693e1a455cb405a8480e1bf889fd5e329517ea6434
data/labels/Ruokolahti/ruokolahti_DJI_0080_frame225.txt,38,c7b3c367b28881a7a7fda3d9af816980b99306aab4b3641834e9ffe093d91a13
data/labels/Ruokolahti/ruokolahti_DJI_0080_frame226.txt,38,2333f55461de8fc28d48b58d2a7340040ad1428d1e88e60bd71887f5599b0f1f
data/labels/Ruokolahti/ruokolahti_DJI_0080_frame227.txt,38,9ad9f3f33191493a0ecedcf21ff9a4765c01dee98ab5d065b14d387772c6fd3e
data/labels/Ruokolahti/ruokolahti_DJI_0080_frame228.txt,38,a609ff850f9ce69fa976cd56dcedd5bbb27403b26c00f5a3df59ef43d7b24b50
data/labels/Ruokolahti/ruokolahti_DJI_0080_frame229.txt,38,6a33ebfe04782db4734eead60afd23584337e71b80997783eff7758aca29feac
data/labels/Ruokolahti/ruokolahti_DJI_0080_frame23.txt,38,89fad6fe4018e2fa147a24cf6f909316135e44d4fcbcadf44ea7bef6fc6af726
data/labels/Ruokolahti/ruokolahti_DJI_0080_frame230.txt,38,567cee38744249ed48593d469dde6cb804775d318bddb89a8e4f332a13d94ca6
data/labels/Ruokolahti/ruokolahti_DJI_0080_frame231.txt,38,ce0ee2f42e21d4bde9e10bee3bf5197d094b3ac98a97ccf1aa15850b56321552
data/labels/Ruokolahti/ruokolahti_DJI_0080_frame232.txt,38,fa7b42c874663cbde14be417509e63893fc39f33a430fcd5a655b694a0867579
data/labels/Ruokolahti/ruokolahti_DJI_0080_frame233.txt,38,10f3f7758896c067dbb626b871738856f671b46ec00f2763742313a10e3c4c64
data/labels/Ruokolahti/ruokolahti_DJI_0080_frame234.txt,38,7aa364ffb9050b45d66e593dd009b23f8087836c141a977d58624d4531403386
data/labels/Ruokolahti/ruokolahti_DJI_0080_frame235.txt,38,7ff1831b4827a58a49fd28ea19eca23475de37a5cfa19c2cde95f79ad62e00ce
data/labels/Ruokolahti/ruokolahti_DJI_0080_frame236.txt,38,2b3392608c24eb339a3d5bf792c5ff50d699525696a1b91163df9fc8e9891461
data/labels/Ruokolahti/ruokolahti_DJI_0080_frame237.txt,38,4ba32d57c97a092ec12360189047f118fbf9e4aee180e7aeacff167d442bf942
data/labels/Ruokolahti/ruokolahti_DJI_0080_frame238.txt,38,30ab6ce9a1c31ad5077ef278f90c917eec39964220f69f05361dfb3ae110342b
data/labels/Ruokolahti/ruokolahti_DJI_0080_frame239.txt,38,2ef48b04c30b6c85839f7f0e641a7fd8dc2a46857150f84eadb244a5567ca203
data/labels/Ruokolahti/ruokolahti_DJI_0080_frame24.txt,38,e30c1b2e74b856f1030347a38476cef704247e4059dc63a63aa4b9af26362e83
data/labels/Ruokolahti/ruokolahti_DJI_0080_frame240.txt,38,7f94cbcb1daf7feea8c7b69112d518f5578f37c28ab75e19eafa6ca45c3d1fa6
data/labels/Ruokolahti/ruokolahti_DJI_0080_frame241.txt,38,a406380a0dba9556bd6f8b367c31e7ac9f8825606208952ca293148b1e2640de
data/labels/Ruokolahti/ruokolahti_DJI_0080_frame242.txt,38,1a93794da6c550174d4ecd73cad2a049b1f703090e96fe156b5969944008ab2d
data/labels/Ruokolahti/ruokolahti_DJI_0080_frame243.txt,38,4594d92f438087d2c9ff929f1bf9e8f40820abff517647fcb47940f2ff0776b3
data/labels/Ruokolahti/ruokolahti_DJI_0080_frame244.txt,38,3cb4e0c0d3627ba465f1ada8d51d0a552c28ec811778e519e3acfc4e60d4337e
data/labels/Ruokolahti/ruokolahti_DJI_0080_frame245.txt,38,ff4bf24fd8fa90c966b91d22cda469b6fcc97bd920fbb56cbec0f6768c876202
data/labels/Ruokolahti/ruokolahti_DJI_0080_frame246.txt,38,485a1f48c6d2bd15da036340f001e06b84cdf5bc95dd124bd9aef8c76cc63e41
data/labels/Ruokolahti/ruokolahti_DJI_0080_frame247.txt,38,3beb647ce6c0fa36ad2ddf518c1c3f2e08e04b43be5070d9be077cc86f0f509e
data/labels/Ruokolahti/ruokolahti_DJI_0080_frame248.txt,38,6a64bd0b05b139ebb569270cb4cc3e9b7bcc2338715cecfe98d3beafb5a0a41f
data/labels/Ruokolahti/ruokolahti_DJI_0080_frame249.txt,38,73d4359d168bf9aba71bb28d4abd8ff3794dde8527b85c98419d261a9d4ca1b4
data/labels/Ruokolahti/ruokolahti_DJI_0080_frame25.txt,38,3dbb702e249159cac41bdea41d8709881cebe565b672854f892df619060d819c
data/labels/Ruokolahti/ruokolahti_DJI_0080_frame250.txt,38,95497211379a68832bfad127d363851a39674522f182d7c3a7f930288607daf7
data/labels/Ruokolahti/ruokolahti_DJI_0080_frame251.txt,38,98d39a24ccb4f18c229d472515250a2e3102a1094afe4e33d14f71a009e9ba3d
data/labels/Ruokolahti/ruokolahti_DJI_0080_frame252.txt,417,fabad5277b2bc276fb49752c849ad7f65cb3cc5ca1a5cda1d4c822ac5e36b531
data/labels/Ruokolahti/ruokolahti_DJI_0080_frame253.txt,38,f97bb1d540e3a2686151c7e0d7de3a762d337fd761d1934e617228177246b982
data/labels/Ruokolahti/ruokolahti_DJI_0080_frame254.txt,38,03879acba6fd7c2e0c1c7f6dc31c21872c847c9a77cfe24e841dd4fd321ed5ed
data/labels/Ruokolahti/ruokolahti_DJI_0080_frame255.txt,38,103e06b1162fd41dae320ef2529484d08f9ff18efb94dcea8c828680f6e09427
data/labels/Ruokolahti/ruokolahti_DJI_0080_frame256.txt,38,c5983d3fcc70e88b51fed7de0a74d76accc14afc2001e4fd44b8a23df9adc710
data/labels/Ruokolahti/ruokolahti_DJI_0080_frame257.txt,38,99f6bea0414473924499f71296c61a06b4b8a448e1578a5469699acec7ed0b6a
data/labels/Ruokolahti/ruokolahti_DJI_0080_frame258.txt,38,bef6efa233bb03275a261fec1d20868d8c798c00571bf5d9a0185cc693876093
data/labels/Ruokolahti/ruokolahti_DJI_0080_frame259.txt,38,f61c39759699e41cb3083c9060a3c19e3ef7aa9471e6d4db91d8215bf695f3ba
data/labels/Ruokolahti/ruokolahti_DJI_0080_frame26.txt,38,acb49ee16b2e8d4f1947a5b73dacdcddbf8514bb8db26aeef4537d9fa6f080ec
data/labels/Ruokolahti/ruokolahti_DJI_0080_frame260.txt,265,5af99eb251c0c27412263edd574601b74eda5804978f1db240d48e7f407e4a83
data/labels/Ruokolahti/ruokolahti_DJI_0080_frame261.txt,38,bdad84e3b27449e72abef13bff89edc551897e94bd8a606acbfaeacfafc0e53c
data/labels/Ruokolahti/ruokolahti_DJI_0080_frame262.txt,38,7a43dea1ec05851701ec7ca38c5699aa0e7d298910b4df58b9ff872a49170ece
data/labels/Ruokolahti/ruokolahti_DJI_0080_frame263.txt,38,a19245b144bae566580315bc1b7aabba6bd99c215218dae21552ac0de22bd089
data/labels/Ruokolahti/ruokolahti_DJI_0080_frame264.txt,38,1a1d98893046bcb2fff9d2006fad74c73334661165818871b05c66210156dca2
data/labels/Ruokolahti/ruokolahti_DJI_0080_frame265.txt,38,f97a0786d283cbb9f8b8452dceba75cb710b7c8c1fec3950b352f8ce997a7ab9
data/labels/Ruokolahti/ruokolahti_DJI_0080_frame266.txt,38,87b97f30d044f109d0e5c8573580a4e4d654357175687d047d6460286bfea5f5
data/labels/Ruokolahti/ruokolahti_DJI_0080_frame267.txt,38,62d545b10ee351db20f69fee73ae72006f18de3c982a7263310af64b7aba887a
data/labels/Ruokolahti/ruokolahti_DJI_0080_frame268.txt,38,86b9085022c8c6dc962763f6840e5c7a0a0071b3c8eb935a08f59d63b679a34c
data/labels/Ruokolahti/ruokolahti_DJI_0080_frame269.txt,38,fee7630c87cf6465fcab16c488d87920f57834078729e1d8bc73cc5977f1d1ce
data/labels/Ruokolahti/ruokolahti_DJI_0080_frame27.txt,38,c2e99c1cd6709bfd7671d90693001cfb30a3a881f2ae27abfba80116d75da1ec
data/labels/Ruokolahti/ruokolahti_DJI_0080_frame270.txt,38,61da9fe947ca990dadfbd11dac5039785af936ea93887fef16b22b980109fa96
data/labels/Ruokolahti/ruokolahti_DJI_0080_frame271.txt,38,740ca812f90b99ed1c59030cfab18232086f30ca2a57829026d70c3fdad65c70
data/labels/Ruokolahti/ruokolahti_DJI_0080_frame272.txt,38,36993a5e3b93db9d59622d657633804c690f43338a0826f5cb22ad3f634e3d1f
data/labels/Ruokolahti/ruokolahti_DJI_0080_frame273.txt,38,07397d65afd669ae3d99dbd79b5cd574249d5c7d5c791e3ec3c60409053f84a7
data/labels/Ruokolahti/ruokolahti_DJI_0080_frame274.txt,38,1a3c2b9aa1b67c2fe6b6bb47114d24be53bcb361559969e326e6993c8f4ecd1d
data/labels/Ruokolahti/ruokolahti_DJI_0080_frame275.txt,38,3dcbc1ded8de7730776a1435c71befa3b380176d753c5be61504471afbbdf77a
data/labels/Ruokolahti/ruokolahti_DJI_0080_frame276.txt,38,677f879402a8a57ab237f363376669eca252ad1fa2b061c7ee5300df31dd2795
data/labels/Ruokolahti/ruokolahti_DJI_0080_frame277.txt,38,afa6a7352b09dd46e315015428811739311dfa6e4e2c413e1d3a58b89a1ae111
data/labels/Ruokolahti/ruokolahti_DJI_0080_frame278.txt,38,ac5e44da4c5bce3433f84ac6344c84341d901f80bb6bad5336b9f0ec2e62ea0d
data/labels/Ruokolahti/ruokolahti_DJI_0080_frame279.txt,38,7a46311aa09815919f32d89ddae52fcdce53c690f4bd30809f8fe35637b6cf4b
data/labels/Ruokolahti/ruokolahti_DJI_0080_frame28.txt,38,ff1d69d638f5410280495d21cb5a5ac1f16e8a81dfebb13b50d1e0908d33e30a
data/labels/Ruokolahti/ruokolahti_DJI_0080_frame280.txt,38,db4166519239b4c290465677d07063f4a718242970491f115bc248dcebd3baca
data/labels/Ruokolahti/ruokolahti_DJI_0080_frame281.txt,38,a800e2932fdbd940217950db754684d20ed1863b31ec723149f8428f8b2ddc78
data/labels/Ruokolahti/ruokolahti_DJI_0080_frame282.txt,38,5762e40a8fd42a404a94ba9e6c4602072b20f22535f0f0e635301ddaf7345bc1
data/labels/Ruokolahti/ruokolahti_DJI_0080_frame283.txt,38,785c89adfa64aa17f685ca31196d4eb0a927985e323a3b90eac5aa5e0e307236
data/labels/Ruokolahti/ruokolahti_DJI_0080_frame284.txt,38,9807cd036121e9989c2cc1668f5c03e43c3b9c9ed458d6c6e0fbcf314a78ce53
data/labels/Ruokolahti/ruokolahti_DJI_0080_frame285.txt,38,78499a1e4e2af3a92e57c30dc0a332be409d9f9d4ec25227baf6376e2a0edea6
data/labels/Ruokolahti/ruokolahti_DJI_0080_frame286.txt,38,d25a94e7ef8b41d5db34111e443a3b88cb2c0b9e730a8978dcf6f0efad28b7d6
data/labels/Ruokolahti/ruokolahti_DJI_0080_frame287.txt,38,3244dbe367458a9b258b9e6576d63301ce5604ac4ab230fa58f60550a26cc13f
data/labels/Ruokolahti/ruokolahti_DJI_0080_frame288.txt,38,37d9d5b216320937e9bd87bc3ec7d8e50b3123bd68a94216aac5a0a5c300c0db
data/labels/Ruokolahti/ruokolahti_DJI_0080_frame289.txt,38,a70d779d566259b6a9d6ac04048be0a768734ee77a94922b7cff21f740729cdd
data/labels/Ruokolahti/ruokolahti_DJI_0080_frame29.txt,38,dfc9b620bd53d4508fd861c42059b5936bf0e1b9ae40248ee4d5b14b95112817
data/labels/Ruokolahti/ruokolahti_DJI_0080_frame290.txt,38,d34add3051ebab309319f940152fc1235aae38d0ae73e3ceef405507b969cb77
data/labels/Ruokolahti/ruokolahti_DJI_0080_frame291.txt,38,835bda9c59692f97778d919227894e5ecfbfb4d0f046f01651a06a7bb7f506bd
data/labels/Ruokolahti/ruokolahti_DJI_0080_frame292.txt,38,89b8bfdfe15aa69d914fa2df01eb850d6736c0ad431f14ce71b243ea483a147f
data/labels/Ruokolahti/ruokolahti_DJI_0080_frame293.txt,38,625ed6061dae088f23270469e2fe39ee05ac4855bca33f24dccbe230bc1d6e33
data/labels/Ruokolahti/ruokolahti_DJI_0080_frame294.txt,417,03caa5410130ee352e129b2fd83dd6baba2c3fa0e31c2a22a09b7a37f855c738
data/labels/Ruokolahti/ruokolahti_DJI_0080_frame295.txt,38,d01cf5921130c2842400e24f1ed387e10cb34dd30acbecc7cee398b9f638d970
data/labels/Ruokolahti/ruokolahti_DJI_0080_frame296.txt,38,07299f14c955ed042bc8e50e08ca0555bd07ad9866a4930f89936f950f52ba76
data/labels/Ruokolahti/ruokolahti_DJI_0080_frame297.txt,38,63994e486717aa16d2c9158d66c609fef2286ad8537069508a86b331a2d78045
data/labels/Ruokolahti/ruokolahti_DJI_0080_frame298.txt,38,2f89e3f952aee550ce5be093596f3506c4e8127ba20bc094bd9de31d3fd25131
data/labels/Ruokolahti/ruokolahti_DJI_0080_frame299.txt,38,ec33c3de90379b42ac615132c52672101adb127171691a95ae355e35298bb518
data/labels/Ruokolahti/ruokolahti_DJI_0080_frame3.txt,38,9430d4b479fc85513b8563a71a4489874c71b7463c731dade2fc135581649439
data/labels/Ruokolahti/ruokolahti_DJI_0080_frame30.txt,38,899cdeb971b72c52aa6e5126ca4fb4354e86b2844a2b7a3c93d2faee3fab6be8
data/labels/Ruokolahti/ruokolahti_DJI_0080_frame300.txt,341,997df8be379ae78ad28a7c9c7966f68e12ab5f04f07acec9abf7b67d2e55d95b
data/labels/Ruokolahti/ruokolahti_DJI_0080_frame301.txt,38,6e6f854fa2bcea9d1373655fca34ce3fe2e3d3c80565eac36761619a9e7e9be2
data/labels/Ruokolahti/ruokolahti_DJI_0080_frame302.txt,303,32cf4732e762d563acc8ac754804cbb7a5eab0f442d74985b7fe904908d0cb28
data/labels/Ruokolahti/ruokolahti_DJI_0080_frame303.txt,38,44a9000ab10084f38433916326d407ff42f0892d04f6af5c901197e1af6d0a66
data/labels/Ruokolahti/ruokolahti_DJI_0080_frame304.txt,38,74aa3dedbe6467beae1c1cdd87c92e6d0cbdc39690c4a55f35d6f78e038aae79
data/labels/Ruokolahti/ruokolahti_DJI_0080_frame305.txt,38,bf8ab2f0b655750b29e4c8f0aa6ce8409710dbef2c50787e33b8ddfc02cec676
data/labels/Ruokolahti/ruokolahti_DJI_0080_frame306.txt,38,5c938bd2570ab29882b32235f3928847f50da91a8386849f1e868be8ec921ffd
data/labels/Ruokolahti/ruokolahti_DJI_0080_frame307.txt,38,16766456e601f71d9d0b5efc7add0bf48f8cbeb6054ac26254f3314b32d23990
data/labels/Ruokolahti/ruokolahti_DJI_0080_frame308.txt,38,3ea7f2da9f9652e25ae1f628a64c0fcd1ea444b200ed28d06a34aa2c3dcdb50d
data/labels/Ruokolahti/ruokolahti_DJI_0080_frame309.txt,38,81568d1f3ed0d1fbde7b65e56005d8628cc12ce323be747c220633d4c18630cd
data/labels/Ruokolahti/ruokolahti_DJI_0080_frame31.txt,38,5656863c116f3b6bacdf61cc4aa9fdb28042deb09a9725744283822e4e4571db
data/labels/Ruokolahti/ruokolahti_DJI_0080_frame310.txt,38,6313b31490475d9ee771e6c657ba981bb8e47451dfc0ed9bd49ca8cdc0dcf00e
data/labels/Ruokolahti/ruokolahti_DJI_0080_frame311.txt,38,df98f3cdf9d5241c0db73ca21bedbf90dfe625c34273166151021a82cc87c5eb
data/labels/Ruokolahti/ruokolahti_DJI_0080_frame312.txt,38,6e63f9f3e01067f1501308c6cbd4833ef73de867d125f724ede34eafacdf8495
data/labels/Ruokolahti/ruokolahti_DJI_0080_frame313.txt,38,59297556a2652a4652ee6fa432dab6face9cf7e99634b6e1ff250e423af30879
data/labels/Ruokolahti/ruokolahti_DJI_0080_frame314.txt,38,d0ce635b8cdd11c8f53b2c345836b035505bdd4afaab0e78992ecc24abe4b8de
data/labels/Ruokolahti/ruokolahti_DJI_0080_frame315.txt,38,e3b9738e96b8088d6baed651a1d4e860195666b31aadb9f8ff5e1df224fc8e56
data/labels/Ruokolahti/ruokolahti_DJI_0080_frame316.txt,38,68290f09c499cff83b457baa7c73427b2d4fb1df6045c2b692d8f5971b70c076
data/labels/Ruokolahti/ruokolahti_DJI_0080_frame317.txt,38,181bb00d776dd9aaa40968a866631ba4253b73f49da550b20982cb9b4b2cf9c1
data/labels/Ruokolahti/ruokolahti_DJI_0080_frame318.txt,38,6408d86be40f3f640471ffb1b6f9d026299ff2da7933cc5fb18267219b1c979f
data/labels/Ruokolahti/ruokolahti_DJI_0080_frame319.txt,38,8d7dea993455520ecb2e79e24113c2bb4790e89dec1a73e946ae1260414ba79f
data/labels/Ruokolahti/ruokolahti_DJI_0080_frame32.txt,38,83e4c58b9a925bbbc8fb658d63ab8537d672b96e3a2d4fd76a5a76444d60adec
data/labels/Ruokolahti/ruokolahti_DJI_0080_frame320.txt,38,c2932cf7117c6c6abfb56a7785989680128d75c6e0f9c9317279c09f7fbd6891
data/labels/Ruokolahti/ruokolahti_DJI_0080_frame321.txt,38,a1ff9e9ebfee18eb23c706542c3b09d34311277f9069519db953888518d310cb
data/labels/Ruokolahti/ruokolahti_DJI_0080_frame322.txt,38,597148447b0ecae4aad5da60b6e13ce16b56e521777b01e5c127c390e3bdf7c4
data/labels/Ruokolahti/ruokolahti_DJI_0080_frame323.txt,38,dcf51849ac6b1c50d8894c773982d83a98e5fcf344ff825d911ef8f93173392c
data/labels/Ruokolahti/ruokolahti_DJI_0080_frame324.txt,38,79580d1037a3e82f28a0ae8a5e5e3a0a77a070c8d19a4ad77f8448071822f4fe
data/labels/Ruokolahti/ruokolahti_DJI_0080_frame325.txt,38,1bb0e6a0dd081c23d11c6a0ae4dfd0cf62870eb7b9e50e144bfcc71628340ab1
data/labels/Ruokolahti/ruokolahti_DJI_0080_frame326.txt,38,c7be45cefe268341db41773d688eaac6d066f478290c8176449e445ead80edb6
data/labels/Ruokolahti/ruokolahti_DJI_0080_frame327.txt,38,f992d70938c6adb4bbae951fe5f5fcf69116189351d03e9a1976c4e0e8b3dabc
data/labels/Ruokolahti/ruokolahti_DJI_0080_frame328.txt,38,2977119ca5833b30c7c995266eb6dbaa952bd450f9fb12c9f0571228f242b42e
data/labels/Ruokolahti/ruokolahti_DJI_0080_frame329.txt,38,b258a7cec6afe9167a8e41ae8f36409fd576f5393f14f6b02f65f060ab9a2884
data/labels/Ruokolahti/ruokolahti_DJI_0080_frame33.txt,38,ac2ec3ebad21ddb347bd80d51fb958d645d5d9239e7585d8d44fb811feacd2eb
data/labels/Ruokolahti/ruokolahti_DJI_0080_frame330.txt,38,f97a0786d283cbb9f8b8452dceba75cb710b7c8c1fec3950b352f8ce997a7ab9
data/labels/Ruokolahti/ruokolahti_DJI_0080_frame331.txt,38,92acf23aa58774808ce29efaff3f1dd470d2227f726ee6bafc409a0730d44644
data/labels/Ruokolahti/ruokolahti_DJI_0080_frame332.txt,38,dff12e1e3dde812ba30af60c2356b20debdba2898dd0aaba2aae67ec3ad772a6
data/labels/Ruokolahti/ruokolahti_DJI_0080_frame333.txt,38,c945e09b9bf5894fbd9c2c020019cefe875cf6b8ca7ec5f1dfa5d75cfbf79bd0
data/labels/Ruokolahti/ruokolahti_DJI_0080_frame334.txt,38,7cbeae943c8017f72c01865bdc80da7d32d3dafe673d8ec115b91c8b2c6d85eb
data/labels/Ruokolahti/ruokolahti_DJI_0080_frame335.txt,38,13d3977e93b50df5a39ac68c8c8a3797948a971d02955858b7aee646cb8d81e9
data/labels/Ruokolahti/ruokolahti_DJI_0080_frame336.txt,38,1c2d2304944a482a0d708c72c4cb86cfbd6fe5dca1835136b56b1862ec5f6f70
data/labels/Ruokolahti/ruokolahti_DJI_0080_frame337.txt,38,b24765e3cd81459be52fc4ceb41a9775f23a8297252e12bda299c1e04cf67d63
data/labels/Ruokolahti/ruokolahti_DJI_0080_frame338.txt,38,28c625491e09631ba9bfa50c8229d8aa3b2fa220124de2681b40f7c46880a6ba
data/labels/Ruokolahti/ruokolahti_DJI_0080_frame339.txt,38,a0305178a889f8d0554ab894832cdc1af9a96d554d8074a7dbc1702767ae012e
data/labels/Ruokolahti/ruokolahti_DJI_0080_frame34.txt,38,925ae221d1177f282f8694487c1ab0f59024aac43b3f325a9e240ba2e4ab1e4d
data/labels/Ruokolahti/ruokolahti_DJI_0080_frame340.txt,38,81c03d7ac20c51a42135d44f577c34cbf016b3eaa38fb4fbd0c1ec32b1ec5e7f
data/labels/Ruokolahti/ruokolahti_DJI_0080_frame35.txt,38,3bf6d7b8352b5b7a70dc734c11211b9788903b1db81b85899906469af6c694b0
data/labels/Ruokolahti/ruokolahti_DJI_0080_frame36.txt,38,20608c04f119cef2b8a8606bc8c383e45af2930e7a931a0e6825388873d1423f
data/labels/Ruokolahti/ruokolahti_DJI_0080_frame37.txt,38,f993eb6ad99bf4dfb06ffd08ac941c5d0a618f54d02e7054d7228bbf04cef777
data/labels/Ruokolahti/ruokolahti_DJI_0080_frame38.txt,38,ebb2420a6b2bf32da81a486d0731166cecd70b92634aefce762b7379dc09c307
data/labels/Ruokolahti/ruokolahti_DJI_0080_frame39.txt,38,4d7b7ed1d1ade32cac5d00c88c550db68f3eada400132795ba13deec6d9b61a6
data/labels/Ruokolahti/ruokolahti_DJI_0080_frame4.txt,38,539f3fc0ee3f325565d53ec582978eddf033bdd3358486586c849c0d70e3cd28
data/labels/Ruokolahti/ruokolahti_DJI_0080_frame40.txt,38,db58f55b6a203c6d1ce929784ac75e938ddd6ed7071eae652d4f71f6aa0e3b6f
data/labels/Ruokolahti/ruokolahti_DJI_0080_frame41.txt,38,9e99506dc472efd15ccbbfbaa17fab812539f40a7d7e611e853490d6297a1d39
data/labels/Ruokolahti/ruokolahti_DJI_0080_frame42.txt,38,4ee24b77fab98507cfe8c42917ae4d1a149e0b84b2a078a18735fa68ed941e47
data/labels/Ruokolahti/ruokolahti_DJI_0080_frame43.txt,38,69bf6abd0bfa8521a70287152861a2e6db71ef8ac8901a36b9f585331f23f19d
data/labels/Ruokolahti/ruokolahti_DJI_0080_frame44.txt,38,411ca650a0034c690419cdfeb21cc6691cf5ac55710f7808107b9c9789da0364
data/labels/Ruokolahti/ruokolahti_DJI_0080_frame45.txt,38,8890aec2e32f0c34609b5698c2ed77be036c29bdb03f132c88c894da68ec707c
data/labels/Ruokolahti/ruokolahti_DJI_0080_frame46.txt,38,a9aedb9ebf4c31a6f343095efef90f6a2ab0c18709ccc58182d3c8c077598b02
data/labels/Ruokolahti/ruokolahti_DJI_0080_frame47.txt,38,58b569c5b4a37297c0152d206116c822def4797a98a6cf59329618aa3fa3f480
data/labels/Ruokolahti/ruokolahti_DJI_0080_frame48.txt,38,9ae7693850ba66e752c87ea670a25ac6d6fec23fce682cab1ab294d7a3f0cc99
data/labels/Ruokolahti/ruokolahti_DJI_0080_frame49.txt,38,f85b73ae2c1e8bcd06cb039d334f1e0a33be786241b673e030ccd5ccf7f72c21
data/labels/Ruokolahti/ruokolahti_DJI_0080_frame5.txt,38,cb568c60db735789323af6ac049f094feb46b54d46317ccf7cacc377244de469
data/labels/Ruokolahti/ruokolahti_DJI_0080_frame50.txt,38,7e467af7d8df99ee0d6da54615c450ffa28eb09567c56bbd7925d50826176729
data/labels/Ruokolahti/ruokolahti_DJI_0080_frame51.txt,38,646fc4c35ee7e0694df76e9abceeded03e20ff5630131af7dc89a7c4eeb585f1
data/labels/Ruokolahti/ruokolahti_DJI_0080_frame52.txt,38,2d56de4a285cf35dc365f4cc938c33e0c70865207cf5b5b81dc89764dfe7f234
data/labels/Ruokolahti/ruokolahti_DJI_0080_frame53.txt,38,237cfee9ab42a966dbc6795dd261185759eef5999c87952bbb03354c057a2b76
data/labels/Ruokolahti/ruokolahti_DJI_0080_frame54.txt,38,23867abbc60c4a5cddc4bb12f7254bd642fd277e78cfcd5810223178594a4754
data/labels/Ruokolahti/ruokolahti_DJI_0080_frame55.txt,38,045f870e60cb7f6b4b9e4a5a8034c0ab19308ed10cebc72e760a98a151f98fb0
data/labels/Ruokolahti/ruokolahti_DJI_0080_frame56.txt,38,7402112a5c25d47f6a21b38f77b56504e7d1ff7b739fb5d18b4ef133e5935326
data/labels/Ruokolahti/ruokolahti_DJI_0080_frame57.txt,38,312cace550dbd402719a99300883546fb6cbfab665495c3dc4cf12c5d2089453
data/labels/Ruokolahti/ruokolahti_DJI_0080_frame58.txt,38,2e6c2fb8e91c4d24a16f5dc7b9c610077e0f53de387b640e1edd595a74fc6b54
data/labels/Ruokolahti/ruokolahti_DJI_0080_frame59.txt,38,dad1e7a9abf7284f091f49613f716cdc48c6a1ca3135b0a829175675e9af69dc
data/labels/Ruokolahti/ruokolahti_DJI_0080_frame6.txt,151,202d0ad610ab9b6ed2f6e92f340d61a9bd99a3524498c22a8c5b17e0f1eb8a67
data/labels/Ruokolahti/ruokolahti_DJI_0080_frame60.txt,38,a9029ac323f386c0cba71b2aa28abe305abb2565b44843d74458397d63c4ba2a
data/labels/Ruokolahti/ruokolahti_DJI_0080_frame61.txt,38,83cce3d0289bc5e4053a68ede2126f3e3b8778926a6539ec5e18a76a11f7af99
data/labels/Ruokolahti/ruokolahti_DJI_0080_frame62.txt,38,c0d801bb4a60603bf369300da26b54441ab90cf7b301c211340f9c8903f0ddd3
data/labels/Ruokolahti/ruokolahti_DJI_0080_frame63.txt,38,aa6e440893ca6fde3d55a97a7201a321c90294d623e7a70ee05f271159b2af93
data/labels/Ruokolahti/ruokolahti_DJI_0080_frame64.txt,38,492931d7cf9a154aad9957a915ad69bf3f41991a37f8ce3555c75a0b2704e784
data/labels/Ruokolahti/ruokolahti_DJI_0080_frame65.txt,38,b74c1359d3e8ca13e1b4ca52d05ab45b50bf601a371cace97322da98b13fa453
data/labels/Ruokolahti/ruokolahti_DJI_0080_frame66.txt,38,d32b7e1b0167e978275fe6cb9a015635f50e3714807b1033a360f0e4bda42d94
data/labels/Ruokolahti/ruokolahti_DJI_0080_frame67.txt,38,76159bdcfc55f28509daf1e6b6f12c022b8b511f3aa3614c2206e9caca16786c
data/labels/Ruokolahti/ruokolahti_DJI_0080_frame68.txt,38,e117eee62a86306fda96e8939de51f27e19db0528b197deff9cb651f6a8c6c09
data/labels/Ruokolahti/ruokolahti_DJI_0080_frame69.txt,38,d95c36d5032a38c1f9cac6e5209196db5030b4e00cb3ab1f987a1d862492dfa3
data/labels/Ruokolahti/ruokolahti_DJI_0080_frame7.txt,38,fe1effd35c72737928d3b70eeeabdad1751aee20dc3f0c0abbad6a3777213271
data/labels/Ruokolahti/ruokolahti_DJI_0080_frame70.txt,38,da403b8412afd8d4e2cc1ccdaef9146bf10963ff20e04cc89e5c592ea92226d9
data/labels/Ruokolahti/ruokolahti_DJI_0080_frame71.txt,38,88f18be98b87d59236a3701845b12dd5487d145b4b91ec045dc36135294dbb66
data/labels/Ruokolahti/ruokolahti_DJI_0080_frame72.txt,38,f7daadec7e987c92cb9c33770d76d9790842009d0aebd02580ae532ea2ce949f
data/labels/Ruokolahti/ruokolahti_DJI_0080_frame73.txt,38,f09c2931b16ec511b13e1c0d55d4b8e4b0bd2573e34201b370d006e49155e430
data/labels/Ruokolahti/ruokolahti_DJI_0080_frame74.txt,38,c2f5650f7fcea6fcf60db7b8488d5aa899aca77cef9e5bff35e5f5ded247dc51
data/labels/Ruokolahti/ruokolahti_DJI_0080_frame75.txt,38,127ecc2ac4ffa8df80826cf6d30ccb10e0b155664d69dc837a20d42ade26e65d
data/labels/Ruokolahti/ruokolahti_DJI_0080_frame76.txt,38,38f355f1f01f18e4843fc337ac9de157fd4282999eb659338d742e931be0cd33
data/labels/Ruokolahti/ruokolahti_DJI_0080_frame77.txt,38,6c6cf818606a95a038d1e31b275499ab3ce99253252e04c36e8760c4d880e2b4
data/labels/Ruokolahti/ruokolahti_DJI_0080_frame78.txt,38,4c6246eda94c6971f6fe95d37da411a7d85090c28ee2b918bca182831b6cb4ee
data/labels/Ruokolahti/ruokolahti_DJI_0080_frame79.txt,38,3c5fc76c8c7d66cef211722ee6f81d0c20b9f7837cc6ef9363b24a97a3a6a354
data/labels/Ruokolahti/ruokolahti_DJI_0080_frame8.txt,38,0164217f909b89faf7c2598c7425e0f25a8c370eb591f0d2e20b7f6c60c421ea
data/labels/Ruokolahti/ruokolahti_DJI_0080_frame80.txt,38,38cdc7a74fd2f94b8107d6980179abb6b09d6ce5b06af1da8df9e23f2632f362
data/labels/Ruokolahti/ruokolahti_DJI_0080_frame81.txt,38,29543875c123950670687817479a7574cda187a151631294f148f096c89bcc1e
data/labels/Ruokolahti/ruokolahti_DJI_0080_frame82.txt,38,77a59488b16b0093177a1ba62dbab044b751a0405ee3da0b3d9b6c2c78073bd3
data/labels/Ruokolahti/ruokolahti_DJI_0080_frame83.txt,38,816d1cc587c39f543df8468f8fcb7c6d92559bf9627b63d62341669999ea601e
data/labels/Ruokolahti/ruokolahti_DJI_0080_frame84.txt,38,c92b1fdf023f0908c861ef9a74e99252f0df8a604da2e4b02a43727e5d327b4c
data/labels/Ruokolahti/ruokolahti_DJI_0080_frame85.txt,38,80ffa29017ab98f79fe46e8d2084127c3ef5ca383d911a8f95768bd175cd8937
data/labels/Ruokolahti/ruokolahti_DJI_0080_frame86.txt,38,aaa7dabee882ce21ea3b15751383457189f874f84432c2c4d679b6df91222aed
data/labels/Ruokolahti/ruokolahti_DJI_0080_frame87.txt,38,306b72c5d1c2b933e56b8e27cdb9b41340fe488ca7e8413bbb8f6d5c9cee772b
data/labels/Ruokolahti/ruokolahti_DJI_0080_frame88.txt,38,844bfcbfc45a9334f1d02c82774eec28921986156683b206e172aa49f400df12
data/labels/Ruokolahti/ruokolahti_DJI_0080_frame89.txt,38,52d5adbecf7e1c70f51079f9c6757a8804c23ed5566f99419b6c42210984aff9
data/labels/Ruokolahti/ruokolahti_DJI_0080_frame9.txt,38,b1f35dbbd3a88bdb289752879fc800ea081eef9c66a8e3db2513d4f9a09e08f5
data/labels/Ruokolahti/ruokolahti_DJI_0080_frame90.txt,38,9f57498cb9a275c5c6cf6c0523438b3ea432d69523755e74840011bc0b88bacb
data/labels/Ruokolahti/ruokolahti_DJI_0080_frame91.txt,38,55205cd34d1509f56d1aa3d538eaf1d1ccf4a5f5f79252eadbc66b1097ad20dd
data/labels/Ruokolahti/ruokolahti_DJI_0080_frame92.txt,341,3dc5a82b85aa0f293bf420a0d2dc918d5ced8beca1887bee182310e69cfd6226
data/labels/Ruokolahti/ruokolahti_DJI_0080_frame93.txt,38,f9c4da280afce466ec4838f6853f44251b807a9f401a7c2a2c964155347a7823
data/labels/Ruokolahti/ruokolahti_DJI_0080_frame94.txt,38,36e42a1446ab9288d97642b9df01f4e085603ac1e5c6ed8cc0136826833953e7
data/labels/Ruokolahti/ruokolahti_DJI_0080_frame95.txt,38,0dedf351b0ce5724c00ac1e3471188e2c0c08edd3c8c2af0b9f57943d10cbd88
data/labels/Ruokolahti/ruokolahti_DJI_0080_frame96.txt,38,a7926b5fd502935d05d5b03a019b51db2c2427ed2741bb910373a58e7a57e75a
data/labels/Ruokolahti/ruokolahti_DJI_0080_frame97.txt,38,2d5a71cd967f43c9654471d4cd60b238e5e0524b86f5da7e34c361d6a382ef32
data/labels/Ruokolahti/ruokolahti_DJI_0080_frame98.txt,38,e375141aa6fa9c3d202d7cf1f2e206f9e52c829240de1b02e05a18f0f4e1d126
data/labels/Ruokolahti/ruokolahti_DJI_0080_frame99.txt,38,5c8391186858ace1130aba191f1944aa0ed6cbb27b63e12158e9d62751d4369d
data/labels/Ruokolahti/ruokolahti_DJI_0081_frame0.txt,38,34acbcba7ba43c7f6bb5ab643ae90921556b58f14831683976df1da67d75e97b
data/labels/Ruokolahti/ruokolahti_DJI_0081_frame1.txt,38,af9863adbe29eed9e03ef0b7c2d6ac18b7eb4694bf9cbf36dfccb82bf2b2fa77
data/labels/Ruokolahti/ruokolahti_DJI_0081_frame10.txt,38,67bff41d6e8905bdf4f8c1bf7408a01db9ec8c03a74896936f89cd992d95d72c
data/labels/Ruokolahti/ruokolahti_DJI_0081_frame100.txt,38,5e0be7409a2417e730d9a22fda538f9a8d5249cd46cec97be7ef0d3260c4d759
data/labels/Ruokolahti/ruokolahti_DJI_0081_frame101.txt,38,48510d31ea6a6e68c63c51a5f60e98e180f2d5ee76cb76afe9bdb302e7952c7e
data/labels/Ruokolahti/ruokolahti_DJI_0081_frame102.txt,38,2aa9b839919c4dbb4fd6440d9827482f8a2424ca2723db1ca7d1a27f3d16264f
data/labels/Ruokolahti/ruokolahti_DJI_0081_frame103.txt,38,7a0542e06809cfdec8a7293efd1be42122b7597a50ac38f4f9df731b9efe7433
data/labels/Ruokolahti/ruokolahti_DJI_0081_frame104.txt,38,4659d0d3afbae73141be0f4c957b361660b266dee1b2e98925b380e4dab12f8c
data/labels/Ruokolahti/ruokolahti_DJI_0081_frame105.txt,38,a34c0e14491fffab63b5c799fc53b1f4eee57a48143d3f6d3e6be658782574cd
data/labels/Ruokolahti/ruokolahti_DJI_0081_frame106.txt,38,fb03827f7317fc58dc54c704e081dadb5ffc2ba71d787937079b96def48b2254
data/labels/Ruokolahti/ruokolahti_DJI_0081_frame107.txt,38,948e9029a35a87e91b347ca3b94401694281991167c48b47a2ec0f8002e0fa4d
data/labels/Ruokolahti/ruokolahti_DJI_0081_frame108.txt,38,8b25770353d5000b1f6abfec906db30bc0b5fd68aa262f4def3f45ec96cc8df1
data/labels/Ruokolahti/ruokolahti_DJI_0081_frame109.txt,38,5a3c217b8f62e14d7f6c4c3c56565c90b03d3fde25faf820a5d01f97711db7ca
data/labels/Ruokolahti/ruokolahti_DJI_0081_frame11.txt,38,b8322a06d2581a0726e140aa6e52f6c39113a54154ab5acf8b8d98887770307b
data/labels/Ruokolahti/ruokolahti_DJI_0081_frame110.txt,38,a019fbc937845dc622cc2e0d6045ad4d425cf61b62f8210de32a8727a415c5e1
data/labels/Ruokolahti/ruokolahti_DJI_0081_frame111.txt,38,9473342c44cb505dd56b858873a421cf669c0833ca80014e1065ab5a8f48b6ef
data/labels/Ruokolahti/ruokolahti_DJI_0081_frame112.txt,38,9cfa7d322dc8b17462614a742d990082d6967f84a70d7956f6ed13af68ffb821
data/labels/Ruokolahti/ruokolahti_DJI_0081_frame113.txt,38,51e987441cba1080511a3c9dcf38e763d7ea1ca2c6aec8a9da0f1ccc8dc44e32
data/labels/Ruokolahti/ruokolahti_DJI_0081_frame114.txt,38,85797b9ab6fe1e3937d91c39938aaaceed1855f82cff9d8f201427f77d961797
data/labels/Ruokolahti/ruokolahti_DJI_0081_frame115.txt,38,d2867390befd9c94ea07593e59ea37e093e302d6880bcb47f1e0fc65e3654d0a
data/labels/Ruokolahti/ruokolahti_DJI_0081_frame116.txt,38,43fcda66724b8ffd8e69713f07a0eb9b1bc4825545bcfd66c24d7e51cd56627b
data/labels/Ruokolahti/ruokolahti_DJI_0081_frame117.txt,38,40d11885a818f26a6bd2cae64a28007e6daab42e25e13067f9d472e04e4f1d92
data/labels/Ruokolahti/ruokolahti_DJI_0081_frame118.txt,38,a2fdd5f7ec64bbe723005748e3d1627834b9ab5e82f1b5b9f94727e4c1980cd8
data/labels/Ruokolahti/ruokolahti_DJI_0081_frame119.txt,303,5c31daf3d16e6f0cf67701c5218e3f5180e8e61182d519fbc613644013495871
data/labels/Ruokolahti/ruokolahti_DJI_0081_frame12.txt,38,aedcbf7901849671b7afc786b31745d511fa5b4926640397bce56f69035becb0
data/labels/Ruokolahti/ruokolahti_DJI_0081_frame120.txt,38,31f7358701cec017cceacd17cf7792315afeff0353c5180223cd0644c9ae2d03
data/labels/Ruokolahti/ruokolahti_DJI_0081_frame121.txt,38,fe0fa7d002e2e750b69b0b09f107472241343894795be165ec203be5975b822d
data/labels/Ruokolahti/ruokolahti_DJI_0081_frame122.txt,38,c4b9fead026ddab6a4a25bea31594e5f0daa00fef89d08c400ff340d6770d94c
data/labels/Ruokolahti/ruokolahti_DJI_0081_frame123.txt,38,36b5ec1be24d814cd9c3732b195f2a62699ef91e4a146bb07ba81775579859fe
data/labels/Ruokolahti/ruokolahti_DJI_0081_frame124.txt,38,466e5e4e1328ed53e3fcd8961dc41026416096beb7459714957a487f26b1bbf6
data/labels/Ruokolahti/ruokolahti_DJI_0081_frame125.txt,38,8bdc7b1f9aa0ac9f39dbcf9f90bc5440e7a1953cbf88f34518e9e62b332b28b8
data/labels/Ruokolahti/ruokolahti_DJI_0081_frame126.txt,38,556da1208231e4f70eb45eeaececaed9a230fc379aad8f10ad52cc835974c72a
data/labels/Ruokolahti/ruokolahti_DJI_0081_frame127.txt,38,ab8e42577b4a9e7146a32a525f5d88ba9201cf1c4d2f62cccc39ae3a2bf36f52
data/labels/Ruokolahti/ruokolahti_DJI_0081_frame13.txt,38,e0d8ac82a7ac191651b61692dd87763506c4b2134db9aaa56f9bfc09e28c0365
data/labels/Ruokolahti/ruokolahti_DJI_0081_frame14.txt,38,8b8bcbc06909086d074823abe912700df31d9ffe2ee4e68d01662120c8be67dd
data/labels/Ruokolahti/ruokolahti_DJI_0081_frame15.txt,38,30216b0c0f38e4a69be5b79da9041c6baf69acae9ee5e924c11bf2d38ac41864
data/labels/Ruokolahti/ruokolahti_DJI_0081_frame16.txt,38,baba326c3bfd85fd74e02dd9b5b76cf71a4f6f4c2664f2413ee52e2e74a16cec
data/labels/Ruokolahti/ruokolahti_DJI_0081_frame17.txt,38,5ad163fd9d3b27fcba7228a05db84b28cdd22c25e86cad4d071d48a08114960b
data/labels/Ruokolahti/ruokolahti_DJI_0081_frame18.txt,38,61418652bad1b656cc084941cb46677e10c44fae14297922282d77b41f40da81
data/labels/Ruokolahti/ruokolahti_DJI_0081_frame19.txt,38,67d9c5cece488a896e53d8268e121f20988ad2197e6ad11545c9715105da8bba
data/labels/Ruokolahti/ruokolahti_DJI_0081_frame2.txt,38,df448d058a2f21707b855760121d48103cabf07c1ea77a462ac86d69c28ac58c
data/labels/Ruokolahti/ruokolahti_DJI_0081_frame20.txt,38,7a49cb32f0b7eeaa5f4ac62b333d8b65dbbda764f24915452290eeb602c35157
data/labels/Ruokolahti/ruokolahti_DJI_0081_frame21.txt,38,0bd75d6115fa9457f296037f1660cc10b9b456cffba7bb155e98b1ca1a0e4ce4
data/labels/Ruokolahti/ruokolahti_DJI_0081_frame22.txt,38,7e76e8af76b130604c091dab27ba8d0b038e31487057054f6dd63f9c5a26075a
data/labels/Ruokolahti/ruokolahti_DJI_0081_frame23.txt,38,8ffd541a83af51264b6998ffa2f3ac5855b817b2d5d2108de661ab01db875f65
data/labels/Ruokolahti/ruokolahti_DJI_0081_frame24.txt,38,7cff6a8f37edf18f972ba86ecafa6bc0cab6fb1da12e67de64c678b2cfcc2120
data/labels/Ruokolahti/ruokolahti_DJI_0081_frame25.txt,38,8e96845587091ad17c7f745a109eafb64613238647f35d82d2116fd8354819fc
data/labels/Ruokolahti/ruokolahti_DJI_0081_frame26.txt,38,190a1b22e9cd633a9523ea1ef64fc834a9c62a85cfecb5303497e053890f9625
data/labels/Ruokolahti/ruokolahti_DJI_0081_frame27.txt,38,d83b07e740021a571d9299a03cd19caf6b75e18e1163f16cf65e30ca629c8b70
data/labels/Ruokolahti/ruokolahti_DJI_0081_frame28.txt,38,22ed29635a6008caad29b26b493b986d43a6b8164648c420139e49c3b0900590
data/labels/Ruokolahti/ruokolahti_DJI_0081_frame29.txt,38,258a696fae0f885da44c9bbdb0b1101520e4a2030f1e1332dfba5107f286f3df
data/labels/Ruokolahti/ruokolahti_DJI_0081_frame3.txt,38,35a092a4b5b8d651cf1fa8e3d3f099b11bd7d3ee72877f01883c7025fbae5964
data/labels/Ruokolahti/ruokolahti_DJI_0081_frame30.txt,38,4d2d9c94eb77ff5fcd5e6913fe1b7e604998f431aee469a889195cef9a4eb9ab
data/labels/Ruokolahti/ruokolahti_DJI_0081_frame31.txt,38,5605c3122695295aa288f0ff0b4a10b2aa17183e01694516bf0487debd9467e6
data/labels/Ruokolahti/ruokolahti_DJI_0081_frame32.txt,38,6c96c855dacbd4c5c583d2ca6522c9b94386c048b4d75cccb6e52c91c7cef6cb
data/labels/Ruokolahti/ruokolahti_DJI_0081_frame33.txt,38,e98a18cadc53815a11b92efb20b8111b20008443ad472a55fe8ea02c1112a0e2
data/labels/Ruokolahti/ruokolahti_DJI_0081_frame34.txt,38,dc5b8ddf424e5e2f2413865f243baa6a4452d1aa030ac11dd80710a0084a0fd4
data/labels/Ruokolahti/ruokolahti_DJI_0081_frame35.txt,38,3a8e00a9393a792a5c6eed9f55926d948f92882c1e198fc7dda29084246f9b4b
data/labels/Ruokolahti/ruokolahti_DJI_0081_frame36.txt,38,7d10b90136365d5a15b1d6475de26bec5a1e95176d750b623473f33ebbe3fd57
data/labels/Ruokolahti/ruokolahti_DJI_0081_frame37.txt,38,6c1b161f65fbf038cbaee8c8d6ebcce8202638e4daef92c3b96eec3a88f183a7
data/labels/Ruokolahti/ruokolahti_DJI_0081_frame38.txt,38,91f9e36a9c71c1430f1684d81429e2407bcc9a287c63f061026ddf2b01886e11
data/labels/Ruokolahti/ruokolahti_DJI_0081_frame39.txt,38,2f26c0213dbc0ff861b02db2d1bbe2b3af23ee463b22130583bcfc23a5a91566
data/labels/Ruokolahti/ruokolahti_DJI_0081_frame4.txt,38,61778ac4f3a1dc104270f54cd0b79db431e319bee65d7114de546217bb7015fa
data/labels/Ruokolahti/ruokolahti_DJI_0081_frame40.txt,38,4d9296174051200a83807ee2844d6fa55dab9824baa7eec2e672775ce55edd89
data/labels/Ruokolahti/ruokolahti_DJI_0081_frame41.txt,38,ee15f0557b94bbc815adc8ebf4080f4d3e6c78b99de1343bfb25134b8f04118d
data/labels/Ruokolahti/ruokolahti_DJI_0081_frame42.txt,38,9bbe78e1ef24e9de0ec08f57fb32200255b9badf9c32ad0b7dbd128754ce7167
data/labels/Ruokolahti/ruokolahti_DJI_0081_frame43.txt,38,fd5f53a37b37c064eb34319afb5f3ad2509fbd321bfeede15e3c8e4b05e1b2eb
data/labels/Ruokolahti/ruokolahti_DJI_0081_frame44.txt,38,2ccd47ab6c6746a948b93cee36dbab0792843e7f197e5c4d17cd16bb6c7e16a6
data/labels/Ruokolahti/ruokolahti_DJI_0081_frame45.txt,38,eccae11ad512834f4c1eed0208bda5109da01133e2c433b86f528703ee308408
data/labels/Ruokolahti/ruokolahti_DJI_0081_frame46.txt,38,003e739453f52f2e572ed2a3d530f21ee1aeec4fe0147feedc468bd203943150
data/labels/Ruokolahti/ruokolahti_DJI_0081_frame47.txt,38,7c7fbb66d3a533a5389df66f11d55f62b0eaacfc2784a1b21d1b23dbe9611fde
data/labels/Ruokolahti/ruokolahti_DJI_0081_frame48.txt,38,1015db868ea43693b08434c3a78cc0933fd35d89130a98cdff79f1cc314e3883
data/labels/Ruokolahti/ruokolahti_DJI_0081_frame49.txt,38,c4fc49cb044d81999e29fce5765bf1dda124ffdfe5995b255818d185a848a49d
data/labels/Ruokolahti/ruokolahti_DJI_0081_frame5.txt,38,2704339caa296536b591aa4f909caabc409dadf06651f082626320ea1d3830ff
data/labels/Ruokolahti/ruokolahti_DJI_0081_frame50.txt,38,ac069f09a89b4ea9a471b868440b6dd4daf18138d8e1efb86cddf145a11a26c4
data/labels/Ruokolahti/ruokolahti_DJI_0081_frame51.txt,38,aed35e4a9db65b0e1a58efd23b99d7454fe6fee6e5a0cb6925db5b48d79136b3
data/labels/Ruokolahti/ruokolahti_DJI_0081_frame52.txt,38,ebd8f4b702579a47ddaa1ce93549f4a513d7b6dcbf7323a10eb76adfdcd08156
data/labels/Ruokolahti/ruokolahti_DJI_0081_frame53.txt,38,651bf730a07cafbe6e2e68fa3daf23a3179c8808ea2a2df298a7753a8cf813b2
data/labels/Ruokolahti/ruokolahti_DJI_0081_frame54.txt,38,2be8e78da8f98e959536672afed5391557ad5a19d5bbd2d09e297a36ec05537f
data/labels/Ruokolahti/ruokolahti_DJI_0081_frame55.txt,38,36fbeab3bd36a9c2d1a2dcca3f2c54951ed06be3e2c647ee3ab2ba45a049755d
data/labels/Ruokolahti/ruokolahti_DJI_0081_frame56.txt,38,8bf57b8f5cec3b238503dbb90722586a47668bec0ad2d2eede524611004218a2
data/labels/Ruokolahti/ruokolahti_DJI_0081_frame57.txt,38,4d23d54877535853b115b108f0b37740b6bdd74611fe6535ce590a5fdf224b61
data/labels/Ruokolahti/ruokolahti_DJI_0081_frame58.txt,38,ebd824a76914b58eb81d1fa90ac3fe6e0d35843536a7f17ef217927c5d44ea1f
data/labels/Ruokolahti/ruokolahti_DJI_0081_frame59.txt,38,5b1e578409c1660377a4fc3f3cc0198981084ee883a1163afe71642013500e30
data/labels/Ruokolahti/ruokolahti_DJI_0081_frame6.txt,38,200d316016531e73abc83af89528c0aebc144b4506c77e35328c2f5d90115c93
data/labels/Ruokolahti/ruokolahti_DJI_0081_frame60.txt,38,5873fd560bb0a763d4b83f596ed58e84898f978b7b119bdb2e086578680cafa4
data/labels/Ruokolahti/ruokolahti_DJI_0081_frame61.txt,38,1590b7c9b2a1df60eb2548a678dc4982b2bd20958661710a795f51c02d0367ac
data/labels/Ruokolahti/ruokolahti_DJI_0081_frame62.txt,38,7c54b7e03eeadf6e79493bb1918c82cc4e5628474b6f39308529d9b3b8ec92af
data/labels/Ruokolahti/ruokolahti_DJI_0081_frame63.txt,38,2e51a42c3caa3cc16d208733a14cbf635d51827f4fa7ab7a978dcb6c385130dc
data/labels/Ruokolahti/ruokolahti_DJI_0081_frame64.txt,38,b3aba9ae12a22a6c7ca9f676314ef041d5be1e163031300b2abc113671e18fd1
data/labels/Ruokolahti/ruokolahti_DJI_0081_frame65.txt,38,cea31c3b303198f80928c929128a1fbbc52b97bca386c651c6e80493d68a4b9c
data/labels/Ruokolahti/ruokolahti_DJI_0081_frame66.txt,38,e5de1e8bc2e002667fbc238bae8fce8ccefded73e839ddc9103b76db5a732c38
data/labels/Ruokolahti/ruokolahti_DJI_0081_frame67.txt,38,548841afef2fc450722812f815a745fedb7ee2fee3a9debd148963dee15f854d
data/labels/Ruokolahti/ruokolahti_DJI_0081_frame68.txt,38,7c1064de954e32d9a473099c573bc5b7dd048e73cd8f682a6ed0a7af77ed26e3
data/labels/Ruokolahti/ruokolahti_DJI_0081_frame69.txt,38,43e630c5a8d2e9bd7ac36cab9269112206758e69bb7448803cc9e5e3ff7828ff
data/labels/Ruokolahti/ruokolahti_DJI_0081_frame7.txt,38,dc6d608580cea2b0c8065769d93baa8c2423150ea30c39b7444fadc6bbd49853
data/labels/Ruokolahti/ruokolahti_DJI_0081_frame70.txt,38,8f358d2c8450d8f0a56c52473577199928286cdd3cd37f3fd018658bf5f1a8fa
data/labels/Ruokolahti/ruokolahti_DJI_0081_frame71.txt,38,0fbdb3b70c4d1736e99d80c3476f5acd68adea23621790dc9b2e22db1f0a0053
data/labels/Ruokolahti/ruokolahti_DJI_0081_frame72.txt,38,d1f1cf5b1fd61c25b8ddcc119d1556ac85588359300ff60f3043f4fdf9fa28e8
data/labels/Ruokolahti/ruokolahti_DJI_0081_frame73.txt,38,00948fd114fa386584e475a4dc76f7ae0109b9495d9217827240987c0f9aae73
data/labels/Ruokolahti/ruokolahti_DJI_0081_frame74.txt,38,38e23727d8f52a9d81b687314156158811a5a08923d9ea6fa5ec23ff0cfcbe1c
data/labels/Ruokolahti/ruokolahti_DJI_0081_frame75.txt,38,dc74a888ef71ba11f62ddbc13984e2281640526076fe1941651fd98fe3ee7e92
data/labels/Ruokolahti/ruokolahti_DJI_0081_frame76.txt,38,06f2aea2c35fd9440f9fa3aab18a66151cf5836e802b81a04787ee7fb64ae106
data/labels/Ruokolahti/ruokolahti_DJI_0081_frame77.txt,38,766353bc7fd9da5e2fe87c61ae5da138a8d6e9574f6413b2f75deb4193ef4a91
data/labels/Ruokolahti/ruokolahti_DJI_0081_frame78.txt,38,acb4f4e7316a27fa2a34a79d481121e4922196913fd4a5cd21b82d38e8645dbd
data/labels/Ruokolahti/ruokolahti_DJI_0081_frame79.txt,38,07510b27c50bc7f265feb6862df1e59b0a84046acf11e516110e140f329a9efb
data/labels/Ruokolahti/ruokolahti_DJI_0081_frame8.txt,38,836bc014213b6ba4643992f935f4af13bb92cbd31b4d30ea0bd30c0b968306a6
data/labels/Ruokolahti/ruokolahti_DJI_0081_frame80.txt,38,4e1fb0c2a589cdfb9866e6ca5ea006ba86c8ce925978d98e9ba4b0abb1cad490
data/labels/Ruokolahti/ruokolahti_DJI_0081_frame81.txt,38,94ab34c0d750814331d751154dfafcb7e1a207dcb9feb9528019b00ee258fc87
data/labels/Ruokolahti/ruokolahti_DJI_0081_frame82.txt,38,de98525b7fc1abbacfe4ba21bc79de5dbe02376adeb28ef64d702a884bb49c43
data/labels/Ruokolahti/ruokolahti_DJI_0081_frame83.txt,38,f2bac1f0ba27928e0bda3a895b7ecbf9824fbb836e944c366368973c0c322d2e
data/labels/Ruokolahti/ruokolahti_DJI_0081_frame84.txt,38,31416ba69290a3db7f7e77a8f9b5306d36f9e88bc75f8c2d4e5e53fbee79f6bc
data/labels/Ruokolahti/ruokolahti_DJI_0081_frame85.txt,38,a3a74153096fd91a72322de8b7f0938741e0aed406a0d0a3715e8ff8c986fbc9
data/labels/Ruokolahti/ruokolahti_DJI_0081_frame86.txt,38,e7b218804f12d7dda859dbec4448fd042eccb086b661b69ac90eee2512fe3491
data/labels/Ruokolahti/ruokolahti_DJI_0081_frame87.txt,38,8a8670e85f7995dff165561dce87d1f0d2ea5cf8fada1ad96c23f57dbdcaaf99
data/labels/Ruokolahti/ruokolahti_DJI_0081_frame88.txt,38,37d6ce0d8cb05eb327deff7dbc4690e33d0e2b817f4ab95ba822ca9b421f8c3e
data/labels/Ruokolahti/ruokolahti_DJI_0081_frame89.txt,38,bb77caaf45b0da4e62f7a99033650100443c925659e94ed8def6c9bd39e0007a
data/labels/Ruokolahti/ruokolahti_DJI_0081_frame9.txt,38,b54ea2792b76144d7cb885701076d7f4409f3553399631af4d5cd28192311c60
data/labels/Ruokolahti/ruokolahti_DJI_0081_frame90.txt,38,7f1e7a2b7a6bccb2a383ba1c9ccfb534514d98eb6bf8b476a2ad5614038ac491
data/labels/Ruokolahti/ruokolahti_DJI_0081_frame91.txt,38,c309985eb55f2d4e8ecfe6b3ec5ba8bf8c637f84425dab94fd91a29dabc9fef8
data/labels/Ruokolahti/ruokolahti_DJI_0081_frame92.txt,38,83e6049a40a3b264662b95ea15e7f4df5c1e7311e5b9f1ec43ebb2ade105d6f1
data/labels/Ruokolahti/ruokolahti_DJI_0081_frame93.txt,38,7a58fd679a3733b890b09bf8a02cf21937275bfad88cf34b40b6d769a412869a
data/labels/Ruokolahti/ruokolahti_DJI_0081_frame94.txt,38,1359e1156d0cab4b7ea85b00404e97da8eb34d18004c96965b2db9be0d09b867
data/labels/Ruokolahti/ruokolahti_DJI_0081_frame95.txt,38,cdd2f537e9e03233b74cd63a92eaf90d77f0eb5735ad40f5c37ad9d0040e2706
data/labels/Ruokolahti/ruokolahti_DJI_0081_frame96.txt,38,cba5e7e52d05ddf1dccb9e19de8a89315742b380fee2d8e29e48f15b3ff66c4b
data/labels/Ruokolahti/ruokolahti_DJI_0081_frame97.txt,38,3c308335ea6f42490bc9918054d9ff249beff381e39f4a0c80c7f99ff4a8f7de
data/labels/Ruokolahti/ruokolahti_DJI_0081_frame98.txt,38,a13b16490d854040a98911430eae03a453039596695d106a80919bd95c12865c
data/labels/Ruokolahti/ruokolahti_DJI_0081_frame99.txt,38,dedf6bf0f4185d04c6e446b119799738f3877366c5e88bb4232289cc102da5cd
data/labels/Ruokolahti/ruokolahti_DJI_0082_frame0.txt,38,c4832e4bcf5f88598b51a6be0a086294716f492a94e067c3bc9ca81dfcd8dd8a
data/labels/Ruokolahti/ruokolahti_DJI_0082_frame1.txt,38,71edc1a86280c55db59d7310ad73e31d73d681fc2454a54830351c47de70a2e6
data/labels/Ruokolahti/ruokolahti_DJI_0082_frame10.txt,38,a7137fdc4907d5a8024ff6a724256f70c0ef86a4df9d642fcdd005f702dc6ed3
data/labels/Ruokolahti/ruokolahti_DJI_0082_frame11.txt,38,127632a9e0b358da5d5ebc5966b3ec8b88db1a1689d4e753510ecf9d7d74df30
data/labels/Ruokolahti/ruokolahti_DJI_0082_frame12.txt,38,d7a13dfb56f7d1a44c886a606cf3c923c06d593ca2dd171e9f15856018ccecb7
data/labels/Ruokolahti/ruokolahti_DJI_0082_frame13.txt,38,a8a5d3296d568ab87f7a9d4e5e916f40b96a712c218bc232718098ad8653c2aa
data/labels/Ruokolahti/ruokolahti_DJI_0082_frame14.txt,38,aa7f3c2ff517b5245bdac172ce51470ab223297db886e8923a1ac099399bcd30
data/labels/Ruokolahti/ruokolahti_DJI_0082_frame15.txt,38,27afcf3f61b810a9a564337dd0aed6f25745246abdb6630d2cab9db5b9afdb57
data/labels/Ruokolahti/ruokolahti_DJI_0082_frame16.txt,38,73cb5e5f9a05f7a3502610894ed41aafbb64584dd0c7cbb6508f88fe72e2487e
data/labels/Ruokolahti/ruokolahti_DJI_0082_frame17.txt,38,93524ab9c5571647eb343233dc9ee1059fd7f8fad3b3a6913f4a61aad3548938
data/labels/Ruokolahti/ruokolahti_DJI_0082_frame18.txt,38,5b4ed8c0855f6a60a2f6b2982de38955ea98a5b7e12d82f919380d4fea0b89ec
data/labels/Ruokolahti/ruokolahti_DJI_0082_frame19.txt,38,e70102f6592fd150e675d41a6d24d6aed08c13735745753259182533cee83231
data/labels/Ruokolahti/ruokolahti_DJI_0082_frame2.txt,38,30ce556c6103a93cffc0aec34b61d1c7c078bc56cf01b50564515cbe9cb4749f
data/labels/Ruokolahti/ruokolahti_DJI_0082_frame20.txt,38,57b21b4800b459ed649030ffaa473e9f4ce894bc9b73d7e6a397b4e341ca092c
data/labels/Ruokolahti/ruokolahti_DJI_0082_frame21.txt,38,93b64b16f5ccdb925ca7234c15fd97b94bbeeccb1c9273da5cba8618268a2704
data/labels/Ruokolahti/ruokolahti_DJI_0082_frame22.txt,38,a03761cd964977a106435663c0c62336785e41208e8f313924b83c1da74b21cb
data/labels/Ruokolahti/ruokolahti_DJI_0082_frame23.txt,38,981b767fd3a40b3ebab3963fde7e647593566f9e25cd9a3b4b063d59167f1126
data/labels/Ruokolahti/ruokolahti_DJI_0082_frame24.txt,38,849ecbfae1dd71f669acb82bd9036b02ee97bc980f8b7e57195dfab42239306d
data/labels/Ruokolahti/ruokolahti_DJI_0082_frame25.txt,38,c8b6f2c51093f2acde533ee8da312a2950108ba4b2fa705a878ecd06a6ed8f22
data/labels/Ruokolahti/ruokolahti_DJI_0082_frame26.txt,38,5ac54fcaa136bbc9c6a829b9bd13a587e54de6dbe756cd4adabe454e308a9f33
data/labels/Ruokolahti/ruokolahti_DJI_0082_frame27.txt,38,13e01f1594dae11c3003ab41fe69c3e8753b7eda06015172c5a9c46b0570c8aa
data/labels/Ruokolahti/ruokolahti_DJI_0082_frame28.txt,38,ba8d7f119e8531f599866ba2ef402c4d5a443fa98805dc8b7814af3b55cc34aa
data/labels/Ruokolahti/ruokolahti_DJI_0082_frame29.txt,38,8bdb32b986157becbdbf7f8cef4756653db5eaaed4e2ada33277530cf9c7f3a0
data/labels/Ruokolahti/ruokolahti_DJI_0082_frame3.txt,38,a5bcd920f854fde9c5a55aedcde80cd5ddcf0e93e068e1a7dcb3ec386228f033
data/labels/Ruokolahti/ruokolahti_DJI_0082_frame30.txt,38,fcaefccba1e368d3c7bee1ea2ebfb5cb94dd57040a2345498f5368cfc8b9a378
data/labels/Ruokolahti/ruokolahti_DJI_0082_frame31.txt,38,c2aadfb3d46e81dcb83a864b23519838e689112369991214966bcda39e791b4e
data/labels/Ruokolahti/ruokolahti_DJI_0082_frame32.txt,38,2948ef5655eaa57850586d1a17fa2ac39c6fccf1912d78ae111ab8fa22da1a9c
data/labels/Ruokolahti/ruokolahti_DJI_0082_frame33.txt,38,8826bd38d590973a0a3aee918a756d45d0c076b0241092ae0574cb5bde682605
data/labels/Ruokolahti/ruokolahti_DJI_0082_frame34.txt,38,73f1216299081cefd22d28287440b2c2cd4846c06c5f8da49477ebf27c3af5de
data/labels/Ruokolahti/ruokolahti_DJI_0082_frame35.txt,38,cd60d20233f96273c302e9c4fcc69c4213605c01f91289d63dcc32a6b4c14d1e
data/labels/Ruokolahti/ruokolahti_DJI_0082_frame36.txt,38,480d04c8ca04e2189f2ba530fb50eec7f933c0efb19164777e813f8872553651
data/labels/Ruokolahti/ruokolahti_DJI_0082_frame37.txt,38,f3054aa859761186c01e922807aa3cdaf8a350d68aada2d31479a5e1b6dee7e9
data/labels/Ruokolahti/ruokolahti_DJI_0082_frame38.txt,38,f6b7530937021976a4ddf3402e79fefbd27fa2b6923c0f6ae19d69e076e4ff03
data/labels/Ruokolahti/ruokolahti_DJI_0082_frame39.txt,38,74c041ed71f8c129772b1e3de187c6b3696f7a2b85d74be4a2ade11550b11632
data/labels/Ruokolahti/ruokolahti_DJI_0082_frame4.txt,38,1bcb8ef6a4ce7aa84c50a308341b7ce13ac91c5141e0e5c815eb70e9b365dad0
data/labels/Ruokolahti/ruokolahti_DJI_0082_frame40.txt,38,45112f23ed5141b8ee226ecc9187d3d97dda4e594c4afbd96667df6ef6b98b6f
data/labels/Ruokolahti/ruokolahti_DJI_0082_frame41.txt,38,90d66ab679b8253f60c898672028437542295cf0e0c1ed6ac28ae1b95500c4f7
data/labels/Ruokolahti/ruokolahti_DJI_0082_frame42.txt,38,4fa3a22a490fc5e0fe60211c00c5a9995ff5d0aa201f7d6a594590a85329f80c
data/labels/Ruokolahti/ruokolahti_DJI_0082_frame43.txt,38,a18f14704a20e7d4ee3708e9a99ebecf62b574d413a5cd2a859d7b5ab1406e59
data/labels/Ruokolahti/ruokolahti_DJI_0082_frame44.txt,38,37a446e986e9c481f3f091cbe46629b0b0441833ce9f0fa396c664635bc21d0f
data/labels/Ruokolahti/ruokolahti_DJI_0082_frame45.txt,38,500fd996015cd35747c8f409904e38c2c27285e50b54b6306cd8d03ed8177596
data/labels/Ruokolahti/ruokolahti_DJI_0082_frame46.txt,38,251a344c593ac858afdd46a4d693003b06a700d3dffb55d5917118eb385af705
data/labels/Ruokolahti/ruokolahti_DJI_0082_frame47.txt,38,669445dff592e04a6609e3158d91761cb2717cb65d179b3d7b981e4900ccc848
data/labels/Ruokolahti/ruokolahti_DJI_0082_frame48.txt,38,51b654e96b4ded78dc0dbc479dd417544e445cdcd79ed0051c90a1e8f1a5d5b1
data/labels/Ruokolahti/ruokolahti_DJI_0082_frame49.txt,38,496b391859224953f5c62b5355d9f4d0157062711c2293058142eef47dfa0470
data/labels/Ruokolahti/ruokolahti_DJI_0082_frame5.txt,38,0b83f2386bf477ea584b6e526b16cae3285b7a635bdb6fe7a6e15296d6fad026
data/labels/Ruokolahti/ruokolahti_DJI_0082_frame50.txt,38,8a8bc4a5f51624eec96e61d2cf52f225c9c018cf7cd9d7819306917537ac9dfa
data/labels/Ruokolahti/ruokolahti_DJI_0082_frame51.txt,38,d57c96ffc9977a7cf5dc3e19c5b862ee611b8f9b65a6df4e0d60b75fb6ce5c69
data/labels/Ruokolahti/ruokolahti_DJI_0082_frame52.txt,38,7dc3c8b879be35fa42e8d9575bed200c81e8755593da1e5736ebb0a960957669
data/labels/Ruokolahti/ruokolahti_DJI_0082_frame53.txt,38,466627965eb44d9e58ffef26f68d849269994ce28969846f18dde30f121f2851
data/labels/Ruokolahti/ruokolahti_DJI_0082_frame54.txt,38,6ac6322e66a85581554140c6727863f65def7153691456732cb5c5cd22bd7e4e
data/labels/Ruokolahti/ruokolahti_DJI_0082_frame55.txt,38,2673d3f3ce69efde24c83879ef9f9e68171f2d5d1476396aeeafbb6cb5c6f9c1
data/labels/Ruokolahti/ruokolahti_DJI_0082_frame56.txt,38,570a89d3bb352fcb3ee37326cfaa19101b25ec0a63bf0a3facd40070086f9bd5
data/labels/Ruokolahti/ruokolahti_DJI_0082_frame57.txt,38,843efdf33f07bf79210ab1d060fc2bdd8604285cac1f17a30e3db87968c60868
data/labels/Ruokolahti/ruokolahti_DJI_0082_frame58.txt,38,de38d0175284bf305b66f1b9cc386dc7873ab86506a78c6a373d3b4eeb468d22
data/labels/Ruokolahti/ruokolahti_DJI_0082_frame59.txt,38,997a044d85019870e6b7a30e12efda64ee72cea6131d11d7aee2c3150b64c9b1
data/labels/Ruokolahti/ruokolahti_DJI_0082_frame6.txt,38,10dc2f0603e4339c27c55785355cc9a8f6e1d280292a4147a93d56977c74ac95
data/labels/Ruokolahti/ruokolahti_DJI_0082_frame60.txt,38,a6fc593d3fcebc6ab2fb0067993071fa2feef50a49be35ab3f24dc0cc4dadb2c
data/labels/Ruokolahti/ruokolahti_DJI_0082_frame61.txt,38,1a213674524c68ab3c85ace7a18206752dbe0bba2d5f6323566113fad216f31e
data/labels/Ruokolahti/ruokolahti_DJI_0082_frame62.txt,38,80ad44ba2207f0a7ac23b2d824114a9845a739c6e48870e3d0e15a2f3b4eed69
data/labels/Ruokolahti/ruokolahti_DJI_0082_frame63.txt,38,01ae12244a3b6c46e0f9d7916a2359a9ed3a691e091be46de3b2cc846125db2f
data/labels/Ruokolahti/ruokolahti_DJI_0082_frame64.txt,38,86dedad8af436bec92c518cc428db54f437c87b05c8f27301edd9dd368f54d24
data/labels/Ruokolahti/ruokolahti_DJI_0082_frame65.txt,38,4c553e847222abc6f0d0aba7bfc402e1918f33e82e64418bb21d5fa5773fc0fa
data/labels/Ruokolahti/ruokolahti_DJI_0082_frame66.txt,38,523b9ce2563b66b8584bc1b86dc1c780a9f7b791670769edd1a16028b6ff6833
data/labels/Ruokolahti/ruokolahti_DJI_0082_frame67.txt,38,234ca385a9238ca6c8ca01a3dc45c58df583051c621919de4bb14c09c6315242
data/labels/Ruokolahti/ruokolahti_DJI_0082_frame68.txt,38,1a2e4eb33943c556db73194e88464fa983adce99f3c6f2b0037b2c8799a1f70f
data/labels/Ruokolahti/ruokolahti_DJI_0082_frame69.txt,38,fa55488beb47ca2fff68aac60e07c7896dfb7c4ef7de476a3e6776bc155801d9
data/labels/Ruokolahti/ruokolahti_DJI_0082_frame7.txt,38,eb45d6332ab0dc318723dcbc057136d2fde1f2e06ba3bf34615541f0a3a2946a
data/labels/Ruokolahti/ruokolahti_DJI_0082_frame8.txt,38,cc7199d80b17376885ccacd67a2e0f22e40dd2c2bf71ea9e2367d690a898c551
data/labels/Ruokolahti/ruokolahti_DJI_0082_frame9.txt,38,c51120ef39ad027ef59e54f43c6690d771cca934c652b75ba1d16d4cd764aed3
data/labels/Ruokolahti/ruokolahti_DJI_0084_frame0.txt,38,541237e019213dbe4ab898fdac1475a0ced8e56a96b4e32bb0882ac11e69b62c
data/labels/Ruokolahti/ruokolahti_DJI_0084_frame1.txt,38,03a1af6691174a70b1b84beca847dcc3e48c849c9a08c1a754da655f5cd52e42
data/labels/Ruokolahti/ruokolahti_DJI_0084_frame10.txt,38,62c88486d64144868bffe9a41ba1d633a78f33268c6b1e5294e5f083440241d4
data/labels/Ruokolahti/ruokolahti_DJI_0084_frame11.txt,38,d8bd88cb79f1928fb1d1d11618a6032b7b997d8dcec4d4209109bbd4e383b8e3
data/labels/Ruokolahti/ruokolahti_DJI_0084_frame12.txt,38,94e4a11ead304d56b87b7cf1653d5da174b36cfe1331328abf3de1c400e35aab
data/labels/Ruokolahti/ruokolahti_DJI_0084_frame13.txt,38,05409a68442e9fb152b34a6186e42941e04f8b8d242d90279e7f3337c141442e
data/labels/Ruokolahti/ruokolahti_DJI_0084_frame14.txt,38,ceeb5326628aa25fbfdedcd69ee338c4892384b156ffe1d1dbffbc895ec44bc8
data/labels/Ruokolahti/ruokolahti_DJI_0084_frame15.txt,38,ff8c0646d25c0d173654df9c70c578955756820996150cc0ff4eb20a45eefe65
data/labels/Ruokolahti/ruokolahti_DJI_0084_frame16.txt,38,b92cc8f95afd304b1fa778e5792346bd89c7c6f2c59be1a600891f6afd18e0d3
data/labels/Ruokolahti/ruokolahti_DJI_0084_frame17.txt,38,043df87ecb765e6c2a810837e364f73486c925ed5bcb877f84ad5f8bea5589c6
data/labels/Ruokolahti/ruokolahti_DJI_0084_frame18.txt,38,d24ce0493e7001cf43acbff5739124ae3682debb7d97aa1d094758784fa2e79f
data/labels/Ruokolahti/ruokolahti_DJI_0084_frame19.txt,38,7cec6b32b772d2bb1632b3d67f78291c60d019e76b02cde2b50712e429f1e48d
data/labels/Ruokolahti/ruokolahti_DJI_0084_frame2.txt,38,c12a3c88e6357cf1ff55a947a7378b5df41d51d63c0e7866985fc4205ba62ebc
data/labels/Ruokolahti/ruokolahti_DJI_0084_frame20.txt,38,23d300dd86ead743b07d16fc0abe5aad3d6913f95c1ae46b01e7031f114aa1da
data/labels/Ruokolahti/ruokolahti_DJI_0084_frame21.txt,38,171dfcbcda8d5f1871f2cd213f90f86dd20750c4a3f5515382a8e0235563703a
data/labels/Ruokolahti/ruokolahti_DJI_0084_frame22.txt,38,1bba8b7a71f8b0fbfaa2b1c9afbf4735c3565987c6421d6214d4466e3e0dd5f2
data/labels/Ruokolahti/ruokolahti_DJI_0084_frame3.txt,38,6b08dcc787f034ba12129177a861785ccf18394ea22039b7be787e190a468a55
data/labels/Ruokolahti/ruokolahti_DJI_0084_frame4.txt,38,c27cfa80f6491efef423ea7687d295f39a82189d794fadab46476363eccc49a5
data/labels/Ruokolahti/ruokolahti_DJI_0084_frame5.txt,38,0a8cd1032b04e994eae4891ab8a5ce045ceb982d908adf107db118c362401c72
data/labels/Ruokolahti/ruokolahti_DJI_0084_frame6.txt,38,46ec98f693180152e85d896ac38ddb8f223b35294cd4f7804889a9ce2f4c3717
data/labels/Ruokolahti/ruokolahti_DJI_0084_frame7.txt,38,6b7263779972a00ec707f39955da418d1193160de004dc4aca68f13e176e45be
data/labels/Ruokolahti/ruokolahti_DJI_0084_frame8.txt,38,a82c06c3c93473889c09cf4c8cb91932aebe680c2befbbc30467d3fb95c4a363
data/labels/Ruokolahti/ruokolahti_DJI_0084_frame9.txt,38,8aa0e4923ae7b7117074d73aa079b8412c951a738158dcbdc4ac0d945730f989
data/labels/Ruokolahti/ruokolahti_DJI_0085_frame0.txt,38,eb575a4ac806c557193ccec3a3e0d933fd3e6295d7f63895c4b3430731d9e565
data/labels/Ruokolahti/ruokolahti_DJI_0085_frame1.txt,38,2d78b2d329ed02d22d9977502e30b87f84eba2fd189ca2884244151639f0426f
data/labels/Ruokolahti/ruokolahti_DJI_0085_frame10.txt,38,225cdac8f8b55244b6fb5d0edc8f6da4d9a6883f8f19fc1fd6186aa31faa0672
data/labels/Ruokolahti/ruokolahti_DJI_0085_frame100.txt,38,90160dc4719d71e0fd35490f7a6df6b9cb13fae07962691d5ab2882b0bb1309a
data/labels/Ruokolahti/ruokolahti_DJI_0085_frame101.txt,38,a217bce28180e5346ccadba146f1a5cae81458b94a3bb00c1090f3afda70aa31
data/labels/Ruokolahti/ruokolahti_DJI_0085_frame102.txt,38,8f43aa166274a66b038755e5b9455eee767eb550f54a32b09d422b3947d50bc0
data/labels/Ruokolahti/ruokolahti_DJI_0085_frame103.txt,38,fe2947b4e3b18627ea66c1b4b7331b624dbc51a2ac351f17c64d9656fe27df3c
data/labels/Ruokolahti/ruokolahti_DJI_0085_frame104.txt,38,824b87e38938dc6637e2b6d3e0d561efbf8d0a450b1a2dd7e1d9c50a95f54e0c
data/labels/Ruokolahti/ruokolahti_DJI_0085_frame105.txt,38,5b98491793554b72cf298be154e8823a4e902e3c0df4b5f50b2f973ba46dd6ea
data/labels/Ruokolahti/ruokolahti_DJI_0085_frame106.txt,38,94a167e4ec398dc24f96fa48f0fa0d5ef33d623dce5ae95d351079fadd434f5b
data/labels/Ruokolahti/ruokolahti_DJI_0085_frame107.txt,38,19734d37742cf737d4bd21cf4020f89454bfa2fa694ac0f699654ba0725c5608
data/labels/Ruokolahti/ruokolahti_DJI_0085_frame108.txt,38,545168bfce0a77ca429450bc9bf12373fee5a77722578f71cb2916d069fc9231
data/labels/Ruokolahti/ruokolahti_DJI_0085_frame109.txt,38,03fffb51356a88eb252f9b8a0102c318baa466b76dab1780108d5cd7af20d168
data/labels/Ruokolahti/ruokolahti_DJI_0085_frame11.txt,38,0c7e6ca4a75dfd41a6ea26d0818e850a0b2a46a74566d9f9a93b5ec260ab9287
data/labels/Ruokolahti/ruokolahti_DJI_0085_frame110.txt,38,d999b544e3172f8b3ab74cc085ce60b8b4f97d6a0a3e71c3a353d49c27ca830b
data/labels/Ruokolahti/ruokolahti_DJI_0085_frame111.txt,38,f82d19b785c813a5965f22ec38c1a376327457607d79aacd699ace20f11d53be
data/labels/Ruokolahti/ruokolahti_DJI_0085_frame112.txt,38,fbc0def9041ab558029640671866a7e4f687ec9abdefba8583f987f13767d733
data/labels/Ruokolahti/ruokolahti_DJI_0085_frame113.txt,38,ffe5be03fed6f630d2e411f4acda92e7842c19e80714d4df6179b254a1e2db64
data/labels/Ruokolahti/ruokolahti_DJI_0085_frame114.txt,38,52da843e2a18695f7cbe2e7880216a825de55efb73ea8aa52af5687a2a0cb710
data/labels/Ruokolahti/ruokolahti_DJI_0085_frame115.txt,38,840c657d5e7ed1384b59b8ae767554d0fc23cf9b7d3c6084fae431571c85ea8d
data/labels/Ruokolahti/ruokolahti_DJI_0085_frame116.txt,38,11f3310ec3fce6aaf9821d180505819073c6ac2da1ad3248c12807251925e7a4
data/labels/Ruokolahti/ruokolahti_DJI_0085_frame117.txt,38,99d23bd6eb5941ae62d8e0f89bc08631e17115f5c4843bde33a6b34858c2a819
data/labels/Ruokolahti/ruokolahti_DJI_0085_frame118.txt,38,bf52932c77f1ff5e0954f5464a6709a209cedb0ee9377b82c3f9521e1813ac98
data/labels/Ruokolahti/ruokolahti_DJI_0085_frame119.txt,38,a1ca1c4789a8b4d14913831445d2b76356b2b8251dc30e577b59f8df291fe831
data/labels/Ruokolahti/ruokolahti_DJI_0085_frame12.txt,38,b2c91945b99d44723d52c03ea5ff78e2265100dd9eb8a56ad25528dfd990a9a8
data/labels/Ruokolahti/ruokolahti_DJI_0085_frame120.txt,38,8651c0d65396c5217e7a29004e02560fc9314f939a2278e7bb3ff877b5909d75
data/labels/Ruokolahti/ruokolahti_DJI_0085_frame121.txt,38,2322ba58e1aa197bc7449113d8a6ed9c93c75c11aac19b84fbdb32d6eca46472
data/labels/Ruokolahti/ruokolahti_DJI_0085_frame122.txt,38,6ecf673d6b2fbd0a8d5d855cddeda71ea05be287a3cc6fe7b9fcd27f1926de9f
data/labels/Ruokolahti/ruokolahti_DJI_0085_frame123.txt,38,e4585e61f55cafa7bf48c820f2ac459e84d6a5a4590c381a13d061d6bc46ddf2
data/labels/Ruokolahti/ruokolahti_DJI_0085_frame124.txt,38,8856104ea743edf8f9372856255fc81685bb5c79456f51aac2d2e48615d0f097
data/labels/Ruokolahti/ruokolahti_DJI_0085_frame125.txt,38,9da2615a24ccb2c4e19450869de77d3014ae0056dcfd8f4e0188dfd2707de04b
data/labels/Ruokolahti/ruokolahti_DJI_0085_frame126.txt,38,da6d7d7af82dc6cbc9011f34e378865253dbfafa35bf3a3c43d363683e8fef9d
data/labels/Ruokolahti/ruokolahti_DJI_0085_frame127.txt,38,17d8d0904ffe7acead20e43eb757655219164f79b3b7de37e3f19e996713ed6c
data/labels/Ruokolahti/ruokolahti_DJI_0085_frame128.txt,38,c9ca3607bdca71d32df954f1be301e19ae78090f5808d9461c6743932f7e1f33
data/labels/Ruokolahti/ruokolahti_DJI_0085_frame129.txt,38,dbd036ddad0cd6214021e8c07f9296e724b845182e015c310c0a33c67392b9cc
data/labels/Ruokolahti/ruokolahti_DJI_0085_frame13.txt,38,f4cde26fd5b39fc02a25a34c0606e93e78d324d415fa3b875c8d07972bcbf958
data/labels/Ruokolahti/ruokolahti_DJI_0085_frame130.txt,38,9145172a24bc8894dd208ee228b87af636fcb8ce2b7e272a8049de236c8e0ffe
data/labels/Ruokolahti/ruokolahti_DJI_0085_frame131.txt,38,9ea523c682b2d19859d9ad5e56ff7d38bd228ed1bd08e5af2f0e44496f8718b9
data/labels/Ruokolahti/ruokolahti_DJI_0085_frame132.txt,38,90d31e7a2c081800e11fd122d5cf8948e32fce1d11ba7d089ce952848912bc95
data/labels/Ruokolahti/ruokolahti_DJI_0085_frame133.txt,38,54d3139d7669b1849bdb578cef68d272c3505f04756af9dcae69cbe3eab4c1b7
data/labels/Ruokolahti/ruokolahti_DJI_0085_frame134.txt,38,59e16e65d064c8b6896f7dec3deb4e216f29c9edbda95df49b9266e32a7a6058
data/labels/Ruokolahti/ruokolahti_DJI_0085_frame135.txt,38,c4c4eee1c3bbccc7c2389c8f763ea9238689e7e4c112c194c3f22ecb1831e741
data/labels/Ruokolahti/ruokolahti_DJI_0085_frame136.txt,38,7f54f7f5adc5023549c56fdf168136ab3414cc775aabb9c9529a523186d92958
data/labels/Ruokolahti/ruokolahti_DJI_0085_frame137.txt,38,e8c8b17afdf5ca86d00f5988016678936097333f11d7bfddf16cce531fc127e1
data/labels/Ruokolahti/ruokolahti_DJI_0085_frame138.txt,38,eb9cd2c94f7d573e10a08b826660db0f10fdbea82cbeb7e196a69c157a65c892
data/labels/Ruokolahti/ruokolahti_DJI_0085_frame139.txt,38,c6e3f05c6271d0e55278a0f4c6e3986fa2778b844fea35d1bdffa113b4c9f65b
data/labels/Ruokolahti/ruokolahti_DJI_0085_frame14.txt,38,25cae94c1ec82cf8fe82b1924f9e5f9a10931fd3aa0d04e841b7c5471687add7
data/labels/Ruokolahti/ruokolahti_DJI_0085_frame140.txt,38,a49ec361cae1981c84e8cc8cbdbc1e4cb71734f58fa75f82ac2efb3e795dba22
data/labels/Ruokolahti/ruokolahti_DJI_0085_frame141.txt,38,afcb8886e2f154f1f93b19f8a9b4d0f102696e1c328c41c90054d44303404632
data/labels/Ruokolahti/ruokolahti_DJI_0085_frame142.txt,38,bedd84dec91810797581f9308a839e64275127214dfc6e8febbbc66239159646
data/labels/Ruokolahti/ruokolahti_DJI_0085_frame143.txt,38,a39a53271e6a3535a4ce31adb0fb3f00c7390d3bed2c4f4d35afdb892ab57473
data/labels/Ruokolahti/ruokolahti_DJI_0085_frame144.txt,38,30daa2775cba9fcae3e7f673f1255b2ff007542fa5b52065910eaa26aee56bca
data/labels/Ruokolahti/ruokolahti_DJI_0085_frame145.txt,38,e1b6b7fc0aa3758d421c32fb9cb365f0325ffabaf5897c06089cf86a5cd7c830
data/labels/Ruokolahti/ruokolahti_DJI_0085_frame146.txt,38,0ad8072ab72882b7fb322c72857010c2c6e1b66fbf67159d3ca68183c5dc42ae
data/labels/Ruokolahti/ruokolahti_DJI_0085_frame147.txt,38,aafe74b9288ea40a4c69bdfd94cce697460488eeb13b08a6d2aebfc2a5b93bba
data/labels/Ruokolahti/ruokolahti_DJI_0085_frame148.txt,38,0410dda0a0f477c0bd316c309baad3a89a572ef11a16228ce27c1398383c8f37
data/labels/Ruokolahti/ruokolahti_DJI_0085_frame149.txt,38,c8fb3955365f25694796d5abfc34ee7289e197cb9662c75aa63f852b7f8adf92
data/labels/Ruokolahti/ruokolahti_DJI_0085_frame15.txt,38,ebf1aef03d17911a9e46fcea5649f535d9ff29bb4edae2a8c71c72cf686eba22
data/labels/Ruokolahti/ruokolahti_DJI_0085_frame150.txt,38,e7382a0c32758f08a6b15a8fe32102bff17a835d418e47683eb06efb4e15ba48
data/labels/Ruokolahti/ruokolahti_DJI_0085_frame151.txt,38,9190b0a4be14219d7f30846be32c3a4e420f6ca2960e7dd6effebeab1534d8e6
data/labels/Ruokolahti/ruokolahti_DJI_0085_frame152.txt,38,0fbb6d39c9a9522355196c06d0256cafd54bbb337c4a543d48800d43e915d709
data/labels/Ruokolahti/ruokolahti_DJI_0085_frame153.txt,38,abb455db3c73cc137c3d118ce97038c8eaad65db071b0233aa5a039bce8ec162
data/labels/Ruokolahti/ruokolahti_DJI_0085_frame154.txt,38,abc89bf6a24655b4ec281b5801f57a94439a3a25b472a7f3778ac696c416574f
data/labels/Ruokolahti/ruokolahti_DJI_0085_frame155.txt,38,12e793a2e3690e22a61d235d10cd3d66deeb333e7343deced4d8086ddf78e212
data/labels/Ruokolahti/ruokolahti_DJI_0085_frame156.txt,38,ca4fac1007860db51e81aafc65517840e6999ea1409b81aab45464ef2355289c
data/labels/Ruokolahti/ruokolahti_DJI_0085_frame157.txt,38,9749a6f6b903cff085de25b670faba116dbdb576293904591947e52344100567
data/labels/Ruokolahti/ruokolahti_DJI_0085_frame158.txt,38,424d7bdf8a052ea620272a94c72f793734ce00ad4f23c204f2d85925cec034f7
data/labels/Ruokolahti/ruokolahti_DJI_0085_frame159.txt,38,05efaeeead456970b58ae92e9cc767991ce2510e69ebdd244ebd3752c93c3dd3
data/labels/Ruokolahti/ruokolahti_DJI_0085_frame16.txt,38,da56bf025899d6f77868a9d33ecab94860a1c6d55b610ecc58130f54d5503a2b
data/labels/Ruokolahti/ruokolahti_DJI_0085_frame160.txt,38,38ec072ccb09a438d6f0049fdbd40a4ca2e44698811df856a3383446ccfda740
data/labels/Ruokolahti/ruokolahti_DJI_0085_frame161.txt,38,585eeecc6ebf48df54277cb02693ee4f7f90c5ea9b987d0660202fe3f2907901
data/labels/Ruokolahti/ruokolahti_DJI_0085_frame162.txt,38,70109c1430a49c8b7e7ca49f9b75003c59c769757ba79a81e48eb9fc9f29ca39
data/labels/Ruokolahti/ruokolahti_DJI_0085_frame163.txt,38,4606a79dd6b0945e45160a7748a511723ff6412935f338ba1b1c6622e3a1e3d0
data/labels/Ruokolahti/ruokolahti_DJI_0085_frame164.txt,38,7a10b9cf7bd3fb131f82045c23f3cd60b1741986d31d0ab7d097ca5d2b27df8f
data/labels/Ruokolahti/ruokolahti_DJI_0085_frame165.txt,38,93b581b56dc67f2cc41db5fed6c369baeb82f7e76c888025242db643a5745cd3
data/labels/Ruokolahti/ruokolahti_DJI_0085_frame166.txt,38,4ba8aaa1a0447a2f3bd62069f58c5cac447a14d0bc7b3f9d60f8f6eb6a3a40c0
data/labels/Ruokolahti/ruokolahti_DJI_0085_frame167.txt,38,6683561f7ae5372765d42a8db7bb5d997453970ed887f0aa3ee22d27580b8c95
data/labels/Ruokolahti/ruokolahti_DJI_0085_frame168.txt,38,0605dd8c6f93fb590c6b5926a329c0ea2567a197e64a881cdfa2158c7497ef42
data/labels/Ruokolahti/ruokolahti_DJI_0085_frame169.txt,38,dbc418230597dc9108339410861f03cecc1b4cb63102ba0cec784cf923a91b6e
data/labels/Ruokolahti/ruokolahti_DJI_0085_frame17.txt,38,7524a16b2e337d7471432bfb76234ff1514481086a03a877f53493de87e667a8
data/labels/Ruokolahti/ruokolahti_DJI_0085_frame170.txt,38,3e9796b8bb961b4b155d1ec8c6e0a440d26e54770fed04c939ae5c94da6eb9ad
data/labels/Ruokolahti/ruokolahti_DJI_0085_frame171.txt,38,b1ac9ed7d4ca6b76aa2a53dc2b6f9bfbe1b779a9668723d0ee0c898626365bc8
data/labels/Ruokolahti/ruokolahti_DJI_0085_frame172.txt,38,2693a2e922a4f6bf546b5d4bee5a03abb1bd75b0260bafabb2c6096275ff5620
data/labels/Ruokolahti/ruokolahti_DJI_0085_frame173.txt,38,fbd5bee6abaf968544691da3d09831e44daad78f0dfe0f04e5c68aca34580dc6
data/labels/Ruokolahti/ruokolahti_DJI_0085_frame174.txt,38,c460cbdb19621b1952024abbd991e7bf2bd9d96cf9c6e91c9b06b8e44b772097
data/labels/Ruokolahti/ruokolahti_DJI_0085_frame175.txt,38,1ffa8eb4ecefb38f31afa691aa39746c7d45b593b0c5f82ba35cb2f818ec479a
data/labels/Ruokolahti/ruokolahti_DJI_0085_frame176.txt,0,e3b0c44298fc1c149afbf4c8996fb92427ae41e4649b934ca495991b7852b855
data/labels/Ruokolahti/ruokolahti_DJI_0085_frame177.txt,0,e3b0c44298fc1c149afbf4c8996fb92427ae41e4649b934ca495991b7852b855
data/labels/Ruokolahti/ruokolahti_DJI_0085_frame18.txt,38,82f731bb117fa49a0ab2c099acd5ef35ce74b89ffd29f7c1f7900bc8c2494cfe
data/labels/Ruokolahti/ruokolahti_DJI_0085_frame19.txt,38,89130e86c4847b08b244e09ea2609a81f17f5bd7bec36ed18e947ad7010c8938
data/labels/Ruokolahti/ruokolahti_DJI_0085_frame2.txt,38,354e05a81f5d0804a27b879cd98c9792d87037dd7ca14fff1d85ff9529c962d6
data/labels/Ruokolahti/ruokolahti_DJI_0085_frame20.txt,38,87f6b51564081ab56599f2299d5ce926d4e899cb41c9a1ebe71f97f037a9e6f9
data/labels/Ruokolahti/ruokolahti_DJI_0085_frame21.txt,38,8f7b7373853d91ccefa4eaf989f32caa524eff8e13b9943c93847fdf179fead6
data/labels/Ruokolahti/ruokolahti_DJI_0085_frame22.txt,38,2b6c5e87b62890e73d76b84d7663bb1ebab86dd724dccc12c8a03e08facd530e
data/labels/Ruokolahti/ruokolahti_DJI_0085_frame23.txt,38,cd1323a522898729d44d64800559dc851060eab07fe95344c7eaeb85244ffbac
data/labels/Ruokolahti/ruokolahti_DJI_0085_frame24.txt,38,2f4aec9eb381cf2bc5862dde48c2a84ceaad3fb5fe533eefef588cb88f08e915
data/labels/Ruokolahti/ruokolahti_DJI_0085_frame25.txt,38,0cc5e30d378dadeede372a640c5d935eaf10bd84f349f1a9559489fbe8775283
data/labels/Ruokolahti/ruokolahti_DJI_0085_frame26.txt,38,3f832ba6c5d70f1ff4e44392db94b74123911e49edd45cb09246128479e11545
data/labels/Ruokolahti/ruokolahti_DJI_0085_frame27.txt,38,7c800aa27ac49fb218c3a1aee963183087fad081e0607f0b685747e297758b8c
data/labels/Ruokolahti/ruokolahti_DJI_0085_frame28.txt,38,b6ca2f441f6e81083929cf63573516961a27d91963312a2a3918bbeb2342ab39
data/labels/Ruokolahti/ruokolahti_DJI_0085_frame29.txt,38,328452851eca7d314ca541f6ffcb090c3d1501cc331cf7ce0565b8a1aca6e74e
data/labels/Ruokolahti/ruokolahti_DJI_0085_frame3.txt,38,0940f4700b1ba64b88aa0fa5d9d7268a85900a6fcd8153dcb3402c81ceedb8e8
data/labels/Ruokolahti/ruokolahti_DJI_0085_frame30.txt,38,895b574a0a104383362865c0a7ab81cb64ef550fbfca22f96cddbbffe40cb255
data/labels/Ruokolahti/ruokolahti_DJI_0085_frame31.txt,38,31edd0b87a8f24f2e4e29dbd2de71b1ba195a9dd9527ea41e83a218739023f06
data/labels/Ruokolahti/ruokolahti_DJI_0085_frame32.txt,38,4ee9c00c3ac30bdd66e851b7950b130564c21f67498cbf0f592fe6a53ba3afdd
data/labels/Ruokolahti/ruokolahti_DJI_0085_frame33.txt,38,405b0ba344b632af90bf90afeb80ba1bd06f2193802896e3c37f6fc90f91a079
data/labels/Ruokolahti/ruokolahti_DJI_0085_frame34.txt,38,50fd82ecfcff0eeef660c316754a1e7e28d01a7a9d9dabd0a654438b3e8c2581
data/labels/Ruokolahti/ruokolahti_DJI_0085_frame35.txt,38,b2a577665d04462193795e173eaabc254c6e51878222a406ac26438132b02e5b
data/labels/Ruokolahti/ruokolahti_DJI_0085_frame36.txt,38,bee60b9d8ea41577c6356f9f56976c1e5dd8bbcb192de6e26f90df4f6900f0a3
data/labels/Ruokolahti/ruokolahti_DJI_0085_frame37.txt,38,73829f8c586c85af203757935317bfbc23cc0a5f59e466158400e0c1d68fd23f
data/labels/Ruokolahti/ruokolahti_DJI_0085_frame38.txt,38,f0ac67fa349bd627430e9b605d8ec560a2f2f45406b9506a878beaf3768d2b20
data/labels/Ruokolahti/ruokolahti_DJI_0085_frame39.txt,38,e0ef158f501fa096d8991eb1ff90c1e88a09365610413c90a1b106fd8729f779
data/labels/Ruokolahti/ruokolahti_DJI_0085_frame4.txt,38,1e14aa983b92399fe613e2bb791a2fca2d773aec57c0da7fc7bbff643a7abf6a
data/labels/Ruokolahti/ruokolahti_DJI_0085_frame40.txt,38,8f8aac3e746896573d3d3433e5a1d9d69997761500b2161c184acb2b197b18de
data/labels/Ruokolahti/ruokolahti_DJI_0085_frame41.txt,38,97bb6bc710cf0a0fa4342e859c14025f8bd31eeaf46e21b682b020cf54e214d2
data/labels/Ruokolahti/ruokolahti_DJI_0085_frame42.txt,38,7ab042f97f1e11246373d3cd060e600297eee33b83d8d4755c52d08e4c5c586c
data/labels/Ruokolahti/ruokolahti_DJI_0085_frame43.txt,38,926159130e76bab358456e30eccefe9ccc82ea937fe21e88333d7d4d49d26bf2
data/labels/Ruokolahti/ruokolahti_DJI_0085_frame44.txt,38,2ecf7b7ae675c511a936357f95df0efc9b1f59fea7709c42d3eca5fcaba5b239
data/labels/Ruokolahti/ruokolahti_DJI_0085_frame45.txt,38,0cfb67f222693322b6dd79acd7abfa7e341994da2bfe0b018e19f15712139d7a
data/labels/Ruokolahti/ruokolahti_DJI_0085_frame46.txt,38,fcb335ab7ea9fca26fa44fbac7adcecef996ae2928e595f9ce291cae99714120
data/labels/Ruokolahti/ruokolahti_DJI_0085_frame47.txt,38,5c7daf7ec13951321571ff29b5ea4265176cc94dd527e8fd1c0eb9116a669c77
data/labels/Ruokolahti/ruokolahti_DJI_0085_frame48.txt,38,08b733f77e9d339ec8c75df72e064f59bc9bdddb0a2abee45264400eab9be18d
data/labels/Ruokolahti/ruokolahti_DJI_0085_frame49.txt,38,1e1fb768f21a0b27fe0e2be3860a9f0e7df0ea7de847773c83bdac626a2f4b22
data/labels/Ruokolahti/ruokolahti_DJI_0085_frame5.txt,38,21026e876b9e55c2d1eabc9ad6717e8be62f04837b72caf0353c9f3b6f585962
data/labels/Ruokolahti/ruokolahti_DJI_0085_frame50.txt,38,7f157cf27d75a37b5a01890d968408dadcf3c42af791508b0ae47a1d16565527
data/labels/Ruokolahti/ruokolahti_DJI_0085_frame51.txt,38,0d624435e44fed246ce34b32596af354a47887ffc545c463b22b893e2c387491
data/labels/Ruokolahti/ruokolahti_DJI_0085_frame52.txt,38,49f411db3c7404f731fa1728551760e6c784e7ce864d2c419dc01b0597641989
data/labels/Ruokolahti/ruokolahti_DJI_0085_frame53.txt,38,365610cd7b67b7ab3d295baf44819a2fb47180a7e7060686555c4cf84a364d4d
data/labels/Ruokolahti/ruokolahti_DJI_0085_frame54.txt,38,29437004133c93517301aff5a2915d89be56a8d9e1303801b5d957a4e5ba6ec7
data/labels/Ruokolahti/ruokolahti_DJI_0085_frame55.txt,38,d667dc472d1c0617c063d70f73a8b3d16a1d2cdd80657a6c78dfafaccd05a48e
data/labels/Ruokolahti/ruokolahti_DJI_0085_frame56.txt,38,c9b15be290db7b7423f1b23bde7aff73b78c452019e4af36cb37586345efe2df
data/labels/Ruokolahti/ruokolahti_DJI_0085_frame57.txt,38,d4b48a25b5cfb618b77e269ffe93d5e18edb723f1c8b6266d3de54b13634dd12
data/labels/Ruokolahti/ruokolahti_DJI_0085_frame58.txt,38,52f8021f2fb1988dc56680f93211ecc212187a056b3a38133c8f260261a61718
data/labels/Ruokolahti/ruokolahti_DJI_0085_frame59.txt,38,c2f1006ec1e92b5f82c95b6a4687c2dbd2dbbba2b91cfac63978a93083936e9d
data/labels/Ruokolahti/ruokolahti_DJI_0085_frame6.txt,38,afc0b8b1aeb5cee2aa88fca1a45b28393c64ef1b142e923fd63f49c0b57d8392
data/labels/Ruokolahti/ruokolahti_DJI_0085_frame60.txt,38,40d896c7f2e4836e146465fd12dd90742f928ebbbad11af985f87c8b7be2eaad
data/labels/Ruokolahti/ruokolahti_DJI_0085_frame61.txt,38,b7850e7867366ecd49ee137b09edf6db018551a284e19069eea556e539d0919e
data/labels/Ruokolahti/ruokolahti_DJI_0085_frame62.txt,38,03c04e4a70f17f7ffc04b9dc2c218d2795fe32caf343b825be4fba9264777e67
data/labels/Ruokolahti/ruokolahti_DJI_0085_frame63.txt,38,d42b706a5017ad89476867942f5ef03d97414ef04409fc1ea82fa4e7e70ad3a0
data/labels/Ruokolahti/ruokolahti_DJI_0085_frame64.txt,38,1500287bcbe1eff2dbc1d4d1cbcff1dfc0c2ed1b99b1dad62eea9dc3004ddaef
data/labels/Ruokolahti/ruokolahti_DJI_0085_frame65.txt,38,0bf74a0ce6908173a5449f79c4c5a6a544567eb0341002726d5987aea14660ab
data/labels/Ruokolahti/ruokolahti_DJI_0085_frame66.txt,38,fe6afe9f809c9ee48ea2924b19290f6f83716193feb58f8961608cb226f40ba8
data/labels/Ruokolahti/ruokolahti_DJI_0085_frame67.txt,38,3f426d362f354ab6934081985bf0fc82c2d0f1cf63d35f0ee6410e980ee577d1
data/labels/Ruokolahti/ruokolahti_DJI_0085_frame68.txt,38,a88c7b40b156f337a7f6af29c326239c071f04da3a0f1d15b1552c4ada94d573
data/labels/Ruokolahti/ruokolahti_DJI_0085_frame69.txt,38,aa58887aab6bf6f45825d61c09d518f7897cca4007d788b435caaa3efbde8bc0
data/labels/Ruokolahti/ruokolahti_DJI_0085_frame7.txt,38,67a772d18f25a501e9f3974fa5b9a580d23d29f77d30e6181b7537e9fb686fcc
data/labels/Ruokolahti/ruokolahti_DJI_0085_frame70.txt,38,9ad1d8fda2cc7d35d62ad092b5a928d39c468d76a2e1a11135409db18aee9683
data/labels/Ruokolahti/ruokolahti_DJI_0085_frame71.txt,38,aabfb8e7f6545ab4b2bda3f618acf4e420958f4a98382e9fe76eaf17939c3e81
data/labels/Ruokolahti/ruokolahti_DJI_0085_frame72.txt,38,469ff46d352d7d93593c0623ea02d511daecc429e3727754a4c3514487fe2148
data/labels/Ruokolahti/ruokolahti_DJI_0085_frame73.txt,38,b48ae6bfe90f63c83dcc8a57cc8c6d6d7e76ba1c93b7d9e9ea6950ca943f5aa3
data/labels/Ruokolahti/ruokolahti_DJI_0085_frame74.txt,38,bb148a8462f910caec6b9be0424b277f3e89c8c89eed26c02093931063f6685a
data/labels/Ruokolahti/ruokolahti_DJI_0085_frame75.txt,38,6fcb627ae9ca593d037fef85ef08442221e796fc52edf431f5c8c3b586cc0790
data/labels/Ruokolahti/ruokolahti_DJI_0085_frame76.txt,38,5a4331b96c00dda96264b9314db7c9589abd8ee7f578eafa91d661562355aec1
data/labels/Ruokolahti/ruokolahti_DJI_0085_frame77.txt,38,129655c5cc8e42f78bd1c3cf517f5f04174df2f18d340a4ad534dab1daba7dec
data/labels/Ruokolahti/ruokolahti_DJI_0085_frame78.txt,38,8e0665804156ea5a4fdc5f6e52c211c9470fa32a630be6146d31e5994a295492
data/labels/Ruokolahti/ruokolahti_DJI_0085_frame79.txt,38,b1ae07fb04b5aa2b747c4b558eb05afe601c1598c77eb2701ee2ac12bd134841
data/labels/Ruokolahti/ruokolahti_DJI_0085_frame8.txt,38,b0fd32f2bb7b916a74618d8d7ba1303bdfddc7f2cf7bb2c7935805b155c08e39
data/labels/Ruokolahti/ruokolahti_DJI_0085_frame80.txt,38,80e7d772c8c850a68a2792ce4d5ba24b229ace5741a950608a1a841d2764b275
data/labels/Ruokolahti/ruokolahti_DJI_0085_frame81.txt,38,beaa91be6a624b5ae9f06d2da563a88b9638cb793c8db623f7708490374f95f1
data/labels/Ruokolahti/ruokolahti_DJI_0085_frame82.txt,38,760e4e3a96bdddb429d707d91170e22a23453d1efe32fc952746cb2bbad0bbee
data/labels/Ruokolahti/ruokolahti_DJI_0085_frame83.txt,38,0313a60f6e003f72ae83ea4362ffed16cd8437bb4a37eb0f9d86cf2acf9c5118
data/labels/Ruokolahti/ruokolahti_DJI_0085_frame84.txt,38,78791514c586ceb7dc53e7683954b47b631287eaa2967bce6d307800ff6333ba
data/labels/Ruokolahti/ruokolahti_DJI_0085_frame85.txt,38,5bd2dd4df87ce4c360c539d5ff52891c56c2b9f8004b2df2b8eb7efa52b04654
data/labels/Ruokolahti/ruokolahti_DJI_0085_frame86.txt,38,116e3007b4af36953a8436f08cae194b6df23a5976e44884b4bc6d94bd7c8cff
data/labels/Ruokolahti/ruokolahti_DJI_0085_frame87.txt,38,a09f5ea3717401941abb2b890fb86ef91be560644d99f011da88df39788a9c7d
data/labels/Ruokolahti/ruokolahti_DJI_0085_frame88.txt,38,eb365092a7f03a629d21736df54f6f25ab1aeeef22667f434e0652ecf3557a19
data/labels/Ruokolahti/ruokolahti_DJI_0085_frame89.txt,38,5524ae509b90b542e3866e5a838c357256fe84bc3e95ab056617dbeba867b5c2
data/labels/Ruokolahti/ruokolahti_DJI_0085_frame9.txt,38,0b386ed6032ad753e7f6a41dc5387926b0bb25d6b8a8536c500040c86d6510bf
data/labels/Ruokolahti/ruokolahti_DJI_0085_frame90.txt,38,3336b81f3f6f29c1d0f275cf35ef51865df6fd017f759efea53cd3f7929d66b0
data/labels/Ruokolahti/ruokolahti_DJI_0085_frame91.txt,38,cdecc521437c7c6243fcd57a092e310fceb42469ca457c34e9313da659271e57
data/labels/Ruokolahti/ruokolahti_DJI_0085_frame92.txt,38,4e9740c51be503b6bea123189d1c54a89f8284c33dcd79cd417bc849bcd45df5
data/labels/Ruokolahti/ruokolahti_DJI_0085_frame93.txt,38,7b72497c05622e932795a60d40565d515e786edc465e4fadb6206f8bde4e7919
data/labels/Ruokolahti/ruokolahti_DJI_0085_frame94.txt,38,59faaa8a3cd101dd6a4ddfb54557da04f04c81194244713dd14e6f94f812d40e
data/labels/Ruokolahti/ruokolahti_DJI_0085_frame95.txt,38,8f416d1c24c980106f94fb2b4a4c33a7eb4877556b900341826820fa01e14845
data/labels/Ruokolahti/ruokolahti_DJI_0085_frame96.txt,38,4dde19bb1c53add403274062ba9ba88a716019bea3906982798da77c3cf95f67
data/labels/Ruokolahti/ruokolahti_DJI_0085_frame97.txt,38,ee0dd8628fed1edf79f8b94e7aab371289a72e4072d1bded022f42641259c003
data/labels/Ruokolahti/ruokolahti_DJI_0085_frame98.txt,38,db7c9c9d7012a1ed23e4532e56c78be2670378891d0d1d0d385271e326e7d26d
data/labels/Ruokolahti/ruokolahti_DJI_0085_frame99.txt,38,5dbc0045eb021b5ba44047216b2f90b99f866fdc1a9e3e7ba769687a353f3922
data/labels/Ruokolahti/ruokolahti_DJI_0086_frame0.txt,38,6379c3e90db2bb8f955b2f3d241f3db13478ae26223c7b4c6b31fb2534918682
data/labels/Ruokolahti/ruokolahti_DJI_0086_frame1.txt,38,beb1684667bea34ff1ac77a425ce2e8f5f9821c4de21c4eb4097e8efe319830d
data/labels/Ruokolahti/ruokolahti_DJI_0086_frame10.txt,38,efb682d08291ea27766352332a13a5550baefa7e9c28246cea0be6473c551a36
data/labels/Ruokolahti/ruokolahti_DJI_0086_frame100.txt,38,8b3974131bddc76a26cd023d710a0d3ffd7c475bb3b1c33062540fe07aafe99b
data/labels/Ruokolahti/ruokolahti_DJI_0086_frame101.txt,38,fd39f827df7b29c2007b297ee9e9f8dcf54757ffbf9f190f359b63a12cb61fc0
data/labels/Ruokolahti/ruokolahti_DJI_0086_frame102.txt,38,8d3bd72396e20df1052da7e41a72baadeb1ca236261a582eaaabe50184220322
data/labels/Ruokolahti/ruokolahti_DJI_0086_frame103.txt,38,0baa551029b1b5e6828031cb4148b8310091292a50852c752bb3a7b917388403
data/labels/Ruokolahti/ruokolahti_DJI_0086_frame104.txt,38,ad6d9e61c03e111dbfc988ca43d61279a61b79af257488f9acaca932d00c9f63
data/labels/Ruokolahti/ruokolahti_DJI_0086_frame105.txt,38,40acf3661d5ab59aa8ccac7a9ad1fbca33eb054f91100c5d7cc0b923940e089e
data/labels/Ruokolahti/ruokolahti_DJI_0086_frame106.txt,38,f660a354f222a2213127df1fcf49abfc834f3d34508263f26276bc6fa985d2d0
data/labels/Ruokolahti/ruokolahti_DJI_0086_frame107.txt,38,d2900d3c0625b21207339586fb258283d1135b831cd1b59319d765e7388c1086
data/labels/Ruokolahti/ruokolahti_DJI_0086_frame108.txt,38,d423fcce589246e027b3f879da26fa2571b453a6252d79df460f74f3114b8027
data/labels/Ruokolahti/ruokolahti_DJI_0086_frame109.txt,38,decdc1dc0f7bdd730063b4514e4b39caf5d76b75968e20dd9203fd52c2cbb35f
data/labels/Ruokolahti/ruokolahti_DJI_0086_frame11.txt,38,79d0a498ee0f9ca50cd7dbebdb43514d086944598d45c3eb5c3b287d79f38ca4
data/labels/Ruokolahti/ruokolahti_DJI_0086_frame110.txt,38,a677440a2d824ca902fa0aa9ae1929d2858689d5d2982dadf3bb2b12eceabe68
data/labels/Ruokolahti/ruokolahti_DJI_0086_frame111.txt,38,756419002e09c9014fff202f9f297e39720feb0f577c1d5a38c98bf95a29582f
data/labels/Ruokolahti/ruokolahti_DJI_0086_frame112.txt,38,8af248e28169f8fb8ca534b3519ba43e0875e12688ed48268485684322d393c3
data/labels/Ruokolahti/ruokolahti_DJI_0086_frame113.txt,38,d860dd571b86b0282e54c912e5d64ccf09dcff1765a84a9434aaf2297b6fbbac
data/labels/Ruokolahti/ruokolahti_DJI_0086_frame114.txt,38,6d0b933b194feec0f73c6b40fb8016114bac6dbdacf9ba51a7e6948868210d02
data/labels/Ruokolahti/ruokolahti_DJI_0086_frame115.txt,38,3abdb59f76b172dedf180ef2f133c470369c8f62b91f7d8aa32e54dc495fb10c
data/labels/Ruokolahti/ruokolahti_DJI_0086_frame116.txt,38,d1e2867e139f32cde810c0d4a1e4d38861877be35f70cc392c2715e450152a47
data/labels/Ruokolahti/ruokolahti_DJI_0086_frame117.txt,38,3f258374dfa19bb8856a3364be3aafd7d102c3b1adc0e47f7f9881f6174c3ec2
data/labels/Ruokolahti/ruokolahti_DJI_0086_frame118.txt,38,51ee85d752e2293fba5d0afafb86a64098c54c892e8abf25d562aa65364fadb5
data/labels/Ruokolahti/ruokolahti_DJI_0086_frame119.txt,38,49a9eca995c97f8a80a16fef889dcd5c11bf609e97a3a053f0e2772403f515d1
data/labels/Ruokolahti/ruokolahti_DJI_0086_frame12.txt,38,68b145bec4f6e2b7c42d2e3efc689c340e605b56381ea96bda502276afc84549
data/labels/Ruokolahti/ruokolahti_DJI_0086_frame120.txt,38,33ec93108273eecafdeb797b11148512f1cac9bd96210ba64cfa264d281caa26
data/labels/Ruokolahti/ruokolahti_DJI_0086_frame121.txt,38,15c1e550fe2cb655cfc92d344e7e6bbcb30fcc41c5e18815ca552eb4503dcbf9
data/labels/Ruokolahti/ruokolahti_DJI_0086_frame122.txt,38,ddc5e52a37beaf6735a2ca807c12c41e4bd910eaa21cc7a70fbd8a9d6c131afb
data/labels/Ruokolahti/ruokolahti_DJI_0086_frame123.txt,38,7d901611f09023a2916082974eed1e5dcf7ad340ae35c4f75aba610083f28498
data/labels/Ruokolahti/ruokolahti_DJI_0086_frame124.txt,38,7274586bfa90a55d947f04653873e116a46be4885f5d70ca965a2a0283ea6236
data/labels/Ruokolahti/ruokolahti_DJI_0086_frame125.txt,38,a42a18808eefe0c216df8b951f6462e322c4e2a80627be53431da2587f1ca8c5
data/labels/Ruokolahti/ruokolahti_DJI_0086_frame126.txt,38,41f2f52cebecba0f182ea7686fe7d953bca22b971baff5db0f2abd984d2da9c0
data/labels/Ruokolahti/ruokolahti_DJI_0086_frame127.txt,38,ffa84870080173587e68e9db0d7d23cc26bebd7dc3aa739e3e2dafdac090e281
data/labels/Ruokolahti/ruokolahti_DJI_0086_frame128.txt,38,6a91899b4e65d44fa4022c1f7ff6e514c68b826304287e55182ccf161499610c
data/labels/Ruokolahti/ruokolahti_DJI_0086_frame129.txt,38,909ba138f1ae8b25522cae391316974d1dfede572455219a800d56cac4db861e
data/labels/Ruokolahti/ruokolahti_DJI_0086_frame13.txt,38,9e81e33c432ed04fc1e89dd12df14e46626e46b07e1b5ea62211ad3accded011
data/labels/Ruokolahti/ruokolahti_DJI_0086_frame130.txt,38,508f65496a16ef171ebbeb13ed9a0fd6990e568eb13e55393ade7ecf3b5e73b2
data/labels/Ruokolahti/ruokolahti_DJI_0086_frame131.txt,38,2aed45fb8ef9eac26c6059da5e52bb626d2c5d82779d0e1bb2e5d7781aca788c
data/labels/Ruokolahti/ruokolahti_DJI_0086_frame132.txt,38,4e3940fc5a54396671f1cb85bb847e7df7d58a40770a09e840fa37f28d4ebf59
data/labels/Ruokolahti/ruokolahti_DJI_0086_frame133.txt,38,573e83fa4fd1671fcc88b28834f9d382b74604e596ca41693086f8d73304e4e4
data/labels/Ruokolahti/ruokolahti_DJI_0086_frame134.txt,38,53018381a572a92c403ca1b3b918a19e48c78af7f5ea7a3ae4a8d5b7a8d3e87a
data/labels/Ruokolahti/ruokolahti_DJI_0086_frame135.txt,38,5fd2ea03a407844a89ce9cff52d37d4c959c01de4a26fe0dc0cc57a44ec221ed
data/labels/Ruokolahti/ruokolahti_DJI_0086_frame136.txt,38,1a16f0e1ba0a7bb8aa3249daf1ed16ecfd78949798d904f5f4e78dd7f5c20e2c
data/labels/Ruokolahti/ruokolahti_DJI_0086_frame137.txt,38,6dd6ad00c14c16f6bde2b4b57340b7b0f59368eb21364e8eacc8fdc48b58097e
data/labels/Ruokolahti/ruokolahti_DJI_0086_frame138.txt,38,ddf5ed1a664114c75e47c91d1736ccb0f9fe7040491cccd8a744667ce82abd64
data/labels/Ruokolahti/ruokolahti_DJI_0086_frame139.txt,38,f9b2c1ed510d721a208138a97542e1a5c2e7fa14eb5d984b44817c259e20435e
data/labels/Ruokolahti/ruokolahti_DJI_0086_frame14.txt,38,3aa5c423ad0c90b615d4e36a45b7f2bc907c07db8bff17d12c71f2f4e397eb90
data/labels/Ruokolahti/ruokolahti_DJI_0086_frame140.txt,38,3701b7e81f2b8201d96441c7530c080693303356a6e6d866c242e7c2e924a103
data/labels/Ruokolahti/ruokolahti_DJI_0086_frame141.txt,38,5b3b53f38e17eb04eed7843a3acc06d0eebaaa35c110f7bd744a2e0433a5a1c1
data/labels/Ruokolahti/ruokolahti_DJI_0086_frame142.txt,38,028b92e3d2d74be2afcb6e38319c2e6f130fb17d5a6afc3b56225066091649a3
data/labels/Ruokolahti/ruokolahti_DJI_0086_frame143.txt,38,28a4dc069c45d89ff92db4d6f836f85fdcf6209cf7d28e7c95c52b1aa9384edf
data/labels/Ruokolahti/ruokolahti_DJI_0086_frame144.txt,38,b8a7fbcbea288ba179381ce91ccf34f977f15776102a8dc2e6068051e56a121b
data/labels/Ruokolahti/ruokolahti_DJI_0086_frame145.txt,38,e821a9705aef4ad87192b0e4af9def50890afafbdecabd98615bd362522f2fbe
data/labels/Ruokolahti/ruokolahti_DJI_0086_frame146.txt,38,fad02d721f741d93dddb74f24350861712bd022e8086be1edb7984acf5469490
data/labels/Ruokolahti/ruokolahti_DJI_0086_frame147.txt,38,96d941b5e8b156e923e6542e4a049202e0a6bb8b5fc6584ddf297fe04e3b4a7f
data/labels/Ruokolahti/ruokolahti_DJI_0086_frame148.txt,38,598c58a12ae4f5e4d4d6940e02e6a058f754bcadaf085f2a16683e97bb8b6cc5
data/labels/Ruokolahti/ruokolahti_DJI_0086_frame149.txt,38,f15412e65d4a340931f9d4e0e6389e3a394d3ef58123eee46680796cf79a99bd
data/labels/Ruokolahti/ruokolahti_DJI_0086_frame15.txt,38,345a858ae8db7f0116763b0475c271a7c3261e441cd0c7483797650acefd0f7a
data/labels/Ruokolahti/ruokolahti_DJI_0086_frame150.txt,38,c325f953ddd9bb0089b63c132f19d8ddcb19d47dcf0632feaec28eb54048a559
data/labels/Ruokolahti/ruokolahti_DJI_0086_frame151.txt,38,c5b7e63844b7e904477970bb7cb0e4aafb749f182fc72897b873e94a0d9638ef
data/labels/Ruokolahti/ruokolahti_DJI_0086_frame152.txt,38,ca60f11b8b4e88975ad5865f7d8465e3589c6e5b63197efe98eef909c6b9ef0e
data/labels/Ruokolahti/ruokolahti_DJI_0086_frame153.txt,38,906a9bdd680c4484f9f211221f8a4a295528c934b23fcfc770ed2c627a41c43a
data/labels/Ruokolahti/ruokolahti_DJI_0086_frame154.txt,38,df810f4a078210f0b3540d28385c9c1586161e8159a042c1f60836fa139ae118
data/labels/Ruokolahti/ruokolahti_DJI_0086_frame155.txt,38,0be719ea88e1188be2bd6f98d7ce79314fd71ec9cff384ebad82b2d0d2060a35
data/labels/Ruokolahti/ruokolahti_DJI_0086_frame156.txt,38,daad0eb5c4b2b27a540e2ce759099cee8bf16fb68210d269444201fa4a26df00
data/labels/Ruokolahti/ruokolahti_DJI_0086_frame157.txt,38,54c6019a898ea7531fc43d7a19384e5f576546efbfd70527b64d1f59700115d6
data/labels/Ruokolahti/ruokolahti_DJI_0086_frame158.txt,38,b4670dc4099c7a1bf30fa6023127ac7753b33b6ab45718914cc42ec4b28954fc
data/labels/Ruokolahti/ruokolahti_DJI_0086_frame159.txt,38,985d23afa267d3e11c2473a281e8a1c4d72c54e001cfe573af444d9bdd50a45a
data/labels/Ruokolahti/ruokolahti_DJI_0086_frame16.txt,38,0d6aff24dfb0a08edbb085abc54b5f60281affcad65f1d74e36aef5bb021de65
data/labels/Ruokolahti/ruokolahti_DJI_0086_frame160.txt,38,7eb501d2d71e35db6231403cd491d955b5976b398d01eee79ae1494a544dbe6f
data/labels/Ruokolahti/ruokolahti_DJI_0086_frame161.txt,38,719daac8a65e4cf9259e58c307fa6e2dfdbe21b5d4688c5f981126f532b08c90
data/labels/Ruokolahti/ruokolahti_DJI_0086_frame162.txt,38,4b29b68c7d0a8b79770e717442aca760e693d6f118a3cf2ba627bd098d373d24
data/labels/Ruokolahti/ruokolahti_DJI_0086_frame163.txt,38,7c4379a89b3d5dd60bc81c347b077da4e0995a4f94098a77eb35bfeadfc2fe6c
data/labels/Ruokolahti/ruokolahti_DJI_0086_frame164.txt,38,a46d8d5f6bc7ed943eae4681c83ea92b3603e9ef9c274eb538f8b27ba97c3d03
data/labels/Ruokolahti/ruokolahti_DJI_0086_frame165.txt,38,a26dc157e649736ed11bc00cebf7f2ade499ec85d1010d5f74220e4ebd24b716
data/labels/Ruokolahti/ruokolahti_DJI_0086_frame166.txt,38,ec85183cb91ec2360d86938e3a8a086ad8579d635b66b94235509dc480d6f077
data/labels/Ruokolahti/ruokolahti_DJI_0086_frame167.txt,38,376b5ab7c8c6f34dc0d5de3ece5ef91f884439dbc843ef85f34b2504598a7822
data/labels/Ruokolahti/ruokolahti_DJI_0086_frame168.txt,38,8952f1949065e45c59ae66ba0a29dd55e3983ea651e549c92ce7935d48b8beb2
data/labels/Ruokolahti/ruokolahti_DJI_0086_frame169.txt,227,b1d5a2a294aa70657a51952192410066d90fd66fb0aa450a4bb695bd2da4d2d3
data/labels/Ruokolahti/ruokolahti_DJI_0086_frame17.txt,38,eb153bf70631fbd9ee99a92512ff0a4458deab1c75682393887eec7492d17830
data/labels/Ruokolahti/ruokolahti_DJI_0086_frame170.txt,38,bcd67d1e96b0f014d3c5e4b20b25df3f0a4d984f59e46385a3cd0c770b732772
data/labels/Ruokolahti/ruokolahti_DJI_0086_frame171.txt,38,6e10159facf2718640c4bafe46fb17cb1e9b29f17f09d2bb7678c839c554a263
data/labels/Ruokolahti/ruokolahti_DJI_0086_frame172.txt,38,16735c3bf2e60b6453909321c74fc83c32fa39a2e28e845dccb024282b77fdfc
data/labels/Ruokolahti/ruokolahti_DJI_0086_frame173.txt,38,9ca2b1e2803f5be63db58cce3e6a0138252f81d0efd62bfd9094ad02e61f2faf
data/labels/Ruokolahti/ruokolahti_DJI_0086_frame174.txt,38,b115b932c475b1cd74a975a262ee94d930596dbb171148d2c39a33f3063ae66b
data/labels/Ruokolahti/ruokolahti_DJI_0086_frame175.txt,38,92360523d37022ae923622f4a01a2f4c46b9a3e3d91853ff905a6c7a189a3a06
data/labels/Ruokolahti/ruokolahti_DJI_0086_frame176.txt,38,48feeb496f7c4e57506c7ffea79ad9f30c4bdd13978de0520bd2d50fee0e249c
data/labels/Ruokolahti/ruokolahti_DJI_0086_frame177.txt,38,404fef5eb1df8b2141c08bf32761cf8f5266e43e754457a7adf5b7200f52f938
data/labels/Ruokolahti/ruokolahti_DJI_0086_frame178.txt,38,e3358968602108e2d33ee61c8966a83e36f16b2cdf65b147318a03a6ba8c9396
data/labels/Ruokolahti/ruokolahti_DJI_0086_frame179.txt,38,1dae034f149b436ace0adc38b830e5ccb18d7400b733351738b8c5520362e23b
data/labels/Ruokolahti/ruokolahti_DJI_0086_frame18.txt,38,437b9f95c99d3b5231710a8c6dcc5a65b7cc1b4d036078821f2f3748f4213fe6
data/labels/Ruokolahti/ruokolahti_DJI_0086_frame180.txt,38,fd93714908b5be308bb328849905c600495b3876fac27ef00c4593c2928a748c
data/labels/Ruokolahti/ruokolahti_DJI_0086_frame181.txt,38,a7b9e1f011f5200bd647f0f8a367287bfaa299a28a65ce6edbf861347a6fabc4
data/labels/Ruokolahti/ruokolahti_DJI_0086_frame182.txt,38,a482e58ebb1a6c22df6bee11e9af7773667f1020a8dc582ee720640a6048d13c
data/labels/Ruokolahti/ruokolahti_DJI_0086_frame183.txt,38,2a831148ab2bd5ee67b568ee116289981eed02aa6e747ca29d7a2e330068f8e7
data/labels/Ruokolahti/ruokolahti_DJI_0086_frame184.txt,38,7c4b2697d610f97a1887abf4f2d1d6423b1cb7b49976eb58b8f6cc29bc05e600
data/labels/Ruokolahti/ruokolahti_DJI_0086_frame185.txt,38,3edac34e353ce96781c9f56a5113253d2847e7502663821eef0a2d415db3860b
data/labels/Ruokolahti/ruokolahti_DJI_0086_frame186.txt,38,b7888bc3e6983fcfef28f084fac980ab449a15703da5bef8c54badb627a80bad
data/labels/Ruokolahti/ruokolahti_DJI_0086_frame187.txt,38,6e4539e6601daac399dd1cffaebafd2a675ed5833b8b5ba7153512ab4690994b
data/labels/Ruokolahti/ruokolahti_DJI_0086_frame188.txt,38,5f44c46d50484e981eec84d0f9818c3444bf35cdc04a5d021a848f4cbbe1acb6
data/labels/Ruokolahti/ruokolahti_DJI_0086_frame189.txt,38,ce744608582b9ccbb93a224a2f710da5e3ae3b4c4f7697204ba8fea86855f5d1
data/labels/Ruokolahti/ruokolahti_DJI_0086_frame19.txt,38,a266380c61308f5b1fce6d2a6a2af254c5ce5539c98edf42603dc344e43b9f89
data/labels/Ruokolahti/ruokolahti_DJI_0086_frame190.txt,38,50698e5968fab23d00dcbb153303b6646f79df2416310f04b87248e04c09c915
data/labels/Ruokolahti/ruokolahti_DJI_0086_frame191.txt,38,b1869dbd50f7bdb58bf27054c4571806e26b5c34da659e435483f7d8916efa14
data/labels/Ruokolahti/ruokolahti_DJI_0086_frame192.txt,38,922b3c108f7b29507c2e499287c9ed427f64cf011bdb20e9a74198d4d275c2d4
data/labels/Ruokolahti/ruokolahti_DJI_0086_frame193.txt,38,d3a0184d54db6dc1663671e82063adac881b2d635d316ed6d5ddb0e1d4685a71
data/labels/Ruokolahti/ruokolahti_DJI_0086_frame194.txt,38,45ce4e97b3f1c502ba25e3222fc4c279eaec3e5a026482c6ba05c30440cfaf41
data/labels/Ruokolahti/ruokolahti_DJI_0086_frame195.txt,38,a739e1b5e8dd08aa01b9c4212cb8d948dfd4e3dfc07189edc2ddb02ec9fa52a6
data/labels/Ruokolahti/ruokolahti_DJI_0086_frame196.txt,38,a676bbc1f3a763cfedd82b6c3acef9c04a13ad86e2a673840b45ac95f749ae59
data/labels/Ruokolahti/ruokolahti_DJI_0086_frame197.txt,38,726b7a46d19c8088c0eef1729f8bb56b837573fc3ad7786a3a65061054169b9e
data/labels/Ruokolahti/ruokolahti_DJI_0086_frame198.txt,38,aaa7c1f6eaf91e4be167b30bdca01eb1dfc44d001abd7264413d5582cea21d3c
data/labels/Ruokolahti/ruokolahti_DJI_0086_frame199.txt,38,a24b3eab039ebdbcac924d2cb51e46cc88d6174bb2b4fecfbca20c11d17265be
data/labels/Ruokolahti/ruokolahti_DJI_0086_frame2.txt,38,0871ace52466dfb52197fc9084b26df07d5e9b739c3bd5b7c0b275ff2d0880df
data/labels/Ruokolahti/ruokolahti_DJI_0086_frame20.txt,38,314391163b4a4c98c45fc9eff44a709da0ada31928a49c473cf9469d1279d9f7
data/labels/Ruokolahti/ruokolahti_DJI_0086_frame200.txt,38,4ef6611ae62f9d80b37ef6f943e8e9dcb19e88da9cc95bb8580f14b097d1085b
data/labels/Ruokolahti/ruokolahti_DJI_0086_frame201.txt,38,86cdb720256850feb20d2f26ad21e236d8762b85df2148a72726c216402fac37
data/labels/Ruokolahti/ruokolahti_DJI_0086_frame202.txt,38,df082ebe3f39b4ad20056abc1ca8e9a25774bb254e33a48617324307ef63eb1e
data/labels/Ruokolahti/ruokolahti_DJI_0086_frame203.txt,38,96c16885487e7d20ae764a8ce70cf727c8b14cce9067a51a1eedb5e99abd1f37
data/labels/Ruokolahti/ruokolahti_DJI_0086_frame204.txt,38,f25073c5434ee9973459c097ae988af427c237606a5c685d5c0b80f71d4c10b1
data/labels/Ruokolahti/ruokolahti_DJI_0086_frame205.txt,38,357e0aa9969bccbac71f733fe647fb6f8d6d00ff11b177ddb2e2af5b08e1b135
data/labels/Ruokolahti/ruokolahti_DJI_0086_frame206.txt,38,1d20ea3c3225c2de01df838e213a408020b9fe55247a71642b86497b9d776332
data/labels/Ruokolahti/ruokolahti_DJI_0086_frame207.txt,38,bce0a612d6368f531c2d1a7035736df727cc90781390623c0b771a43806defe9
data/labels/Ruokolahti/ruokolahti_DJI_0086_frame208.txt,38,20dc10c49b6035c431864b0d935ae19da7d00058d688daeafc07b20bdc7e6d25
data/labels/Ruokolahti/ruokolahti_DJI_0086_frame209.txt,379,3bec0c10cc26bf7cb7cfeda0049cf2bf966725c466e1c35728d93849162174b4
data/labels/Ruokolahti/ruokolahti_DJI_0086_frame21.txt,38,8ac23fe9b34d92c84fef80237d4252af8d17e97b9c409a87a36139de820d8c3c
data/labels/Ruokolahti/ruokolahti_DJI_0086_frame210.txt,38,949ed30bb34b0f755f6c4eb0d205d4cb5721474e702ca2cb970e699a17873c3d
data/labels/Ruokolahti/ruokolahti_DJI_0086_frame211.txt,38,8f6087db0781536f00ee79a7d38632b27925e2024d1aa233efcd9791d60ef689
data/labels/Ruokolahti/ruokolahti_DJI_0086_frame212.txt,38,88ea3f14d713715fbaeda8e5b1dc0755baa0a38a9b99e9803b8195e1b5e03a86
data/labels/Ruokolahti/ruokolahti_DJI_0086_frame213.txt,38,05a948199fd1cbae40311237c36f3f0f47ee65abec52bfaae864005089a2a343
data/labels/Ruokolahti/ruokolahti_DJI_0086_frame214.txt,38,376248b3265b5616fbc263fae9561fdc4b7e0b3a2ef1014ab06e5198b1776289
data/labels/Ruokolahti/ruokolahti_DJI_0086_frame215.txt,38,e60df7cef579905a902ed074cdb54f298306e667c42184364a04f08e0e963ff3
data/labels/Ruokolahti/ruokolahti_DJI_0086_frame216.txt,38,5eea493d7edc00ca0179cfaa53bb78ece7f64ea61f4a7b2ae41bb9d723a71f59
data/labels/Ruokolahti/ruokolahti_DJI_0086_frame217.txt,38,b0730528314bb8489fd4b74e32b01108db9a68300cb3d485d9031f841ce65239
data/labels/Ruokolahti/ruokolahti_DJI_0086_frame218.txt,38,40755c4bab310a54355d8927c49ae96d409a5d81773334d6a896fbe508c48ea8
data/labels/Ruokolahti/ruokolahti_DJI_0086_frame219.txt,38,a4f8117c562c7f2ec094eaa001d011fd214d0d88d8b882c15378102c7212d317
data/labels/Ruokolahti/ruokolahti_DJI_0086_frame22.txt,38,95c7de8a020cbe31b4a817e4bc7c488af072a63d850429620a47c722e999b59c
data/labels/Ruokolahti/ruokolahti_DJI_0086_frame220.txt,38,f4b395f048771b51282ec7d8adee27bceec0f48768c9e78da230d6a1a7926199
data/labels/Ruokolahti/ruokolahti_DJI_0086_frame221.txt,38,4b12f066d2f7cd8ca27a038ee75180611b56c1977156c0e94dc8cafa82282119
data/labels/Ruokolahti/ruokolahti_DJI_0086_frame222.txt,38,ff02010d91a6a0f582811f425c2699243f3f368335d74fa2c1572364d0be16b5
data/labels/Ruokolahti/ruokolahti_DJI_0086_frame223.txt,38,086edba3f45ab3dffa4f637c2eeb4e779c344922a7f0cfda3731dafc0db17479
data/labels/Ruokolahti/ruokolahti_DJI_0086_frame224.txt,38,e166edd01e3bc7059cb92e5c69a294cd350de8c81a537bce57b55a0c001faf1c
data/labels/Ruokolahti/ruokolahti_DJI_0086_frame225.txt,38,79467d0756b5ad99bea04608ab48a8659d14936b7c32ce13d495c24f3fc23b55
data/labels/Ruokolahti/ruokolahti_DJI_0086_frame226.txt,38,4aeed87051d5154f4cd9a9766c1fd0062eac1d24c478fc75cfd8f9f9edba8f6b
data/labels/Ruokolahti/ruokolahti_DJI_0086_frame227.txt,38,5342ceb5784c4c56d35f03a8062a0bbb10eef5956e8e1cdf2e487f78bf829f48
data/labels/Ruokolahti/ruokolahti_DJI_0086_frame228.txt,38,2e32c8ad5e9065921beca2c2535cb82bfb5ac1f059c41bd3e9c8efcb33896026
data/labels/Ruokolahti/ruokolahti_DJI_0086_frame229.txt,38,2581bd592d20dc5f32e7c4ff91774e331413f94075b7d27755685e6b83faf0f0
data/labels/Ruokolahti/ruokolahti_DJI_0086_frame23.txt,38,6f43156fed771dee94498f4b96c11d26e5af1fe2b45017449bf604da509e1a2a
data/labels/Ruokolahti/ruokolahti_DJI_0086_frame230.txt,38,94d72f32d716822ff436a94718add01ce8716b1a180e9701f251b6030dbee2c6
data/labels/Ruokolahti/ruokolahti_DJI_0086_frame231.txt,38,f562a03953a7c8dc77cb304e3a73c87d16e65979247b4de7662bde3613ee4e21
data/labels/Ruokolahti/ruokolahti_DJI_0086_frame232.txt,38,9d3fea8da593598d8f23c5c1571a604f86de33494d130c2e7ac123119f97add2
data/labels/Ruokolahti/ruokolahti_DJI_0086_frame233.txt,38,4bc9e7f515bb7d78e2145bca7ca9f25ebec550979ca89cfd58b727c84ede8f10
data/labels/Ruokolahti/ruokolahti_DJI_0086_frame234.txt,38,c49e6cd252e15609fce7596e4ba46dcfe2ce59cd4052e038ab7be9b8ceb79224
data/labels/Ruokolahti/ruokolahti_DJI_0086_frame235.txt,38,a475a4c5bcbaf186ec71dbdb8e5fd4e4f27f41fd27aca0dc3342cdfe0b82b9f8
data/labels/Ruokolahti/ruokolahti_DJI_0086_frame236.txt,38,c94cd11972dd0151caa1a2c7cafba2fd010ce632f636124988135d8a5b3fe3bd
data/labels/Ruokolahti/ruokolahti_DJI_0086_frame237.txt,417,703be3a182114831eb20b7456c3282ca0d37a8a091c6222f6ae98175bf39b850
data/labels/Ruokolahti/ruokolahti_DJI_0086_frame238.txt,455,a7d49c1bb18859b1b4f9a13cbb6d627a0d2136b1b3e3e97012350c5081997782
data/labels/Ruokolahti/ruokolahti_DJI_0086_frame239.txt,38,cd65f96e9a32775dcd79eae2bb69c91c8ad2875842617e4d16d0b9d31a81275a
data/labels/Ruokolahti/ruokolahti_DJI_0086_frame24.txt,38,a3dca65a776ac7f94ab39b1e3d90ecea5dd573e0e523efe663a1ca56cb5336b1
data/labels/Ruokolahti/ruokolahti_DJI_0086_frame240.txt,38,1c1c4d4fbe277aad0ecb2b6c1c4aae3819d41dace04b3326878d8d377ce56c6d
data/labels/Ruokolahti/ruokolahti_DJI_0086_frame241.txt,38,438d4429be04dc47722dc26b15d27c837de8a64ac9457bd55d0ed0083abe861a
data/labels/Ruokolahti/ruokolahti_DJI_0086_frame242.txt,38,3d495944880872d197f7269713b25ba4e9a9807765b740902019032946e9e521
data/labels/Ruokolahti/ruokolahti_DJI_0086_frame243.txt,38,0b08ec9477af660b23cede62d76001d9cdc2e1ac33833c28054d554098833689
data/labels/Ruokolahti/ruokolahti_DJI_0086_frame244.txt,38,e854c7aba3d7de5cacd2ebb0007531b67f185a6f72f980bbc6ed9cc44d370bf1
data/labels/Ruokolahti/ruokolahti_DJI_0086_frame245.txt,38,687cb24995bc2e90faf0a71075c483a7f9acd8a58500ce56c8644c1e57398e2e
data/labels/Ruokolahti/ruokolahti_DJI_0086_frame246.txt,38,b444653e2a5fccd43ec6a61cd26faa925f52377bc89e43eda5dd2910f134ac5a
data/labels/Ruokolahti/ruokolahti_DJI_0086_frame247.txt,38,5a66676fe89f772b70e8ac48613b2a43d48339221eacb9e52eca996dec414e84
data/labels/Ruokolahti/ruokolahti_DJI_0086_frame248.txt,38,7b82b0b8bcccde96b5df7ff6f64ff923ec40ed004255a5ecc4f4c61a0ce2f541
data/labels/Ruokolahti/ruokolahti_DJI_0086_frame249.txt,38,f3b9e3236890a1dbfc5f1d1323a534b69dbc1e6dd2946b106584af705b11c4fd
data/labels/Ruokolahti/ruokolahti_DJI_0086_frame25.txt,38,20737cfb04ac25de8dbde1cd494fb79053a16dbdc0f866b7b417192df1774616
data/labels/Ruokolahti/ruokolahti_DJI_0086_frame250.txt,38,4bc9e7f515bb7d78e2145bca7ca9f25ebec550979ca89cfd58b727c84ede8f10
data/labels/Ruokolahti/ruokolahti_DJI_0086_frame251.txt,38,5119b04ae076c4dccaedfdf27e751580a81d6f451693c3ed83b11e9c17d6ceeb
data/labels/Ruokolahti/ruokolahti_DJI_0086_frame252.txt,38,4f38aa2bc83c5e390855f500df14e0822c631e8b233e8b96dff8a063d50a8b0f
data/labels/Ruokolahti/ruokolahti_DJI_0086_frame253.txt,38,e511274a903c8ce9cbb9b4d7fa1f872f01d64e053e91ee321eb95195f362b697
data/labels/Ruokolahti/ruokolahti_DJI_0086_frame254.txt,38,04741c1d0cd5c2a50e608367ec65127c94be20f6ebf625d6a0e1f839abc02992
data/labels/Ruokolahti/ruokolahti_DJI_0086_frame255.txt,38,5c9b3cd62b13b90ffd975590f8f74fa5488fe1f5f02cd47e3484fa33b4c9869c
data/labels/Ruokolahti/ruokolahti_DJI_0086_frame256.txt,38,9f8154d799fb46a8a6f913d0691f0324c4e8d69aa98f5301e50ad74a7d57f3ee
data/labels/Ruokolahti/ruokolahti_DJI_0086_frame257.txt,38,a9a81f78f2b83be6694165fffb7a012d81080f488279d19482b10e64d26e2b7e
data/labels/Ruokolahti/ruokolahti_DJI_0086_frame258.txt,38,157b78f05931975dfd8c9cbf7ce2e6f4549e3b93797c9480ff53c07959edc8bb
data/labels/Ruokolahti/ruokolahti_DJI_0086_frame259.txt,38,d51b30adf403f9ecaf45417b9839877265387b744bdbdbaf8ffb676b909bc427
data/labels/Ruokolahti/ruokolahti_DJI_0086_frame26.txt,38,1b07e022cb53888309b6a16b7f9465918c54b6ecd01b28154a9a077b1a490ade
data/labels/Ruokolahti/ruokolahti_DJI_0086_frame260.txt,38,8fbcb48c250ac61188000081bafe9389bdadf78ecfef1e203b856d924092e2df
data/labels/Ruokolahti/ruokolahti_DJI_0086_frame261.txt,38,4cf5620bbce11278b9018ff4567d99d22b216656a70c168c739d2463ed15707d
data/labels/Ruokolahti/ruokolahti_DJI_0086_frame262.txt,38,83d42c3531282e6eadbc13a17bcfe95cc38e14a1c033054efee65ebd37010b3f
data/labels/Ruokolahti/ruokolahti_DJI_0086_frame263.txt,38,b59d81e2c5bb7036fe4f0f179985cf9b55835dd85846c5d994535b67f08a5787
data/labels/Ruokolahti/ruokolahti_DJI_0086_frame264.txt,38,245c838e0c024ace267d8acf6483ef5699eec3d33e7b179195c72b7c11fb7097
data/labels/Ruokolahti/ruokolahti_DJI_0086_frame265.txt,38,87318ee1982de1fd5064566fd39fa753d15481313472bfe6792a5195ba22bdb2
data/labels/Ruokolahti/ruokolahti_DJI_0086_frame266.txt,38,46d06f42c5dd5d6466aaa17aa076bbc62c538d712cb0c74339760130975434a2
data/labels/Ruokolahti/ruokolahti_DJI_0086_frame267.txt,38,89149cf0015db21bc36477cffdab80adc56fd7c84103b2f215ef2ac4b1045de7
data/labels/Ruokolahti/ruokolahti_DJI_0086_frame268.txt,38,6c031ec8a1b47469ed0d3361a0669c36b9a8828d84172546a7e98403ef9b6cb2
data/labels/Ruokolahti/ruokolahti_DJI_0086_frame269.txt,38,44786484dd6288ebd72d4f340601247bf8ed7efed0c1b879091f5ef1ab341603
data/labels/Ruokolahti/ruokolahti_DJI_0086_frame27.txt,38,1fd2cfef9890b3c4813d9305ae4f68957f529770044c5fe7d047f771bc030516
data/labels/Ruokolahti/ruokolahti_DJI_0086_frame270.txt,38,b642abe3316de67bd430a436881ee38fade72d835455ce73bf15cff3c7f94d0e
data/labels/Ruokolahti/ruokolahti_DJI_0086_frame271.txt,38,67bf6ded15981a18b0891530811b57b85bfc082fdb679b893d3f57e41257bb15
data/labels/Ruokolahti/ruokolahti_DJI_0086_frame272.txt,38,f75ae67907f85ba06f2d6c5629985a00b81aeb1785acc3bf0abe032c9abf7112
data/labels/Ruokolahti/ruokolahti_DJI_0086_frame273.txt,38,02586a41a677c4113174e5bf8da3dc5ae4efc1bf0296e7c3c9202eef98c0849f
data/labels/Ruokolahti/ruokolahti_DJI_0086_frame274.txt,38,9a46bcc8a61b3812b4693a7a54a281383765cf97913060bbd5c7a0980e5828be
data/labels/Ruokolahti/ruokolahti_DJI_0086_frame275.txt,38,68f13c59e5479d1f11e7b985bd786989ff3b54fab971ebd6b2ee012126f44566
data/labels/Ruokolahti/ruokolahti_DJI_0086_frame276.txt,38,a27f565ec24a6f5339a1d8b761f295aa9a2d38bf885456408efb144b82a665db
data/labels/Ruokolahti/ruokolahti_DJI_0086_frame277.txt,38,4ca5f2ec4e0845ee73228f56008dcc6556f0f17e0fd8721b0d958ef5a9e6650c
data/labels/Ruokolahti/ruokolahti_DJI_0086_frame278.txt,38,fac5134cd398c73bbd7213e37060faf8eb062a6c7889041722248df53785d660
data/labels/Ruokolahti/ruokolahti_DJI_0086_frame279.txt,38,036a8d7174d740d1cfa2e6c1716f5ee35c8fd1588f2ccb990a6318a0874d873f
data/labels/Ruokolahti/ruokolahti_DJI_0086_frame28.txt,38,fbfd1a92fc5f827dc316938ad2657debc5e3031e05f22b305f2861727eff63fe
data/labels/Ruokolahti/ruokolahti_DJI_0086_frame280.txt,38,bcd91c50a656d7e353721366ed5630c1e7d82f1b42d49bc12edad7538156b86a
data/labels/Ruokolahti/ruokolahti_DJI_0086_frame281.txt,38,e0bb246f9a05a24d81eefa84b82a1356d725528702291b0d4aad28ef92469372
data/labels/Ruokolahti/ruokolahti_DJI_0086_frame282.txt,38,07a2df143238992c73b47dfd9ad011d2c82e0e5356119ae2c61306c398a9c8bc
data/labels/Ruokolahti/ruokolahti_DJI_0086_frame283.txt,38,39a82248ca8e0979505697a864d6b9c6601d716cf2996ac0e08853b509ae9420
data/labels/Ruokolahti/ruokolahti_DJI_0086_frame284.txt,38,ffcf5964387d5731fe27fab91b5ff705769843269c30128e323579a3ad8eafba
data/labels/Ruokolahti/ruokolahti_DJI_0086_frame285.txt,38,b6a08a0c5f1230e8effb0cee7935e4816f44088df32bf5ebd938854918bcf580
data/labels/Ruokolahti/ruokolahti_DJI_0086_frame286.txt,38,97b2b3d0e963fc911ed065248e4b61f9c2a4beb9dfcf03e6789bf3d9c5e308cb
data/labels/Ruokolahti/ruokolahti_DJI_0086_frame287.txt,38,86ed38a960a4f7982bfa1a637d1b45bc9a1aa2c13a456cdd83877ea1fe92c710
data/labels/Ruokolahti/ruokolahti_DJI_0086_frame288.txt,38,e1cc9fe78bc81e38d178240ff0280f631d37dcfd95063e0de23f7393dd7bd151
data/labels/Ruokolahti/ruokolahti_DJI_0086_frame289.txt,38,6d87efe1ec828549d5ba471b594ae7e796c2de8d80757c6c1ceb03b9acee7207
data/labels/Ruokolahti/ruokolahti_DJI_0086_frame29.txt,38,bde6750deffaa40c55c7fc7f31ac8cce12872aaabf212d429b2379727530510f
data/labels/Ruokolahti/ruokolahti_DJI_0086_frame290.txt,38,27746ad7ee995e715faa53e7f2901b99a1e98926bc365db55579b0fdc5e0aef8
data/labels/Ruokolahti/ruokolahti_DJI_0086_frame291.txt,38,baa90bf132aa9ddcbe0c0d96c094f8729d0e152eb1e386fdf94da819e0e6efc1
data/labels/Ruokolahti/ruokolahti_DJI_0086_frame292.txt,38,f9128a9990bc243837612f2cd788f7e9fc216b7be3387be23f52e93ab6b8117f
data/labels/Ruokolahti/ruokolahti_DJI_0086_frame293.txt,38,1bbde683af754ab512a950682facff2a2ded4e16458a813d5d85052b4c24fcfc
data/labels/Ruokolahti/ruokolahti_DJI_0086_frame294.txt,417,1d148e6a3e08f077ea74776d7d1f71c180efe0d59657c9e944ed01c75692f39c
data/labels/Ruokolahti/ruokolahti_DJI_0086_frame295.txt,417,928afffe0149b2ab334137b17420c29d67acb2c71f633f22b0ea4fc3b1691d5c
data/labels/Ruokolahti/ruokolahti_DJI_0086_frame296.txt,38,ba7d61aeef415ddfc78c2b4cac831a337c64681021c65dedefcf3b8166d78ddc
data/labels/Ruokolahti/ruokolahti_DJI_0086_frame297.txt,38,08e59516e90c560b71377bf5fb4cc77d77d7414acae22a9249b5ab817bd6d90e
data/labels/Ruokolahti/ruokolahti_DJI_0086_frame298.txt,38,c13cb4e3c45c5f28ce46b023e6a8f42df4005f91788b0eadce974045610b2471
data/labels/Ruokolahti/ruokolahti_DJI_0086_frame299.txt,38,d291135de32c26e6f117c0e4c16320f6c97e6cd981b5341e061bef0859ddf518
data/labels/Ruokolahti/ruokolahti_DJI_0086_frame3.txt,38,f4f9013e0c0094fd074be901a796264462fa4b22b184ce7e799f50e6878d2917
data/labels/Ruokolahti/ruokolahti_DJI_0086_frame30.txt,38,de623b206c900f5d3d9460e24c8182fb11a3a6037c7d4a302b113b1e376b042d
data/labels/Ruokolahti/ruokolahti_DJI_0086_frame300.txt,38,c6c093e442bf98a484f6b132073bbf35c826ec396ba3dddc491d9ba9d5c426ed
data/labels/Ruokolahti/ruokolahti_DJI_0086_frame301.txt,38,b7059a5a0c7fba3d396355aa640a2e9fa9ba0ba5237d23b25f11beabb1665b88
data/labels/Ruokolahti/ruokolahti_DJI_0086_frame302.txt,38,36d11d63b961867be42f171bcdc6ad8330e68cbd75434985902cfef9e7544b6f
data/labels/Ruokolahti/ruokolahti_DJI_0086_frame303.txt,38,fe732802ef3b7ea695f969ef1fe7c66744d2f4b09d43bb29facccfea8a99bf00
data/labels/Ruokolahti/ruokolahti_DJI_0086_frame304.txt,38,34e98e1ad3d765dcf8fb077511a8cd4d991e00313fe6b20ac8611744adf0da21
data/labels/Ruokolahti/ruokolahti_DJI_0086_frame305.txt,38,6c70b98f264057b00304d571c633df0331bc1c648ec0e5ee6d59f37545fe6ddd
data/labels/Ruokolahti/ruokolahti_DJI_0086_frame306.txt,38,f7239ed9733dfdd51b80a5f100c8672f76aded38160f252431609432b2ba67f8
data/labels/Ruokolahti/ruokolahti_DJI_0086_frame307.txt,38,b301ca43381ee3fb89a95b50390f8058bdbeb2015f0dbef2e55a04f22dec5252
data/labels/Ruokolahti/ruokolahti_DJI_0086_frame308.txt,38,8b7f261c639f19462e09490c4ced2d3a0d451ad813f6010ca59a2b43e0a6dc74
data/labels/Ruokolahti/ruokolahti_DJI_0086_frame309.txt,38,45a918ae9d4623084b1847ce9636430975e7a213a081604bcd04c12fc9e4e3e9
data/labels/Ruokolahti/ruokolahti_DJI_0086_frame31.txt,38,0e6dfcd2cc99c6ffcf7ff663dd704bcf4ec9040bc668ba849f28b72356eb3f15
data/labels/Ruokolahti/ruokolahti_DJI_0086_frame310.txt,38,2a74e631bf3074de9379156e334c7a5e238624188ac1a04421c05966bfc74600
data/labels/Ruokolahti/ruokolahti_DJI_0086_frame311.txt,38,9ff8f612e65063780e28133397b5852fdad089e353c9b1d9bfc3579f63e41fd9
data/labels/Ruokolahti/ruokolahti_DJI_0086_frame312.txt,38,ffeacd6d0429fbacd1c495ddcdf993fdacbd6b85c009ec0a05a0d032f502af7d
data/labels/Ruokolahti/ruokolahti_DJI_0086_frame313.txt,38,84e52335c61cd7a7f108bec85adedaa5cc5b80f20e15f0b6bdcc723b6fc7e831
data/labels/Ruokolahti/ruokolahti_DJI_0086_frame314.txt,38,54114c0f24c91cf5b908b4d976e60269c45bedc667935ee7cb2e485628dce9f4
data/labels/Ruokolahti/ruokolahti_DJI_0086_frame315.txt,38,f7a523d1db7e9faaa302e604bd3208b0a9ce3b388bdf94923c9f3518525aabe6
data/labels/Ruokolahti/ruokolahti_DJI_0086_frame316.txt,38,3da85a57a188da70c96d8631a4c0957ce17df63c29e15a315f46be7d764f09e1
data/labels/Ruokolahti/ruokolahti_DJI_0086_frame317.txt,38,8b92abff92b468a85a5f394d4f687acfe2972592c92b242db44b6abbf07bbeb2
data/labels/Ruokolahti/ruokolahti_DJI_0086_frame318.txt,38,c78c6a7ea8bb2d3e9abc0a3638eb597d69c5bf239fedbdb1312553cfff0a4d57
data/labels/Ruokolahti/ruokolahti_DJI_0086_frame319.txt,38,7ff2bfa565f05cd4f2da3ef5c253b60c9cc1481329f12b39682f03ef600df13e
data/labels/Ruokolahti/ruokolahti_DJI_0086_frame32.txt,38,0ead2f90840e2b7b163e1c19c1506ee6c3fdd01e1e9f924c67fae63e7297389b
data/labels/Ruokolahti/ruokolahti_DJI_0086_frame320.txt,38,fb7ab1023388c58d76ce4d0ad7ee424a59e05e6ca33c69b2e8619e12fc7178bf
data/labels/Ruokolahti/ruokolahti_DJI_0086_frame321.txt,38,ce24c2395c50b8fa8874e7930ad8d05c4789535ae4da4b450416abe50025ac7a
data/labels/Ruokolahti/ruokolahti_DJI_0086_frame322.txt,38,e31c5f97b9ba2f6b41f89939b24027d38c0d93d9254ffd4ed4119cb0d92a073f
data/labels/Ruokolahti/ruokolahti_DJI_0086_frame323.txt,38,d2c046e86d1287b2fdd7a75bb23dd97998865c32ef746bae9235a6c7ab58b25c
data/labels/Ruokolahti/ruokolahti_DJI_0086_frame324.txt,38,0413a0ccfb93ba7b1384a96f849723e4a519eabc15f10dec641010574d3239f7
data/labels/Ruokolahti/ruokolahti_DJI_0086_frame325.txt,38,346924f38136b1d5334a31a088f42ab0d7ffc89e46829ba9cf70fbf494488329
data/labels/Ruokolahti/ruokolahti_DJI_0086_frame326.txt,38,82d8d3476d4b87480117875b1fb5516a689f9388c19151ff9e48c2e8ed7c613b
data/labels/Ruokolahti/ruokolahti_DJI_0086_frame327.txt,38,e0cf8b6ec17b371c6f2092d0638a4ef16c50850ea5be91b2ae20ac89ce06e136
data/labels/Ruokolahti/ruokolahti_DJI_0086_frame33.txt,38,3b1e7e6eb2c1d8bf038881e58af10243d785c98cf2a2c62fa4d58b7facdb2e43
data/labels/Ruokolahti/ruokolahti_DJI_0086_frame34.txt,38,10d99c4b60b79342048e525e75998005a59d3fb154b10d7153154e31de24c959
data/labels/Ruokolahti/ruokolahti_DJI_0086_frame35.txt,38,c610d05d00a3be91726bc27287bd6148a01912b3d7837688d1b13187ea0821db
data/labels/Ruokolahti/ruokolahti_DJI_0086_frame36.txt,38,de56cb915eb23c1f83e6e5335ecbe22156cc62696eea21291926192021a17dae
data/labels/Ruokolahti/ruokolahti_DJI_0086_frame37.txt,38,67ad7e7e02bd9cbfd79a73869d32b3d5abb114e9a288d6d0608b3d219c7d3485
data/labels/Ruokolahti/ruokolahti_DJI_0086_frame38.txt,38,1aa1a0dc5f4861ae300e612e0e68590c796073ca5a6419d5e99d87a403941424
data/labels/Ruokolahti/ruokolahti_DJI_0086_frame39.txt,38,e9543e19957efb60ef8c22d6c80718920e417990222249593a2ec5a0d72f98ba
data/labels/Ruokolahti/ruokolahti_DJI_0086_frame4.txt,38,2f5b2e39485ac077ae0ecb9fd1ab809857944bd07a6781b507c9ebf9b7ec06f4
data/labels/Ruokolahti/ruokolahti_DJI_0086_frame40.txt,38,ad65fcc13230da7da44b75bec7fd82d87683ff01d9489d1b3e176bd1600ad178
data/labels/Ruokolahti/ruokolahti_DJI_0086_frame41.txt,38,ef4e950af6db06f2c30d76bad94e054c6056b6d6070d218888f19ef3d788a775
data/labels/Ruokolahti/ruokolahti_DJI_0086_frame42.txt,38,5d93dfac31e56ad984a5b6b136591c280a9443311b74c766aeecef77102e366f
data/labels/Ruokolahti/ruokolahti_DJI_0086_frame43.txt,38,c31501c34f6dcc06692bd5952a59a32f16e4d6611a97b1ab32fa1d20acf6b989
data/labels/Ruokolahti/ruokolahti_DJI_0086_frame44.txt,38,3549bbfa1d7c6af49e989a7539f8ef9a73402195a2339d1053b388b6abb92444
data/labels/Ruokolahti/ruokolahti_DJI_0086_frame45.txt,38,f70974a9e103ca289ca3c2ff2dba9dc396def153e58d51047b1214d0bdb9faf2
data/labels/Ruokolahti/ruokolahti_DJI_0086_frame46.txt,38,1315b1532497dd6af637c0bbbb4a5bc9db1b8e4d8578b6968d5bf98596f28018
data/labels/Ruokolahti/ruokolahti_DJI_0086_frame47.txt,38,ee861327710b2ea9c8ab9d6a27954ed5d6d1dee81b820deac0c03ba03804ca0b
data/labels/Ruokolahti/ruokolahti_DJI_0086_frame48.txt,38,4102f4e0283244fb4701248247bc2d8dd2b4af78f321cfc57f36e143e22c713f
data/labels/Ruokolahti/ruokolahti_DJI_0086_frame49.txt,38,954cf858d20929a133026634ad6481a9a821729dfc9bf366a65ca4e7ab82bc37
data/labels/Ruokolahti/ruokolahti_DJI_0086_frame5.txt,38,bd7e6dcb0615b33c9040ef037a94134464c58d38c6cafc29cfd0bd9935eec07f
data/labels/Ruokolahti/ruokolahti_DJI_0086_frame50.txt,38,00ed7634f34628d476e65ebea5a94580d65b3a99d5a54fb6705971340e6368d7
data/labels/Ruokolahti/ruokolahti_DJI_0086_frame51.txt,38,11d7dd5d1f7b4478caf6ad4d74a36ca96d5d3c8bc513a1eea88af0d097a2547f
data/labels/Ruokolahti/ruokolahti_DJI_0086_frame52.txt,38,486f6e01705d5883c688da8710a97854b504b1b664d717d68b28f35cbb9e34b4
data/labels/Ruokolahti/ruokolahti_DJI_0086_frame53.txt,38,9d8926900d29e0232de954751318074eedc6dc2807c3ef0c06102c3684db787c
data/labels/Ruokolahti/ruokolahti_DJI_0086_frame54.txt,38,55991bddc8320c4b2fe7308678a0e7a08a4696dcaafade62dd4c68fdd3d85726
data/labels/Ruokolahti/ruokolahti_DJI_0086_frame55.txt,38,0460ba7758dd7338e9092adcc6f97b95276f094e9cc7d51dcaba072fe07163b7
data/labels/Ruokolahti/ruokolahti_DJI_0086_frame56.txt,38,57009839cf8151497b2d1ed4f8dbfa78df54c9d6ecb505fdf903a51a3b27b71d
data/labels/Ruokolahti/ruokolahti_DJI_0086_frame57.txt,38,35a491ac0aa1605a88d91d531093a330f35f6f9c069c7da784cd8022f140aba7
data/labels/Ruokolahti/ruokolahti_DJI_0086_frame58.txt,38,c07a0ac5186e824b793fc30137d34f7fb6c5b4050f8cb007e9c16a2d93809f64
data/labels/Ruokolahti/ruokolahti_DJI_0086_frame59.txt,38,60d02b2f95f5a108157f9cc60cdea349a286c3f2bcc7d0bc8cac7c865ddd6329
data/labels/Ruokolahti/ruokolahti_DJI_0086_frame6.txt,38,7b632fe3b16fcc5bb00934423eabc5f68700d605f58f5d391c37adb8addc4851
data/labels/Ruokolahti/ruokolahti_DJI_0086_frame60.txt,38,581b59d873fc1d2f2bc0344f46bce98c795141b5531519d24492e8e80d8f5a77
data/labels/Ruokolahti/ruokolahti_DJI_0086_frame61.txt,38,c37e218025c2ff059810db25240b7ff86c85aaa972d73470334b2ae71c808ab5
data/labels/Ruokolahti/ruokolahti_DJI_0086_frame62.txt,38,1b163a34de9d2b32ddbff5a0a0e8ab6523349858dd329df1e3321041bb114f9a
data/labels/Ruokolahti/ruokolahti_DJI_0086_frame63.txt,38,200c3053fe604d0574512fb094de2864ff5df7d49807f882cd77babef82f4418
data/labels/Ruokolahti/ruokolahti_DJI_0086_frame64.txt,38,632f31f1c61e86f7ca2ea4b1d3ac2e89db4d79990c971244bba0d61d821ba1e1
data/labels/Ruokolahti/ruokolahti_DJI_0086_frame65.txt,38,2d8988ca658b6c77b0a39d099b014ac7b695f8b1ea11a83dd33d51fac21655bc
data/labels/Ruokolahti/ruokolahti_DJI_0086_frame66.txt,38,05cd30c2420389cfdec179f6e4548e0610e13d00413ad934944a72ead696bcdb
data/labels/Ruokolahti/ruokolahti_DJI_0086_frame67.txt,38,db3c7bc70d5adcadd8b64b61cf0298e177b411afd4c2a9b2e2dba44f346b8a88
data/labels/Ruokolahti/ruokolahti_DJI_0086_frame68.txt,38,395505606c063f82590cc8bdc8dd732f1f5b1679e9530b180b7345b65061923b
data/labels/Ruokolahti/ruokolahti_DJI_0086_frame69.txt,38,174246c31d989d9bce2e5e1d6480273b263e2e8238a59bfc87084c1ed901f01e
data/labels/Ruokolahti/ruokolahti_DJI_0086_frame7.txt,38,e7bffd3533df2ee3d23c1b9299fa757a17f6a47d636468bd1779832323332043
data/labels/Ruokolahti/ruokolahti_DJI_0086_frame70.txt,38,a8d5448264aab9e951c429a429245bc7ed87142761673def937dbc0f7da03a81
data/labels/Ruokolahti/ruokolahti_DJI_0086_frame71.txt,38,448d018bba482041c890111b5954b3e31de29d406b0f90709dbb29d4e613ee42
data/labels/Ruokolahti/ruokolahti_DJI_0086_frame72.txt,38,7f10c242f7cfb3a6af6bce2bb9b9ba03208ba081f43d488f1902108813a74bbe
data/labels/Ruokolahti/ruokolahti_DJI_0086_frame73.txt,38,68d813bc587688d574945df023269ea905a679ecf45343ce8353a77f0c26dde3
data/labels/Ruokolahti/ruokolahti_DJI_0086_frame74.txt,38,c15f76f43064005c55ce521f2b16445b320c37c54442de3d9ffc71e288425089
data/labels/Ruokolahti/ruokolahti_DJI_0086_frame75.txt,38,48a4c6a1bd6a48798f34cecb3be6513f93852c5234bae70e084767711db31bfb
data/labels/Ruokolahti/ruokolahti_DJI_0086_frame76.txt,38,85bef5729bace9c8e1cad8302b1dd28081db2ef35e180adaa64a797f6cc23c7c
data/labels/Ruokolahti/ruokolahti_DJI_0086_frame77.txt,38,89553ea2745609c2db1850f3261c4043299ab688afd908f78ee72675f7292224
data/labels/Ruokolahti/ruokolahti_DJI_0086_frame78.txt,38,0fdacbe3023441a8f353f516e6882b1d34cfe524a05d68a5add33e7f55d622cb
data/labels/Ruokolahti/ruokolahti_DJI_0086_frame79.txt,38,b7020fa72a3669512bf0550aecedbb64eacb8bd07800f51eca64114b127f1de7
data/labels/Ruokolahti/ruokolahti_DJI_0086_frame8.txt,38,98b8b7a30118a4348eeb426ff1731d9eeb47617ef22915fe51a0fabd8bf2d01b
data/labels/Ruokolahti/ruokolahti_DJI_0086_frame80.txt,38,e008d82bf240b3ea03a9942071aa986af734c1439369b936f4240125b7b392f6
data/labels/Ruokolahti/ruokolahti_DJI_0086_frame81.txt,38,735ede684f08c3dbad24282f3db0e86c34c0aebfd9b6aacd463c0b3e4aa48c03
data/labels/Ruokolahti/ruokolahti_DJI_0086_frame82.txt,38,0553d914ca24b21223042fd1c1f1de02837fec1007b9459e4eb56572822ed633
data/labels/Ruokolahti/ruokolahti_DJI_0086_frame83.txt,38,30d76a1ed074106289fbe5e264ef25ff8fd715066a7ad8fb141b4d646c141c16
data/labels/Ruokolahti/ruokolahti_DJI_0086_frame84.txt,38,7b787ecf75ea1a401e2eeddfb97a119531e1823853e211ec829663a351a74ad7
data/labels/Ruokolahti/ruokolahti_DJI_0086_frame85.txt,38,2b6edb84201e7b380350c5775c8bbd0a230876019ce21fba1a3d9e0fc692f893
data/labels/Ruokolahti/ruokolahti_DJI_0086_frame86.txt,38,89696f21d6014a216b44816e128d703584e33195febe9f906aad75bde2659b72
data/labels/Ruokolahti/ruokolahti_DJI_0086_frame87.txt,38,05d24688420e01609b24c6e14fdc3b12e9332522c4075ceca82eae07d52e394c
data/labels/Ruokolahti/ruokolahti_DJI_0086_frame88.txt,38,7831b9a0087848264b18075560a09b6374c29adb60cb21327cad9cb0edd8e498
data/labels/Ruokolahti/ruokolahti_DJI_0086_frame89.txt,38,228db952cda359921921860c1ff8aff6c5389a74fbf4a39d8e89ef6660872b73
data/labels/Ruokolahti/ruokolahti_DJI_0086_frame9.txt,38,24c984848d9c7bfb0d6310d19f641b939efd323be183e561171d59ed0db440f2
data/labels/Ruokolahti/ruokolahti_DJI_0086_frame90.txt,38,17cffd45bfa8092b2fb29536b0d0d4cd8d89e340e0e9900c7ca754968f8c2905
data/labels/Ruokolahti/ruokolahti_DJI_0086_frame91.txt,38,0c082718f8237808fe9ffe5f35aa2d4e1a20fcb69115cd8e7623b3b8800b8f01
data/labels/Ruokolahti/ruokolahti_DJI_0086_frame92.txt,38,b6f97f6ed6569147effcb48c863be4fcdd60967749438d755a00952cb677f5b4
data/labels/Ruokolahti/ruokolahti_DJI_0086_frame93.txt,38,c1d1904c6765d148d1e037ac392f2543bc40049c22f32d24906b854dc339d861
data/labels/Ruokolahti/ruokolahti_DJI_0086_frame94.txt,38,448d5fa0ae1099a8ed8c6ba453499f7c56b86c7b5bc6ac6b7e1b82c5981787f0
data/labels/Ruokolahti/ruokolahti_DJI_0086_frame95.txt,38,04cd37cd905b56dfd951c34257d98c7d60a3ce8e5f07d39035a085414347861a
data/labels/Ruokolahti/ruokolahti_DJI_0086_frame96.txt,38,225e14ba5745c3c950b3bd178ca6fe2134914db13ee248754b5894a6fdc24bf7
data/labels/Ruokolahti/ruokolahti_DJI_0086_frame97.txt,38,f1c94e63c72198c61af84c149c801f48c39905e83a8c9b1a9bad402920123a48
data/labels/Ruokolahti/ruokolahti_DJI_0086_frame98.txt,38,1305f0f14350b621b66757aed417c7fe78a6ed8c04fe622d7c5eca02ae63c388
data/labels/Ruokolahti/ruokolahti_DJI_0086_frame99.txt,38,a6838adb32df84fb73efd27e666a03ea8324c2fcf6af6c389d0af6e319ae3fca
data/labels/Ruokolahti/ruokolahti_DJI_0087_frame0.txt,38,4b9a9c49e579510361c7a79e3db5d007755d2cd6da5044659ce0a61a36be10c5
data/labels/Ruokolahti/ruokolahti_DJI_0087_frame1.txt,38,83e7045c4e3992da7c28bf494a9ec602362861b2684f41b510480a7231b6b695
data/labels/Ruokolahti/ruokolahti_DJI_0087_frame10.txt,38,f133e1b900d331d0cee56b3ce0af08709e0874c1193fce903d85ab1969cb9adf
data/labels/Ruokolahti/ruokolahti_DJI_0087_frame100.txt,38,0e55d8cf8058c8d72d1e19e2d49881055cefa89e5d0b0963dc705accd08ba280
data/labels/Ruokolahti/ruokolahti_DJI_0087_frame101.txt,38,e8fdade865d3f3b25919f57cd69e4a40ca8de94ce1a999be89f7580797e950a0
data/labels/Ruokolahti/ruokolahti_DJI_0087_frame102.txt,38,c6dd6f2afd4ed26b4b260317a81acada32fe7bd36efeda9b0ecf0517909542a7
data/labels/Ruokolahti/ruokolahti_DJI_0087_frame103.txt,38,9ce9b9b0907b3954735270723f93ce4f86b87f0b85ee6cca3eb155edea88eb65
data/labels/Ruokolahti/ruokolahti_DJI_0087_frame104.txt,38,172b624e84fbe292696ab935d7b9ff86415c1362235abc7d0ad9d618bb299d78
data/labels/Ruokolahti/ruokolahti_DJI_0087_frame105.txt,38,f4976261ea8121aa4fee04b2edb6f2d37efdd8e2752c54b636c1e17fa6e54d18
data/labels/Ruokolahti/ruokolahti_DJI_0087_frame106.txt,38,f89a24509ee937078c3744e293504daf8ef054222dc0478d58a3640a37544cb1
data/labels/Ruokolahti/ruokolahti_DJI_0087_frame107.txt,38,b6801ee63264e1867d772e1fa61a0f31ee29df8abb58dd896636a3018fe29a0c
data/labels/Ruokolahti/ruokolahti_DJI_0087_frame108.txt,38,45dd81c088c632373f820b5fe22fade512d2594730c79fbc2e13bd522ce6c8e1
data/labels/Ruokolahti/ruokolahti_DJI_0087_frame109.txt,38,99557c15a89095fe48b97bd3d75480a33050dad7387e62a84ad1cdaee5922518
data/labels/Ruokolahti/ruokolahti_DJI_0087_frame11.txt,38,fff725ebd84c804329fc51a670efa3bb93f2bfc9f5091151bec723ed146cfab3
data/labels/Ruokolahti/ruokolahti_DJI_0087_frame110.txt,38,2d23d276a4caa83346e54b407b202c6900e5b9ab4074c567b5d45b265cafd43e
data/labels/Ruokolahti/ruokolahti_DJI_0087_frame111.txt,38,737ac47e455799d0961d9594c03a5d5a8b75b9b0e3faaa97f99096da4ee25704
data/labels/Ruokolahti/ruokolahti_DJI_0087_frame112.txt,38,0af9c8801be40844d0ca146edc7f1b1c14e396dc0c60bf511f1c0b589f81c8ab
data/labels/Ruokolahti/ruokolahti_DJI_0087_frame113.txt,38,a11207931ccafcdfd1789473f27871222cdd02ed65606c8d74e9a4dc9d15fe0d
data/labels/Ruokolahti/ruokolahti_DJI_0087_frame114.txt,38,3cf140f5484b776665085cc16b199e590be72aad17019b1dd48dc034cb375d44
data/labels/Ruokolahti/ruokolahti_DJI_0087_frame115.txt,38,cc7d74f3c96a30d555922a34a9868cf9cc42f7853350bf3db60f3d951af0fb11
data/labels/Ruokolahti/ruokolahti_DJI_0087_frame116.txt,38,4fdb1d68e38fa3089b69cf1347ef6ceef0edf807ade1fdb972495c78a3142de7
data/labels/Ruokolahti/ruokolahti_DJI_0087_frame117.txt,38,94ca2db802f6ecb4c7232627517d07a08aec5f6036f47738be4659cace13dc94
data/labels/Ruokolahti/ruokolahti_DJI_0087_frame118.txt,38,6745f4709e0adda6d794cddf16375c247c206d727519cab512b373e2a9750de3
data/labels/Ruokolahti/ruokolahti_DJI_0087_frame119.txt,38,adad9479f893236f6550b465c58ba008ea1722006c36cbba58c97baf4cb75fcf
data/labels/Ruokolahti/ruokolahti_DJI_0087_frame12.txt,38,ae0a92e21f8a26d43e150cfc9821fa0b1c64eaf5c4e4ec1d4333ca8454eaa67a
data/labels/Ruokolahti/ruokolahti_DJI_0087_frame120.txt,38,bb3edd1d919dc3b99f2a2661f3fe9536df85b9b93ff5e7778fae2eeebde5c378
data/labels/Ruokolahti/ruokolahti_DJI_0087_frame121.txt,38,9f6b8498cf462292e19bde3afb13b93439eb30f224ccb6fc8593cb18c9108531
data/labels/Ruokolahti/ruokolahti_DJI_0087_frame122.txt,38,a477a78ed8458566c9c33db3f39872f045ed0a168c4144e98df75e237610ad99
data/labels/Ruokolahti/ruokolahti_DJI_0087_frame123.txt,38,29b04eb6e51a2ce9b96af23d541feb84e1e373dfd54aa0d3a39b7f72c52eca23
data/labels/Ruokolahti/ruokolahti_DJI_0087_frame124.txt,38,e497cbf00c6b24ad581b2d085ca73b0e3dc710e862a639c54dec972dbff6fbb6
data/labels/Ruokolahti/ruokolahti_DJI_0087_frame125.txt,38,0c32130fd006bef617f764aed867352e50636917861a9deb1e8988d0290b9b86
data/labels/Ruokolahti/ruokolahti_DJI_0087_frame126.txt,38,d55f710b9991fcfe868aa02f2ace63a0caf5e1f504fa636e9476c55082e6c3d1
data/labels/Ruokolahti/ruokolahti_DJI_0087_frame127.txt,38,a564ff52a13853816558761ffdfb1cc1aaa6f70ea608a92282a3ce124670891e
data/labels/Ruokolahti/ruokolahti_DJI_0087_frame128.txt,38,732bad0f48d47398ba07b6d4cbfa64698f4db3ee7bee12993bf52848e69710cb
data/labels/Ruokolahti/ruokolahti_DJI_0087_frame129.txt,38,bb22ed6615e7bc76738ea7f175e86c5b4a872a1d5079a6fbf03b75ab1190591b
data/labels/Ruokolahti/ruokolahti_DJI_0087_frame13.txt,38,9510a8347983ff0d6933887048a44ab185cd5f33e10efd53bd35ef1a2c797772
data/labels/Ruokolahti/ruokolahti_DJI_0087_frame130.txt,38,93e2cb838c3c0d35f28526ded3b3d3335299f105dee9b29fd603044533b40d62
data/labels/Ruokolahti/ruokolahti_DJI_0087_frame131.txt,38,26c6eca8997b72580c591606f841f861312cc0a97b1183d524a8ce1f09beeeef
data/labels/Ruokolahti/ruokolahti_DJI_0087_frame132.txt,38,7248be37c3bbc318d36bce8ce58921b6f0d0914e98349e6dd17057a44056dfa6
data/labels/Ruokolahti/ruokolahti_DJI_0087_frame133.txt,38,1f7f2a816dd7ac62f1eff6c4175b10b4fa4ee844bd36d83c0e55cc5b77199149
data/labels/Ruokolahti/ruokolahti_DJI_0087_frame134.txt,38,a887aebb530db4487e76ba94f6c9d657d6f065f409c23ec2977c439d938421ce
data/labels/Ruokolahti/ruokolahti_DJI_0087_frame135.txt,38,cec52b80b9ba872005f9cccfdd3da08ae74fef97753dde5ea9730ee417e3fe94
data/labels/Ruokolahti/ruokolahti_DJI_0087_frame136.txt,38,884caa63787c6df106678eef9ff53b1db274954034bb3db3059f4cff8ee79b96
data/labels/Ruokolahti/ruokolahti_DJI_0087_frame137.txt,38,7155fa8fdbfb7ab1c49e79ead9bd5c7b50e28b96d7da8ada5030cbd000ebe99e
data/labels/Ruokolahti/ruokolahti_DJI_0087_frame138.txt,38,ade5882d70277496711e3fc335cf0b8025d5f517239c2a4f8f11ba21cf321cac
data/labels/Ruokolahti/ruokolahti_DJI_0087_frame139.txt,38,0bba1911120f527090bfe4fdb6c6313862f9e68b7e7ddf73f2aea437fa000df2
data/labels/Ruokolahti/ruokolahti_DJI_0087_frame14.txt,38,bc37c7ce2ceab03dae5ae53227890e3962b566600d4d4315e9c34e8a102ba51c
data/labels/Ruokolahti/ruokolahti_DJI_0087_frame140.txt,38,e6b489a103dfe07b24e166d060270cc2ab687f19784a8002bcec17f76ef5844f
data/labels/Ruokolahti/ruokolahti_DJI_0087_frame141.txt,38,e9c7895d89d48db30612ef516f57f1dd65fb79ed220b75b20d8e829ab9a17f31
data/labels/Ruokolahti/ruokolahti_DJI_0087_frame142.txt,38,b6caaf15d7e0a1badfda0501e9f14f2367bfdd893de004ec3d46fbf10ddf5172
data/labels/Ruokolahti/ruokolahti_DJI_0087_frame143.txt,38,5aa3a02adf13a425b5b446288556607a658d50765475cf051f549b85f35fdc9e
data/labels/Ruokolahti/ruokolahti_DJI_0087_frame144.txt,38,f56f01b40d65be11d294dc1b7536c5dc6a43bda2a562269054293e3f46506278
data/labels/Ruokolahti/ruokolahti_DJI_0087_frame145.txt,38,a55db5e40566cc02e9f7e0d32b924e7afeae6f8d9f9e2277e805e11c52095e4d
data/labels/Ruokolahti/ruokolahti_DJI_0087_frame146.txt,38,fd7e7d3db7b82c99f3d61a33c66e4b0af8972530fc8a5619ccfa7bccf9c70643
data/labels/Ruokolahti/ruokolahti_DJI_0087_frame147.txt,38,dd6a3cbc5dc1ac703181ba6fd144890def25f6b4feaaccb434139b9c4e6e449c
data/labels/Ruokolahti/ruokolahti_DJI_0087_frame148.txt,38,1cb42d2d93f4b04f222417ce9d8f6895837c44e18fbb9fcb9fa10b8d66dda8bc
data/labels/Ruokolahti/ruokolahti_DJI_0087_frame149.txt,38,578ff4f588601452a02c124f82bab4ec4002cc41113d4a28437273d20257b6c8
data/labels/Ruokolahti/ruokolahti_DJI_0087_frame15.txt,38,b3c89ded6997c2af2d321537042b0b3f7776ec1c7f02fbd82a905100c5878ef0
data/labels/Ruokolahti/ruokolahti_DJI_0087_frame150.txt,38,27a7f44c2b9290489a8cc2668492eeaf823d282226474e923f65e7a394fd8556
data/labels/Ruokolahti/ruokolahti_DJI_0087_frame151.txt,38,b15f62dddb1151991f1de2f57ebe46b2d8aa827925eb044ab96ce924eb7b6ef5
data/labels/Ruokolahti/ruokolahti_DJI_0087_frame152.txt,38,3861f45fe0178ca0f63b2d33a778e30eb85d4cd366cf5b5f5b244965eee4c10e
data/labels/Ruokolahti/ruokolahti_DJI_0087_frame153.txt,38,fd93d250786644670062f114497f2284cf882624de88346a68dc573cecee98c1
data/labels/Ruokolahti/ruokolahti_DJI_0087_frame154.txt,38,e650aeb2ebd6bf14af9c1b5763bc80e419b21c266bc5f68ff4289354434cd5ee
data/labels/Ruokolahti/ruokolahti_DJI_0087_frame155.txt,38,4eb967c7561d1a7fe77a435dbe4d4a44f3a3063ec342f00acdd9db3f347fe926
data/labels/Ruokolahti/ruokolahti_DJI_0087_frame156.txt,38,78a1d0e242f4d865b09d45d63f9b51354fd05d9db8480bd4b7f1a6bb78640e5f
data/labels/Ruokolahti/ruokolahti_DJI_0087_frame157.txt,38,6e36a8e400d7d1b1258dc02559be85d76ce387a65b1bc025ec7a727cdfebc610
data/labels/Ruokolahti/ruokolahti_DJI_0087_frame158.txt,38,338b09213bb4e21d14d4f6fb5f2e49d5f98c8d983d0a64dddcaacf517473a5cb
data/labels/Ruokolahti/ruokolahti_DJI_0087_frame159.txt,38,1d1cc1204b24f2ecaa60be738fe74fcc67b8fb179921480e96878fd7b50b936f
data/labels/Ruokolahti/ruokolahti_DJI_0087_frame16.txt,38,f51b08ed300d14877ad9f78ab3b2058486db2d5974c815eadfbf92e76c5dcc32
data/labels/Ruokolahti/ruokolahti_DJI_0087_frame160.txt,38,aed88f097d23d6905201e182363d8e706d0c751aeacfa33e4e37686d75446719
data/labels/Ruokolahti/ruokolahti_DJI_0087_frame161.txt,38,379129e62410655b9351ec4324963f9c392a942b644764152da819dc3b22bcb9
data/labels/Ruokolahti/ruokolahti_DJI_0087_frame162.txt,38,c938bde32c2ae5723bdb3a5206ffdd757f8d9aa33f0e3ac2b2d31d5ffa7fb52b
data/labels/Ruokolahti/ruokolahti_DJI_0087_frame163.txt,38,1638efb6dc0d849401c87c8175730d247d19a291afb948b21b5bc93ba062c02d
data/labels/Ruokolahti/ruokolahti_DJI_0087_frame164.txt,38,163d118215db5148a4eef712fb981467fcd7d31194753f83e63f767b1d345978
data/labels/Ruokolahti/ruokolahti_DJI_0087_frame165.txt,38,00c267faf96af24ddb6df3ea15190137583693d3389e3f7cce36142be8804f2a
data/labels/Ruokolahti/ruokolahti_DJI_0087_frame166.txt,38,364fc99329284ae54972854543e8d842e0ef534834773ba273bccbf877351a55
data/labels/Ruokolahti/ruokolahti_DJI_0087_frame167.txt,38,42721ab04834e242f681ac35ba668b44f6f53ef4a66232fcf19e8f57b767eea8
data/labels/Ruokolahti/ruokolahti_DJI_0087_frame168.txt,38,5fdba4908b7f224764ba8553f6cf8abfa9edaecee8819076d4cc540edcf5b1cd
data/labels/Ruokolahti/ruokolahti_DJI_0087_frame169.txt,38,d458474cd6240090ea6b9717b525114fb1923d1bc3b00c613fa0555c17794ef8
data/labels/Ruokolahti/ruokolahti_DJI_0087_frame17.txt,38,5b8f4916f90d401c31c29f240fb18f172a054131b51199c5fed2fffe18fbcd76
data/labels/Ruokolahti/ruokolahti_DJI_0087_frame170.txt,38,f5e565b6e30c115dda00df98fd80aa23a7ceedfc19663b4adcf758cf0a2cc844
data/labels/Ruokolahti/ruokolahti_DJI_0087_frame171.txt,38,b7053260ac5d73261df16eabfdf5ae55c87e76a7e938a2b38156d2223f45a375
data/labels/Ruokolahti/ruokolahti_DJI_0087_frame172.txt,38,e8fbdda742b592a3b85497c2c62978cf26f793af6e7106813972b71e63a153f4
data/labels/Ruokolahti/ruokolahti_DJI_0087_frame173.txt,38,d95c1513601bb6285ebab96dd0b7f9cfd9f147d8e094e74b7d1e1c790629f010
data/labels/Ruokolahti/ruokolahti_DJI_0087_frame174.txt,38,e68d99395610b4c42a8d4a6d49ef3de2db4b5e614546876a25ed42de59fcadde
data/labels/Ruokolahti/ruokolahti_DJI_0087_frame175.txt,38,c90d066cf9005bf3c8ebfdeb950f3b972ca1e7dff072f16c7c82e27ecb985878
data/labels/Ruokolahti/ruokolahti_DJI_0087_frame176.txt,38,3c357da453edda2f2202529705e6a7173b462197182517287b2821cf53a25a08
data/labels/Ruokolahti/ruokolahti_DJI_0087_frame177.txt,38,8ce2a89f4d1c23fd29b38ec964eca7fe3548b07ec73a3f14cabddcb1a2b9b832
data/labels/Ruokolahti/ruokolahti_DJI_0087_frame178.txt,38,a83bcb1836561665ca66e01e51a7f6c567afdf1b80dad42b906b5158299e7795
data/labels/Ruokolahti/ruokolahti_DJI_0087_frame179.txt,38,5170f4e5b365cece71c008c32c5c2d6ced5cde3b1dbfa8bd9b8979f641a5aac3
data/labels/Ruokolahti/ruokolahti_DJI_0087_frame18.txt,38,f054c3dd4b9f331713260bea1610565b7e26c9842d942173a5f7dce4fa166e75
data/labels/Ruokolahti/ruokolahti_DJI_0087_frame180.txt,38,531c5cf29f82978ac8351c8e9c40ea407f1212d15e19f463dc48400e5c8af1ec
data/labels/Ruokolahti/ruokolahti_DJI_0087_frame181.txt,38,608fce41a5611a9be1436a10d9be9c25efe151f445b2626eb17aaaf06313a647
data/labels/Ruokolahti/ruokolahti_DJI_0087_frame182.txt,38,f198ef32090830b1ef06a4691d0e830a0816df59d5869fa9ba0388cd95eb176d
data/labels/Ruokolahti/ruokolahti_DJI_0087_frame183.txt,38,1bd6c46a1721e52c552213c4d668eddb8a9ac4fcf5f25d717faf5f9eb4513236
data/labels/Ruokolahti/ruokolahti_DJI_0087_frame184.txt,38,fd2c51bf33ba7c37f03d6341b46293969ba616eec8b69fafddb33598e04fd06f
data/labels/Ruokolahti/ruokolahti_DJI_0087_frame185.txt,38,63dbf8a012fc02f6275035510ee7014eb6f49f83177c3e2b5f2d4d3d0bf694e9
data/labels/Ruokolahti/ruokolahti_DJI_0087_frame186.txt,38,fb1fc77d2945f6fb9956ffc5d9e0f67e5e809b54997863b4268d5895236b7093
data/labels/Ruokolahti/ruokolahti_DJI_0087_frame187.txt,38,41bc43cc70b29df0afeb368926cb765821b01b61254181ab56474039f894d07b
data/labels/Ruokolahti/ruokolahti_DJI_0087_frame188.txt,38,5a27b048b37d4c0ad41e88661a141c625c5afebfc06a830b632879d6f891c9b9
data/labels/Ruokolahti/ruokolahti_DJI_0087_frame189.txt,38,0ae4c2eab43ca01ce1e384abe16f28b91d735b6c17594974aef4597432e53a57
data/labels/Ruokolahti/ruokolahti_DJI_0087_frame19.txt,38,e0ed34ccdd6eac4e76ac353a6ffb34d00b5703381d9a346400804e168bbd39e1
data/labels/Ruokolahti/ruokolahti_DJI_0087_frame190.txt,38,a95245ce43827346200f3a834aaadeaaaccd4d2c5ed47e08fc9f038f5dac560d
data/labels/Ruokolahti/ruokolahti_DJI_0087_frame191.txt,38,e518bf1c4f820bdf0880d228588e1a6938ba5a09fdedefc9efd28a0cc7b04540
data/labels/Ruokolahti/ruokolahti_DJI_0087_frame192.txt,38,068ea158bff0af717d9f1dfcaa27bf36f49edc05c9f57ad646879b6dc8e9f58c
data/labels/Ruokolahti/ruokolahti_DJI_0087_frame193.txt,38,df1309839b01e0a03f1e20b775dc04df3b85feecb523e52d6e106c471602a95d
data/labels/Ruokolahti/ruokolahti_DJI_0087_frame194.txt,38,a97d0703a178a369be28559e100168cbe3e28ca5461f96a67f1afead183b8a81
data/labels/Ruokolahti/ruokolahti_DJI_0087_frame195.txt,38,c5113e2c87da2e3182566dcaac99645339507cdc8373c857b2c1c08ddcf92daa
data/labels/Ruokolahti/ruokolahti_DJI_0087_frame196.txt,38,496f4dbabfebb745d0238816299994f2d25581969c94128385cb3ea742bf9956
data/labels/Ruokolahti/ruokolahti_DJI_0087_frame197.txt,38,94a762498a6a4c349dcbcadf641a3b7dfb327308faddbbcbd4cce0bc319e2006
data/labels/Ruokolahti/ruokolahti_DJI_0087_frame198.txt,38,8bccb721f89c6ea94d5ec61125334839bbdcdced41ebc53d37173ddd4a407cc8
data/labels/Ruokolahti/ruokolahti_DJI_0087_frame199.txt,38,543b365fe1518008f75272a2ff6bbea2b3c9141e1285614038e467499eb9fd09
data/labels/Ruokolahti/ruokolahti_DJI_0087_frame2.txt,38,5473574262d3e42c728ad7192b9b918d4f9a80ab41252b0837fc7d70638f0d82
data/labels/Ruokolahti/ruokolahti_DJI_0087_frame20.txt,38,13531cc79ea04f8c62f88a4f10228d1d01e333ee5cbe143ef868221b9a0f03c3
data/labels/Ruokolahti/ruokolahti_DJI_0087_frame200.txt,38,d22f2713237ec01fc75720874e9f8057d671afd758b6abbaa1aee7a858b072cf
data/labels/Ruokolahti/ruokolahti_DJI_0087_frame201.txt,38,c39fc984c8a5af32294c7ee5c97a58f1217686ac8d917adaf1200efc0787d0a5
data/labels/Ruokolahti/ruokolahti_DJI_0087_frame202.txt,38,795b9b9829a193e187e1a64331751a202b043fcb167bd4e8bcac83077fc2ac41
data/labels/Ruokolahti/ruokolahti_DJI_0087_frame203.txt,38,b89bbfd6c96e07f417e9d90dff93a95594979969e7947cf80484625a08a7eb0e
data/labels/Ruokolahti/ruokolahti_DJI_0087_frame204.txt,38,70a4f40508441b3eeb074c5f45a8fba08fcca6e5ba6e586d914416291d58308f
data/labels/Ruokolahti/ruokolahti_DJI_0087_frame205.txt,38,c93b905a37804d6455c0fcca1b6dc7f80b3ca72f1af030c5e1b1cf9038675d08
data/labels/Ruokolahti/ruokolahti_DJI_0087_frame206.txt,38,12782ce2d583fc82d80307421af0d1ad8662d8ae62939688132bd02ec04727cc
data/labels/Ruokolahti/ruokolahti_DJI_0087_frame207.txt,38,89f6a78053989ebac15ee45bee7c892d7bc818eb5a027e2e0cb5d58d273e5f49
data/labels/Ruokolahti/ruokolahti_DJI_0087_frame208.txt,38,a01999d77c84958f712bdf784225f9b54796b816b976649fc30c554f471f04f1
data/labels/Ruokolahti/ruokolahti_DJI_0087_frame209.txt,38,660b203676f3beaf41f7e700946949f0154e579915b8803e6d4ae6759de4ad87
data/labels/Ruokolahti/ruokolahti_DJI_0087_frame21.txt,38,1a615e7b1cc2363a4bc71b5bdffdfb0476c9916ce4b93722d6035d4fd3f2852d
data/labels/Ruokolahti/ruokolahti_DJI_0087_frame210.txt,38,cb14dc2621d141b873d2d6341007458213b8a0ad26e2fcea31307b24a4efc292
data/labels/Ruokolahti/ruokolahti_DJI_0087_frame211.txt,38,fa350260452e64b4988063c28f39f83b9ba65eb893734c3d4b0c86b8a86a29d7
data/labels/Ruokolahti/ruokolahti_DJI_0087_frame212.txt,38,470e4fdc24396239bc6e7154b9e6c8259c9fd68d1229ef2b138bf1c50b64bf04
data/labels/Ruokolahti/ruokolahti_DJI_0087_frame213.txt,38,e4739e934f3e87974ec3c453129b81d481ad870d6dd6b137862a9a63d5845aa2
data/labels/Ruokolahti/ruokolahti_DJI_0087_frame214.txt,38,c2d3ae31d0c0c6535a7fb164970ae6189dfad7e319f8e5951f8afc49c1407432
data/labels/Ruokolahti/ruokolahti_DJI_0087_frame215.txt,38,5a8acee177caebbe2060718ce8069167a2c7a7639c42c47980261a28b3b9a8ba
data/labels/Ruokolahti/ruokolahti_DJI_0087_frame216.txt,38,30d8a37a44ecb3577ae7d73526ae307d68ff668584eeda46723effc0ff5169ce
data/labels/Ruokolahti/ruokolahti_DJI_0087_frame217.txt,38,809dc56ed52f7addee582033a91b38be4aadf1469e35f55604ee816a6c8e71f2
data/labels/Ruokolahti/ruokolahti_DJI_0087_frame218.txt,38,6d43854755efa6aa841710473667455af449d4d445019fae1e646db6eedd22f1
data/labels/Ruokolahti/ruokolahti_DJI_0087_frame219.txt,38,2a3ca052d37826df2c1bbd6ee030cccdc754c279c5755dc6979788be867ad95d
data/labels/Ruokolahti/ruokolahti_DJI_0087_frame22.txt,38,ad973a2987bf986c9f89421eea91ec3fa37d712c39b23c6c33f1da9a89c48f01
data/labels/Ruokolahti/ruokolahti_DJI_0087_frame220.txt,38,e97ff382a1f5325c511541d8f2ad03ab453dfb2c74ef7fc1b57a97b70b284a38
data/labels/Ruokolahti/ruokolahti_DJI_0087_frame221.txt,38,e96a381eb74354807b911ac64c9ec81ee9eb136a0d0cc16a027f1590f5abc80f
data/labels/Ruokolahti/ruokolahti_DJI_0087_frame222.txt,38,3607247f47d88347399123cd1cce445ecf2ef12bd1cc160e46b65123ae474058
data/labels/Ruokolahti/ruokolahti_DJI_0087_frame223.txt,38,c7895fa5caaf8732a41dac88375ab724e0c11cb9c389a6f8097fb5a7950c2587
data/labels/Ruokolahti/ruokolahti_DJI_0087_frame224.txt,38,f688c0d5f5acc0e9a581dc6e6dfa7d9d000fe284e6a8a3e4bf710f99c69d40bd
data/labels/Ruokolahti/ruokolahti_DJI_0087_frame225.txt,38,2201407329e43a8499f1a17c0005c5e6e81713b28953ee8af0ed102fc639d021
data/labels/Ruokolahti/ruokolahti_DJI_0087_frame226.txt,38,ae7961a82690fcfa5dfd5583d831a444d052fd54026ddcb9f0de2f98bafc42f7
data/labels/Ruokolahti/ruokolahti_DJI_0087_frame227.txt,38,eebc15c8c07a71f4b430302aad6228cfa5912c83d29d07f55a261b026ab5bbf4
data/labels/Ruokolahti/ruokolahti_DJI_0087_frame228.txt,38,c69a09f0a7377fbcac10e71c18a78a36b2c2051d2bac31f42aaeab34556d358a
data/labels/Ruokolahti/ruokolahti_DJI_0087_frame229.txt,38,06ceb2288a55466e4386f12de0bde908a279e4340b60d0f235e8c27e37581f28
data/labels/Ruokolahti/ruokolahti_DJI_0087_frame23.txt,38,7389a5bc33673d4c929039c3b5cf3934f1520632cd3bcecbb0d85e8662d8dcbb
data/labels/Ruokolahti/ruokolahti_DJI_0087_frame230.txt,38,bce09510222370f4f45cc2d349ffd032790f1ba943a5c49a3e84edbfcd23ba3f
data/labels/Ruokolahti/ruokolahti_DJI_0087_frame231.txt,38,c61e8d567cb9c660c27e413ede4058fd5fefc146a329a739b55fa024847c6558
data/labels/Ruokolahti/ruokolahti_DJI_0087_frame232.txt,38,5860650cb309d005278207a7baf01aa9cd3d64f0e4e3b579501a5ef2f11dadc0
data/labels/Ruokolahti/ruokolahti_DJI_0087_frame233.txt,38,57c4fee85e005b7b3a45fc31f57b5cb8410d9fdc322cf79f489988ff459c272f
data/labels/Ruokolahti/ruokolahti_DJI_0087_frame234.txt,38,5451f579aab77134b53b0f5db577e1e33268e9f53e09ef78075a60dc9de38995
data/labels/Ruokolahti/ruokolahti_DJI_0087_frame235.txt,38,59af313e3d8003bf7c13e59b564f5d81fb02280e4f7a87b9e82037e4c6536c6f
data/labels/Ruokolahti/ruokolahti_DJI_0087_frame236.txt,38,815ee0c11d29c5292704f6f007b7702cab8650cd1cc6aaaa7adec0d4b69245a9
data/labels/Ruokolahti/ruokolahti_DJI_0087_frame237.txt,38,ddb33d87a8b78a148780221c446a1021ee828fe6e79c327b9b7b4629a7c0564f
data/labels/Ruokolahti/ruokolahti_DJI_0087_frame238.txt,38,f816a5ea52ff09ba142a11b3add227c2f9b626362e74b98f0f6857a70bd4ec72
data/labels/Ruokolahti/ruokolahti_DJI_0087_frame239.txt,38,91ab903f5098155cda0aec2cc0f07f5b86d3da48bb44738bd066db64e4e8d0b5
data/labels/Ruokolahti/ruokolahti_DJI_0087_frame24.txt,38,62842f8609a5a1bd1fefc9be4cfd016268509771bbc7b3d6ab35de5a355aea9a
data/labels/Ruokolahti/ruokolahti_DJI_0087_frame240.txt,38,7cbdab1e483a4c5e4df9393fe66eacd864172fc6cee25b9909d13482df6f3f45
data/labels/Ruokolahti/ruokolahti_DJI_0087_frame241.txt,38,fa5bf1f17ea894a254ff624af10230544a7d4cf4731d5fe3ee6f8e3ed53141ca
data/labels/Ruokolahti/ruokolahti_DJI_0087_frame242.txt,38,b57ec4865bee6cfc1a916805c74898cf445aae3278fc3e23cc4ff30ae9ee9cdf
data/labels/Ruokolahti/ruokolahti_DJI_0087_frame243.txt,38,ca4988e4ba1b2b96f0efd13e8d4ef945de74857408f3cc58076661381af67bd1
data/labels/Ruokolahti/ruokolahti_DJI_0087_frame244.txt,38,764275a794737b2234033ff34b25a07792c58bc1f1faa1115bf799ff8ca25913
data/labels/Ruokolahti/ruokolahti_DJI_0087_frame245.txt,38,e3c1fdadd4788ca8e9d4d082f85bc3d753033c86682c4865e8cd7ed7564ce6b2
data/labels/Ruokolahti/ruokolahti_DJI_0087_frame246.txt,38,ab751d860ce5863ffb5edd4032c4b8d186012d9dc0b7de1e149e2e717e3a6d0f
data/labels/Ruokolahti/ruokolahti_DJI_0087_frame247.txt,38,7a7f28f9bc54f8c966f79b9303713ec8b1ebd781fafe415320d426440a3d1899
data/labels/Ruokolahti/ruokolahti_DJI_0087_frame248.txt,38,3dd512f417547eb6f1c3b47f9626d22199fdfaf151372b63faa41e6c1094fa3d
data/labels/Ruokolahti/ruokolahti_DJI_0087_frame249.txt,0,e3b0c44298fc1c149afbf4c8996fb92427ae41e4649b934ca495991b7852b855
data/labels/Ruokolahti/ruokolahti_DJI_0087_frame25.txt,38,89915bff6882ad1d2b077a7741ed038e663193e0615a4f0098dbe53c6503b95f
data/labels/Ruokolahti/ruokolahti_DJI_0087_frame250.txt,38,b14656a66e036e06234a9e6fe97cb77bfb5dc1267dff963be4e372692e86c766
data/labels/Ruokolahti/ruokolahti_DJI_0087_frame251.txt,38,34e4c6ee3e80c85f519b27a8b1e99bf4a47fa263ca3b15718866ce06c20eb52b
data/labels/Ruokolahti/ruokolahti_DJI_0087_frame252.txt,38,d13003cc03f95e311a1a66b828f03ddf452e5832a449ea91e406ddc57505a40e
data/labels/Ruokolahti/ruokolahti_DJI_0087_frame253.txt,38,bc3bb3616029c2608b7aaf1e8ae445b7042939e4db820fdf4a9bbfa1dd12d0a6
data/labels/Ruokolahti/ruokolahti_DJI_0087_frame254.txt,38,3e646463fa3bb7c3635d6212d8a0d45ca9ba2e4e55f86a4abb2908f51e2a3bb2
data/labels/Ruokolahti/ruokolahti_DJI_0087_frame255.txt,38,4857c994b06b8a5a520a39d43a1736f1aaa860c551fbd20aced1675a4d2e8c17
data/labels/Ruokolahti/ruokolahti_DJI_0087_frame256.txt,38,b2ea96c8d2ecde8b95f5f2c5a65311fc992b617aa395a4ae90a601daf1f56611
data/labels/Ruokolahti/ruokolahti_DJI_0087_frame257.txt,38,54263dea5a0262da15735069bdb3aa725e3fae62f0d7e0f64fb931b48d42fa84
data/labels/Ruokolahti/ruokolahti_DJI_0087_frame258.txt,38,d3aad46c571ed48cb64a06d26d445d74c4ac296af3d0a68e65a5155c233bbeb6
data/labels/Ruokolahti/ruokolahti_DJI_0087_frame259.txt,0,e3b0c44298fc1c149afbf4c8996fb92427ae41e4649b934ca495991b7852b855
data/labels/Ruokolahti/ruokolahti_DJI_0087_frame26.txt,38,d77de54024033883c6af14f35282ac2e73b115a12f987d58b75c977d95c9d975
data/labels/Ruokolahti/ruokolahti_DJI_0087_frame260.txt,38,ca3b5aa586393ca6925baaca63de16573c29d88db2e42f05b7258e24bcaf34ca
data/labels/Ruokolahti/ruokolahti_DJI_0087_frame261.txt,38,b9c1857292eceda13aa250f571a75fbdc82a066a3ce9a112908ee2efb33a0d58
data/labels/Ruokolahti/ruokolahti_DJI_0087_frame262.txt,38,efefade70f6a77773fbb6944cec27595449272b6889c3d88fade173307c42a86
data/labels/Ruokolahti/ruokolahti_DJI_0087_frame263.txt,38,a58d203061bbf92678e30d2702030830a50639f9c8e789f661ec5fa368559dd7
data/labels/Ruokolahti/ruokolahti_DJI_0087_frame264.txt,38,b670106a06cf9b68b683812509121baa24396221eabd901fab915332b4a7493d
data/labels/Ruokolahti/ruokolahti_DJI_0087_frame265.txt,38,10f0817bef1058e2fa3e578cafbfceb80406d10569a0e55b358416be45eeba6f
data/labels/Ruokolahti/ruokolahti_DJI_0087_frame266.txt,38,3daaaa9696719ef79431275bd5385b16da79ede1457da156f4ccd60bd90a29b8
data/labels/Ruokolahti/ruokolahti_DJI_0087_frame267.txt,38,3f39622da71e5c7505f6ff56387ba0f72441ed2b8f36843fed61b15bb1f0e10c
data/labels/Ruokolahti/ruokolahti_DJI_0087_frame268.txt,38,44328d720a406f454643a1baaaf95ff45ef41efc65a311ccb1300c5c8aedbcfd
data/labels/Ruokolahti/ruokolahti_DJI_0087_frame269.txt,38,174ae7aaf686d6a7ead5e7e773ba1d30cac3af2ce96a3249c2e421bebef7d4b9
data/labels/Ruokolahti/ruokolahti_DJI_0087_frame27.txt,38,0843d05301f04a5f42ab3e83739949788d00ffa17dde4fc36504135c87ec2932
data/labels/Ruokolahti/ruokolahti_DJI_0087_frame270.txt,38,e5bf5b390d8372b41200497f4267fb1def35ecf50298520509401497621a5b5d
data/labels/Ruokolahti/ruokolahti_DJI_0087_frame271.txt,38,e55bcdf818735af21d108a61138ec25e777e7df2b1c94b03317b8b4b536eba5b
data/labels/Ruokolahti/ruokolahti_DJI_0087_frame272.txt,38,cb113b460088fb69d173457fe141a33571d5460910121916e12b4b0e0ed3f053
data/labels/Ruokolahti/ruokolahti_DJI_0087_frame273.txt,38,f9a3ebfebbc7d9797ab62c5beab6165d8791a6677eb21028d7c536de7efb4c23
data/labels/Ruokolahti/ruokolahti_DJI_0087_frame274.txt,38,a3605613608c5531dba53d4dad3ba9fe79f23b9fdb4e9e373944f31b2fe0a34c
data/labels/Ruokolahti/ruokolahti_DJI_0087_frame275.txt,38,3dcbed2098fba99dc3927eaf5b8e9210b5d76ad2bddad5db29b4452465898bb7
data/labels/Ruokolahti/ruokolahti_DJI_0087_frame276.txt,38,6cf5a95037570ea8f8ac84d155cfdbe4ab46707187a992c070a4919e341b985c
data/labels/Ruokolahti/ruokolahti_DJI_0087_frame277.txt,38,75fd55ca54ff9b305fd67dda9bf6cf53e8fc36e71ceab82f33fb7df54ccace42
data/labels/Ruokolahti/ruokolahti_DJI_0087_frame278.txt,38,64bb37722ad42e1837bc729c7e9d99553b9dd6427c828529a04e74bf094aa09b
data/labels/Ruokolahti/ruokolahti_DJI_0087_frame279.txt,38,98b6b0d8d40d7a3c3f2ab2ff80b5f6ef45c37cc235eb49f94ddefd8e6a27180e
data/labels/Ruokolahti/ruokolahti_DJI_0087_frame28.txt,38,85d2f5920de927958848caa954a519928137236d7651a2e3eb2085cfc3e10f21
data/labels/Ruokolahti/ruokolahti_DJI_0087_frame280.txt,38,abc0ea6873014a2d4e3f9cf0db05718b8ae1bf30a723ab2da4091e21624c5323
data/labels/Ruokolahti/ruokolahti_DJI_0087_frame281.txt,38,da6a4c7febcc09b3215c657052d4171a7a23e48a2c9fb6a746013e563a8b08f6
data/labels/Ruokolahti/ruokolahti_DJI_0087_frame282.txt,38,8df095f8e43c94c071f344cd1a0d62b77950e122950ce743ed27795fb56a8392
data/labels/Ruokolahti/ruokolahti_DJI_0087_frame283.txt,38,adb38e357755576d6653a0c0f69fbc6f530f9292c264216767dcdddcf618a360
data/labels/Ruokolahti/ruokolahti_DJI_0087_frame284.txt,38,238e83b6889ebe44f60731ebcb6164e87641f4e64d1ab2c4c1acd2afd13c0b08
data/labels/Ruokolahti/ruokolahti_DJI_0087_frame285.txt,38,b6ed64de931644c6a9cd79180c6ee9e11066bbba6630065f029c6c7dc3786e9b
data/labels/Ruokolahti/ruokolahti_DJI_0087_frame286.txt,38,b85a1c7240c9ffd0ef039e14b289c50a7a6c48800d694f0b342b3491dcd660ad
data/labels/Ruokolahti/ruokolahti_DJI_0087_frame287.txt,38,8fa1dd39c3ffceeae3803c1760d4faeb083093bd185b44acd2f107dd7d150991
data/labels/Ruokolahti/ruokolahti_DJI_0087_frame288.txt,38,b85a1c7240c9ffd0ef039e14b289c50a7a6c48800d694f0b342b3491dcd660ad
data/labels/Ruokolahti/ruokolahti_DJI_0087_frame289.txt,38,14e97a09bf516225e88fca04aa37d2b70105eb74f706576818d9125aaecae107
data/labels/Ruokolahti/ruokolahti_DJI_0087_frame29.txt,38,5a70d84fecb4963b76405f2a4246947227036e4d5e9243fa4ace56b18d72003f
data/labels/Ruokolahti/ruokolahti_DJI_0087_frame290.txt,38,1a4c0ea28396459ef708ba7be7ee3666112d095e5a94493de9e5fb22be109ccc
data/labels/Ruokolahti/ruokolahti_DJI_0087_frame291.txt,38,d5081ebfaae3471b022c67b154744cdb511ac354d842fa8b9941ee617a089043
data/labels/Ruokolahti/ruokolahti_DJI_0087_frame292.txt,38,8e8e3b634b0e638bb9712213a897ea6a6f8bd7d3551d47a7a5dd6d54b6d48e41
data/labels/Ruokolahti/ruokolahti_DJI_0087_frame293.txt,38,ede10dcc73be6ffdf4f72edafd3e4e8880d8ee976581af1387f8573e464792ac
data/labels/Ruokolahti/ruokolahti_DJI_0087_frame294.txt,38,e7e0db6c09a806b1a3452e245a6a780593e6bae865511a516a0c3a70b135c3dc
data/labels/Ruokolahti/ruokolahti_DJI_0087_frame295.txt,38,e267f8ae0329b4e771b1460c3c437784d1b7a5a4c010f849cfc1971b3c29a810
data/labels/Ruokolahti/ruokolahti_DJI_0087_frame296.txt,38,17ce58f346ed3d716c4e11a1d567c1a9501c8a851e985f6e57c3a8b78f11b04f
data/labels/Ruokolahti/ruokolahti_DJI_0087_frame297.txt,38,6e07f89d51fd6d794b819ddd5302039aaf70e08002dee8f25e2d6812f5182ec9
data/labels/Ruokolahti/ruokolahti_DJI_0087_frame298.txt,38,7ab35df55e1cef2d4c9dd2b40e4f8202ab59aa7378956777c0406bd8f2487db4
data/labels/Ruokolahti/ruokolahti_DJI_0087_frame299.txt,38,cd515ca2686625b7dcbf86a790a96a1efc4fc709e9eddd394e07478907838704
data/labels/Ruokolahti/ruokolahti_DJI_0087_frame3.txt,38,e7891c639e0cb7e77983a2e0a5e6a52062007918edaa3b8efd5116c1e475b349
data/labels/Ruokolahti/ruokolahti_DJI_0087_frame30.txt,38,93fca61326d764a98eb4127a8d23b3f458209b212b4484777053981f92589ede
data/labels/Ruokolahti/ruokolahti_DJI_0087_frame300.txt,38,ccf355b723b00bcad49ca32b55fb24ab62b567b2dc558a9f7b1b796c411564ed
data/labels/Ruokolahti/ruokolahti_DJI_0087_frame301.txt,38,b3ceefdbb1775eeb4e6d3e562792da7eaf9a56565d5d695d53e15c6a24b02ab3
data/labels/Ruokolahti/ruokolahti_DJI_0087_frame302.txt,38,8824847b0477b5ec6a697e4ef344e4936a65c35d48e749054243deb406bd6876
data/labels/Ruokolahti/ruokolahti_DJI_0087_frame303.txt,38,3889ff5f899b77bd8089f3436ec614d47f7f3eabce4bae1e780855c56867028b
data/labels/Ruokolahti/ruokolahti_DJI_0087_frame304.txt,38,48fa546a84f227b72afb4590cafa8843b8c5fef7729392d0564243ea8aac8948
data/labels/Ruokolahti/ruokolahti_DJI_0087_frame305.txt,38,27a0d7e81ae9efe595a9d80d0e63b1eae15a0ef45a492efa3c7c22cf7a2df28c
data/labels/Ruokolahti/ruokolahti_DJI_0087_frame306.txt,38,05bc8d98b15c574f44b6e5203b2b5d6170e2f2bcb42759c01141c166cb566380
data/labels/Ruokolahti/ruokolahti_DJI_0087_frame307.txt,38,2a9278b135a37907bdd2c9bf31c9d7793b6594e360101f7edb2a266279a9cccd
data/labels/Ruokolahti/ruokolahti_DJI_0087_frame308.txt,38,c04340c378c6390aced1342a22c081688022d4c51be9b304bbcfa7a2caa483b8
data/labels/Ruokolahti/ruokolahti_DJI_0087_frame309.txt,38,a5357bc0f7a5292367702a581c1c9cebc4bcea4910f0e84c1b92a7dd9a8f92c9
data/labels/Ruokolahti/ruokolahti_DJI_0087_frame31.txt,38,4e82e23719bf7f13cdde318f4e38408b8c3bdee8831211e265bea2787c4f1a19
data/labels/Ruokolahti/ruokolahti_DJI_0087_frame310.txt,38,4ba6933c376d2ead67aab745f8db9f4d68ab5db5077a4873b9bb68baae8a1b6c
data/labels/Ruokolahti/ruokolahti_DJI_0087_frame311.txt,38,cbc78c9c9c51865722b6fc87c3fc52dd6df9f6fdd0feeaf11dcbd90a33a6e646
data/labels/Ruokolahti/ruokolahti_DJI_0087_frame312.txt,38,986207ba35153ba010c551f5dfde12a914610401783c44e65e358d4cf56ea25f
data/labels/Ruokolahti/ruokolahti_DJI_0087_frame313.txt,38,8d96c8056932e68687e74140e0e4648121eea4fcc65899f768791b410e677dd6
data/labels/Ruokolahti/ruokolahti_DJI_0087_frame314.txt,38,1a18c2d2f4647cab1d5276f3cc0792fbc606aa48c006a594c195909eed50581e
data/labels/Ruokolahti/ruokolahti_DJI_0087_frame315.txt,38,fa496e87bcfe30f80567f8ca05999f921c8e1bea3828f545a22b2db2fa66d774
data/labels/Ruokolahti/ruokolahti_DJI_0087_frame316.txt,38,1499f8d8bf880d7c720427cd0ea98c8e7c865dbbd2f33ff1e0ce09b206438fdd
data/labels/Ruokolahti/ruokolahti_DJI_0087_frame317.txt,38,21118e98d99942a82b705a6302f2585e7a2f5e7ae0395dad264e603c3f78f260
data/labels/Ruokolahti/ruokolahti_DJI_0087_frame318.txt,38,db82546ca586717938c65c977fcb59487f8d4250f2a2eb2e4bfe5de4fba98d1c
data/labels/Ruokolahti/ruokolahti_DJI_0087_frame319.txt,38,536371bee50ed1475e2a07a5722a94780d6d627b52d3d479921ff088570b4049
data/labels/Ruokolahti/ruokolahti_DJI_0087_frame32.txt,38,a005170a86ac9cc5c555f6996692596e276d85787dc8984456f9e7e0dd441dc7
data/labels/Ruokolahti/ruokolahti_DJI_0087_frame320.txt,38,c748e4e2f74d9e90efe49be05ed58b5c310309dcda0689792e2a45383360638b
data/labels/Ruokolahti/ruokolahti_DJI_0087_frame321.txt,38,31567b8fe2c1aad71d04c658e0c8585515b1fe2f37e4c479a6b9adf18a5e3c12
data/labels/Ruokolahti/ruokolahti_DJI_0087_frame322.txt,38,128a17493b58ca3839e44defae5cfd15fed9e1f6bd8df7bb7931c1417928e401
data/labels/Ruokolahti/ruokolahti_DJI_0087_frame323.txt,38,977f32d42b42c26707bdcbf1b9c1da422a25192423febdf436fc11d1a0101985
data/labels/Ruokolahti/ruokolahti_DJI_0087_frame324.txt,38,037695f8ecc8152cd8b074bb38cf7348576943b8c0921ef59162d421eb02f6d4
data/labels/Ruokolahti/ruokolahti_DJI_0087_frame325.txt,38,e239bcc70c83e9529bc291694d38b324653e496fa7f22ccf1a0f49c195355d1e
data/labels/Ruokolahti/ruokolahti_DJI_0087_frame326.txt,38,c9b7203bdd3cf54da934b93cea3994a612b346a08b19d9af1628f956d9d8e3df
data/labels/Ruokolahti/ruokolahti_DJI_0087_frame327.txt,38,4f91024036a0c3cd03c3f92252e187acf204aca4578947a5746102bcf1e5cb09
data/labels/Ruokolahti/ruokolahti_DJI_0087_frame33.txt,38,8724c4489aa02ef2101b56addffcef8ab0d0c8ed97637d49caf9d431eb544a5a
data/labels/Ruokolahti/ruokolahti_DJI_0087_frame34.txt,38,73c79b503b269d42ddd0092f4ca85f1069c633fca40a6d72a05956d8c334c49e
data/labels/Ruokolahti/ruokolahti_DJI_0087_frame35.txt,38,222c8ebef7086174b2d860ba4256951bb97552e3f5ef2b5390dc4a68ebdecf09
data/labels/Ruokolahti/ruokolahti_DJI_0087_frame36.txt,38,6d9e79a9a09fc733e2f235f15e723c1addddd162ec0c70d6610bde810e4311f4
data/labels/Ruokolahti/ruokolahti_DJI_0087_frame37.txt,38,cdb7eb1e76c087d2c450f78a2a1c75607608186166bd7bc26943da90ade08c76
data/labels/Ruokolahti/ruokolahti_DJI_0087_frame38.txt,38,b1347401a906a6491062e28b7ae02818f4aef13f686c06950890921e808744e6
data/labels/Ruokolahti/ruokolahti_DJI_0087_frame39.txt,38,5810452612e3a4e7e96037b4012a31fb0ca8772055276c68ed8d5ecba04d6cc4
data/labels/Ruokolahti/ruokolahti_DJI_0087_frame4.txt,38,0c38b6aa2ad60952274bdbc879755608facaba216209eb558d69cba66768ce27
data/labels/Ruokolahti/ruokolahti_DJI_0087_frame40.txt,38,79f928b6ac31c288aed3947d71745493e296ec1959f2038a807d6a33074973d7
data/labels/Ruokolahti/ruokolahti_DJI_0087_frame41.txt,38,4b7d0cbd9ab2fe9a1bf4d418717f5f8c62f79f19ed7d807e1f06bf33215137ec
data/labels/Ruokolahti/ruokolahti_DJI_0087_frame42.txt,38,d6af44c3dc61fbd6ab9162598859e7af77eeccc6ce72e16de4985b1b77336f2d
data/labels/Ruokolahti/ruokolahti_DJI_0087_frame43.txt,38,8ee60ab4ea9cb7b90ef761a0f65beb3d91c294a014ff57c6d870ec11b22277bf
data/labels/Ruokolahti/ruokolahti_DJI_0087_frame44.txt,38,05b2872a60f180214d49ce654c889e21de791bfd34d73f35995509f2b7f5fc11
data/labels/Ruokolahti/ruokolahti_DJI_0087_frame45.txt,38,2fbea29dc6f67376ca927d9891e5809d6e01316854d020c3d8416176adb3df96
data/labels/Ruokolahti/ruokolahti_DJI_0087_frame46.txt,0,e3b0c44298fc1c149afbf4c8996fb92427ae41e4649b934ca495991b7852b855
data/labels/Ruokolahti/ruokolahti_DJI_0087_frame47.txt,38,142a48355895fa20b2fa0dfc1c9adc9f642fb818a36de5618777d1a6410c3e7e
data/labels/Ruokolahti/ruokolahti_DJI_0087_frame49.txt,38,abce38578c01d5619e30894e676da7e03156ec8461d62c19e965eb1c313f765e
data/labels/Ruokolahti/ruokolahti_DJI_0087_frame50.txt,38,ee46fd696fc12837f548f15797cdee3475094a866fc0224950543ad6b7bdf44d
data/labels/Ruokolahti/ruokolahti_DJI_0087_frame51.txt,38,c06a36e9e2150f048d9d53aefb8386eed8e7cbd12cd34c510f7e9612e0c332f5
data/labels/Ruokolahti/ruokolahti_DJI_0087_frame52.txt,38,3255a41c3fb81588a003ccf70bf5bb8279b7dcb8ade3be887a4ba75e9433559c
data/labels/Ruokolahti/ruokolahti_DJI_0087_frame53.txt,38,531fd36159b8747374befa201d8ee00700a7e2e4518389fe69b12d3efebf5322
data/labels/Ruokolahti/ruokolahti_DJI_0087_frame54.txt,38,b60c315af245ba23e98ae64a2c38229d673f968f24f1dd59794e22de73f853cf
data/labels/Ruokolahti/ruokolahti_DJI_0087_frame55.txt,38,02f9d06ecce17db6c7fc9f989ffb97c0a79e601b3f97c2fd6c4f4dd1bed831f3
data/labels/Ruokolahti/ruokolahti_DJI_0087_frame56.txt,38,9e0dd7c7a55c7d4fae14dd1199972d8b552b73414c80011bec7d6a190f93f3ad
data/labels/Ruokolahti/ruokolahti_DJI_0087_frame57.txt,38,9cda7b7d3662d3b77699dc851b47b27c1b8c425aadf8bd66384d6d8eb511e275
data/labels/Ruokolahti/ruokolahti_DJI_0087_frame58.txt,38,8cba5df8c4905e33c9edf8d4b8801c0aaf93c264a5bc0b8bd0d9761e457eb2b4
data/labels/Ruokolahti/ruokolahti_DJI_0087_frame59.txt,38,8e1f7594dac7b48fafa5335be495a3c8c50dbd44c6f84fd35eccfe8afa0a549a
data/labels/Ruokolahti/ruokolahti_DJI_0088_frame0.txt,38,42681e32dc4ce92f035bf5b5d108800138d84a63f1ce2cde01d4d8cdeeba7ce7
data/labels/Ruokolahti/ruokolahti_DJI_0088_frame1.txt,38,f92f01df85b4f4fd31cc816f21e1fce34d5c5c751321539a7c6735f65ff4b3c5
data/labels/Ruokolahti/ruokolahti_DJI_0088_frame10.txt,38,c1d34c02dab29a542b4e2e74dd529c2fdc59db03b749e90d0a353367435a4ede
data/labels/Ruokolahti/ruokolahti_DJI_0088_frame100.txt,38,68f4af444f931f72ecc22234060463f86a9887387c44f1ea15f06987bf3f1f53
data/labels/Ruokolahti/ruokolahti_DJI_0088_frame101.txt,38,03a2b94eb9b725c681b403af46b58885640af34b87c8f7e5ab1bfe7071f6a469
data/labels/Ruokolahti/ruokolahti_DJI_0088_frame102.txt,38,806df34c74c3de30a2a370473415d6867273344abbfd622fd6879faf8e5a9d3d
data/labels/Ruokolahti/ruokolahti_DJI_0088_frame103.txt,38,e1c9cf61cea25507523dc95ed5aa82c1afd90f30dbb4773244f901ef66b32bbf
data/labels/Ruokolahti/ruokolahti_DJI_0088_frame104.txt,38,4a33cd5959bcb7b839c35c5cd3fcc8c5b6e744bfc9c23480c84ec561000df93b
data/labels/Ruokolahti/ruokolahti_DJI_0088_frame105.txt,38,83b85b20e762cf9e7e2703cf01dbcd8f7d78b1e70da7ec1b8c407a91f5d6108a
data/labels/Ruokolahti/ruokolahti_DJI_0088_frame106.txt,38,2d4ec59d2dee992dfe1c1f9d7cb13ce07750d8fe9592c0784ce4a223e654f65d
data/labels/Ruokolahti/ruokolahti_DJI_0088_frame107.txt,38,52d09d144742e26ce4601c991c9825f24dc5e19e4ddfcbecd5530922c24fbc12
data/labels/Ruokolahti/ruokolahti_DJI_0088_frame108.txt,38,1d88dd48b2bfa326035462c78b715b55e24ce4291d1e59abce73c103d961561f
data/labels/Ruokolahti/ruokolahti_DJI_0088_frame109.txt,38,fca841b3631b626fcad23125ab0d39d5cdf3c1985d84b90df862fdd823a1b36a
data/labels/Ruokolahti/ruokolahti_DJI_0088_frame11.txt,38,80bc9dcb2cbcf0058c7f6b5bfd5f61f2131cd3983c39a9c803749cafcc3de9a9
data/labels/Ruokolahti/ruokolahti_DJI_0088_frame110.txt,38,833c0bb8147cd987673f39922562f1f0e10a87b68a0e41af6a329238da42077f
data/labels/Ruokolahti/ruokolahti_DJI_0088_frame111.txt,38,87e3590e4c2883fe668111db270264e4c64b187ded4674c9939e4131e280335b
data/labels/Ruokolahti/ruokolahti_DJI_0088_frame112.txt,38,acdd66624e17238f1f932b272ba263c4a8d445ab710ed5e826d213bf9a92c4ca
data/labels/Ruokolahti/ruokolahti_DJI_0088_frame113.txt,38,127717a01f97f16ee74997aa009153ea760a27ac9deb4de6fb78aceaeed3916c
data/labels/Ruokolahti/ruokolahti_DJI_0088_frame114.txt,38,fc26642ef8db9fe6107f397840f69bbcf1672bb82e652e4d3c6912a4f2fb21bb
data/labels/Ruokolahti/ruokolahti_DJI_0088_frame115.txt,38,b1411f147947f6338be80cae365be53bd2b8ec0162aa317c63142fd3f6b1cd36
data/labels/Ruokolahti/ruokolahti_DJI_0088_frame116.txt,38,0fe0949868e28403896feb0a542c52572db926e4755064ca3233338fab796a2b
data/labels/Ruokolahti/ruokolahti_DJI_0088_frame117.txt,38,7317f12dc2d5fa100031f60ed5a621cede5d9cbb54708dc89577a1ef82c6802a
data/labels/Ruokolahti/ruokolahti_DJI_0088_frame118.txt,38,bff30200075364ef4292dd657dd12424e75d34d638e7a5942e2747a21a8a15ae
data/labels/Ruokolahti/ruokolahti_DJI_0088_frame119.txt,38,51ad4219183ecc24c6e9d536a7426ffacd6e29660d0bc738b50431129e66a580
data/labels/Ruokolahti/ruokolahti_DJI_0088_frame12.txt,38,70d97c920287a89f769359088d78f27057788cc967ba479f10f6960c8f8cac6d
data/labels/Ruokolahti/ruokolahti_DJI_0088_frame120.txt,38,3b0a534f70d341c12a9003f4fc7b8d8e3ea5bddb9e12e021adda594b088a50b2
data/labels/Ruokolahti/ruokolahti_DJI_0088_frame121.txt,38,9a972e66856b114324d13c622d49c0e4678c7e2f7c3a60ea1a185c39120bbe78
data/labels/Ruokolahti/ruokolahti_DJI_0088_frame122.txt,38,4d9a3fad1f5b280a922fda94d2fbf9c18ac4fccc966722cc234f5f00e5e9da67
data/labels/Ruokolahti/ruokolahti_DJI_0088_frame123.txt,38,1539800e06f4d8fe1853f8d0cef920002b814b46d788bcb17617667d7dce7932
data/labels/Ruokolahti/ruokolahti_DJI_0088_frame124.txt,38,b203abe85eed4d56941c549d5170915bcc678401a0aca3ce53580a62ba59f1d6
data/labels/Ruokolahti/ruokolahti_DJI_0088_frame125.txt,38,3298564ba8733a28d78c79bb067b754c91a693b440fd4616d7ee417e0521f342
data/labels/Ruokolahti/ruokolahti_DJI_0088_frame126.txt,38,4cd9633d9563e44a8be5b0aa187b78d9fba2c0791395d463a8fefb64a6dfb683
data/labels/Ruokolahti/ruokolahti_DJI_0088_frame127.txt,38,bd82c4cb5427f21b773ec3b0a37f957d877481bb1ab076f6a1190f4141559fa9
data/labels/Ruokolahti/ruokolahti_DJI_0088_frame128.txt,38,defae4a2a6a379b0bc1dd5e6386de27cd09db5382fce843614e1cdf428edc147
data/labels/Ruokolahti/ruokolahti_DJI_0088_frame129.txt,38,6b45e8b7cae37c8fa5db522d9e526162eab55e4d3a6ca8e0cadfc1ed8690a2c6
data/labels/Ruokolahti/ruokolahti_DJI_0088_frame13.txt,38,19b59b9c34690f9ae65c8afa7704a355c4a57f59d90f9422c3fb62487bf798c3
data/labels/Ruokolahti/ruokolahti_DJI_0088_frame130.txt,38,233abae52b53b334f3b607ac979c2c34917094081b9f21048db58d6185070bb9
data/labels/Ruokolahti/ruokolahti_DJI_0088_frame131.txt,38,9fa6791cb87149663d87fdfc51c663f67112fb5026582dfe40fcac52fbaae681
data/labels/Ruokolahti/ruokolahti_DJI_0088_frame132.txt,38,d178e2d9da9d4aac8b689e9bd011a9830d28fda5d3d1266f57ecdb738a031bad
data/labels/Ruokolahti/ruokolahti_DJI_0088_frame133.txt,38,1f79f55b05773f04540798a6237c226664b2c58b3a1400b2c67bcc7464057aad
data/labels/Ruokolahti/ruokolahti_DJI_0088_frame134.txt,38,b652e456f38ec762d673985c97670a3263fbf3aecc2dea68b193e80d0829375b
data/labels/Ruokolahti/ruokolahti_DJI_0088_frame135.txt,38,6d1798e5cd74b3edd95521b21e80be37da6239ac00a7b5ed89f0663bfa946b64
data/labels/Ruokolahti/ruokolahti_DJI_0088_frame136.txt,38,e60a4076ad6e694f131c955a73f7a470fdb78a072d93545c008286f07394fd3c
data/labels/Ruokolahti/ruokolahti_DJI_0088_frame137.txt,38,9f8a1d683af17a681de6ccff5b171f50ddb183a26cdaa076ba971259eb5e4eab
data/labels/Ruokolahti/ruokolahti_DJI_0088_frame138.txt,38,11478e64eb0e9b263322790ba457df15ed2c26831c9869d7709bc44a6c7f0b68
data/labels/Ruokolahti/ruokolahti_DJI_0088_frame139.txt,38,53c7df9ad802e7e54505f60f9740a7559bc30ea287bcc691eeeb5b93d3a2da16
data/labels/Ruokolahti/ruokolahti_DJI_0088_frame14.txt,38,7deb9bdab61524e61f9ae12fcdcf7ab614a32224190827543b1d585ad4227cd7
data/labels/Ruokolahti/ruokolahti_DJI_0088_frame140.txt,38,4621b388b14f7617bedde14d9a757baee1bee0d17aa05f6b07efed5a986fcb87
data/labels/Ruokolahti/ruokolahti_DJI_0088_frame141.txt,38,9fe9c8a40c2ecd6c2da41fcbd909c2b9125ec4acb96f076235b36e26e2da0f60
data/labels/Ruokolahti/ruokolahti_DJI_0088_frame142.txt,38,cc90feaae3aac4a9c14854b43c6d0cadebca044afc923b41903e233a87b19539
data/labels/Ruokolahti/ruokolahti_DJI_0088_frame143.txt,38,27a0d7e81ae9efe595a9d80d0e63b1eae15a0ef45a492efa3c7c22cf7a2df28c
data/labels/Ruokolahti/ruokolahti_DJI_0088_frame144.txt,38,929f72ba65b78b2b3096413e0fb9078c9b651fb2abe150450851becb33876776
data/labels/Ruokolahti/ruokolahti_DJI_0088_frame145.txt,38,a395ffe4efbeada21c75e07ed58c50d6a84a5db6a8743cfb90f8090a97129819
data/labels/Ruokolahti/ruokolahti_DJI_0088_frame146.txt,38,effb33b98fa18349580f271efda32751b8ef73d300fbf9317cd4d80689be1456
data/labels/Ruokolahti/ruokolahti_DJI_0088_frame147.txt,38,fd39ab336bd199584bb11e7ef0efd0990a8f6e6903a67f6bf5c7e0fa7d70cd14
data/labels/Ruokolahti/ruokolahti_DJI_0088_frame148.txt,38,98084a9a61b0d932bcf92edce7f88e79ee713b4507b35b70bf54da77b0668cde
data/labels/Ruokolahti/ruokolahti_DJI_0088_frame149.txt,38,d1164464e97d8d6c25406064234973ac35f8188a042e42b1de56b2f43f37503a
data/labels/Ruokolahti/ruokolahti_DJI_0088_frame15.txt,38,401b079c2db43956f0ccffab081f154e52b814af8f8c56448700e4254c199fba
data/labels/Ruokolahti/ruokolahti_DJI_0088_frame150.txt,38,0c0fde5bd985ed790ffed9e76be216f4e4e802a3361c9bdfe0dcac670e294569
data/labels/Ruokolahti/ruokolahti_DJI_0088_frame151.txt,38,9cf62072ec3be6df54c372bce97dfa21d25d1f47d8b2f3ee44997dba57af749d
data/labels/Ruokolahti/ruokolahti_DJI_0088_frame152.txt,38,ecfa92dbe8da71e2090e3363c3ba7a03c14926c1ab3680c0fff2828a8f376ae3
data/labels/Ruokolahti/ruokolahti_DJI_0088_frame153.txt,38,7a755f6163506dbb0d6b7f3918057ffbba3be65391b4b41da6a17b86ef185983
data/labels/Ruokolahti/ruokolahti_DJI_0088_frame154.txt,38,47ec1868df494ff762ff35050103dc4f3d2bae46b954c185f59b3877d68e629e
data/labels/Ruokolahti/ruokolahti_DJI_0088_frame155.txt,38,a34998ae9fafbc6eaf13030d481e2d5a3d610a02f07c8f89c1c70054eca6eacb
data/labels/Ruokolahti/ruokolahti_DJI_0088_frame156.txt,38,e936f95054a7f1d6b84c2c5febeabd7c4e5613f60ab95967909094f599db47d4
data/labels/Ruokolahti/ruokolahti_DJI_0088_frame157.txt,38,d037d28d2ba06b6d928bc88b43ee87f4a130a049cb13c062882fb203bb1a5bd9
data/labels/Ruokolahti/ruokolahti_DJI_0088_frame158.txt,38,3c5f02d593cda7bd237d2a942d94b16f5b8d4f6d40f1b69e39487ba50d4d3d6b
data/labels/Ruokolahti/ruokolahti_DJI_0088_frame159.txt,38,9d4ee732bc7b08e5627548d7f69ef29e5eab2e25ff2d8c21d78c6881a1892e50
data/labels/Ruokolahti/ruokolahti_DJI_0088_frame16.txt,38,367becae36bfb9f40f44f8c171af15e10ed0f26df16e2eb89f39d34a6917dc32
data/labels/Ruokolahti/ruokolahti_DJI_0088_frame160.txt,38,3e29d18d2918d727138ec8f1c2eefa7e79330429bcfce4c2ddd7d3990ea1b6cc
data/labels/Ruokolahti/ruokolahti_DJI_0088_frame161.txt,38,70e0c0e3927bc0de9937aa86c898f6bdf23715f3ee9ecd7c8f37abbb8fc64e8d
data/labels/Ruokolahti/ruokolahti_DJI_0088_frame162.txt,38,8502e402dceff61fc285d571402628318411c3217c1a517e8a61de01d97b94b5
data/labels/Ruokolahti/ruokolahti_DJI_0088_frame163.txt,38,52c01dff29e4cbeed1fc0f19e0f8b07f62df2075b3b6bcf5f5342cec298d1587
data/labels/Ruokolahti/ruokolahti_DJI_0088_frame164.txt,38,d94ef54dd5f2986e1758cb11b22c4b7cd013eb1115f201466a805b23ddb03e91
data/labels/Ruokolahti/ruokolahti_DJI_0088_frame165.txt,38,6f9e2b32cd77087585f03c2af9b7a2e361debfdc017259dd5c08537662a7024a
data/labels/Ruokolahti/ruokolahti_DJI_0088_frame166.txt,38,9555a127b1824343c7765093b2665748fc9b21aeed248742bf29498ff3782424
data/labels/Ruokolahti/ruokolahti_DJI_0088_frame167.txt,38,94ed712bae8755803c169bf4f2fb28d13734ea14aef7db09d6bc6dc9df8ce0ec
data/labels/Ruokolahti/ruokolahti_DJI_0088_frame168.txt,38,2c6e46878bba5e05fcbb018b26d914e8b0cc92d972a918b6904459d7e36e2d8a
data/labels/Ruokolahti/ruokolahti_DJI_0088_frame169.txt,38,4f242b1af37ea9651ebdc5a794c2ba9cf809f7d58cd70085b8dbcf0e8603ae7b
data/labels/Ruokolahti/ruokolahti_DJI_0088_frame17.txt,38,4cdca53c7bbc81b97237e3cc7cf64b85544f6abcb9fd37c656c9093d2fc07b4c
data/labels/Ruokolahti/ruokolahti_DJI_0088_frame170.txt,38,f2c224ae011a9c5a9dbd5018fb34ae37de5b9db59691ba34d7e274fefc007041
data/labels/Ruokolahti/ruokolahti_DJI_0088_frame171.txt,38,43ec92226d5084c3b461c06ac1b23e8faadf3c71f61cbf809cfe88f08bc049b1
data/labels/Ruokolahti/ruokolahti_DJI_0088_frame172.txt,38,0641abdbfeca599fe1c0dbd8cb937916e56f7c8bcd5762a21d94d279eb68d558
data/labels/Ruokolahti/ruokolahti_DJI_0088_frame173.txt,38,184e1c75dde8ed94fcf52a6ade83d7e8d1cc9418d54e621464778cbd9b69afda
data/labels/Ruokolahti/ruokolahti_DJI_0088_frame174.txt,38,0f2499c6cc316df77869e24b965d695f46edd24d7574b0b8a0283e94561ccfb9
data/labels/Ruokolahti/ruokolahti_DJI_0088_frame175.txt,38,d871ad044b110cb038ef2b033d53a7999a089e860173720a684b77522870bfd2
data/labels/Ruokolahti/ruokolahti_DJI_0088_frame176.txt,38,95b18eb3f2eed9f0ae898fd547d374023844a899b0b60b8ff6df199c741b92de
data/labels/Ruokolahti/ruokolahti_DJI_0088_frame177.txt,38,d4feda65dfd6bab6be94e6ce6237c496f21a595cc9e5fc74aeedb3df497c4c95
data/labels/Ruokolahti/ruokolahti_DJI_0088_frame178.txt,38,a57c907c2770d54137a55cdef0b1fa4124b053128c16f88c34b9edea85d249d7
data/labels/Ruokolahti/ruokolahti_DJI_0088_frame179.txt,38,02c12881ca112b0a92ee883b0d22a363f7aabe7f5af3a6048d8e762b4b562598
data/labels/Ruokolahti/ruokolahti_DJI_0088_frame18.txt,38,6bd887faa9da1c4b900c27db3389909a5b1b3c104f2626f83ee31d92a0a03de2
data/labels/Ruokolahti/ruokolahti_DJI_0088_frame180.txt,38,41bb385355354a46650c0537e06620cd2818460a616cd02408b558fc6c8a5e15
data/labels/Ruokolahti/ruokolahti_DJI_0088_frame181.txt,38,a96a4e4442cd6509c5a821aeffd96d2555ddf97ef4833f17498b1be5292c6f3b
data/labels/Ruokolahti/ruokolahti_DJI_0088_frame182.txt,38,4259473d010e819ff35209938f36b3a5641c03ecbb788dd579eb57f343de3c38
data/labels/Ruokolahti/ruokolahti_DJI_0088_frame183.txt,38,9a51182638ad491faaacc8a3545f0e1e72dd1b2b9c33f0567cc6ad3dd3cd6cf6
data/labels/Ruokolahti/ruokolahti_DJI_0088_frame184.txt,38,93011609fedd399a23826017582ab5ea0154cfdc4974f7365f00efa8f94e75fd
data/labels/Ruokolahti/ruokolahti_DJI_0088_frame185.txt,38,7a8c95b743aaa05e4de16483db9ad81d7170144093fba7e745d04f76d7fc3300
data/labels/Ruokolahti/ruokolahti_DJI_0088_frame186.txt,38,df76d0b1c769c62d5a802e60aa37937f092a1d807b319a0b960d757137868151
data/labels/Ruokolahti/ruokolahti_DJI_0088_frame187.txt,38,3bc96405050573e31d1a9685e1d52640be4059f8716b6a2390985d218ab2f856
data/labels/Ruokolahti/ruokolahti_DJI_0088_frame188.txt,38,ac55616678208a02329ff5a13092f40d360ba592b5598798dfde587035e12eca
data/labels/Ruokolahti/ruokolahti_DJI_0088_frame189.txt,38,4202276397c372826b0bdb26f2c7acefac2835114b73ecb8217becad64875de9
data/labels/Ruokolahti/ruokolahti_DJI_0088_frame19.txt,38,2d84f0767b9365bec2272e73e598dc0db724cc3605e543b8c6513c6500a323b5
data/labels/Ruokolahti/ruokolahti_DJI_0088_frame190.txt,38,4bffa9dcb0996be0a78e6b787a2a0a69a5c85b72b96c4e576910e4ae0e4b3551
data/labels/Ruokolahti/ruokolahti_DJI_0088_frame191.txt,38,4ad10a1d50cbc2bfe22770f62a9110208914c2942ab9274431aaa495236d3f81
data/labels/Ruokolahti/ruokolahti_DJI_0088_frame192.txt,38,1b885bfad37d682242ddf6faede700691eec3374abbff195b6ddd1e6fc1414d6
data/labels/Ruokolahti/ruokolahti_DJI_0088_frame193.txt,38,35edb2d43bd2caac90fe796699a101a757c3b9f8afdddbe3fc4021ef663e5656
data/labels/Ruokolahti/ruokolahti_DJI_0088_frame194.txt,38,e2d8e93388342affe59d606f37131558a5f3c8b2cbcc24630178691e2abf0e05
data/labels/Ruokolahti/ruokolahti_DJI_0088_frame195.txt,38,13a130eae75eedda3f4facc2be61a490d5add02e8aca289f5bf417e3cba9b763
data/labels/Ruokolahti/ruokolahti_DJI_0088_frame196.txt,38,0a7d2bb6e1ef2a028d56784b83c1eea4ee6bfb1fbac3d5f0ad1fd577c3cff2bd
data/labels/Ruokolahti/ruokolahti_DJI_0088_frame197.txt,38,4bc995983019a89cd893fc07392fc826097b2397bb1a5aafbd3e3832390ba66d
data/labels/Ruokolahti/ruokolahti_DJI_0088_frame198.txt,38,ced46d7369954512a50edb272691dc0fbd59ce76bbc05c47e2d9becc7d31206d
data/labels/Ruokolahti/ruokolahti_DJI_0088_frame199.txt,38,c78f0b776002dde043c63f9e605f01982752b777aa06c456340092fd2087f170
data/labels/Ruokolahti/ruokolahti_DJI_0088_frame2.txt,38,76cd59b2d3f4ccb0472ac3f4cc4dfcdc9a30b0a315bc4df6198a85b831214e95
data/labels/Ruokolahti/ruokolahti_DJI_0088_frame20.txt,38,f3641ff26bbce9a1f72e82bde80fea8d9897e6b51dccac8085158eb03baf8d04
data/labels/Ruokolahti/ruokolahti_DJI_0088_frame200.txt,38,18d3413a3fa0a948fc9a35f4e22a4d881112dcf26aeb46e306cb5c8f20f35537
data/labels/Ruokolahti/ruokolahti_DJI_0088_frame201.txt,38,4f6259be36a6d3c2c2d1fc0471607615603b93ee14f01aa05442d67b29fe9e51
data/labels/Ruokolahti/ruokolahti_DJI_0088_frame202.txt,38,1dc051d5ae1187fd43978bcf7146c9d9d86e5757ce5565faa60fc358bedc9212
data/labels/Ruokolahti/ruokolahti_DJI_0088_frame203.txt,38,6a836e680040bd4ad2262d99ce2a921f2e8cd2c0a7259b54781531e7d978039b
data/labels/Ruokolahti/ruokolahti_DJI_0088_frame204.txt,38,a51c79c8b0031ddf430c155411f0070f631c95dd9b37c4e00b30acc5c3a84f71
data/labels/Ruokolahti/ruokolahti_DJI_0088_frame205.txt,38,b5f8b2187ef4a36cc86267298cc327441c6590c41dc070ac64f84f9d8bfee2e8
data/labels/Ruokolahti/ruokolahti_DJI_0088_frame206.txt,38,2143956402640d34fbd03d860ce032e827e0b4defce0a19514ece175b563eafa
data/labels/Ruokolahti/ruokolahti_DJI_0088_frame207.txt,38,a7d5fbefd9b769101517ba60a4e09ae7d015932904aca6438ac30805cb175179
data/labels/Ruokolahti/ruokolahti_DJI_0088_frame208.txt,38,e3c8ee01722420e14e07dd84188e223ec3c7950ac1666e251301fb33f2bed3e6
data/labels/Ruokolahti/ruokolahti_DJI_0088_frame209.txt,38,1ffcd16947c081a3ffb07b4a3edf12d2a5e9acac9f8e48ed1b9d9d83cb7bed6e
data/labels/Ruokolahti/ruokolahti_DJI_0088_frame21.txt,38,202db4232a7a7d6a2c7d37b1925a4b6a2171079eeee9dbc035fc1d4a347b247c
data/labels/Ruokolahti/ruokolahti_DJI_0088_frame210.txt,38,fe9af8de6ed900aca9b373b015963338fb105d1fa4a61129211e6c54e79e1735
data/labels/Ruokolahti/ruokolahti_DJI_0088_frame211.txt,38,bcb6ba2e1da9d86fadf201eb385a297ff30ccec5f37ac6d1ada401b8257dbf52
data/labels/Ruokolahti/ruokolahti_DJI_0088_frame212.txt,38,c6dc7fb149e871a253bcebb54202f71a8706ff8c2551dccb5f2bb67799f89e2f
data/labels/Ruokolahti/ruokolahti_DJI_0088_frame213.txt,38,6dbde2e70dde740090024bb179c8dde2a51f3ee3c13d149a6dc89dccc73c0003
data/labels/Ruokolahti/ruokolahti_DJI_0088_frame214.txt,38,1b7307cc3d52346beb757850d391b3b189badf468036222533af3d6c023284e5
data/labels/Ruokolahti/ruokolahti_DJI_0088_frame215.txt,38,bd40f302e5b2db20b627e9d5a701581a88adde681eaf3f3230b941feba193a0f
data/labels/Ruokolahti/ruokolahti_DJI_0088_frame216.txt,38,74abf56752bcf37bd4b24bc24242008c817c1f676523f91f1da90f3ddc6b9a3e
data/labels/Ruokolahti/ruokolahti_DJI_0088_frame217.txt,38,6b7c128f03c6b0ee817aa8ee705c67dacf8c09a2aa41f8c1cc45414639ea966f
data/labels/Ruokolahti/ruokolahti_DJI_0088_frame218.txt,38,bf8842b532450212a4314f654a6b9665c8a0e3359b28ab3db87404ac0c0b9b87
data/labels/Ruokolahti/ruokolahti_DJI_0088_frame219.txt,38,90f41ece3340d399d61830b7541c90cbb30fa7c2ba92b0a55b90700c194f2179
data/labels/Ruokolahti/ruokolahti_DJI_0088_frame22.txt,38,a1b75f46190db9505f45d181c4f2e14311a5a5a8037ad4818618a9c56ca023b6
data/labels/Ruokolahti/ruokolahti_DJI_0088_frame220.txt,38,29cd275e6e547ae993d1ce1d27d6c84cfeba54af7bb9e48d538beb4a65865ee6
data/labels/Ruokolahti/ruokolahti_DJI_0088_frame221.txt,38,ec2e830152e1a7e1fb6e77e335bc739119d678e7beed24e638ae4a2090e9b90c
data/labels/Ruokolahti/ruokolahti_DJI_0088_frame222.txt,38,21f7acb23eac34321e84f270a002d8ee0c9800200193b8bcecc2cdcf85613df6
data/labels/Ruokolahti/ruokolahti_DJI_0088_frame223.txt,38,c185a0de6c344b19844c32ddbfc39b06a1f347b0d9b5b738cc84a2c6441525ce
data/labels/Ruokolahti/ruokolahti_DJI_0088_frame224.txt,38,4498cba0e51c918007670fa1f7268a918f12a20ef32392657ae52c6314e65aba
data/labels/Ruokolahti/ruokolahti_DJI_0088_frame225.txt,38,525409d8c6033f2c6ab5dded58cd68c1a6ed62da70043757f196373de12acb0a
data/labels/Ruokolahti/ruokolahti_DJI_0088_frame226.txt,38,3245303799de61f64c3573b1025257d6918ca507e503b5f3acb3a705106fe59a
data/labels/Ruokolahti/ruokolahti_DJI_0088_frame227.txt,38,241f1dcd3085a73af141cd8320e12ab1c3bc5e262a9297896d3eca6bdf3e7fb0
data/labels/Ruokolahti/ruokolahti_DJI_0088_frame228.txt,38,3d25eb3b237e6b682e72a52aea03c92cbeb73a93369f81eec0601a7293bfb143
data/labels/Ruokolahti/ruokolahti_DJI_0088_frame229.txt,38,4c29813d9abcafaf55110c7137651103bef3b9688cb95956db2d1b984121d289
data/labels/Ruokolahti/ruokolahti_DJI_0088_frame23.txt,38,87eeea6ab521ce7a654bdd67ef3d48dd7c0f7716ece6f42800ac5318ac2bc6e6
data/labels/Ruokolahti/ruokolahti_DJI_0088_frame230.txt,38,dd31eb95c660d6cf7aff2975d2afd1e2c5409e334a186831782ecc71cd21e1dc
data/labels/Ruokolahti/ruokolahti_DJI_0088_frame231.txt,38,03c318692c5e941c3fce81785b43e474482d7c945cc0a0e57da5f1c78f8575ab
data/labels/Ruokolahti/ruokolahti_DJI_0088_frame232.txt,38,786b13768e349748f59338d52ad8b21216318f20172b744db75a4ab655d3b334
data/labels/Ruokolahti/ruokolahti_DJI_0088_frame233.txt,38,513f523f3d1efe1aa49eb8e188225bc75c84bd91441bd10e03b9d2c4f03dde13
data/labels/Ruokolahti/ruokolahti_DJI_0088_frame234.txt,38,7d09d97a8becc2121aaa101cf7a52b0345c2c7ef3f33a5acd7499f69fc79ce43
data/labels/Ruokolahti/ruokolahti_DJI_0088_frame235.txt,38,b705ccca891b5fb45a510ca3d5979def50efe3c93a8ddd507883419d202f3da1
data/labels/Ruokolahti/ruokolahti_DJI_0088_frame236.txt,38,cf297a9118c36dc7bf6a7f8fc25a94b7480c4d93c384c2a0d53f3e16244cd58c
data/labels/Ruokolahti/ruokolahti_DJI_0088_frame237.txt,38,29fd24bf00eb715a00f97f9edf021187b3527082ac63d3d9d76c189be0f6abf7
data/labels/Ruokolahti/ruokolahti_DJI_0088_frame238.txt,38,15f1a8a9897063a445401fd37bc49e1ba3397d9af57390daae7b771d02201ff9
data/labels/Ruokolahti/ruokolahti_DJI_0088_frame239.txt,38,6293dc0808b9cbb106314b05d0ca95f288904ddfeea667118b0b4007a698ec09
data/labels/Ruokolahti/ruokolahti_DJI_0088_frame24.txt,38,c0264cca55d3e807e7f8a1db0e4882e1c6dfce685e41a6c20a4d0ae1bf6c2d18
data/labels/Ruokolahti/ruokolahti_DJI_0088_frame240.txt,38,e5420d4f1f0a61b788762ee11e7636b488040422f6fd0c766a5a0bb48ee449a3
data/labels/Ruokolahti/ruokolahti_DJI_0088_frame241.txt,38,05c813a93bf9b9d82f2d75d122b14762a4cb372e8398cb0d3364d8c7c651b615
data/labels/Ruokolahti/ruokolahti_DJI_0088_frame242.txt,38,476fc7c5686fed529178bca9f47762dadf32d6b83dbada8d0f333c663ba701ae
data/labels/Ruokolahti/ruokolahti_DJI_0088_frame243.txt,38,31d69e7b4d50d683ce232912a494f0e59d76f8d5e65a9f185f17ccb6b3bd73f3
data/labels/Ruokolahti/ruokolahti_DJI_0088_frame244.txt,38,1190e88b07474443ac6e206cf0bb6fa06796a917b69a76113a1e10444d130151
data/labels/Ruokolahti/ruokolahti_DJI_0088_frame245.txt,38,d138f2ec2080c3c5dce7cf69253dc0a2f574edd9787ef4810b9de8b88223fb33
data/labels/Ruokolahti/ruokolahti_DJI_0088_frame246.txt,38,02b65479212e626cdf009a9c05e1a73dede36b050f9ef794f69295ecf748d8d4
data/labels/Ruokolahti/ruokolahti_DJI_0088_frame247.txt,38,397fc8bebff0434c737dc75ee3e8f5ea3dce73d835e3624cc4196305b93a8e5b
data/labels/Ruokolahti/ruokolahti_DJI_0088_frame248.txt,38,da8f11838815194674305b1fa215982a85e9f54b7c12064e8691ecdbd7b94eab
data/labels/Ruokolahti/ruokolahti_DJI_0088_frame249.txt,38,eb71a9af3e981d3d9d43e8a0840270d17f3a641dfa3bd27fc9c7e2a75ea856b8
data/labels/Ruokolahti/ruokolahti_DJI_0088_frame25.txt,38,3bd088902aa7e5798f10dce3be5af30a70313eb3beda6f83b8bd432a551787fe
data/labels/Ruokolahti/ruokolahti_DJI_0088_frame250.txt,38,f13aea014c7bc5b84fff16e52477b0b2b76adfe91a83ed70d940d622ee8ab54c
data/labels/Ruokolahti/ruokolahti_DJI_0088_frame251.txt,38,d5b7ef517a6afd5166347a4dcc000bc09d2746f17cfd0319c1c10444f7a5ac1b
data/labels/Ruokolahti/ruokolahti_DJI_0088_frame252.txt,38,9a2820e1b4ba04c316d199456fec8b122dca863472446ec03d6db65d976f3b45
data/labels/Ruokolahti/ruokolahti_DJI_0088_frame253.txt,38,87e3bec410bf32dc76d6645944c192fe7eb2f14d1eeb8e4e729c291bd42b1b8c
data/labels/Ruokolahti/ruokolahti_DJI_0088_frame254.txt,38,438e43861a8f383b44f634b21231285657390ad1f2f3500bad4b9b4d24bd1fbc
data/labels/Ruokolahti/ruokolahti_DJI_0088_frame255.txt,38,ca1ad6a84145db0ff41654b3880e662b11e7f1bcdc07d35e33479e888cb89ddb
data/labels/Ruokolahti/ruokolahti_DJI_0088_frame256.txt,38,0dd35eb13ac38f7bfa737fc7d8b9d7ef184f1b2c789e822aff18a1f691821666
data/labels/Ruokolahti/ruokolahti_DJI_0088_frame257.txt,341,6b1b968950236a89c069b81d678eb7428ebba0a1c26e39d5acd2e01811fbd945
data/labels/Ruokolahti/ruokolahti_DJI_0088_frame258.txt,38,aa4c46077cc0b14ffa17929bd420b646c78d0cdc57ba0acc34431941ee7b5ee4
data/labels/Ruokolahti/ruokolahti_DJI_0088_frame259.txt,38,1a5c2b7f8be2872433c6a8cb954cd02e9f3d65dcc232e7c34caf4dbc0fcd8f09
data/labels/Ruokolahti/ruokolahti_DJI_0088_frame26.txt,38,cc83af619143f3e7c9141fa887cdc5d25ec994a2dc4dcc1af4751d84ed5c9796
data/labels/Ruokolahti/ruokolahti_DJI_0088_frame260.txt,38,a915718d8f7070f7174c3049f0926b2080369e7bd06aa6c95641e3c8173fd333
data/labels/Ruokolahti/ruokolahti_DJI_0088_frame261.txt,38,979225b03903358f7d01c0b218169a539e4ddbe5df7357bb400328996870e751
data/labels/Ruokolahti/ruokolahti_DJI_0088_frame262.txt,38,be51882f6c88cb5b7b2cf9b5863ac268d6a8cc9e91df368c3c85e049512f46fb
data/labels/Ruokolahti/ruokolahti_DJI_0088_frame263.txt,38,0fd86533bcce17b945d196d87858ec0e0184b5fe2b4a8dbf6c8a5b7db379bc3b
data/labels/Ruokolahti/ruokolahti_DJI_0088_frame264.txt,38,42245bcecd58e4f2b000530e0eb0d085722a6f9e1d2546881cc43b50472801d0
data/labels/Ruokolahti/ruokolahti_DJI_0088_frame265.txt,38,f8f7b14539566f100f3cc2cdff781816a3854b723d2f1ecebd9ac5a988283761
data/labels/Ruokolahti/ruokolahti_DJI_0088_frame266.txt,38,8c56bf45e7e3931e9f5993b38f5a0d336c9b178ef3ccb0a4937d6ce0ef527165
data/labels/Ruokolahti/ruokolahti_DJI_0088_frame267.txt,38,c0489d2dda560d7016c7215c04bb3e80925756a56a8db889ce2420081febc8ce
data/labels/Ruokolahti/ruokolahti_DJI_0088_frame268.txt,38,7331c0a941a47a6205366b51263ea7216f58516a52f2876768db48430591558a
data/labels/Ruokolahti/ruokolahti_DJI_0088_frame269.txt,38,b6cb743eedd0b572c194364f7e9b54cd1e2aaf2d1b791c692e81cdb644a2087b
data/labels/Ruokolahti/ruokolahti_DJI_0088_frame27.txt,38,5133033237f815923698531602b64703a924102feabd7b7d092484fd5503d637
data/labels/Ruokolahti/ruokolahti_DJI_0088_frame270.txt,38,97825e6eaed98c8e41a4936a8a07fda16dcd623d2d35ff8ebaa09ce874631504
data/labels/Ruokolahti/ruokolahti_DJI_0088_frame271.txt,38,f055dd74135803d62aba014aa93e77d7fde8fba236a3c5e866487e77ea43cf1e
data/labels/Ruokolahti/ruokolahti_DJI_0088_frame272.txt,38,36465099bada01fa14126bcc1405140dec185c0b72ebf04b4217eef352e9ccca
data/labels/Ruokolahti/ruokolahti_DJI_0088_frame273.txt,38,e9ed5c3f6858500d94bc6e2ba2d2eadb5e18349d16aa1fc6427f5573b3cae8f2
data/labels/Ruokolahti/ruokolahti_DJI_0088_frame274.txt,38,997df5f6b74485739e6db0446593ebdcb2686c137af4274efcad742037879aa1
data/labels/Ruokolahti/ruokolahti_DJI_0088_frame275.txt,38,0b30a2f434dca4a8c4d83f8cd9b547784d77f9752e94e395c6c2c745c799fe38
data/labels/Ruokolahti/ruokolahti_DJI_0088_frame276.txt,38,ae7961a82690fcfa5dfd5583d831a444d052fd54026ddcb9f0de2f98bafc42f7
data/labels/Ruokolahti/ruokolahti_DJI_0088_frame277.txt,38,106d545c8a268012d52b3fec01eafacb93360ded6a3452248c473206b0f8b629
data/labels/Ruokolahti/ruokolahti_DJI_0088_frame278.txt,38,51e0ba0e9ffc9dab8f7cb30aa86c11f65f58231c33834332fb6c91db6ac56301
data/labels/Ruokolahti/ruokolahti_DJI_0088_frame279.txt,38,d4ab634a2d6fdec73372d4dd31a549f5d9c517b9d65d05c9294f13d26c28fb9e
data/labels/Ruokolahti/ruokolahti_DJI_0088_frame28.txt,38,2816898dcd3f9ab225f3fdaca8816599d65f4d2f3e435c6aeefb8dacde65c95a
data/labels/Ruokolahti/ruokolahti_DJI_0088_frame280.txt,38,3e4e1de18b941dffea0c3092d2eb79fd033ba98617f561d61460b770beaa6f90
data/labels/Ruokolahti/ruokolahti_DJI_0088_frame281.txt,38,91b783b1b0bb1853452f1687282cd0e7233cc46138666de617d60dcba7dde220
data/labels/Ruokolahti/ruokolahti_DJI_0088_frame282.txt,38,b5126ca5e7227c77ec7e4f61adc624be4e0d19b15e0297d9a43de865664e1811
data/labels/Ruokolahti/ruokolahti_DJI_0088_frame283.txt,38,dd31848fbea8f811dea0e43a033858267b7d3139b3a402d491f0c2aa05aefb9a
data/labels/Ruokolahti/ruokolahti_DJI_0088_frame284.txt,38,e292b8ae8d3fa867daf49874dda166c90c81f7106368779a47a8287212481e93
data/labels/Ruokolahti/ruokolahti_DJI_0088_frame285.txt,38,a1975f79668a07dfe4631475a879118a534cd76b998598788a7e3d7c60a68064
data/labels/Ruokolahti/ruokolahti_DJI_0088_frame286.txt,38,a4c40d8c2cae06b34713a449266c7af3c2b342332213885fae952d96d2b28df1
data/labels/Ruokolahti/ruokolahti_DJI_0088_frame287.txt,38,8eb22a325c101687a744bb4d1d3419d68be4ed34ef6f522718dadc952c19755e
data/labels/Ruokolahti/ruokolahti_DJI_0088_frame288.txt,38,0ffb13cc99df7dbae8b2b79de0d347331203c4bf771e1521459b0bbcc69eb8fe
data/labels/Ruokolahti/ruokolahti_DJI_0088_frame289.txt,38,dbac27e0c5ebe8f3002b363563ed8a3176ea30514e257aebe68044af0ca2b13d
data/labels/Ruokolahti/ruokolahti_DJI_0088_frame29.txt,38,333c55682730ea946c38439d660ddd665310069e4eae4034f08aafcd723be896
data/labels/Ruokolahti/ruokolahti_DJI_0088_frame290.txt,38,de460ebbf809a6e50f88192933e2fbe3a30f1cb73afe702401d262e65b2f413b
data/labels/Ruokolahti/ruokolahti_DJI_0088_frame291.txt,38,da647661afeb0a2e1e43e8de07d32bdd80399a5b093a617243f66caed134a2aa
data/labels/Ruokolahti/ruokolahti_DJI_0088_frame292.txt,38,5e65a4b9b730987c12c54a1e42a43fb8fe2e882f81ca8bf1346dd294b2a8d160
data/labels/Ruokolahti/ruokolahti_DJI_0088_frame293.txt,38,57858b7bfb23446eb842570414663aac9449a117bc48cf9e820cde7f12a66f47
data/labels/Ruokolahti/ruokolahti_DJI_0088_frame294.txt,38,52d7132b161eb20ea8f227d80ed3037274ef0d12c9d76a7d640632ab67923411
data/labels/Ruokolahti/ruokolahti_DJI_0088_frame295.txt,38,a82e690e01236ddbd08ff557a39b19fcc42a325a561bc3b27ae071ab5642bc25
data/labels/Ruokolahti/ruokolahti_DJI_0088_frame296.txt,38,8937bfc2fd9d0f308e79184e68056869e33e35619c3491147a8989720f9c04c1
data/labels/Ruokolahti/ruokolahti_DJI_0088_frame297.txt,38,a3b00c66c6352fd8abb278bb63b303ea63c1e426fbd6e6b01ca6e18161f9987f
data/labels/Ruokolahti/ruokolahti_DJI_0088_frame298.txt,38,9988390b295acaf9b97712ee0dda4a80ab869995b9f71b452f514654c92bf9a0
data/labels/Ruokolahti/ruokolahti_DJI_0088_frame299.txt,38,de8d8aab19869adc5ea703b84cd02860c1bee4042898408596f40a1b7291f6fd
data/labels/Ruokolahti/ruokolahti_DJI_0088_frame3.txt,38,973cd1ed7c0a3a3072582cb1b87a9459ddeb6d80e867b2e7487098c261eb9e0b
data/labels/Ruokolahti/ruokolahti_DJI_0088_frame30.txt,38,bda5b2d929b8ef8704fd1fb6c1026afd2216e9c8efdd7e38c186fb1663eafe12
data/labels/Ruokolahti/ruokolahti_DJI_0088_frame300.txt,38,ca1f96f557722835f39dcc4972c15c4ac610472e88fb2a3822714aaecebf1234
data/labels/Ruokolahti/ruokolahti_DJI_0088_frame301.txt,38,635abcf7fa34d64a3322e3c1817264f65a95e378c8391f44886cd59794f81f9a
data/labels/Ruokolahti/ruokolahti_DJI_0088_frame302.txt,38,df03c8158295042e385e86f5be21bdac075e907798bc4298d8641af9575d243b
data/labels/Ruokolahti/ruokolahti_DJI_0088_frame303.txt,38,bd6c742c7bc0112e3c8583ff1f9e8aabdddbec8ac4b8267957c245daefcffca0
data/labels/Ruokolahti/ruokolahti_DJI_0088_frame304.txt,38,5e7a14d93b624fda1b11754ce862a6858417d8a683102a4513b4239422639ce4
data/labels/Ruokolahti/ruokolahti_DJI_0088_frame305.txt,38,aabc452ed5127c529ac229c431f19071393de73d5a1bd19e694a8939a98da6cd
data/labels/Ruokolahti/ruokolahti_DJI_0088_frame306.txt,38,890d82a29c126269176940b30cb513edf849071b9d554d5c07dd7602ca6114aa
data/labels/Ruokolahti/ruokolahti_DJI_0088_frame307.txt,38,1f80ff8e6343706b22e1558584b4ca2c95e12685adccea8f088495d81caee3bc
data/labels/Ruokolahti/ruokolahti_DJI_0088_frame308.txt,38,609236e414961a326303dac22d7b784517502dc493a87df7e61c949c550504ea
data/labels/Ruokolahti/ruokolahti_DJI_0088_frame309.txt,38,2c0221a96a77f82f9e0d31aeba4cf48149c4698a695a0f667bb1b7ed0cce51cf
data/labels/Ruokolahti/ruokolahti_DJI_0088_frame31.txt,38,f2d097e4e9bb26184e8046e3a44f479dde0fe870c4fe0518c1eae57b07fdafb6
data/labels/Ruokolahti/ruokolahti_DJI_0088_frame310.txt,38,549705c9f4941d1385c929b5280ffc4af147b485d780d71619c4a7f09e748439
data/labels/Ruokolahti/ruokolahti_DJI_0088_frame311.txt,38,559e59651ff24e20a393762fc127ab941e86b70193ae06da972aab559c7541b0
data/labels/Ruokolahti/ruokolahti_DJI_0088_frame312.txt,38,bf954c235938b5053ab4253e7b777dd8afd6af8e8b40d47a77e8a70ade7c8ada
data/labels/Ruokolahti/ruokolahti_DJI_0088_frame313.txt,38,4a5a1fffe99b4a090e5160593dde650da8cd2fee0d46204b389ef36b969ea36e
data/labels/Ruokolahti/ruokolahti_DJI_0088_frame314.txt,38,6db4a005928d2549718383de940c5c945a615270a7a836f8d71888b844437514
data/labels/Ruokolahti/ruokolahti_DJI_0088_frame315.txt,38,128e7a2e06cb993edafa8228889ac31b16fff841ece3c9157a8eaf2f6860ab7d
data/labels/Ruokolahti/ruokolahti_DJI_0088_frame316.txt,38,1f80ff8e6343706b22e1558584b4ca2c95e12685adccea8f088495d81caee3bc
data/labels/Ruokolahti/ruokolahti_DJI_0088_frame317.txt,38,15b74091504600f67be008edb2e33647ea17d764c52224b45c12787407108796
data/labels/Ruokolahti/ruokolahti_DJI_0088_frame318.txt,38,9b1af2769f05de0dc4d9b23f0c2559166d93d1eb5514941cdf7a2a5ac92de19f
data/labels/Ruokolahti/ruokolahti_DJI_0088_frame319.txt,38,8e6f55737b819428505d161d0d28e108ff63ec3d910d51a4176a5e6121c520e1
data/labels/Ruokolahti/ruokolahti_DJI_0088_frame32.txt,38,5d76e49b80384b44087f634c0cf672f529e15fdb22c3988f99cced4070560396
data/labels/Ruokolahti/ruokolahti_DJI_0088_frame320.txt,38,b1a33a8e3a22a671ef5f1d46e4dfe988fdb4e336fb6a7821f46696d76101446a
data/labels/Ruokolahti/ruokolahti_DJI_0088_frame321.txt,38,9b86a51a6070c453750e69688a43be19a718074a87e8314ecd4e20953a678a32
data/labels/Ruokolahti/ruokolahti_DJI_0088_frame322.txt,38,c3e650dd53156d290be607733173d687dac1a856740d4d05c12b4c1a8c0096a5
data/labels/Ruokolahti/ruokolahti_DJI_0088_frame323.txt,38,f547414a2eb824ab6f063ba87e4c3033f5bbaad637e26c64021a5b164ef72548
data/labels/Ruokolahti/ruokolahti_DJI_0088_frame324.txt,38,94b3a31778566b7798935920bdd5b0acb62823d6278e96658ef7ecd16ee0d65f
data/labels/Ruokolahti/ruokolahti_DJI_0088_frame325.txt,38,01bbb46e91d7ebfc5c9193c8e87cab773322c2850ec250e87ce81152185db20b
data/labels/Ruokolahti/ruokolahti_DJI_0088_frame326.txt,38,82e2b119c0703e82e52cd8007a0d7c576f43ab41d266d6905d1dab9eb1c9351b
data/labels/Ruokolahti/ruokolahti_DJI_0088_frame327.txt,38,ab53c5b454d83751f39a1959e14f1a9a76f7ab924ac335008cf51ce6c658dcd4
data/labels/Ruokolahti/ruokolahti_DJI_0088_frame33.txt,38,913ec1f6516510f58759a3b6ed4d988e9dd2dba6fc17073c8237463224bbdfa7
data/labels/Ruokolahti/ruokolahti_DJI_0088_frame34.txt,38,4cc8cb7f03efe7eaf3213981db82a7263271a8be383eb73b07ba4eb7419f8e29
data/labels/Ruokolahti/ruokolahti_DJI_0088_frame35.txt,38,8a96f04391d671ba3474776ef662e8c14c489ac8cff0cf2d6e1e76b97ca1a4ab
data/labels/Ruokolahti/ruokolahti_DJI_0088_frame36.txt,38,d1e5b42f4ccb641520d608283aae96344ef4e67c459ac117d6d5fc57f6f79fef
data/labels/Ruokolahti/ruokolahti_DJI_0088_frame37.txt,38,9600422fccaa80ada7cc8cecf8d6aec9068d3c1adc66dd48c14de792ee02e4d3
data/labels/Ruokolahti/ruokolahti_DJI_0088_frame38.txt,38,0e59683bf0e2d7005699d974dd506b9bb9e2b91568371d599a6909fda7da68f8
data/labels/Ruokolahti/ruokolahti_DJI_0088_frame39.txt,38,8ed15f42beb8965d5dd2deca3e3e6510a5cc8c4a4c6c303e122901923cb48bf5
data/labels/Ruokolahti/ruokolahti_DJI_0088_frame4.txt,38,7f45a935d3de227ae52de745c6821ad9f02c411d8fdcf6bb8fce043bf05905d5
data/labels/Ruokolahti/ruokolahti_DJI_0088_frame40.txt,38,56fb9c42a72646a5eda7f965286aeae355dc5d1770588df3a3a2b25022be1bfd
data/labels/Ruokolahti/ruokolahti_DJI_0088_frame41.txt,38,46ece3bfa2b20808eb82e7f3f9f030956b277a7b090f39b3d53200680c03ab91
data/labels/Ruokolahti/ruokolahti_DJI_0088_frame42.txt,38,57fb146c87bd5336501bc6f7157eac7c0d4576fc66e9dd8e3555177e619f484e
data/labels/Ruokolahti/ruokolahti_DJI_0088_frame43.txt,38,3738c839d317e7984f671012b3f7f7e1e1dd1dac34d5ac3b31140d71f7d32b6e
data/labels/Ruokolahti/ruokolahti_DJI_0088_frame44.txt,38,483b8ed1db4f7ad36b5ebc6f6fa2fee0058849400b9c4b8e8960cfda8c9e01b5
data/labels/Ruokolahti/ruokolahti_DJI_0088_frame45.txt,38,e1a3b920ba493adb068af31d81ce036a811be94cd7283d905ebb7f8f7e6db48c
data/labels/Ruokolahti/ruokolahti_DJI_0088_frame46.txt,38,27665422125c91e37e11480ab743810f85d676d63af4d25f425f252dc9521637
data/labels/Ruokolahti/ruokolahti_DJI_0088_frame47.txt,38,6a289505d94cc153e85aa9abe57e6a360d92530d601df236a0d110687abaa318
data/labels/Ruokolahti/ruokolahti_DJI_0088_frame48.txt,38,889d7f75c3d2bc452616d61e8038960bd731f4640102e2a3a89df705180b38bf
data/labels/Ruokolahti/ruokolahti_DJI_0088_frame49.txt,38,c54466d50123c66feae7da7de1964c5069e823819e8612f920a95f955fa3e1b5
data/labels/Ruokolahti/ruokolahti_DJI_0088_frame5.txt,38,9d5b7ccf27fc1e5b3251830fabb2e07458baaf3a20a1b133dded058ff5f8d66e
data/labels/Ruokolahti/ruokolahti_DJI_0088_frame50.txt,38,e76d2863e5bdb850ff7ad31a4dbe22f9e8019085f5d186389f63f1d26b506678
data/labels/Ruokolahti/ruokolahti_DJI_0088_frame51.txt,38,ae376bc58a91e3797538a73a16ca5fb9a9f60c76dae64da10cffa24d120149d2
data/labels/Ruokolahti/ruokolahti_DJI_0088_frame52.txt,38,5c3c6f26cf5b5b280935293349bb9aec25c23aea237979c0eb81b4b6bdcd3093
data/labels/Ruokolahti/ruokolahti_DJI_0088_frame53.txt,38,0da895c2055c671db4b588182abe4bf6f7da35c08e6b29d60df54bb25c3a4408
data/labels/Ruokolahti/ruokolahti_DJI_0088_frame54.txt,38,2510b6ed93a08c7b1de3f27917600da288fd98f07555a760be9fecbd656aca6e
data/labels/Ruokolahti/ruokolahti_DJI_0088_frame55.txt,38,52e02269e4d05609319070982a0a99448081e23878cce849d13002db9b086276
data/labels/Ruokolahti/ruokolahti_DJI_0088_frame56.txt,38,064a14a7a5427a23ed4846a496a204c51e112d5bc3db356287ebf561ea6319dd
data/labels/Ruokolahti/ruokolahti_DJI_0088_frame57.txt,38,2a8716d0a808840c0657689e5e84370a31449b817f85daff2da096a9e0767aa3
data/labels/Ruokolahti/ruokolahti_DJI_0088_frame58.txt,38,014901f63afd15e125408bfac08f2e1c737669b2427cf5311b876415c8aaa1fc
data/labels/Ruokolahti/ruokolahti_DJI_0088_frame59.txt,38,3c9f7e929e93fee4a9fec130bb76b6d2fe51a1848c5a2c48008d3159da9cbf8b
data/labels/Ruokolahti/ruokolahti_DJI_0088_frame6.txt,38,9d5b7ccf27fc1e5b3251830fabb2e07458baaf3a20a1b133dded058ff5f8d66e
data/labels/Ruokolahti/ruokolahti_DJI_0088_frame60.txt,38,906f4855cddb0b87e4538e2c8f2d86c909f8333d9583e2047ab7e6bc6357ff6e
data/labels/Ruokolahti/ruokolahti_DJI_0088_frame61.txt,38,8c41525a7347fc14fce9f00bcaf1f6f97c53cd6a5de9f657fb2b6b6e136d6eb1
data/labels/Ruokolahti/ruokolahti_DJI_0088_frame62.txt,38,4db587c6e48329574445a27d73b147d6760575eec545d871ec75eecd273bf16f
data/labels/Ruokolahti/ruokolahti_DJI_0088_frame63.txt,38,f40c30d83fda97159796c520c6129a4e9dc66e8b590bef48837c8dde71f17a42
data/labels/Ruokolahti/ruokolahti_DJI_0088_frame64.txt,38,765e77614722832583eb5097e5f07aaa9ddb2c3d1a63e58ed2e6c4e784fa8934
data/labels/Ruokolahti/ruokolahti_DJI_0088_frame65.txt,38,415b5422af245bb5b847fa35ed16726a733c60a62db69d67f98d7de65dc90561
data/labels/Ruokolahti/ruokolahti_DJI_0088_frame66.txt,38,9d76024576332770609052aa5d2c2967650d16abfd3edc0b58e122cecb464fa3
data/labels/Ruokolahti/ruokolahti_DJI_0088_frame67.txt,38,fabd1fa15622be5a94ce7c61e23399ad0d06cd6c5362e877ebf58fe8ae4deea8
data/labels/Ruokolahti/ruokolahti_DJI_0088_frame68.txt,38,a601c52e6d4ebcf5a87e638c0f47ff07fe452ae02da53ece4fe8f4eb961548bf
data/labels/Ruokolahti/ruokolahti_DJI_0088_frame69.txt,38,56a10596464b0091f86a5f8a75c71b021cc622dc7e9c4164dae307d801d9fb7d
data/labels/Ruokolahti/ruokolahti_DJI_0088_frame7.txt,38,177dd8a92822afdea591a4544c5d14179625157f0a0512227e9ba136a37cbdaa
data/labels/Ruokolahti/ruokolahti_DJI_0088_frame70.txt,38,271617b09475dbd7f92806460b0b6ae1f6598d07e39186c21b0a4ad97cbd0472
data/labels/Ruokolahti/ruokolahti_DJI_0088_frame71.txt,38,100fed461afdd6ef1f15e752b2a059724fd036b84af2439dd2625f6037777140
data/labels/Ruokolahti/ruokolahti_DJI_0088_frame72.txt,38,b32f6c2abc294847f6758af014f571f674b638172e97a7c18b7cdb5da7d33f0c
data/labels/Ruokolahti/ruokolahti_DJI_0088_frame73.txt,38,104ec46112f3edc9f72257b334164e41ba8faea8d4a8091c830c52c86a89df7e
data/labels/Ruokolahti/ruokolahti_DJI_0088_frame74.txt,38,155a4e32a4a04e397285cfc733d655c05df7053d1c39793c262c6b26418c2860
data/labels/Ruokolahti/ruokolahti_DJI_0088_frame75.txt,38,e80daaa70d8627b4c671c108bc493e2d820f774d1824d7a3133febb82411880a
data/labels/Ruokolahti/ruokolahti_DJI_0088_frame76.txt,38,c3e2123775c92e573fd88fc8cd5295b233638da0381b31690b3543b07fd7e645
data/labels/Ruokolahti/ruokolahti_DJI_0088_frame77.txt,38,f29bd902c33adc2a1086ebb61fe080810a3136e3ca4edacfd028de28bde72d7e
data/labels/Ruokolahti/ruokolahti_DJI_0088_frame78.txt,38,71f34032092ec741bc34144700b0886c0d2e382ef2f6c4171a2aa4fd54d9d5bc
data/labels/Ruokolahti/ruokolahti_DJI_0088_frame79.txt,38,037a83b7af7a7334be6edbc10c6fb8bc46cf52bcf172749e2a3523e76351767c
data/labels/Ruokolahti/ruokolahti_DJI_0088_frame8.txt,38,66abf4fc22400543396b40adcc7e2553b47931e50368f82c4fd4217b65b2c19d
data/labels/Ruokolahti/ruokolahti_DJI_0088_frame80.txt,38,17becd4dcfce41e3904fddcdc0eacb5c86a75bb3df95609e730368dc88ad0319
data/labels/Ruokolahti/ruokolahti_DJI_0088_frame81.txt,38,575577e272ee0b7ca8f5416f7fdb59a0bbbb441298c12e458422e55707e899e1
data/labels/Ruokolahti/ruokolahti_DJI_0088_frame82.txt,38,7f30c39c4fad1c9172b7fa03c571e51ee369d888493024824d5cd9324d4f1bbc
data/labels/Ruokolahti/ruokolahti_DJI_0088_frame83.txt,38,518defa73238eb0ec6fc7325eb4d4e1406e35b446c458e65ce849ad4a5c7b4b2
data/labels/Ruokolahti/ruokolahti_DJI_0088_frame84.txt,38,0b71726423aa906743f8dcc743f71cdc12faa06cf51a90613b70644830c0a399
data/labels/Ruokolahti/ruokolahti_DJI_0088_frame85.txt,38,14c62d809c840cb3aab57c1a2e66c3b1bd85bc96f14cede08f3de5bf89cdc846
data/labels/Ruokolahti/ruokolahti_DJI_0088_frame86.txt,38,bc8d1c1a00dbc7a9bbbe365be333fb455dd4278d8991bab217aa4be6341e4cfb
data/labels/Ruokolahti/ruokolahti_DJI_0088_frame87.txt,38,0808fa5a891299ab4cec316f22c38e6650a83cf6cd295fff09acddd81644fb55
data/labels/Ruokolahti/ruokolahti_DJI_0088_frame88.txt,38,0cfccecb32eb603d406c222b9f7f5f265b9638280129f0b5ccd23e57bb073285
data/labels/Ruokolahti/ruokolahti_DJI_0088_frame89.txt,38,8e6f55737b819428505d161d0d28e108ff63ec3d910d51a4176a5e6121c520e1
data/labels/Ruokolahti/ruokolahti_DJI_0088_frame9.txt,38,1b11f22b9a560e3d9927491c5bfbe460db6818b1da297fd9d0f5bd49721e7b98
data/labels/Ruokolahti/ruokolahti_DJI_0088_frame90.txt,38,27805deb7e73f0fc5765b95118e6e8c1bf4501b8ff1a973977f0f4da176d6c2a
data/labels/Ruokolahti/ruokolahti_DJI_0088_frame91.txt,38,5ae1f6038ab10c8ffd0ab52bacf9832c88955d87301e8a335f997c50779d753e
data/labels/Ruokolahti/ruokolahti_DJI_0088_frame92.txt,38,306a27e9fe439ec9f0394c7e3d768a8adf037ccc13844c770c8ca3dc99c9ff7b
data/labels/Ruokolahti/ruokolahti_DJI_0088_frame93.txt,38,6bc4c4daed094f4e895251e79b5d6ac7d4c65fe7c3ab051f98f96e99df499688
data/labels/Ruokolahti/ruokolahti_DJI_0088_frame94.txt,38,f8c9210be36a8189a30b565dbf2cfd2cfc3a688e272d50c847f97c94d0209142
data/labels/Ruokolahti/ruokolahti_DJI_0088_frame95.txt,38,da7d850ce682325d0b5cc6a2ecb0492350a2b7c82d98b08807ebd30a8bde98f2
data/labels/Ruokolahti/ruokolahti_DJI_0088_frame96.txt,38,8c56bf45e7e3931e9f5993b38f5a0d336c9b178ef3ccb0a4937d6ce0ef527165
data/labels/Ruokolahti/ruokolahti_DJI_0088_frame97.txt,38,f8ea21e923df78460f910a03ffa0a29b9743bd13df8e47bc3571ed648fc6cf01
data/labels/Ruokolahti/ruokolahti_DJI_0088_frame98.txt,38,9f27aca0bab92d1a3d5e58e64e43a4cb3ba1f1e4e1baa39e8c9a79c0023014e7
data/labels/Ruokolahti/ruokolahti_DJI_0088_frame99.txt,38,6965876409ea35a1bfc048f14a85bb63315b9158b48693403069c9adaf817f98
data/labels/Ruokolahti/ruokolahti_DJI_0089_frame0.txt,38,7e0359c9e4c19227040b7799ae6f859ab4ac5d248e9e51972201f3912d60f309
data/labels/Ruokolahti/ruokolahti_DJI_0089_frame1.txt,38,af4b62f8e1c7e8937d99560c2baf0d05ea0666b886ef4f61f479257c881600b4
data/labels/Ruokolahti/ruokolahti_DJI_0089_frame10.txt,38,6025de07d881c0452bb716e3639ab2e248376d734284593ba6228307ff1fd96e
data/labels/Ruokolahti/ruokolahti_DJI_0089_frame11.txt,38,53424ab58d6a34a80914ad9a1e12ed8b08c0bc986c33d2a8494bb2511750723f
data/labels/Ruokolahti/ruokolahti_DJI_0089_frame12.txt,38,a771bfcff6a412de86cddb29b5a9fd348c9ba66d98a31e5f7a5e49f712bbefe4
data/labels/Ruokolahti/ruokolahti_DJI_0089_frame13.txt,38,ce7116958b0845d49acc64beb011d091c5e62f4bc1de1ed16fa20f8055eb32bc
data/labels/Ruokolahti/ruokolahti_DJI_0089_frame14.txt,38,24c48d68ea676dba8eda5bc48b69ba0cb72fd98c91e9daabe1e14e67382d1466
data/labels/Ruokolahti/ruokolahti_DJI_0089_frame15.txt,38,da7d850ce682325d0b5cc6a2ecb0492350a2b7c82d98b08807ebd30a8bde98f2
data/labels/Ruokolahti/ruokolahti_DJI_0089_frame16.txt,38,ef2c097972bf46f4116db106c94539daf36c08332cdc81eeccab69e2bdc2b535
data/labels/Ruokolahti/ruokolahti_DJI_0089_frame17.txt,38,cacb2ce7a89f5b8df4e222cff9376aaa9fd0768796e8b883d1882cb86ffea4a2
data/labels/Ruokolahti/ruokolahti_DJI_0089_frame18.txt,38,ed867fe51001470033981b1540188036ea12ba06d3c836613b591cbfdcdd10f3
data/labels/Ruokolahti/ruokolahti_DJI_0089_frame19.txt,38,e738276ee9546a1a9fa0acff249f88ac09e5f89a07719425594c0122e18706c7
data/labels/Ruokolahti/ruokolahti_DJI_0089_frame2.txt,38,c3cca6f1975f51f97a7f8fd3961e0ceb680f6e65724b1fbb4faf5a4b2fc55584
data/labels/Ruokolahti/ruokolahti_DJI_0089_frame20.txt,38,844917c38f274a620b7d3b7ee9a27e898f0ff638fa2f09af419d685f253e19ca
data/labels/Ruokolahti/ruokolahti_DJI_0089_frame21.txt,38,e24ec66c94d0c347a2bbbb8c400af85c82cd66310808a0c918405d93d82b2337
data/labels/Ruokolahti/ruokolahti_DJI_0089_frame22.txt,38,f5fb326e6e37ab7c5c8f036e000a03f37b7cf06b96efcb710ed45e86e936c175
data/labels/Ruokolahti/ruokolahti_DJI_0089_frame23.txt,38,c18322f44a78b2f80bfc3e30156e2c211538559320a320af718277ff949066a8
data/labels/Ruokolahti/ruokolahti_DJI_0089_frame24.txt,38,199e9beef50e5c29b637d8ab9097b3330d708839a2a78fd369b8ec7f88ed27bf
data/labels/Ruokolahti/ruokolahti_DJI_0089_frame25.txt,38,b85a1c7240c9ffd0ef039e14b289c50a7a6c48800d694f0b342b3491dcd660ad
data/labels/Ruokolahti/ruokolahti_DJI_0089_frame26.txt,38,0369c03dad02bd1d2289e1e43f4962c5c686de51fa6e3575318e75292717608a
data/labels/Ruokolahti/ruokolahti_DJI_0089_frame27.txt,38,633c66163607916c53db1981af914f25c6bdc94b0db79c31dd45ee1a4bc528fc
data/labels/Ruokolahti/ruokolahti_DJI_0089_frame28.txt,38,10298a28c53e482ff8db779ae48efcb4fa4051b33bdeca69e71af8bf1b590ee2
data/labels/Ruokolahti/ruokolahti_DJI_0089_frame29.txt,38,bfa1771d4e148ff06dc74daa105e2bba48729de37537b3394632fd563994c180
data/labels/Ruokolahti/ruokolahti_DJI_0089_frame3.txt,38,1479962cacb220cddec355f4f410d9cce235ef58f397531e9c14da07ca238293
data/labels/Ruokolahti/ruokolahti_DJI_0089_frame30.txt,38,4c78d4fa457648ced219b6a97a39ed690830143ea734783a76d7ec60da0b32ad
data/labels/Ruokolahti/ruokolahti_DJI_0089_frame31.txt,38,acbe11446c9a787ad3df80750827e81d5ca497184607f63698d2fda6c8cd2036
data/labels/Ruokolahti/ruokolahti_DJI_0089_frame32.txt,38,e75728f667442f70449e560d6f10e216e6cc225e872d7580a9790615877190b8
data/labels/Ruokolahti/ruokolahti_DJI_0089_frame33.txt,38,bf0297e0aff8b0369da293f5527b612a2712f03ee3f4eb8504b0e436561a7703
data/labels/Ruokolahti/ruokolahti_DJI_0089_frame34.txt,38,1ffc005019dc14dae99e64a45505b87d44daf0612be3a1961b72e63f80db6cc7
data/labels/Ruokolahti/ruokolahti_DJI_0089_frame35.txt,38,a9088ff5d8e145455a74a2de7b3f14f66264ae58e5918732f06ca79d5719f651
data/labels/Ruokolahti/ruokolahti_DJI_0089_frame36.txt,38,540484a3d56ded09b22701a61203a1f39ebd45da1eed00cbfd3bd19f687f7e14
data/labels/Ruokolahti/ruokolahti_DJI_0089_frame37.txt,38,2f5bc5fddca2bfb6dd561617cc442dea14449a9a5bffeff1d95b3de13c254482
data/labels/Ruokolahti/ruokolahti_DJI_0089_frame38.txt,38,a86bef7abd5c4ae7f7c4f4fa159bd88286eaa8e96b979bd42f2883046ec135ee
data/labels/Ruokolahti/ruokolahti_DJI_0089_frame39.txt,38,5260e6ae9ab32dba28e36df952f5243e9cad45ea8332ea01d609da872964dc15
data/labels/Ruokolahti/ruokolahti_DJI_0089_frame4.txt,38,2aee68a66842c6595cb1a712e320ffe8e5eb5552d40f21880d945c75d0650a9c
data/labels/Ruokolahti/ruokolahti_DJI_0089_frame40.txt,38,b19b84a6770d7b87f8e9abc720da43b780599098d98cb1f978dde5ceff13b67b
data/labels/Ruokolahti/ruokolahti_DJI_0089_frame41.txt,38,3434e7f42b145970a3c869edc5dc9a5fbdd195009817b2a996e511d5843d26e8
data/labels/Ruokolahti/ruokolahti_DJI_0089_frame42.txt,38,f0beb8b55f6434eba8e0ffbd4b55ba5434e69cb066da71111eb1058956521b9e
data/labels/Ruokolahti/ruokolahti_DJI_0089_frame43.txt,38,98ab5da420eb289530a9ca87dacd29e3e74035d1703cfafec0a218b78aa75733
data/labels/Ruokolahti/ruokolahti_DJI_0089_frame44.txt,38,13b8d1b26f0520a4fd6154fac7484282c67e34ce1a5beff0a4930fffa24c0c5e
data/labels/Ruokolahti/ruokolahti_DJI_0089_frame45.txt,38,3f258cd1c0eea84a21149882dbe39c03a303e738868b6bb4d5cb04e8103cd520
data/labels/Ruokolahti/ruokolahti_DJI_0089_frame46.txt,38,9839817f6893e649f1b3964ef3bffd277829030d6d0d167ec35cbdb713653db2
data/labels/Ruokolahti/ruokolahti_DJI_0089_frame47.txt,38,249e800a3a7656f5dee7d7a7889d8920dab9e308708f39380d3385501d9d1351
data/labels/Ruokolahti/ruokolahti_DJI_0089_frame48.txt,38,624168c65530161d541c088b2675de7512623041995af315d2a36482eb289b37
data/labels/Ruokolahti/ruokolahti_DJI_0089_frame49.txt,38,e76de15e917ceba1aa3d9bacbe6f515058230d1358b0733ea92c9f3e9f9dfd5d
data/labels/Ruokolahti/ruokolahti_DJI_0089_frame5.txt,38,6cb28d0624e72c5f401b1c230e88790c1af7019df9c8fd6dab07f19b28e0b55a
data/labels/Ruokolahti/ruokolahti_DJI_0089_frame50.txt,38,0f1342ece44d32ab73e86a00637bb59486acf0f4dd79a7ba1c99e6b6058ae5bc
data/labels/Ruokolahti/ruokolahti_DJI_0089_frame51.txt,38,a6f6b3356ef9de4bcaf1c8da739843d0b7496ff2c4c6746a07c2474c37d719be
data/labels/Ruokolahti/ruokolahti_DJI_0089_frame52.txt,38,3929278649e5a0bd83a47332b6d7efa2920b8fac806e97888c2256d56f71e2f2
data/labels/Ruokolahti/ruokolahti_DJI_0089_frame53.txt,38,6bc291bdb9505da5a1192a4146fcc0d4361cc33dbdba38dc0bdbe682e2b608a1
data/labels/Ruokolahti/ruokolahti_DJI_0089_frame54.txt,38,323ac2ef67dc18470fdd70c7df7bdf6da164a3ac05ff4e8be4ed36545f583d2d
data/labels/Ruokolahti/ruokolahti_DJI_0089_frame55.txt,38,841276b00dbf631bdc5f923d1d3767f1550946bb9aa453e2d9b44cc4e56279b0
data/labels/Ruokolahti/ruokolahti_DJI_0089_frame56.txt,38,1811397a7de92ed4f9160a6c35eb83846e01d1fd16ce1e07a737d2cce8e8c3ad
data/labels/Ruokolahti/ruokolahti_DJI_0089_frame57.txt,38,bedb8eb737580c4396eb6db89d6a46cd1dddbf5f351936eeb1b6a9e7ac1f5f52
data/labels/Ruokolahti/ruokolahti_DJI_0089_frame58.txt,38,a29ef93a8893027c790e0481d014d7c6d2d80af591eb0dba1d66c54ce8ccfc73
data/labels/Ruokolahti/ruokolahti_DJI_0089_frame59.txt,38,32b651fd567ff6ac56d121204a7cbcea184bf800c2aa7d049a1827cb1ba06b43
data/labels/Ruokolahti/ruokolahti_DJI_0089_frame6.txt,38,eb0892c1600b4b650b540cc011ee1b5f4482b52064cb9b0d1d59ef1814801b8a
data/labels/Ruokolahti/ruokolahti_DJI_0089_frame60.txt,38,b1c4beca5f9e23b4f2b070f752c02709d523381b463fdf97bf04e4ff6be9a658
data/labels/Ruokolahti/ruokolahti_DJI_0089_frame61.txt,38,d3cb4e382787ae0a78a43d79a55943a79a143735550d2da0471b3f8f22eda8b0
data/labels/Ruokolahti/ruokolahti_DJI_0089_frame62.txt,38,ee0318f7f62760620825b3b0f1dabbbe7484b33568b68d216a816a381ab1ed2c
data/labels/Ruokolahti/ruokolahti_DJI_0089_frame63.txt,38,7ada6d8903f95f5611451efcd01f75bbaad166bd2f02af41f6ac349ddc1450ad
data/labels/Ruokolahti/ruokolahti_DJI_0089_frame64.txt,38,cf41cc86c4e234c0702cd8c77fa034c7174783debe7c8a9332dcb641944da914
data/labels/Ruokolahti/ruokolahti_DJI_0089_frame65.txt,38,b1a7b14342cca9d719a3348d73baa80af296ed75d2d8de3138b53a4f049c1ad2
data/labels/Ruokolahti/ruokolahti_DJI_0089_frame7.txt,38,b045805899a3493d841ac653007d214694a3b4fa5e778e9564770570c7b07c82
data/labels/Ruokolahti/ruokolahti_DJI_0089_frame72.txt,38,a061bf86fdc8f6321cba6393358b0a1e325cdd1b3f20274797f0b2139a526493
data/labels/Ruokolahti/ruokolahti_DJI_0089_frame73.txt,38,d459461c81ce1d90d7c423245be2f60d6db2ddee4c0a9a9b4e64dbf907de1e37
data/labels/Ruokolahti/ruokolahti_DJI_0089_frame74.txt,38,fdb6cf28dc08b115e22edab1e32e6e57c92437bc2b68f59cfd91b049dde88346
data/labels/Ruokolahti/ruokolahti_DJI_0089_frame75.txt,38,b1ff089289fadb6e35ec4b3a620d2093f3bb6bb24fb8323dad84af350a06f129
data/labels/Ruokolahti/ruokolahti_DJI_0089_frame76.txt,38,dc66122b300b63327b028dce73163eac18840ced1006c1d5194b57cf1650a5d9
data/labels/Ruokolahti/ruokolahti_DJI_0089_frame77.txt,38,bd1f83d7430b8a880852dbc0f998b8ba8e0a9b309798165b4992123a1328b62b
data/labels/Ruokolahti/ruokolahti_DJI_0089_frame78.txt,38,1c81e1e55ad75ad4905c77928ccab0e9329dd827ab88e5127b29608af10808f5
data/labels/Ruokolahti/ruokolahti_DJI_0089_frame79.txt,38,08b817927fba9789addb96c273575c5355245306a0955bd25c4faff3225bd161
data/labels/Ruokolahti/ruokolahti_DJI_0089_frame8.txt,38,307689067ce5ec421ec3c2011b01718bab6808431a31fac4d2583ce7ed05cd60
data/labels/Ruokolahti/ruokolahti_DJI_0089_frame80.txt,38,009241a99a9103d3a683bafbffed800540f9fae091ed5c97e469439d685bcb72
data/labels/Ruokolahti/ruokolahti_DJI_0089_frame81.txt,38,6e0e6a9816a935aff93697f85c0c41644926e34466c765771956be0c8ad639c6
data/labels/Ruokolahti/ruokolahti_DJI_0089_frame82.txt,38,0d92c516bdad6e8ef38c8ffeec0c89aee839f88bd61aecfde8b1edfc78a5dd14
data/labels/Ruokolahti/ruokolahti_DJI_0089_frame83.txt,38,ddf7d5959ced59e586bba01b4955c1da06a3d4f06cb5fff15ff3b60ebbac9510
data/labels/Ruokolahti/ruokolahti_DJI_0089_frame84.txt,38,7e9b1a7cc87bce47e524f1449137ce10b49ae10a50ac7e64cdc4772536a81db7
data/labels/Ruokolahti/ruokolahti_DJI_0089_frame85.txt,38,acaa121c9090a1c7ec3f3defb0b5f2011b6398413f4d8965a1ca39e923bff751
data/labels/Ruokolahti/ruokolahti_DJI_0089_frame86.txt,38,162df3347c8f1e510f25eca0a0af8b2642ce27fadd5bd1f394920cc988cc7807
data/labels/Ruokolahti/ruokolahti_DJI_0089_frame87.txt,38,349b0d3db20700c2beaca743ca232140f1e9219a446c3f32dd6c26abf677ac45
data/labels/Ruokolahti/ruokolahti_DJI_0089_frame88.txt,38,8bd0791c88c1b51caa8bdc8d1b42600f16dab3b77e0735dd088f0d420ca2e67a
data/labels/Ruokolahti/ruokolahti_DJI_0089_frame89.txt,38,5d2a4ac2ef1934c5180a15a476881af494e3c5dee33bc1ef9a49af97afe50bc5
data/labels/Ruokolahti/ruokolahti_DJI_0089_frame9.txt,38,6f995c241a886fe6eba1b60d055801e9742522f0ef84a8e885d2f37a49b8f4eb
data/labels/Ruokolahti/ruokolahti_DJI_0089_frame90.txt,38,7eedf3637be5d9bc6afe34a20a0c3f72817f7a45f3c846bce4dc273c9a583311
data/labels/Ruokolahti/ruokolahti_DJI_0089_frame91.txt,38,da6d38db81ab82eef4e14c3f930306e0beb68ba96d69600d84a83781a1a9f8c6
data/labels/Ruokolahti/ruokolahti_DJI_0089_frame92.txt,38,28364bd50b24df420d9695524a0be2ae01774d038a8a8cc2a94b5fc76d312678
data/labels/Ruokolahti/ruokolahti_DJI_0089_frame93.txt,38,0c9b25a71103973ac9c3d121cc1a12e18a72a4c5c4e3d3082dfe5bb80b32511f
data/labels/Ruokolahti/ruokolahti_DJI_0089_frame94.txt,38,40d13650783d8a7befa71dda066f89d9ade79dee7311b36447a22f65d4a50b4e
data/manifests/dataset_audit.json,945,959963052190395d3b79874ce3fc429c0ce8c632e3f63f4cc4077104bd7f36b0
data/manifests/image_index.csv,756477,b2141ae26c2aa02be6418c30ad252a90376f7d7df8fafd30a861d2d848e729d2
data/manifests/official_archive_manifest.csv,2246,97b954ae241ad3a41618b4a48d4d18ff8d328c16a7b47a1461da561463fb8cc6
data/manifests/resolution_counts.json,438,ed18bf37836f69e4b6bcebcfb8869d12193c21505bfa1898fd4a43ff20667bb9
data/manifests/split_summary.json,1140,25cb15900819634209ab35d308d20760acc3a07eb1f81257079f2d971cb755bb
data/manifests/splits/holdout_evo/test.txt,34120,a4d1e3ee63efca7fccc3b03717c332c81fe1928da1f59fa7128520721b48f2cb
data/manifests/splits/holdout_evo/train.txt,176227,9f9f59ecdea64b96a75eeefdc8bd11b0b4cbe6ecc90d58d3bf3c15ec373b6944
data/manifests/splits/holdout_evo/val.txt,19632,d911b3e008f98d9a58b68ab787dd7c6afa1fb4d2fbcfc08b93581f71a4d19e9f
data/manifests/splits/holdout_heinola/test.txt,51143,4c6d8425be1a3c47d31f24eec1c1c781d77434213a1c2f142c53c5aa29ab3299
data/manifests/splits/holdout_heinola/train.txt,160939,d0a93a5d25adfa77e1661f551da84c98688a88ed79f719ef01560cac9403d7a7
data/manifests/splits/holdout_heinola/val.txt,17897,05a19dcfeb170f553243b3461449fa70aa863a3e09a00f80f2866897f92f4a55
data/manifests/splits/holdout_karkkila/test.txt,53653,abdcc17118a24de68329e83fba9a08612af194662488ef8ce8d963bb7786d2e7
data/manifests/splits/holdout_karkkila/train.txt,158692,d872fdfcd4a29dd7f71166b53ce10801af83039d51aaf10b8fece999fc94ff0d
data/manifests/splits/holdout_karkkila/val.txt,17634,d4b17b13240e391c9f37c716a6a611206e923595a92ddb59656aa01c59b83e0a
data/manifests/splits/holdout_ruokolahti/test.txt,91063,2c3c93a6b938419611f76856374eb11bde042f649077b59a858a0d9ea4894f0b
data/manifests/splits/holdout_ruokolahti/train.txt,124947,b0f302c1fc0868d2a8609e0a2809f5a23f1ca839015dbf56fedbadbbe4fe9daa
data/manifests/splits/holdout_ruokolahti/val.txt,13969,f2e188dfc8124f1a2501f4b38021bd8aa09ae14abd360878f5a9ca85e220a92a
data/README.md,2461,f5d347514a2e76c832a9bea478b3459846f9e37496d4f9bd730594c1409416e6
docs/Wildfire_Smoke_Detection_Report.pdf,2164930,e563df6e8c7f99b91d013c310cacde67d0bdaf4e3e1eca7ecf8d8734f3ed36fd
GITHUB_UPLOAD.md,1224,2762cefa3fc9a96041ac851c71262825486b88f9a8605c92b8eca4ddc2c4655e
models/holdout_evo_best.pt,5443930,4388841cfa837b67e73a676ecb30a51c665c734ae4b014a87c312db20a1c934f
models/holdout_heinola_best.pt,5443930,6c7746861820dd6f8ee7829de0a614eee3023588cc373d748cc83e6b125d1b9a
models/holdout_karkkila_best.pt,5443930,1a5a7dfdb7e603400ca82bfa538e3d291c809521e054feef6a04d7c81f44c83a
models/holdout_ruokolahti_best.pt,5443930,f6f41e009106850be54ac011ef1c03dc02ff4c45a36e08099dfc28821d52aab0
NOTICE.md,972,88aabd6fee49bd07a1639d36478fe00e688a19b6f8c1624d68d4d3544132c13c
README.md,4422,44670c4a244039b7945d998f3472573baf2a5681e235cfbc00990298101cff0e
REPRODUCIBILITY.md,3456,a91124e2aa25e8c2cd4c84c871aeaa329595a85525122acea75edab705346d8c
requirements.txt,140,058e04695c9105a2f3b1d73d340f745f695abc7402b2170bd5a9208b005063cd
results/figures/accuracy_by_location.png,63583,6f4f29079ef47cc245485f4c94971276399c8609f2289e6d7a4867ac72489c82
results/figures/accuracy_by_resolution.png,204221,49627078ec2c8546e041faf46db8142a6d66c987520d9e7a9fe927e9a03c7d7a
results/figures/all_annotated_false_detections.jpg,4492220,9f50201affde376b129681cd612e1f19625354466f95105750eed7739296f058
results/figures/evo_unlabeled_smoke.jpg,544233,8a550af20f056b2a4def0dabb032eb48b9cc7e9127e76a1bc07de91d079c8e10
results/figures/genuine_false_alarm_bright_sky.jpg,681909,c7a675203672f52a5bed9aa757f67ca768f3b0d575b2c6cc5f92a22db860f075
results/figures/ground_truth_boxes.jpg,570467,d50bb31a795d1889873a5c7dec107d70635671377ecb1fe17a34fe4287059ccd
results/figures/karkkila_unlabeled_smoke.jpg,624785,6310d47d9a74623952fb922fbc24cf24875bf14d9d9b0912a2914981d6474a39
results/figures/ruokolahti_unlabeled_smoke.jpg,527566,4207056acca095ea3e76924e80a050eab9fde3022200c648d1413492847db51f
results/figures/selected_error_examples.jpg,879883,e7a885707ec9e8648de46abdc83d5ac6e926452f73dedc2c4e625ba9e5bc4e3d
results/metrics/error_summary_320x180.csv,199,8d0061369916c1f91bcb4e8e864b42c3c4b721a5e87c292d81db4be2807a2caf
results/metrics/errors_320x180.csv,361650,87b7a89ee9696594d4c27de861fe7da7ac962ff63513d3e1d9ebc9a4f397815a
results/metrics/key_results.json,1726,a60f5b3d0fb71430faff648e91c70703976bcc50c5ee7724a8b73dd4431737d0
results/metrics/resolution_aggregate.csv,349,7a5af15ac92985db1e80d9654a78207c5518c2c4b4ce79afabb2956f313de277
results/metrics/resolution_metrics.csv,1381,9d41d9d92dcb889b1df78a7aa0d220427a45438046fae193dfad58bd0420df46
results/metrics/top_false_positives.csv,2107,ce97a3f7e937d2777dc6aaaae22f870dca70e5767ecad1da246ed99a47504be8
results/metrics/training_summary.json,1826,5ffbc9810c3a6cd7d0ea69229c44500c30dc7ff4b723799dd5ca3bfcf45db4d3
results/RESULTS.md,3478,3a0beae4d320b5920901303b9ed7739b533bb9593c12ec84df94cf9eb9340db2
results/training/holdout_evo/args.yaml,1886,5ebf495b9521d791eea12f899dfa19c88ce0af117e46b6a0bb281129f22b8913
results/training/holdout_evo/BoxPR_curve.png,70601,2c4cf883fd4b6c742b24ab08b7b81bfcef472efef53511f2eeb4f65325e80959
results/training/holdout_evo/confusion_matrix_normalized.png,91226,d261aa3c62c9b6a5031f4b4269395db52d1e53ab0905475e2a4df3acf7a2187e
results/training/holdout_evo/results.csv,2038,db25f578ec1de8d6b9870a03266e4390c7c64d56de8144498fe0b6e571c8a5c3
results/training/holdout_evo/results.png,286556,9b83eb54f214150362054ad00b662a0168812b94baf3b70c990ef8f3cca9d7f3
results/training/holdout_heinola/args.yaml,1898,331e13a78d906699789a7104f2833f501c9826772942002c8fadc592b25301f7
results/training/holdout_heinola/BoxPR_curve.png,70914,62ce74d9158e1e6bc5d7241c2c53dfa0fbd42d17a8c6a78b736714013f41a4e7
results/training/holdout_heinola/confusion_matrix_normalized.png,91226,d261aa3c62c9b6a5031f4b4269395db52d1e53ab0905475e2a4df3acf7a2187e
results/training/holdout_heinola/results.csv,2040,ed7ac9132f7cddf65311ef8fe03b29a2cf80dea70283d4b177d121c57cbaf71c
results/training/holdout_heinola/results.png,291877,ab5108716dad4b2eac3f5525ec1f41c3c2572d185d2bff2cbc5681b4b142a0a6
results/training/holdout_karkkila/args.yaml,1901,9a61a020c174b47c054b64523003a58002c9be0c976eec328c06c2270143d7bb
results/training/holdout_karkkila/BoxPR_curve.png,70850,7cce30e12f0f2cb616508de334a8bd4f5a20b7c6d21b5f2566277cde9e6eb896
results/training/holdout_karkkila/confusion_matrix_normalized.png,91183,afa54f1a506ec295cded3285f95a0dd87ab50a865efa87df024dcae45bd5373d
results/training/holdout_karkkila/results.csv,2045,71a47f32225fab13f86a30c5a0e0ba6ffbbc99674e5409dd49a6803a3e96b2c5
results/training/holdout_karkkila/results.png,296909,72150e14065f8fddbb376684e4f508257f120ac2826c0f9e386cc2683dbc9ae8
results/training/holdout_ruokolahti/args.yaml,1907,93ee090eb03294650918f338942efb5a45910f027f54125ca217f3808f7841d1
results/training/holdout_ruokolahti/BoxPR_curve.png,71077,cb4985257d45fe84b1b85e4099b9a5a277f4299355397b9e7d327a1ed04a573f
results/training/holdout_ruokolahti/confusion_matrix_normalized.png,90058,31b5f7229d513749fb21f220a580de8d99909c19ddbcd6c41f42988a55815d73
results/training/holdout_ruokolahti/results.csv,2043,ccea8da8aec2238628d21c34cf90f119d5b1b615af7c3bcc338c23fd58f6d147
results/training/holdout_ruokolahti/results.png,303643,d0ec9d5e4507b6987a324cf78b88cfae9dbeff097fda10b772ae333c28d60b26
scripts/analyze_errors.py,11270,d9d77e80f7260a96c34a3c09f6654479df3886ab34072844b9d9a0e3708e7052
scripts/audit_dataset.py,6272,dc4a6c39bd47b58dafe0d4e787b64ad9a1c522fc97cfb7d9d29a87b8148c5d1f
scripts/create_report.py,11820,0348c601b64ee30f2d87cd9ddcd09e0ef51a10cbc5d8a38dd2cb7860c168dcc6
scripts/evaluate_resolutions.py,3055,7fafb0a33f4db04bc95bdffc873fc6b94a2a23c70265020b5b026d32f964a545
scripts/prepare_resolutions.py,2851,5993bcac3e8782b259ac7450c6d2566070f1bb1c5f3bda75787437e397b72771
scripts/prepare_yolo.py,3583,a1b54fe0f5e4bc67e6113525be10b635f6e7e2fd33faf7887912ac4a77db4789
scripts/train_folds.py,2773,b53ba50538046467500c93ec8a6782327496751d0b4869b4bf98c3c3df2c0578
